TDS_ppm,Li_ppm,Mg_ppm,Ca_ppm,Na_ppm,K_ppm,Cl_ppm,SO4_ppm,HCO3_ppm,B_ppm,pH,Temp_C,Source_Type,Sample_ID,Sampling_Date,Location,Mg_Recovery_%,Ca_Recovery_%,Li_Recovery_%,Energy_kWh_m3,Chemical_Cost_USD_m3,Energy_Cost_USD_m3,Treatment_Cost_USD_m3,Total_Cost_USD_m3,Li_Revenue_USD_m3,Mg_Revenue_USD_m3,Ca_Revenue_USD_m3,Salt_Revenue_USD_m3,Total_Revenue_USD_m3,Profit_USD_m3,CAPEX_USD_m3_day,ROI_%,Economic_Flag,Oil_ppm
35745.1,0.193,1312.5,450.0,10139.1,350.0,18905.6,2758.7,130.1,4.0,7.5,18.552597063951563,seawater,SE0001,2020-10-14 14:42:16.227045072,Mediterranean,85.44553251403886,60.83982972698769,25.115348018985845,3.221622867621172,3.57451,0.2577298294096937,0.0,3.8322398294096938,0.003868115209796,1.0766137096768895,0.0821337701314333,0.4356704999999999,1.598286095018119,-2.2339537343915747,3000,-27.179770435097492,Low,158.15
34792.6,0.142,1257.1,397.0,10588.4,362.8,18968.5,2500.0,118.9,4.3,7.61,25.29224740352825,seawater,SE0002,2020-04-07 11:53:59.398998330,Pacific,75.10172862238586,68.44607630917136,16.430994160254244,4.133757188065012,3.47926,0.3307005750452009,0.0,3.809960575045201,0.0018618945342633,0.9063396772915322,0.081519276884223,0.4433535,1.4330743487100186,-2.3768862263351824,3000,-28.918782420411382,Low,158.15
35971.5,0.196,1312.2,364.6,10226.7,371.7,20000.0,2512.9,100.0,4.8,7.52,29.5631016127022,seawater,SE0003,2021-08-15 06:53:29.348914856,Pacific,73.83968535121296,70.68805386400633,19.79346131033124,3.823473973537304,3.59715,0.3058779178829843,0.0,3.903027917882985,0.0030958556966262,0.9301673771314718,0.0773185933164501,0.4534005,1.4639823261445484,-2.439045591738436,3000,-29.675054699484303,Low,158.15
37000.0,0.211,1354.3,350.0,10364.2,400.0,19400.4,2516.1,105.8,4.5,7.64,27.108584665015485,seawater,SE0004,2023-03-18 09:17:43.772954912,Pacific,77.5597850113847,61.54510598940217,28.91422729967317,3.4029174598656917,3.7,0.2722333967892553,0.0,3.972233396789256,0.0048685197642643,1.0083764816728158,0.0646223612888722,0.446469,1.5243363627259523,-2.4478970340633026,3000,-29.782747247770185,Low,158.15
34648.8,0.182,1304.9,350.0,11000.0,391.1,19869.3,2732.1,114.7,4.1,7.74,24.70172844003904,seawater,SE0005,2020-07-01 19:18:43.873121868,Red_Sea,77.85004024540436,80.37418345049616,28.910871243519388,3.741755945938357,3.4648800000000004,0.2993404756750686,0.0,3.764220475675069,0.0041988992959237,0.9752305681557902,0.0843928926230209,0.4630395,1.526861860074735,-2.2373586156003338,3000,-27.22119648980406,Low,158.15
34648.8,0.226,1304.1,350.0,11000.0,353.3,18925.5,2584.7,100.0,4.5,8.05,16.49167070856292,seawater,SE0006,2022-03-12 21:40:34.056761264,Pacific,87.48202126033132,68.60193593775685,16.150055489268603,4.045415438759555,3.4648800000000004,0.3236332351007644,0.0,3.7885132351007647,0.0029126302073786,1.0952189176857416,0.0720320327346446,0.4488825,1.619046080627765,-2.169467154473,3000,-26.39518371275483,Low,158.15
37000.0,0.147,1229.8,413.4,10000.0,389.7,18932.1,2808.8,105.2,4.0,7.7,20.95137582116358,seawater,SE0007,2021-08-17 17:23:20.333889816,Atlantic,82.36886943867354,82.84081865446262,26.199757500341804,3.017829613271076,3.7,0.241426369061686,0.0,3.9414263690616864,0.003073388753335,0.9724534621025348,0.1027391832952645,0.4339814999999999,1.5122475341511346,-2.429178834910552,3000,-29.555009158078377,Low,158.15
36151.2,0.133,1233.7,425.4,10914.9,350.0,20000.0,2500.0,133.0,5.0,7.5,25.93900169021261,seawater,SE0008,2021-10-17 15:49:34.958263768,Red_Sea,78.1192291267918,63.86025269605663,21.87888105613717,3.9562005882211935,3.61512,0.3164960470576956,0.0,3.931616047057695,0.002322093162012,0.9252066525477411,0.0814984544907074,0.4637235,1.4727507002004607,-2.4588653468572343,3000,-29.91619505342968,Low,158.15
34295.8,0.117,1200.0,350.0,10905.7,400.0,18800.0,2538.6,148.5,4.4,8.14,21.06412965006502,seawater,SE0009,2021-08-12 20:23:38.363939896,Red_Sea,80.68775928571534,61.423373923432834,29.5096898670076,3.812386167409912,3.4295800000000005,0.3049908933927929,0.0,3.734570893392793,0.002755201704123,0.9295229869714408,0.0644945426196044,0.4455854999999999,1.4423582312951682,-2.292212662097625,3000,-27.88858738885444,Low,158.15
35813.8,0.215,1400.0,444.8,10000.0,370.6,19150.9,2500.0,111.6,5.0,7.55,26.01679729999384,seawater,SE0010,2023-09-07 10:37:03.706176960,Pacific,89.07930466650548,72.05790260965804,19.55227139422193,3.330429251620099,3.5813800000000007,0.2664343401296079,0.0,3.847814340129609,0.0033545832031066,1.1972258547178336,0.0961540652423277,0.4372635,1.7339980031632678,-2.113816336966341,3000,-25.71809876642381,Low,158.15
34304.9,0.19,1200.0,375.8,10909.4,378.1,19420.4,2658.7,135.1,4.2,7.78,28.408717044075708,seawater,SE0011,2020-05-04 07:22:20.233722870,Mediterranean,72.26429353219791,64.72823342064267,25.494137360311232,4.129471610964295,3.4304900000000003,0.3303577288771436,0.0,3.760847728877144,0.0038654211065703,0.83248466149092,0.0729746103584325,0.454947,1.364271692955923,-2.396576035921221,3000,-29.158341770374857,Low,158.15
34301.4,0.168,1230.7,407.3,11000.0,400.0,19466.8,2602.4,100.0,4.2,7.93,29.812514429000508,seawater,SE0012,2022-04-01 09:39:21.936560928,Persian_Gulf,74.15431043449382,83.43498188944653,25.362742592297423,3.4551914769498016,3.43014,0.2764153181559841,0.0,3.706555318155985,0.0034002307228937,0.8761124145766229,0.1019492043707147,0.4570019999999999,1.438463849670231,-2.2680914684857534,3000,-27.595112866576667,Low,158.15
35362.9,0.178,1228.2,450.0,10000.0,354.3,19292.5,2869.6,133.2,4.1,7.86,18.869103210936583,seawater,SE0013,2021-10-10 08:20:02.003338896,Mediterranean,89.2505741317311,60.25758496134348,19.948657352661524,3.415291397319847,3.53629,0.2732233117855878,0.0,3.809513311785588,0.0028335870850014,1.0523285294264844,0.0813477396978137,0.4393875,1.5758973562092995,-2.2336159555762887,3000,-27.175660792844848,Low,158.15
33000.0,0.136,1389.5,444.8,10041.2,352.1,19637.5,2500.0,103.9,4.9,8.13,30.0,seawater,SE0014,2022-08-30 12:30:03.005008336,Mediterranean,89.14649697054408,70.31549187647587,25.91260228594616,3.706827523498984,3.3000000000000003,0.2965462018799187,0.0,3.596546201879919,0.0028122429008891,1.1891429523894816,0.0938289923599693,0.4451805,1.7309646876503402,-1.8655815142295789,3000,-22.697908423126545,Low,158.15
33000.0,0.243,1270.5,386.6,11000.0,368.3,19815.7,2719.1,126.1,4.1,7.94,28.83739672277065,seawater,SE0015,2020-07-09 02:48:16.828046744,Red_Sea,73.54330842529545,83.16869428362921,15.22080666613993,4.014224517633547,3.3000000000000003,0.3211379614106838,0.0,3.621137961410684,0.0029515275038578,0.8969930242016436,0.0964590516301531,0.4622355,1.4586391033356545,-2.162498858075029,3000,-26.31040277324619,Low,158.15
34156.6,0.174,1400.0,355.4,10635.7,400.0,19840.8,2821.7,115.0,4.8,7.54,24.99142923165468,seawater,SE0016,2022-10-08 12:27:38.764607680,Red_Sea,72.90217634250597,69.61045516824421,12.445060725804575,4.393268963814382,3.41566,0.3514615171051505,0.0,3.767121517105151,0.0017280215718994,0.9798052500432802,0.0742186673003819,0.4571475,1.5128994389155617,-2.254222078189589,3000,-27.42636861797333,Low,158.15
33480.8,0.173,1232.7,350.0,10775.7,350.0,18808.5,2900.0,146.4,4.3,8.45,30.0,seawater,SE0017,2020-02-13 20:57:17.729549248,Red_Sea,78.42170268677239,62.32773201501152,18.50327489310633,3.212035864698156,3.3480800000000004,0.2569628691758525,0.0,3.6050428691758527,0.0025544511120929,0.9280361558590496,0.065444118615762,0.443763,1.4397977255869043,-2.1652451435889484,3000,-26.343815913665537,Low,158.15
35471.4,0.192,1327.9,364.0,10670.3,350.0,19229.5,2613.6,102.5,4.0,7.86,30.0,seawater,SE0018,2022-05-15 06:36:39.666110176,Atlantic,70.99436584975938,67.57237357154467,28.87261313267169,3.5947021811276008,3.54714,0.287576174490208,0.0,3.834716174490208,0.0044237462937354,0.9050248167541968,0.0737890319401267,0.448497,1.4317345949880589,-2.4029815795021494,3000,-29.236275883942813,Low,158.15
33638.0,0.184,1216.5,389.4,10695.3,371.0,20000.0,2774.9,132.6,4.2,7.76,17.806399494715652,seawater,SE0019,2021-09-23 06:51:05.108514184,Atlantic,83.0980706457028,72.45025984586084,20.014892164050572,3.100484388768945,3.3638000000000003,0.2480387511015156,0.0,3.611838751101516,0.0029388266462318,0.9704525082287756,0.0846363935519346,0.4604295,1.5184572284269422,-2.093381522674574,3000,-25.46947519254065,Low,158.15
33000.0,0.177,1400.0,350.6,10000.0,391.0,19936.8,2500.0,114.4,4.0,8.09,23.87368678754323,seawater,SE0020,2023-10-16 10:34:39.465776288,Persian_Gulf,71.54992043323485,64.62879218358333,22.70518277293854,4.137826121207613,3.3000000000000003,0.331026089696609,0.0,3.6310260896966096,0.0032070162459464,0.9616309306226762,0.0679765636186929,0.4490519999999999,1.4818665104873157,-2.149159579209294,3000,-26.148108213713076,Low,158.15
37000.0,0.146,1200.0,393.4,11000.0,400.0,18800.0,2500.0,116.8,4.5,7.87,15.0,seawater,SE0021,2022-08-11 00:31:15.125208672,Red_Sea,71.16059254188562,71.66404262858154,22.483249118157502,3.671599334522041,3.7,0.2937279467617633,0.0,3.993727946761764,0.0026194783882582,0.8197700260825224,0.0845779031102519,0.447,1.3539674075810326,-2.639760539180731,3000,-32.117086560032234,Low,158.15
34661.3,0.184,1331.0,403.8,11000.0,370.7,19610.9,2879.0,116.3,4.0,7.92,25.963257663240125,seawater,SE0022,2020-03-06 19:25:56.594323873,Pacific,79.70373872417699,80.90857989464594,12.65145734539061,4.060393702782278,3.4661300000000006,0.3248314962225822,0.0,3.790961496222583,0.0018576387849383,1.018422491922044,0.0980126536843741,0.4591635,1.5774562843913569,-2.213505211831226,3000,-26.93098007727992,Low,158.15
35101.3,0.226,1363.4,388.8,10385.3,371.8,18800.0,2708.9,103.1,5.0,8.5,26.826971209625704,seawater,SE0023,2022-12-03 13:54:11.419031712,Red_Sea,89.15573272220203,81.81544925491532,17.805937647544205,3.483291635964431,3.5101300000000006,0.2786633308771544,0.0,3.788793330877155,0.0032112652428593,1.1669272895371223,0.0954295400109332,0.4377795,1.703347594790915,-2.08544573608624,3000,-25.37292312238259,Low,158.15
33000.0,0.21,1341.4,367.5,10478.3,400.0,19428.2,2900.0,119.7,4.5,7.72,24.8041894227862,seawater,SE0024,2021-02-06 04:05:12.520868112,Atlantic,78.53591872126319,61.2315183677683,24.138779458437497,4.266475862109485,3.3000000000000003,0.3413180689687588,0.0,3.641318068968759,0.0040451766616449,1.0113415811779434,0.0675077490004645,0.4485975,1.5314920068400528,-2.1098260621287066,3000,-25.66955042256593,Low,158.15
34183.4,0.218,1281.5,408.4,10000.0,350.0,20000.0,2500.0,118.7,4.4,7.7,21.72733214500845,seawater,SE0025,2020-12-16 23:38:21.836393988,Red_Sea,77.12962317321102,64.02258395131433,29.439801971614525,3.802242117360172,3.41834,0.3041793693888137,0.0,3.722519369388814,0.0051214657101899,0.9488794761261112,0.0784404698571503,0.45,1.4824414116934514,-2.2400779576953624,3000,-27.254281818626914,Low,158.15
35166.4,0.155,1287.0,422.1,10757.1,372.2,18831.3,2814.0,124.8,4.8,7.83,15.0,seawater,SE0026,2022-08-06 03:31:33.155258752,Atlantic,89.95913431004573,66.8822533941701,13.360354765940524,4.415411732735483,3.51664,0.3532329386188386,0.0,3.869872938618839,0.0016525422809991,1.1114630962274767,0.0846929974730376,0.443826,1.6416346359815135,-2.228238302637325,3000,-27.110232682087453,Low,158.15
33273.5,0.14,1304.4,350.0,10786.0,383.8,18899.4,2900.0,121.7,5.0,8.12,26.867668417058844,seawater,SE0027,2021-10-27 09:48:58.898163600,Red_Sea,80.63937921558367,74.87164627219005,18.208837806782327,3.118221958716051,3.32735,0.2494577566972841,0.0,3.576807756697284,0.0020342913597737,1.0097856599885506,0.0786152285857995,0.445281,1.535716179934124,-2.04109157676316,3000,-24.833280850618447,Low,158.15
35563.5,0.166,1285.3,450.0,10468.9,389.0,19858.4,2793.9,136.0,4.5,7.5,30.0,seawater,SE0028,2021-09-28 03:50:47.078464104,Pacific,77.50482813780496,69.02486896981168,11.901875996054589,3.771415236813112,3.55635,0.3017132189450489,0.0,3.858063218945049,0.0015766177094453,0.956322773812999,0.0931835731092457,0.4549095,1.5059924646316902,-2.3520707543133588,3000,-28.616860844145865,Low,158.15
34099.0,0.172,1396.4,395.1,11000.0,369.8,18800.0,2765.3,138.5,4.1,7.5,22.04490772133284,seawater,SE0029,2021-03-19 14:32:39.265442400,Persian_Gulf,77.71721626683204,81.10102283615188,14.84752919298512,4.149682868996548,3.4099000000000004,0.3319746295197238,0.0,3.741874629519724,0.0020379124669123,1.041833479632041,0.0961290423676908,0.447,1.5870004344666442,-2.15487419505308,3000,-26.21763603981247,Low,158.15
34562.5,0.203,1400.0,400.9,10333.0,380.7,19020.3,2711.7,100.0,4.0,7.62,27.200299645115724,seawater,SE0030,2023-08-01 21:09:18.931552576,Pacific,73.89918992067021,77.91679670707344,17.535186866523006,3.9002289721104217,3.4562500000000003,0.3120183177688337,0.0,3.768268317768834,0.0028405950612555,0.9932051125338076,0.0937105313995972,0.4402995,1.5300557389946603,-2.2382125787741733,3000,-27.231586375085776,Low,158.15
34097.4,0.119,1244.3,435.4,10782.3,350.0,19757.9,2500.0,137.4,4.2,7.5,17.159278432899747,seawater,SE0031,2020-10-07 07:12:43.272120200,Atlantic,80.24446114895078,62.511400577837705,20.81286495904701,3.034791210640264,3.40974,0.2427832968512211,0.0,3.652523296851221,0.001976431282241,0.9585425568733388,0.0816523914347716,0.458103,1.5002743795903513,-2.15224891726087,3000,-26.185695160007256,Low,158.15
37000.0,0.216,1200.0,411.7,10000.0,366.8,19019.4,2900.0,100.0,4.2,7.67,27.28606531846257,seawater,SE0032,2022-04-06 06:39:03.906510848,Mediterranean,78.77710056336012,75.61393756280228,14.61133764478162,4.458508017515821,3.7,0.3566806414012657,0.0,4.0566806414012655,0.0025185270471557,0.9075121984899086,0.093390774283817,0.435291,1.4387124998208811,-2.617968141580384,3000,-31.851945722561343,Low,158.15
34979.8,0.165,1291.2,447.7,10488.2,389.1,19258.4,2587.8,131.8,4.6,7.95,23.03308851127672,seawater,SE0033,2023-03-06 04:48:28.848080128,Pacific,75.41590592694827,62.825315633674464,14.551253223573717,3.447395539613848,3.4979800000000005,0.2757916431691078,0.0,3.773771643169108,0.0019159635119479,0.934819370235606,0.0843806814275881,0.446199,1.4673150151751422,-2.306456627993966,3000,-28.061888973926585,Low,158.15
33413.4,0.157,1400.0,414.4,10412.8,360.4,19846.5,2810.9,132.4,4.3,7.53,21.187910246985428,seawater,SE0034,2023-07-10 22:40:40.066777952,Red_Sea,73.2108017320352,66.3758917409115,25.55659958280408,3.373916799549573,3.34134,0.2699133439639659,0.0,3.6112533439639662,0.0032018841353311,0.9839531752785532,0.0825185086123011,0.4538895,1.5235630680261856,-2.0876902759377804,3000,-25.40023169057633,Low,158.15
36233.8,0.14,1219.6,369.4,10612.7,381.2,19652.9,2500.0,100.0,4.8,7.5,21.198181793919343,seawater,SE0035,2022-08-13 11:01:06.110183632,Persian_Gulf,76.22477737335107,64.4467658383557,29.252833258937624,3.728489813409869,3.623380000000001,0.2982791850727895,0.0,3.92165918507279,0.0032681265316885,0.892451889451574,0.0714199059020657,0.453984,1.4211239218853284,-2.5005352631874613,3000,-30.423179035447447,Low,158.15
33168.7,0.12,1400.0,418.1,10315.2,388.9,19560.1,2500.0,121.9,4.2,7.82,23.03194208983495,seawater,SE0036,2023-01-18 21:21:20.133555920,Red_Sea,80.17366655375459,64.32654873001762,16.472259355029124,3.813237161285024,3.31687,0.3050589729028019,0.0,3.6219289729028015,0.0015773835558375,1.0775340784824616,0.080684790072061,0.4481295,1.6079257521103605,-2.014003220792441,3000,-24.503705852974697,Low,158.15
35313.3,0.195,1400.0,350.0,10434.3,373.1,19196.5,2900.0,110.6,4.5,8.06,26.91216657846268,seawater,SE0037,2022-10-13 09:27:20.734557584,Red_Sea,71.16666544569604,75.40988811942148,23.759840372713604,4.149432206384738,3.5313300000000005,0.331954576510779,0.0,3.86328457651078,0.0036972687603979,0.956479983590155,0.0791803825253925,0.4444619999999999,1.4838196348759454,-2.3794649416348346,3000,-28.950156789890485,Low,158.15
33000.0,0.172,1244.6,405.4,10913.0,383.4,19622.0,2640.5,104.8,5.0,7.5,18.43918399402241,seawater,SE0038,2023-01-26 04:50:53.088480800,Pacific,73.07488057167912,74.09012306385404,15.161609227158417,3.589910486488484,3.3000000000000003,0.2871928389190787,0.0,3.587192838919079,0.0020810218360828,0.8731103650513135,0.0901084076702592,0.458025,1.4233247945576557,-2.1638680443614238,3000,-26.32706120639732,Low,158.15
33007.7,0.131,1356.9,398.3,10281.6,360.7,19325.8,2900.0,147.0,4.7,8.05,23.014423342160736,seawater,SE0039,2023-12-11 12:01:12.120200320,Persian_Gulf,88.9531453393819,64.40070381969318,28.55904509931264,3.6599405646933194,3.30077,0.2927952451754655,0.0,3.5935652451754656,0.0029855054565919,1.15872501994567,0.0769524009941513,0.444111,1.6827739263964132,-1.9107913187790524,3000,-23.247961045145136,Low,158.15
35295.3,0.131,1400.0,389.6,10000.0,375.9,19674.7,2694.4,106.9,4.5,8.05,24.79264111000426,seawater,SE0040,2021-01-29 20:35:39.565943236,Mediterranean,80.85710702062678,84.7543201354608,23.458047203307967,3.8024398739007466,3.5295300000000003,0.3041951899120597,0.0,3.83372518991206,0.0024522573385394,1.086719518357224,0.0990608493743265,0.4451205,1.63335312507009,-2.20037206484197,3000,-26.771193455577304,Low,158.15
36107.7,0.16,1262.1,393.6,11000.0,392.2,19101.8,2500.0,103.9,4.2,8.09,19.504803877340706,seawater,SE0041,2022-07-07 21:33:21.335559264,Red_Sea,71.26898607320075,70.54591830920734,26.0535370927514,3.591580649612461,3.61077,0.2873264519689969,0.0,3.898096451968997,0.0033265156160024,0.863506438300672,0.083300620339512,0.451527,1.4016605742561865,-2.496435877712811,3000,-30.3733031788392,Low,158.15
35257.1,0.22,1279.6,350.0,11000.0,383.1,19290.5,2888.4,121.5,4.2,8.17,30.0,seawater,SE0042,2020-12-02 08:39:15.926544240,Persian_Gulf,83.86175517539147,62.42673320387342,10.987080863983296,4.371822118651734,3.52571,0.3497457694921387,0.0,3.875455769492139,0.0019288919164809,1.0301712184553369,0.065548069864067,0.4543575,1.5520056802358846,-2.323450089256254,3000,-28.26864275261776,Low,158.15
34826.5,0.162,1241.8,372.6,10000.0,368.3,18806.0,2592.0,133.7,4.1,8.46,20.73252259969329,seawater,SE0043,2020-12-24 07:07:54.791318864,Mediterranean,71.2360574015807,63.01422542387788,21.970119364812494,4.276877949951379,3.48265,0.3421502359961103,0.0,3.8248002359961104,0.0028402091510055,0.849224986380316,0.0704373011788106,0.43209,1.354592496710132,-2.4702077392859785,3000,-30.054194161312743,Low,158.15
34548.3,0.125,1200.0,404.6,10844.9,384.5,19379.0,2849.7,117.2,4.2,7.69,21.652815431832547,seawater,SE0044,2020-06-29 08:48:52.888146910,Red_Sea,84.77748454092746,74.59734284316487,20.552246627167644,3.6824605426168175,3.4548300000000003,0.2945968434093454,0.0,3.7494268434093456,0.0020500866010599,0.9766366219114844,0.0905462547430335,0.4533585,1.522591463255578,-2.2268353801537675,3000,-27.093163791870836,Low,158.15
33000.0,0.163,1235.1,408.0,10248.5,394.3,18913.4,2715.0,143.3,4.9,7.83,20.10846025088751,seawater,SE0045,2022-12-30 09:22:32.253756256,Persian_Gulf,84.99925443440054,84.47673508458682,15.85993813823064,3.000292293505976,3.3000000000000003,0.240023383480478,0.0,3.540023383480478,0.0020629655933922,1.0078327598585095,0.1033995237435342,0.4374285,1.5507237491954362,-1.989299634285042,3000,-24.20314555046801,Low,158.15
33920.2,0.162,1200.0,350.0,10631.7,350.0,18800.0,2500.0,130.6,4.4,7.68,30.0,seawater,SE0046,2021-02-20 19:04:18.430717860,Pacific,83.02157951498505,74.29877754047995,15.24859970114636,4.351401743293921,3.39202,0.3481121394635136,0.0,3.7401321394635136,0.0019712779749653,0.9564085960126276,0.0780137164175039,0.4414755,1.4778690904050973,-2.2622630490584164,3000,-27.524200430210733,Low,158.15
34309.0,0.1,1303.4,450.0,10647.1,400.0,19555.2,2742.9,100.0,4.0,7.8,27.764526142997408,seawater,SE0047,2022-03-05 14:11:01.101836392,Red_Sea,84.644090892387,83.72603691541593,21.600496046339394,3.186504860159198,3.4309000000000003,0.2549203888127358,0.0,3.685820388812736,0.0017237195844978,1.0591210374637174,0.1130301498358115,0.4530345,1.6269094068840269,-2.058910981928709,3000,-25.05008361346596,Low,158.15
36585.7,0.168,1223.0,356.7,10382.8,373.3,19527.6,2900.0,109.4,5.0,8.26,20.31703996878179,seawater,SE0048,2022-06-20 20:04:24.440734560,Red_Sea,71.75931562026115,71.10332126895067,24.129712700144506,3.3667686227910694,3.65857,0.2693414898232855,0.0,3.927911489823286,0.0032349258034321,0.8425117728343622,0.0760876640899041,0.4486559999999999,1.3704903627276983,-2.557421127095588,3000,-31.11529037966298,Low,158.15
35515.4,0.163,1323.4,448.5,10108.1,388.5,19869.7,2808.6,108.8,4.7,7.5,30.0,seawater,SE0049,2020-08-09 19:16:19.632721200,Persian_Gulf,84.53561104710535,70.8960275913003,10.663455140703778,3.228541926548097,3.55154,0.2582833541238478,0.0,3.809823354123848,0.0013870382639719,1.0739945055334967,0.0953906051240945,0.449667,1.620439148921563,-2.189384205202285,3000,-26.63750782996113,Low,158.15
33000.0,0.191,1200.0,421.4,10154.7,400.0,19141.3,2698.5,129.6,4.0,7.54,26.00349347144439,seawater,SE0050,2023-09-26 22:35:51.585976624,Red_Sea,72.73376639447766,72.50018398289706,21.348031638474087,3.269723354971536,3.3000000000000003,0.2615778683977228,0.0,3.5615778683977237,0.0032538242862729,0.8378929888643826,0.0916547325911784,0.43944,1.372241545741834,-2.189336322655889,3000,-26.63692525897999,Low,158.15
35486.1,0.225,1333.1,367.7,10041.9,352.6,19644.8,2900.0,100.0,4.3,8.21,26.28626710555751,seawater,SE0051,2022-06-25 17:04:06.410684464,Mediterranean,76.79011814543688,77.43563645388889,13.409190578932574,4.204316306834752,3.54861,0.3363453045467801,0.0,3.884955304546781,0.0024076201684473,0.9827415023969462,0.0854192505722848,0.4453004999999999,1.5158688731376782,-2.3690864314091025,3000,-28.82388491547741,Low,158.15
34422.4,0.204,1383.4,450.0,10084.1,365.8,19730.5,2752.1,150.0,4.6,8.11,23.277613956237737,seawater,SE0052,2021-09-06 05:22:08.213689480,Red_Sea,88.85490507001265,69.19039916128332,12.807254627722012,3.8692521624988863,3.4422400000000004,0.3095401729999109,0.0,3.751780172999912,0.0020849185953561,1.180050006469013,0.0934070388677325,0.447219,1.7227609639321018,-2.0290192090678096,3000,-24.686400376991685,Low,158.15
33984.6,0.162,1200.0,350.0,10466.4,374.2,19666.9,2751.9,130.6,5.0,7.69,21.25292006521513,seawater,SE0053,2020-05-26 05:50:59.098497496,Atlantic,80.0575095531828,81.59715081697392,22.46238976189369,4.434142744688023,3.39846,0.3547314195750418,0.0,3.753191419575042,0.0029038478988585,0.922262510052666,0.0856770083578226,0.4519995,1.4628428663093471,-2.290348553265695,3000,-27.865907398065957,Low,158.15
35917.5,0.137,1337.4,446.0,10142.1,364.3,18904.6,2500.0,123.0,4.0,8.06,26.68883049527301,seawater,SE0054,2023-10-21 07:34:21.435726208,Mediterranean,89.34852864166028,60.73203461920365,16.21740234434946,3.347180268485575,3.59175,0.267774421478846,0.0,3.859524421478846,0.0017729837286983,1.147149333171422,0.0812594623204945,0.4357004999999999,1.665882279220615,-2.193642142258231,3000,-26.68931273080848,Low,158.15
36546.5,0.247,1400.0,450.0,10841.0,400.0,19489.6,2756.8,143.6,5.0,7.9,22.274563850022048,seawater,SE0055,2020-01-27 19:28:20.834724541,Persian_Gulf,71.77844917773476,70.99410487571106,18.81760466269728,3.728452362196851,3.65465,0.2982761889757481,0.0,3.952926188975748,0.0037090627846456,0.9647023569487552,0.0958420415822099,0.4549589999999999,1.5192124613156104,-2.433713727660137,3000,-29.61018368653167,Low,158.15
36396.9,0.172,1200.0,366.5,11000.0,362.9,19618.5,2900.0,150.0,5.0,8.25,30.0,seawater,SE0056,2020-04-19 16:23:14.323873122,Mediterranean,79.5511319912636,72.77479624949794,17.19997618879546,4.466142553623705,3.63969,0.3572914042898963,0.0,3.996981404289897,0.0023607999317693,0.9164290405393566,0.0800158884763229,0.4592774999999999,1.4580832289474488,-2.538898175342448,3000,-30.889927799999786,Low,158.15
33741.2,0.17,1400.0,450.0,10210.0,368.9,19404.3,2542.8,137.4,4.2,7.82,18.65354447378448,seawater,SE0057,2023-09-12 07:36:45.676126864,Atlantic,71.24804640553741,75.1758059565774,22.966726403050476,4.2396652714121545,3.37412,0.3391732217129724,0.0,3.7132932217129726,0.0031156661038378,0.9575737436904228,0.1014873380413795,0.4442145,1.50639124783564,-2.206901973877333,3000,-26.850640682174216,Low,158.15
34536.2,0.169,1341.9,387.5,10619.7,384.1,18800.0,2900.0,139.0,4.4,8.11,30.0,seawater,SE0058,2020-06-02 13:20:32.053422370,Atlantic,82.6042052479857,66.90179780914659,19.40239532132938,4.092923518680736,3.45362,0.3274338814944589,0.0,3.7810538814944583,0.0026166458378251,1.0641271970138115,0.0777733399531329,0.4412955,1.5858126828047696,-2.195241198689689,3000,-26.708767917391214,Low,158.15
35496.9,0.176,1229.5,414.4,10749.8,356.0,19496.3,2691.7,122.6,4.0,8.5,24.443405756011,seawater,SE0059,2020-02-11 10:27:26.744574290,Red_Sea,71.57414002737033,70.68699927464588,29.26917324075895,3.283462802056188,3.5496900000000005,0.262677024164495,0.0,3.812367024164496,0.0041107968433181,0.8448038895710576,0.0878780774982397,0.4536915,1.3904842639126156,-2.42188276025188,3000,-29.466240249731207,Low,158.15
36463.3,0.166,1294.4,413.0,10736.0,372.1,20000.0,2532.4,117.2,4.4,7.98,26.49542867010553,seawater,SE0060,2021-01-22 13:06:06.611018360,Red_Sea,73.50735605080754,72.11344375535141,17.047655182129304,4.154108101364574,3.64633,0.3323286481091659,0.0,3.978658648109166,0.0022582687866663,0.9134200480527868,0.0893485568128804,0.4610399999999999,1.4660668736523337,-2.5125917744568325,3000,-30.5698665892248,Low,158.15
34281.2,0.153,1355.8,393.3,10538.0,386.3,19184.0,2900.0,110.5,4.5,7.81,29.16578883314717,seawater,SE0061,2023-05-18 07:43:58.397328880,Pacific,75.17660620138561,77.17274946708034,24.805686805256705,3.5213476838938766,3.42812,0.2817078147115101,0.0,3.70982781471151,0.003028625524801,0.9784746498032506,0.091056127096208,0.44583,1.5183894024242597,-2.1914384122872503,3000,-26.66250068282821,Low,158.15
34721.5,0.154,1307.6,440.5,10871.3,373.3,18963.2,2652.6,103.5,4.8,8.02,21.84875352497782,seawater,SE0062,2020-06-26 22:19:01.903171952,Mediterranean,84.97487703328966,79.33860461839535,15.145851351660893,3.7958053455701366,3.47215,0.3036644276456109,0.0,3.775814427645611,0.0018613039643083,1.0666862324038038,0.1048459660032094,0.4475175,1.6209110023713216,-2.1549034252742896,3000,-26.21799167417052,Low,158.15
33340.5,0.169,1353.9,439.7,10741.1,378.1,19624.0,2861.9,106.3,5.0,7.69,29.321241923493183,seawater,SE0063,2021-12-17 14:15:49.582637728,Pacific,73.2792423763615,78.44568318359468,20.175061852522937,3.91374181955931,3.33405,0.3130993455647448,0.0,3.647149345564745,0.0027208491915549,0.952442556032216,0.1034777006874797,0.4554765,1.5141176059112509,-2.133031739653494,3000,-25.951886165784178,Low,158.15
33205.7,0.154,1207.9,350.0,10000.0,369.4,19587.4,2651.6,100.0,4.1,8.5,15.0,seawater,SE0064,2023-06-01 22:43:04.307178624,Atlantic,86.93264106586136,68.53957630723963,21.05139503803914,3.914045567286381,3.32057,0.3131236453829105,0.0,3.633693645382911,0.0025870480390147,1.008056996577158,0.0719665551226016,0.4438109999999999,1.5264215997387742,-2.1072720456441365,3000,-25.638476555336997,Low,158.15
36218.8,0.149,1316.9,450.0,10934.6,350.0,20000.0,2698.0,118.5,4.0,7.85,21.400052333890304,seawater,SE0065,2020-07-23 17:47:22.737896492,Red_Sea,72.63807877661601,84.9862630747991,16.582185621254645,4.089785207870275,3.62188,0.327182816629622,0.0,3.949062816629622,0.0019716550347384,0.918308025032886,0.1147314551509787,0.464019,1.4990301352186033,-2.450032681411019,3000,-29.808730957167395,Low,158.15
37000.0,0.173,1200.0,350.0,10943.6,386.4,18800.0,2808.7,100.0,4.5,7.72,20.379685963294676,seawater,SE0066,2023-02-19 13:49:22.938230384,Red_Sea,70.70488898140313,81.21663279467948,19.435610578252582,3.992553138963309,3.7,0.3194042511170646,0.0,4.019404251117065,0.00268316378277,0.814520321065764,0.0852774644344134,0.446154,1.3486349492829477,-2.670769301834117,3000,-32.494359838981765,Low,158.15
34892.0,0.162,1288.9,450.0,10118.4,400.0,19838.8,2768.2,123.8,4.6,7.55,18.732469938141197,seawater,SE0067,2021-09-08 15:51:59.198664440,Red_Sea,77.90090837939336,66.50058432862423,15.585572757969842,3.1025563189658847,3.4892000000000003,0.2482045055172707,0.0,3.737404505517271,0.0020148405038593,0.9639022157779212,0.0897757888436427,0.4493579999999999,1.5050508451254232,-2.232353660391848,3000,-27.160302868100818,Low,158.15
36505.3,0.215,1209.6,450.0,10519.0,380.4,19754.3,2500.0,119.3,4.6,8.13,23.925225809605244,seawater,SE0068,2021-02-03 17:35:21.535893152,Persian_Gulf,89.5888328394259,64.8776451418207,10.12001563347964,3.686020538923661,3.65053,0.2948816431138928,0.0,3.945411643113893,0.0017362910822361,1.0403198611446676,0.0875848209414579,0.4540995,1.5837404731683618,-2.361671169945532,3000,-28.733665901003967,Low,158.15
35542.5,0.1,1226.4,350.0,10841.7,384.5,19314.7,2500.0,122.9,4.3,8.06,26.928749840908477,seawater,SE0069,2020-08-26 20:45:16.527545908,Atlantic,72.20684455577555,67.85053126458476,14.312966032757576,3.9960324100799687,3.55425,0.3196825928063975,0.0,3.8739325928063977,0.001142174689414,0.85012295196675,0.071243057827814,0.452346,1.374854184483978,-2.49907840832242,3000,-30.405453967922767,Low,158.15
34032.3,0.203,1400.0,379.5,10395.3,393.9,19603.2,2895.9,109.6,4.6,7.65,28.513299992496528,seawater,SE0070,2022-06-30 14:03:48.380634384,Red_Sea,72.03436888079258,71.30862132499112,24.00128344986401,3.443989473248593,3.4032300000000006,0.2755191578598874,0.0,3.678749157859888,0.0038880639111772,0.9681419177578524,0.0811848653785023,0.4499775,1.503192347047532,-2.175556810812356,3000,-26.469274531550337,Low,158.15
35542.1,0.207,1400.0,350.0,11000.0,354.6,20000.0,2683.6,150.0,5.0,7.97,26.20438378600204,seawater,SE0071,2021-03-31 19:01:54.190317192,Atlantic,85.02333021591248,81.26998445799035,25.41926048970754,3.4695850308245846,3.55421,0.2775668024659667,0.0,3.831776802465967,0.0041989059632528,1.1427135581018637,0.0853334836808898,0.465,1.6972459477460065,-2.1345308547199604,3000,-25.970125399092847,Low,158.15
37000.0,0.108,1360.9,389.3,11000.0,400.0,19923.4,2605.3,147.2,4.7,7.5,21.671532675532266,seawater,SE0072,2023-09-24 12:06:00.601001664,Red_Sea,76.24323387987131,79.45905659486337,15.6040573427784,3.186851321631923,3.7,0.2549481057305539,0.0,3.954948105730554,0.00134482007803,0.996090403076322,0.0928002321971409,0.463851,1.554086455351493,-2.4008616503790607,3000,-29.21048341294524,Low,158.15
34946.3,0.16,1200.0,384.6,10107.0,384.0,18800.0,2500.0,100.0,4.3,7.86,26.84508218912584,seawater,SE0073,2021-01-15 05:36:33.656093488,Mediterranean,84.34563234451434,81.2811530876469,18.16085997636144,3.627922478962283,3.4946300000000003,0.2902337983169826,0.0,3.784863798316983,0.0023187786017818,0.9716616846088052,0.093782194432527,0.433605,1.501367657643114,-2.2834961406738685,3000,-27.78253637819873,Low,158.15
37000.0,0.159,1268.4,439.0,10000.0,400.0,19892.1,2500.0,124.7,4.2,7.94,25.62142847425425,seawater,SE0074,2023-09-17 04:36:27.646076784,Atlantic,74.00021178886726,66.79892787275821,10.747313202772222,4.480245651459262,3.7,0.3584196521167409,0.0,4.058419652116741,0.0013636405937941,0.9010739388767924,0.0879741880084225,0.4483814999999999,1.4387932674790092,-2.619626384637732,3000,-31.872121013092404,Low,158.15
33000.0,0.128,1400.0,450.0,10651.9,365.3,19361.2,2500.0,107.8,4.4,8.31,29.68028083968008,seawater,SE0075,2021-04-03 05:31:45.175292152,Pacific,79.20143988396326,74.8365305612959,14.741258021953612,3.427979041932056,3.3000000000000003,0.2742383233545645,0.0,3.5742383233545647,0.0015057310593944,1.0644673520404662,0.1010293162577494,0.4501964999999999,1.61719889935761,-1.9570394239969549,3000,-23.810646325296283,Low,158.15
36232.9,0.147,1314.2,450.0,10860.8,400.0,19443.7,2689.7,100.0,5.0,7.57,28.88468351465758,seawater,SE0076,2022-05-22 14:06:12.621035056,Persian_Gulf,75.30579755497835,67.08122655693435,25.584385667445986,3.797155339029147,3.62329,0.3037724271223317,0.0,3.927062427122332,0.0030012019451054,0.9500820398088246,0.0905596558518613,0.4545675,1.4982103976057914,-2.4288520295165403,3000,-29.551033025784573,Low,158.15
35130.6,0.137,1400.0,371.9,10384.6,395.5,19443.9,2590.3,100.0,4.4,7.5,25.152382069603146,seawater,SE0077,2023-03-30 13:46:58.697829712,Pacific,79.03056429758173,62.72557901798733,22.119725405301143,4.114855879168626,3.51306,0.3291884703334901,0.0,3.84224847033349,0.0024182610996599,1.0621707841594987,0.0699829285103684,0.4474275,1.581999473769527,-2.2602489965639627,3000,-27.499696124861543,Low,158.15
34551.5,0.223,1339.3,389.5,11000.0,391.1,19309.9,2516.7,128.6,4.5,7.53,20.51373496919372,seawater,SE0078,2023-12-09 01:31:21.135225360,Atlantic,85.38194185170607,77.10494358686702,14.115410439087428,3.020245906326406,3.45515,0.2416196725061125,0.0,3.6967696725061128,0.0025118937492773,1.0977795333311031,0.0900971265812541,0.4546485,1.6450370536616348,-2.051732618844478,3000,-24.96274686260782,Low,158.15
35137.6,0.198,1319.2,350.0,10000.0,384.7,20000.0,2696.4,106.4,4.3,7.5,21.735249220839595,seawater,SE0079,2022-11-21 09:24:56.494156928,Red_Sea,85.24019880955323,63.57493877988597,15.148839902448644,4.350659339397448,3.51376,0.3480527471517958,0.0,3.861812747151796,0.0023935772999464,1.0795091545878013,0.0667536857188802,0.45,1.598656417606628,-2.263156329545168,3000,-27.53506867613288,Low,158.15
33000.0,0.208,1269.1,359.7,10846.5,375.0,19349.8,2782.8,139.4,5.0,8.2,22.25105320180983,seawater,SE0080,2020-08-24 10:15:25.542570952,Atlantic,80.31544575347448,76.69244404266179,26.336040459791203,3.579825277087408,3.3000000000000003,0.2863860221669926,0.0,3.5863860221669928,0.0043713613396779,0.9785119891750508,0.0827588163664363,0.4529445,1.518586666881165,-2.067799355285828,3000,-25.158225489310905,Low,158.15
34670.5,0.192,1313.4,448.2,10197.1,400.0,18800.0,2900.0,139.9,5.0,8.26,23.42366833041872,seawater,SE0081,2021-08-27 11:22:44.273789648,Persian_Gulf,88.56743687442102,76.19910762263522,14.181684058898016,4.303673980066473,3.46705,0.3442939184053178,0.0,3.811343918405318,0.0021728609047681,1.1167149272723,0.1024573201093953,0.4349565,1.6563016082864634,-2.1550423101188545,3000,-26.2196814397794,Low,158.15
35535.7,0.136,1284.8,450.0,11000.0,382.8,19163.9,2500.0,147.5,4.7,7.9,26.340252137948767,seawater,SE0082,2020-06-24 11:49:10.918196994,Atlantic,75.27568204896548,80.25621111060042,16.683154516942622,3.058421488349217,3.55357,0.2446737190679373,0.0,3.798243719067937,0.0018105893934147,0.928456284446504,0.1083458849993105,0.4524585,1.4910712588392294,-2.307172460228708,3000,-28.070598266115944,Low,158.15
37000.0,0.154,1370.8,350.0,11000.0,350.0,19507.2,2900.0,103.0,4.5,8.17,28.57587195064029,seawater,SE0083,2021-07-14 14:25:26.544240400,Red_Sea,74.80622702238466,63.48886511408911,23.287173833092886,3.2184953277955137,3.7,0.2574796262236411,0.0,3.957479626223641,0.0028618073666964,0.9844260096219348,0.0666633083697935,0.457608,1.511559125358425,-2.445920500865216,3000,-29.758699427193463,Low,158.15
34222.6,0.185,1395.7,370.4,10116.7,357.7,20000.0,2900.0,129.5,4.5,7.84,24.74440653492311,seawater,SE0084,2022-03-29 23:09:30.951585968,Pacific,82.27612802350868,79.58700371272027,21.22224771416157,3.483794181716339,3.42226,0.2787035345373071,0.0,3.700963534537307,0.0031330404300416,1.1023948020711465,0.0884370785255747,0.4517505,1.6457154210267628,-2.0552481135105443,3000,-25.00551871437829,Low,158.15
33787.3,0.133,1221.4,398.7,10225.2,376.3,19761.9,2554.2,132.6,4.0,7.77,25.080623939502363,seawater,SE0085,2021-06-25 02:26:38.664440728,Mediterranean,82.42594068433579,84.98191314865593,19.217404104676284,3.5181926595949182,3.3787300000000005,0.2814554127675934,0.0,3.6601854127675937,0.0020396199672457,0.9664804219377382,0.1016468663171073,0.4498065000000001,1.5199734082220917,-2.140212004545502,3000,-26.03924605530361,Low,158.15
34247.4,0.191,1200.0,414.0,10929.8,386.2,18889.7,2750.6,110.5,4.9,7.7,25.71653152500002,seawater,SE0086,2023-02-24 10:49:04.908180288,Pacific,70.93080079129948,81.27606121464756,27.99482181959489,4.271691334542025,3.4247400000000003,0.341735306763362,0.0,3.7664753067633625,0.004266914752099,0.81712282511577,0.1009448680285922,0.4472925,1.3696271078964612,-2.396848198866901,3000,-29.161653086213963,Low,158.15
36373.1,0.163,1200.0,359.5,10306.4,378.9,20000.0,2618.5,104.6,4.6,7.71,22.420473434338295,seawater,SE0087,2023-07-25 13:39:45.976627712,Red_Sea,82.15555424773795,78.79530190819166,14.394209254301034,3.0168016730823526,3.63731,0.2413441338465882,0.0,3.878654133846588,0.0018723123745439,0.9464319849339412,0.0849807331079847,0.454596,1.48788103041647,-2.390773103430118,3000,-29.08773942506644,Low,158.15
35493.1,0.159,1350.8,421.2,10477.3,400.0,19558.9,2747.1,150.0,4.7,7.5,20.37303871178522,seawater,SE0088,2022-02-01 21:42:58.297161936,Red_Sea,77.48872314698029,76.55413386736768,24.82839781726,3.9616676647045193,3.54931,0.3169334131763615,0.0,3.866243413176362,0.0031502767718495,1.0048489653786332,0.0967338035548058,0.4505430000000001,1.5552760457052888,-2.310967367471073,3000,-28.11676963756472,Low,158.15
34205.4,0.191,1200.0,376.3,10512.7,350.0,20000.0,2900.0,124.5,4.1,7.88,16.22281051344645,seawater,SE0089,2022-03-20 05:10:07.011686136,Persian_Gulf,84.94885050641118,70.54453711713573,13.181276812363668,3.1969686542678253,3.4205400000000004,0.255757492341426,0.0,3.676297492341426,0.0020090638491868,0.9786107578338568,0.0796377279515345,0.4576905,1.5179480496345783,-2.158349442706848,3000,-26.25991821959998,Low,158.15
35769.9,0.183,1200.0,399.3,10000.0,382.9,19309.0,2831.1,132.7,4.3,7.79,21.52425320961564,seawater,SE0090,2022-11-28 16:54:29.449081792,Atlantic,86.16211329090547,78.26250419729006,22.314676669642903,4.234823476066574,3.5769900000000003,0.3387858780853259,0.0,3.9157758780853262,0.0032587014927746,0.992587545111231,0.0937506537779337,0.439635,1.5292319003819397,-2.3865439777033868,3000,-29.03628506205787,Low,158.15
35145.6,0.159,1338.9,427.3,10493.1,350.0,19720.0,2811.7,103.6,4.3,8.02,27.365727266338936,seawater,SE0091,2022-05-10 09:36:57.696160256,Atlantic,81.04307639094073,78.10445087851133,27.412471268226263,4.167859898936868,3.51456,0.3334287919149494,0.0,3.8479887919149496,0.003478149179455,1.0416823198063732,0.1001220955811636,0.4531964999999999,1.598479064566992,-2.2495097273479576,3000,-27.369035016066817,Low,158.15
36453.0,0.205,1400.0,400.3,10155.1,395.2,19903.7,2623.9,100.0,5.0,7.83,21.48544280980216,seawater,SE0092,2021-07-02 09:56:11.619365608,Pacific,70.0341006300453,75.7874570671822,19.15803570956276,3.749881541116801,3.6453,0.299990523289344,0.0,3.945290523289344,0.0031340630617273,0.9412583124678088,0.0910131571919791,0.450882,1.4862875327215153,-2.459002990567829,3000,-29.91786971857525,Low,158.15
33946.9,0.138,1299.4,378.2,10253.4,378.1,20000.0,2500.0,108.6,4.3,7.75,23.810964812870303,seawater,SE0093,2022-09-16 13:58:59.899833056,Mediterranean,82.72731620333283,79.90695945744571,24.48589014382658,3.3190308382685627,3.39469,0.265522467061485,0.0,3.660212467061485,0.0026964841661987,1.0319603968762627,0.0906624362004179,0.453801,1.5791203172428794,-2.081092149818605,3000,-25.3199544894597,Low,158.15
34508.5,0.188,1383.8,394.5,11000.0,388.4,20000.0,2668.3,117.5,5.0,7.54,27.332156437061585,seawater,SE0094,2022-02-04 08:12:49.282136888,Mediterranean,84.97762559331869,71.21909721067087,26.407867059979765,3.9517430864483343,3.45085,0.3161394469158667,0.0,3.7669894469158662,0.0039618138478064,1.12888356764193,0.0842878015488289,0.465,1.6821331830385653,-2.0848562638773016,3000,-25.36575121050717,Low,158.15
34411.8,0.188,1308.2,395.6,10000.0,362.7,19923.3,2900.0,100.0,4.7,7.82,27.603447482113346,seawater,SE0095,2021-06-27 12:56:29.649415688,Persian_Gulf,74.97966532463029,63.03131780330977,12.720528497552056,3.2343874764864684,3.441180000000001,0.2587509981189175,0.0,3.699930998118918,0.0019083845673167,0.941648622505741,0.074805567968968,0.4488495,1.467212075042026,-2.232718923076892,3000,-27.16474689743552,Low,158.15
33000.0,0.161,1290.1,381.5,10906.6,400.0,19210.9,2500.0,119.8,4.0,8.02,19.602335739169803,seawater,SE0096,2020-12-07 05:38:57.896494156,Red_Sea,79.29292002281578,73.97669319023093,24.1165379056422,3.28503568888898,3.3000000000000003,0.2628028551111184,0.0,3.562802855111119,0.003098444557041,0.9820396427657724,0.0846663253562193,0.4517625,1.521566912679033,-2.0412359424320856,3000,-24.83503729959037,Low,158.15
35444.2,0.18,1391.9,387.1,10360.5,400.0,19057.0,2500.0,100.0,4.4,7.5,29.985296782268207,seawater,SE0097,2023-08-16 12:08:24.841402336,Persian_Gulf,89.31453246823577,66.62608821778356,28.396820479773524,3.940034853338037,3.54442,0.3152027882670429,0.0,3.859622788267042,0.0040789192937146,1.1934422183283588,0.077372876247312,0.4412625,1.7161565138693855,-2.1434662743976567,3000,-26.07883967183816,Low,158.15
35391.6,0.132,1271.0,450.0,10360.1,391.7,19599.6,2735.3,100.0,4.2,7.83,30.0,seawater,SE0098,2023-02-09 19:49:58.998330544,Atlantic,75.96231106788207,69.61082743572875,21.527412197110884,4.486842669132937,3.53916,0.358947413530635,0.0,3.898107413530635,0.0022676114911948,0.92686173472587,0.0939746170382338,0.4493954999999999,1.4724994632552983,-2.425607950275337,3000,-29.5115633950166,Low,158.15
35007.7,0.198,1326.7,428.0,10895.2,377.4,19959.9,2513.1,133.4,4.0,7.87,19.350750713907203,seawater,SE0099,2022-04-13 14:08:36.861435720,Red_Sea,74.46306502083482,60.43537259853065,13.72244489057512,4.336591255878819,3.50077,0.3469273004703055,0.0,3.847697300470305,0.0021682011824904,0.948385424286159,0.0775990184165133,0.4628265000000001,1.4909791438851627,-2.3567181565851425,3000,-28.67340423845257,Low,158.15
34648.1,0.164,1332.2,385.2,10670.0,391.6,19266.4,2551.5,132.1,5.0,7.58,20.88081565179423,seawater,SE0100,2020-02-21 04:26:50.684474123,Persian_Gulf,74.2170958095602,69.56976469794708,12.53885063177886,3.8896610365255153,3.46481,0.3111728829220412,0.0,3.775982882922041,0.0016409844598821,0.9491713443599626,0.0803948200849476,0.449046,1.4802531489047923,-2.2957297340172484,3000,-27.93137843054319,Low,158.15
33000.0,0.154,1233.2,434.8,10785.3,365.9,20000.0,2625.3,112.2,4.9,7.62,30.0,seawater,SE0101,2021-11-28 02:17:01.702838056,Pacific,81.17601668707992,80.22002765338637,15.194706609334958,3.807805153151136,3.3000000000000003,0.3046244122520908,0.0,3.604624412252091,0.0018673078846343,0.9610201322736668,0.1046390040710771,0.4617795,1.5293059442293784,-2.0753184680227124,3000,-25.249708027609664,Low,158.15
34369.0,0.201,1399.2,383.3,10984.1,397.1,20000.0,2500.0,100.0,4.8,7.87,24.265732393723496,seawater,SE0102,2023-07-30 10:39:27.946577616,Atlantic,88.99574202616013,73.56805917345638,12.070265380333652,4.497577320012162,3.4369,0.359806185600973,0.0,3.796706185600973,0.0019360464264747,1.1954192855328314,0.0845959112435574,0.4647615,1.7467127432028635,-2.049993442398109,3000,-24.94158688251033,Low,158.15
34485.9,0.149,1282.5,450.0,10334.3,400.0,18850.2,2515.2,100.0,4.6,7.5,15.0,seawater,SE0103,2022-12-13 07:53:35.358931552,Mediterranean,82.17380258400709,60.24501317334928,20.26788143170095,3.821095721450841,3.4485900000000003,0.3056876577160672,0.0,3.754277657716068,0.0024098916379921,1.0117238574142955,0.0813307677840215,0.4377675,1.5332320168363094,-2.2210456408797583,3000,-27.02272196403706,Low,158.15
33796.6,0.128,1224.4,418.5,10193.9,400.0,18897.8,2850.7,112.5,4.0,7.9,18.00159247633657,seawater,SE0104,2020-09-17 19:13:55.392320532,Persian_Gulf,76.0664624047532,71.74609550599618,11.394093654134693,3.630174782939166,3.37966,0.2904139826351333,0.0,3.670073982635133,0.0011638383022079,0.8941034550564463,0.0900772229077782,0.4363754999999999,1.4217200162664323,-2.248353966368701,3000,-27.35497325748586,Low,158.15
34758.1,0.123,1353.7,394.6,10000.0,365.4,19315.8,2500.0,132.9,4.3,7.53,23.753151874137597,seawater,SE0105,2023-06-21 10:41:52.186978288,Atlantic,82.77139556134908,67.28629119113519,14.46809249272453,4.364333303663012,3.47581,0.349146664293041,0.0,3.824956664293041,0.0014201011505308,1.0756573264454232,0.0796535115120658,0.439737,1.59646793910802,-2.2284887251850214,3000,-27.11327948975109,Low,158.15
35606.1,0.188,1210.2,422.4,10087.3,387.2,19584.6,2500.0,138.6,4.9,8.12,19.18478674857699,seawater,SE0106,2022-10-03 15:27:56.794657760,Atlantic,82.49684595195575,71.93876638492928,18.79820887824429,3.351276443803932,3.56061,0.2681021155043145,0.0,3.8287121155043145,0.0028201824887497,0.9584417565221458,0.0911608047629823,0.4450785,1.4975012437738782,-2.3312108717304363,3000,-28.363065606053645,Low,158.15
37000.0,0.132,1302.8,350.0,11000.0,354.1,19085.3,2584.0,110.1,4.0,8.5,22.93288114681779,seawater,SE0107,2020-01-20 11:58:47.879799666,Mediterranean,81.93850271459308,70.11731803619692,19.47829500804043,3.1462889854452136,3.7,0.2517031188356171,0.0,3.951703118835617,0.0020517656829669,1.02479502083109,0.0736231839380067,0.4512795,1.5517494704520638,-2.399953648383553,3000,-29.199436055333223,Low,158.15
35261.9,0.223,1299.1,350.0,11000.0,391.4,20000.0,2856.4,100.0,4.0,7.54,25.16198106841789,seawater,SE0108,2021-09-01 08:22:26.243739560,Mediterranean,73.18852413776604,83.29948048893453,21.30796970293929,3.9511350515427455,3.52619,0.3160908041234196,0.0,3.84228080412342,0.0037918384405168,0.91276043239077,0.0874644545133812,0.465,1.4690167253446682,-2.373264078778752,3000,-28.874712958474813,Low,158.15
35386.3,0.108,1400.0,350.0,10000.0,389.0,19654.4,2670.6,125.4,4.4,7.96,30.0,seawater,SE0109,2021-07-21 21:54:59.499165272,Mediterranean,82.69133598689989,61.02943247407539,24.11229925501453,3.1437744506531238,3.5386300000000004,0.2515019560522499,0.0,3.7901319560522495,0.0020780943989941,1.1113715556639348,0.0640809040977791,0.444816,1.6223465541607085,-2.167785401891542,3000,-26.37472238968043,Low,158.15
34888.3,0.221,1347.5,407.1,10000.0,350.0,19423.7,2617.1,103.5,4.4,7.58,23.54773041886105,seawater,SE0110,2022-03-17 18:40:16.026711184,Persian_Gulf,78.60328905028999,77.08970028204831,10.944572793309352,3.5597228054294403,3.4888300000000005,0.2847778244343552,0.0,3.773607824434356,0.0019301629686824,1.0168121471545513,0.0941496509544656,0.4413555,1.5542474610776995,-2.219360363356656,3000,-27.002217754172648,Low,158.15
33000.0,0.176,1297.5,450.0,10740.9,356.8,18800.0,2718.9,109.6,4.6,8.11,30.0,seawater,SE0111,2021-05-19 12:58:53.889816360,Mediterranean,70.37184117246066,81.27566490754353,11.612419043515663,3.6353660783725807,3.3000000000000003,0.2908292862698065,0.0,3.590829286269807,0.0016309410298236,0.87655165364417,0.1097221476251837,0.4431135,1.4310182422991775,-2.1598110439706293,3000,-26.277701034975987,Low,158.15
34960.2,0.167,1381.8,450.0,10773.6,374.3,18800.0,2500.0,146.5,4.9,7.5,30.0,seawater,SE0112,2022-04-30 15:37:33.756260432,Pacific,80.7952897429499,83.98096461626189,11.217183036095616,3.8213071005738497,3.49602,0.305704568045908,0.0,3.801724568045908,0.0014948691144883,1.0717721411213583,0.1133743022319535,0.443604,1.6302453124678002,-2.171479255578108,3000,-26.41966427620031,Low,158.15
35090.3,0.154,1400.0,431.9,10774.4,374.0,19568.6,2808.9,136.5,4.8,7.94,30.0,seawater,SE0113,2021-04-22 17:30:33.055091816,Atlantic,89.78533490436836,64.4409056636074,18.46300630929821,4.487489318621943,3.5090300000000005,0.3589991454897555,0.0,3.868029145489756,0.0022689557713622,1.2067149011147105,0.083496081468336,0.4551449999999999,1.747624938354409,-2.120404207135348,3000,-25.7982511868134,Low,158.15
37000.0,0.182,1355.8,425.0,10372.5,355.8,18800.0,2786.7,123.2,4.6,7.54,26.42377296692784,seawater,SE0114,2020-10-21 22:11:49.181969948,Mediterranean,76.99479181687967,73.28262004915484,10.836958897658686,3.331472584999771,3.7,0.2665178067999817,0.0,3.966517806799982,0.0015739165624603,1.0021395719551245,0.0934353405626724,0.4375875,1.5347363290802571,-2.431781477719725,3000,-29.586674645589987,Low,158.15
34711.5,0.169,1301.0,350.0,10437.3,387.8,20000.0,2628.1,100.0,5.0,7.74,15.18355426080513,seawater,SE0115,2022-11-14 01:55:23.539232048,Atlantic,89.31118436637317,61.0897394329303,24.921625336626526,3.563634567760368,3.47115,0.2850907654208294,0.0,3.75624076542083,0.0033609802361481,1.1154609682622545,0.0641442264045768,0.4565594999999999,1.6395256749029792,-2.1167150905178507,3000,-25.75336693463385,Low,158.15
35452.3,0.203,1200.0,372.9,10663.9,385.0,19305.1,2900.0,124.2,4.0,7.5,27.304124327019327,seawater,SE0116,2021-09-18 09:51:23.138564272,Red_Sea,71.92411483325189,72.47958811137721,14.460003620769555,3.198360186615987,3.5452300000000005,0.255868814929279,0.0,3.80109881492928,0.0023424338265429,0.8285658028790617,0.0810829152201976,0.4495349999999999,1.3615261519258024,-2.439572663003477,3000,-29.68146739987564,Low,158.15
34947.9,0.173,1200.0,360.6,10542.9,376.1,20000.0,2500.0,141.3,4.8,8.05,30.0,seawater,SE0117,2022-05-20 03:36:21.636060096,Red_Sea,84.64900231734612,63.13645223852455,28.784249865799172,3.911420289049852,3.4947900000000005,0.3129136231239882,0.0,3.807703623123989,0.003973780830973,0.9751565066958274,0.0683010140316358,0.4581435000000001,1.5055748015584365,-2.3021288215655527,3000,-28.00923399571423,Low,158.15
33247.0,0.175,1269.5,369.0,10000.0,364.9,20000.0,2900.0,112.5,4.8,7.55,24.594664472822917,seawater,SE0118,2020-10-24 08:41:40.166944908,Mediterranean,72.2865998932567,80.94741686746784,19.728075101942228,4.09150977346175,3.3247,0.32732078187694,0.0,3.65202078187694,0.0027550256879862,0.8809712502190982,0.0896087904722868,0.45,1.4233350663793711,-2.2286857154975683,3000,-27.115676205220417,Low,158.15
36714.2,0.159,1239.0,391.6,10385.1,400.0,19291.1,2740.9,147.0,4.0,7.97,30.0,seawater,SE0119,2023-02-22 00:19:13.923205328,Atlantic,75.47143147110549,62.84675006513413,18.92651504884403,3.723115234853818,3.67142,0.2978492187883054,0.0,3.9692692187883054,0.0024014340824274,0.8976873944899171,0.0738323619765195,0.4451429999999999,1.419064190548864,-2.550205028239441,3000,-31.02749451024654,Low,158.15
36127.9,0.168,1281.3,376.4,10074.3,400.0,19336.2,2642.7,145.9,4.0,7.7,29.299167807337287,seawater,SE0120,2021-04-25 04:00:24.040066776,Red_Sea,81.41681670644249,72.83220900966238,25.610773852790004,3.368746902434957,3.61279,0.2694997521947965,0.0,3.8822897521947968,0.0034334827858004,1.0014659255612617,0.0822421304137107,0.4411575,1.5282990387607729,-2.353990713434024,3000,-28.640220346780627,Low,158.15
36186.5,0.179,1305.7,350.0,10587.6,370.3,19997.3,2706.0,150.0,4.1,7.77,27.84136688576392,seawater,SE0121,2020-11-10 10:10:37.061769616,Mediterranean,81.85559387953498,73.02740172481884,24.26307967785982,3.931332403772621,3.61865,0.3145065923018097,0.0,3.9331565923018097,0.0034657868273448,1.0260369497136843,0.0766787718110597,0.4587735,1.5649550083520891,-2.3682015839497206,3000,-28.813119271388267,Low,158.15
33635.9,0.119,1353.0,437.4,11000.0,367.8,20000.0,2688.5,126.1,4.2,7.84,30.0,seawater,SE0122,2020-02-18 17:56:59.699499165,Atlantic,85.50422634468342,84.29126244829013,22.146180818962858,3.808736585053274,3.3635900000000003,0.3046989268042619,0.0,3.668288926804262,0.0021030456229303,1.1105972951458238,0.1106069945846462,0.465,1.6883073353534004,-1.9799815914508616,3000,-24.08977602931882,Low,158.15
37000.0,0.13,1293.0,350.0,10683.7,389.8,18800.0,2900.0,131.7,4.9,7.57,26.666849256304392,seawater,SE0123,2020-03-14 02:55:29.549248748,Mediterranean,82.30622814454878,76.37451735097221,28.7029341250074,3.2567785851055766,3.7,0.2605422868084461,0.0,3.960542286808447,0.0029776423861282,1.021650748712655,0.0801932432185208,0.4422555,1.5470771343173042,-2.4134651524911424,3000,-29.36382602197557,Low,158.15
33000.0,0.192,1348.7,412.0,10343.2,372.8,18800.0,2500.0,148.3,4.2,7.86,15.0,seawater,SE0124,2023-10-04 06:05:24.540901488,Atlantic,81.87229408761121,67.19600732692005,18.44518521974154,3.608522850753196,3.3000000000000003,0.2886818280602556,0.0,3.588681828060256,0.0028260974986279,1.060043165145228,0.0830542650560731,0.437148,1.583071527699929,-2.005610300360327,3000,-24.401591987717318,Low,158.15
35880.3,0.175,1306.4,450.0,10960.9,377.2,19026.8,2557.5,128.9,4.1,8.26,22.50430524264817,seawater,SE0125,2022-06-11 02:05:00.500834720,Red_Sea,88.24706173978277,66.01998274845346,26.17063351544573,3.652795637452792,3.5880300000000003,0.2922236509962234,0.0,3.880253650996224,0.0036547289704319,1.1067452299857812,0.0891269767104121,0.4498155,1.6493424356666253,-2.2309112153295985,3000,-27.142753119843448,Low,158.15
37000.0,0.164,1200.0,354.0,10741.3,394.8,19749.6,2900.0,110.0,4.2,7.57,30.0,seawater,SE0126,2021-12-27 08:15:13.522537560,Mediterranean,79.04321504418314,63.206205141126624,17.60185891491637,4.473926630657149,3.7,0.3579141304525719,0.0,4.057914130452572,0.0023035904799129,0.9105778373089898,0.0671249898598764,0.4573634999999999,1.437369917648779,-2.620544212803793,3000,-31.883287922446147,Low,158.15
33514.2,0.171,1206.1,350.0,10710.0,350.0,19698.1,2590.9,111.0,5.0,8.15,20.96204329950852,seawater,SE0127,2023-02-07 09:20:08.013355584,Red_Sea,74.5053155739011,78.91286810122648,26.766913485922096,4.273928748233283,3.35142,0.3419142998586627,0.0,3.693334299858663,0.0036525594804619,0.8626642666913483,0.0828585115062878,0.4561214999999999,1.405296837678098,-2.288037462180565,3000,-27.83778912319688,Low,158.15
34150.6,0.18,1285.6,385.7,10803.4,400.0,20000.0,2890.1,124.8,4.5,8.25,23.882637473815304,seawater,SE0128,2021-01-24 23:35:57.595993320,Mediterranean,73.23577170047261,77.26891640455847,15.189492579319372,4.101556182410391,3.41506,0.3281244945928313,0.0,3.743184494592832,0.0021818187140934,0.9038583177420249,0.0894078631717145,0.462051,1.457498999627833,-2.2856854949649987,3000,-27.809173522074147,Low,158.15
35149.5,0.154,1200.0,450.0,11000.0,381.5,18800.0,2900.0,100.0,4.4,7.56,19.775818430484644,seawater,SE0129,2022-08-28 02:00:12.020033376,Persian_Gulf,77.99989193619,75.24692818270265,15.78534145672065,4.333165538254422,3.51495,0.3466532430603537,0.0,3.8616032430603537,0.0019398921822993,0.8985587551049089,0.1015833530466485,0.447,1.449082000333857,-2.4125212427264966,3000,-29.352341786505708,Low,158.15
34244.8,0.147,1360.0,450.0,10000.0,371.8,18800.0,2629.6,117.1,4.4,7.5,30.0,seawater,SE0130,2023-11-19 13:32:33.255425696,Red_Sea,84.25505510387391,61.02101107374971,23.55739068034908,4.103226608743072,3.4244800000000004,0.3282581286994457,0.0,3.752738128699446,0.002763423271149,1.100033999436178,0.0823783649495621,0.432,1.617175787656889,-2.135562341042557,3000,-25.98267514935111,Low,158.15
33000.0,0.176,1400.0,350.0,10736.8,378.2,19914.8,2846.3,141.9,5.0,7.89,30.0,seawater,SE0131,2021-02-28 02:33:51.385642736,Red_Sea,70.85086969859802,79.07072165985736,14.254265899035929,4.3551027826886,3.3000000000000003,0.3484082226150879,0.0,3.648408222615088,0.0020019831369877,0.9522356887491572,0.0830242577428502,0.459774,1.4970359296289957,-2.151372292986093,3000,-26.17502956466413,Low,158.15
35102.8,0.141,1400.0,424.8,10036.8,379.2,18903.1,2500.0,100.0,4.1,7.64,20.580655524296358,seawater,SE0132,2021-08-22 14:23:02.303839728,Pacific,72.58106773018812,76.04718942871199,14.583083740508576,3.081829672319262,3.5102800000000003,0.2465463737855409,0.0,3.756826373785541,0.0016408594163145,0.9754895502937284,0.0969145382079505,0.4340985,1.5081434479179934,-2.248682925867548,3000,-27.358975598055167,Low,158.15
33406.5,0.182,1278.7,376.7,10777.8,350.0,18800.0,2860.9,150.0,5.0,8.36,25.73649000194542,seawater,SE0133,2022-10-23 03:26:44.674457424,Red_Sea,72.12226920207279,84.09722170276221,16.105248580348295,3.684099313900375,3.34065,0.29472794511203,0.0,3.63537794511203,0.0023390618828154,0.8853383580354286,0.0950382702462915,0.443667,1.4263826901645358,-2.208995254947494,3000,-26.87610893519452,Low,158.15
35710.4,0.119,1400.0,394.7,10040.7,400.0,19487.0,2749.9,142.4,4.6,7.81,21.59752976117976,seawater,SE0134,2023-05-13 10:44:16.427378960,Atlantic,81.70500306102917,74.6800532469203,23.578575393207515,4.12034750286275,3.5710400000000004,0.32962780022902,0.0,3.90066780022902,0.0022390686764897,1.0981152411402322,0.0884286510496783,0.4429155,1.6316984608664002,-2.26896933936262,3000,-27.60579362891188,Low,158.15
33620.9,0.201,1314.9,450.0,10291.3,380.8,19875.9,2804.6,110.8,4.4,7.56,28.07472319515689,seawater,SE0135,2022-08-08 14:01:24.140233712,Mediterranean,74.85729301062533,67.59879766654271,27.78776184846464,3.87494369491502,3.36209,0.3099954955932016,0.0,3.672085495593202,0.00445710142497,0.944926603964844,0.0912583768498326,0.452508,1.4931500822396466,-2.1789354133535555,3000,-26.510380862468256,Low,158.15
37000.0,0.184,1266.3,350.0,10352.5,388.9,19326.8,2580.9,130.9,5.0,7.5,27.548415386211644,seawater,SE0136,2023-05-01 06:15:01.502504160,Persian_Gulf,73.32518856602793,69.53801380473301,23.49135302253973,3.26274924622618,3.7,0.2610199396980944,0.0,3.961019939698095,0.0034492823470055,0.8913761882991472,0.0730149144949696,0.4451894999999999,1.4130298851411225,-2.5479900545569723,3000,-31.000545663776496,Low,158.15
33825.1,0.178,1238.7,412.7,10987.9,399.0,19125.3,2500.0,120.1,4.0,8.13,29.058527858066327,seawater,SE0137,2022-06-01 08:05:36.560934880,Atlantic,81.85541439486045,64.39601763445582,26.556284886882505,3.5107381297928013,3.38251,0.2808590503834241,0.0,3.663369050383424,0.0037721609304723,0.973385297384771,0.0797287094332197,0.451698,1.508584167748463,-2.154784882634961,3000,-26.216549405392023,Low,158.15
34516.9,0.199,1269.8,423.4,10959.2,359.6,19304.4,2810.7,144.6,4.3,7.63,26.659592238539435,seawater,SE0138,2022-11-18 22:55:05.509181968,Atlantic,85.22619830904759,78.07285455503462,20.871211793889398,3.4766615625400368,3.45169,0.2781329250032029,0.0,3.7298229250032033,0.0033143901752932,1.0389141754831548,0.0991681398558049,0.453954,1.595350705514253,-2.1344722194889503,3000,-25.969412003782228,Low,158.15
36220.3,0.22,1261.2,450.0,10000.0,389.5,19177.7,2500.0,139.7,4.0,7.81,30.0,seawater,SE0139,2021-02-01 07:05:30.550918196,Atlantic,76.64309832905329,77.69304150054313,11.378464426902903,3.392020369776504,3.622030000000001,0.2713616295821203,0.0,3.893391629582121,0.001997603214787,0.9279578458809792,0.1048856060257332,0.4376655,1.4725065551214995,-2.4208850744606214,3000,-29.454101739270893,Low,158.15
33153.7,0.2,1317.0,404.9,10527.5,374.6,18800.0,2646.5,100.0,5.0,8.09,19.860381174946305,seawater,SE0140,2021-10-15 05:19:43.973288808,Atlantic,81.56409211353193,65.0162503869419,12.009324230170012,3.514703330270949,3.31537,0.2811762664216759,0.0,3.596546266421676,0.0019166881471351,1.0312311294098069,0.0789752393450183,0.4399125,1.5520355569019602,-2.044510709519716,3000,-24.87488029915654,Low,158.15
35341.2,0.115,1316.1,415.4,10145.2,396.9,18971.2,2898.2,131.7,5.0,7.65,16.446983227817427,seawater,SE0141,2023-11-12 06:03:00.300500832,Persian_Gulf,71.9624882639892,63.96223307955697,21.087839567338307,3.7722799326916814,3.53412,0.3017823946153345,0.0,3.835902394615334,0.0019352310370946,0.9092143757206672,0.0797097348637438,0.436746,1.4276053416215058,-2.408297052993828,3000,-29.300947478091576,Low,158.15
36960.7,0.132,1300.3,380.4,10000.0,350.0,19712.8,2748.4,115.9,5.0,7.79,23.03454899649269,seawater,SE0142,2020-02-23 14:56:41.669449082,Pacific,88.70382060915139,61.92512333005487,16.556019372842194,4.282303537174914,3.69607,0.3425842829739931,0.0,4.038654282973993,0.0017439448566577,1.107279148205564,0.0706689507442586,0.445692,1.6253840438064802,-2.4132702391675127,3000,-29.361454576538076,Low,158.15
33000.0,0.151,1343.7,413.5,10391.5,378.0,19593.0,2900.0,121.7,5.0,7.8,17.160058672198662,seawater,SE0143,2020-07-06 16:18:25.843071786,Red_Sea,76.73792370629546,82.79939359204397,14.411361472738854,4.113048993590635,3.3000000000000003,0.3290439194872507,0.0,3.629043919487251,0.001736540234742,0.9898823816078324,0.1027126477509305,0.4497675,1.5440990695935053,-2.0849448498937457,3000,-25.36682900704057,Low,158.15
35277.0,0.171,1400.0,382.8,10345.8,367.9,19500.8,2900.0,105.4,4.4,8.0,17.537688649970036,seawater,SE0144,2020-01-13 04:29:14.924874791,Atlantic,89.95011386347002,65.82674584237128,19.32513854605241,4.25287455602435,3.5277000000000003,0.340229964481948,0.0,3.867929964481948,0.0026370697557172,1.2089295303250371,0.0755954349253791,0.447699,1.7348610350061335,-2.1330689294758147,3000,-25.95233864195575,Low,158.15
35389.8,0.186,1395.0,431.1,11000.0,388.6,18802.9,2579.2,150.0,4.3,7.98,19.993426729010167,seawater,SE0145,2021-08-07 23:23:56.393989984,Red_Sea,89.57175511699565,68.6040881687951,23.32993481808603,4.3254056168446295,3.5389800000000005,0.3460324493475704,0.0,3.885012449347571,0.0034628155651788,1.1995449445268054,0.0887256672287027,0.4470435,1.738776927320687,-2.146235522026884,3000,-26.11253218466042,Low,158.15
36172.7,0.148,1200.0,381.5,10716.5,389.4,19291.1,2715.5,140.8,4.0,7.73,20.38905547284186,seawater,SE0146,2021-01-05 11:37:09.716193656,Red_Sea,85.57646898671624,67.01261270943726,17.69983895471717,3.62422568414641,3.61727,0.2899380547317128,0.0,3.9072080547317127,0.0020904217799079,0.985840922726971,0.0766959352459509,0.4501139999999999,1.5147412797528297,-2.392466774978883,3000,-29.10834576224308,Low,158.15
33144.6,0.176,1200.0,418.9,10000.0,365.8,18800.0,2700.5,105.2,5.0,7.82,20.2269094902497,seawater,SE0147,2021-12-20 00:45:40.567612680,Atlantic,70.40134190813933,70.34061506526977,26.050845143146837,3.5190394260401208,3.31446,0.2815231540832096,0.0,3.5959831540832097,0.0036587890986646,0.8110234587817652,0.0883970509525245,0.432,1.3350792988329545,-2.2609038552502554,3000,-27.50766357221144,Low,158.15
33019.3,0.147,1393.4,398.5,10217.6,365.8,19507.1,2500.0,100.0,4.7,7.69,27.591094752227058,seawater,SE0148,2023-02-17 03:19:31.953255424,Pacific,80.86949840768726,77.85121998456208,24.770464931427878,3.0864350725262426,3.3019300000000005,0.2469148058020994,0.0,3.5488448058021,0.002905724159246,1.0817621671802058,0.0930711334915439,0.4458704999999999,1.6236095248309956,-1.9252352809711044,3000,-23.42369591848177,Low,158.15
35782.9,0.152,1200.0,450.0,11000.0,377.8,20000.0,2521.9,112.3,4.3,7.5,22.46905469457332,seawater,SE0149,2023-12-06 15:01:30.150250416,Red_Sea,71.73672840880023,81.7648908431571,24.69829764319133,4.395737432814651,3.5782900000000004,0.3516589946251721,0.0,3.929948994625173,0.0029958047109285,0.8264071112693787,0.110382602638262,0.465,1.4047855186185694,-2.525163476006603,3000,-30.72282229141367,Low,158.15
35445.5,0.128,1277.5,397.4,11000.0,362.1,18800.0,2597.8,128.7,5.0,7.88,24.1024271256376,seawater,SE0150,2023-09-29 09:05:42.570951584,Mediterranean,87.90276051923033,64.56496873821351,29.70379379354777,3.098734526907216,3.54455,0.2478987621525772,0.0,3.792448762152577,0.0030340643132481,1.0780394550078407,0.0769743557296981,0.447,1.605047875050787,-2.1874008871017905,3000,-26.61337745973845,Low,158.15
35375.7,0.142,1200.0,350.0,10000.0,396.8,19048.4,2500.0,124.8,4.0,8.37,29.471163872504675,seawater,SE0151,2022-10-30 10:56:17.629382304,Red_Sea,85.79272505294806,77.16030859352912,15.904599547432696,4.1117032730557055,3.53757,0.3289362618444564,0.0,3.866506261844456,0.0018022456023168,0.9883321926099616,0.0810183240232055,0.435726,1.506878762235484,-2.359627499608972,3000,-28.70880124524249,Low,158.15
35519.7,0.129,1200.0,450.0,10000.0,372.6,19597.5,2719.5,145.1,4.7,7.53,21.16838737609287,seawater,SE0152,2023-04-28 19:45:10.517529216,Atlantic,89.44680753191366,68.81405355606213,22.894511726817903,3.567162456698381,3.55197,0.2853729965358705,0.0,3.8373429965358703,0.002356806826182,1.0304272227676456,0.0928989723006838,0.4439625,1.5696455018945117,-2.2676974946413586,3000,-27.59031951813653,Low,158.15
33980.0,0.141,1354.1,354.7,11000.0,350.0,20000.0,2660.2,135.8,4.4,7.57,23.67727050647639,seawater,SE0153,2022-01-03 15:44:46.477462432,Persian_Gulf,82.16765906299591,84.51317920743232,27.10956680320627,4.42317116174878,3.398,0.3538536929399024,0.0,3.7518536929399033,0.0030503142375631,1.0681269805171465,0.0899304739946287,0.465,1.6261077687493384,-2.1257459241905643,3000,-25.863242077651865,Low,158.15
35348.4,0.202,1375.9,367.3,10694.8,372.5,19131.1,2500.0,139.4,4.8,7.54,26.828799930464577,seawater,SE0154,2021-03-26 22:02:12.220367280,Red_Sea,80.44345608968676,67.47297898210192,21.59048867827822,3.6294030314011936,3.5348400000000004,0.2903522425120955,0.0,3.825192242512096,0.0034803004129837,1.0625486518444802,0.0743484755403781,0.4473884999999999,1.587765927797842,-2.237426314714254,3000,-27.222020162356756,Low,158.15
35439.6,0.142,1242.3,370.2,10065.9,359.2,18984.6,2790.8,126.5,4.5,8.02,15.292160996898891,seawater,SE0155,2021-11-13 11:17:55.792988312,Pacific,80.37947711888775,60.179823900196496,25.79004352230785,4.224912527032075,3.54396,0.337993002162566,0.0,3.8819530021625663,0.0029224245717738,0.9586120744780248,0.0668357124235582,0.4357575,1.4641277114733569,-2.4178252906892093,3000,-29.41687437005205,Low,158.15
33928.5,0.249,1200.0,450.0,10767.3,350.0,18800.0,2853.2,100.0,4.0,7.93,15.0,seawater,SE0156,2021-02-13 11:34:45.475792984,Mediterranean,77.7289674890869,72.89099935049613,18.289043716798247,3.423982248245515,3.39285,0.2739185798596412,0.0,3.6667685798596414,0.0036340695646152,0.895437705474281,0.0984028491231697,0.4435094999999999,1.440984124162066,-2.225784455697576,3000,-27.080377544320505,Low,158.15
37000.0,0.185,1245.4,350.0,10000.0,355.3,19462.1,2755.4,116.1,4.5,7.75,26.73058664398861,seawater,SE0157,2021-03-22 01:02:30.250417360,Mediterranean,79.37380134458282,63.768277106898445,21.80982691309609,3.44863307586577,3.7,0.2758906460692616,0.0,3.975890646069262,0.0032197847471803,0.9489804690676172,0.0669566909622433,0.4419315,1.461088444777041,-2.5148022012922207,3000,-30.596760115722017,Low,158.15
35710.7,0.176,1339.2,450.0,10501.7,382.2,20000.0,2645.2,141.2,5.0,7.52,27.46007140283449,seawater,SE0158,2020-05-18 22:21:26.143572620,Persian_Gulf,82.708251662707,61.11236067045998,11.113327856086563,3.893279114817651,3.57107,0.3114623291854121,0.0,3.882532329185412,0.0015608446707316,1.063323750016293,0.0825016869051209,0.4575255,1.6049117815921456,-2.277620547593266,3000,-27.711049995718067,Low,158.15
33213.0,0.144,1200.0,450.0,10663.9,400.0,19566.4,2828.3,119.0,4.5,7.83,30.0,seawater,SE0159,2021-06-29 23:26:20.634390648,Persian_Gulf,88.65895215112555,77.45673079869272,29.715352116496263,4.496973950561211,3.3213000000000004,0.3597579160448969,0.0,3.681057916044897,0.0034146505424108,1.0213511287809662,0.1045665865782351,0.4534545,1.5827868659016124,-2.0982710501432846,3000,-25.52896444340996,Low,158.15
35984.8,0.191,1318.3,411.2,10962.1,386.3,19386.6,2846.0,130.1,4.9,7.5,25.79047437933405,seawater,SE0160,2020-05-21 08:51:17.128547578,Red_Sea,81.91768676512062,78.30648206271141,26.000369628968343,3.7763586269687934,3.5984800000000003,0.3021086901575036,0.0,3.900588690157504,0.003962924338108,1.0367240300396017,0.0965988762725608,0.4552304999999999,1.5925163306502703,-2.308072359507233,3000,-28.08154704067134,Low,158.15
33538.0,0.153,1298.5,397.3,10000.0,367.9,19593.2,2771.5,113.6,4.0,7.84,29.098698586290475,seawater,SE0161,2023-12-31 00:00:00.000000000,Atlantic,87.14231884634734,71.51747532791256,27.37618143262899,4.404462954589936,3.3538,0.3523570363671948,0.0,3.7061570363671943,0.0033424674958354,1.0862812898110277,0.0852416788433389,0.4438979999999999,1.6187634361502017,-2.087393600216993,3000,-25.396622135973416,Low,158.15
36180.6,0.174,1357.9,414.3,10542.8,389.1,19393.3,2545.1,100.0,4.5,8.06,24.02263678207013,seawater,SE0162,2021-10-05 11:20:20.033388976,Pacific,87.25559822605001,76.92213791891443,23.885885562858924,4.179374742373092,3.61806,0.3343499793898474,0.0,3.9524099793898473,0.003316602982174,1.137450017579072,0.0956065252194187,0.4490415,1.685414645780665,-2.2669953336091826,3000,-27.58177655891172,Low,158.15
36737.9,0.247,1312.0,426.1,10037.3,370.8,18912.2,2765.3,117.5,4.2,7.5,26.486136107925432,seawater,SE0163,2021-01-17 16:06:24.641068444,Mediterranean,80.37665351696518,73.45598620617835,13.72100065617399,4.193796471265852,3.67379,0.3355037177012682,0.0,4.009293717701269,0.0027044915553358,1.0123600263768795,0.0938987871673577,0.4342425000000001,1.5432058050995734,-2.4660879126016955,3000,-30.004069603320627,Low,158.15
33769.0,0.167,1202.7,432.3,10627.7,366.1,19894.0,2900.0,126.2,4.9,7.5,30.0,seawater,SE0164,2021-03-07 10:03:24.340567608,Persian_Gulf,76.94939282995243,75.74502769304829,10.620568848360644,3.653939983693146,3.3769,0.2923151986954517,0.0,3.669215198695452,0.0014153607281456,0.8884515336632045,0.0982337264151143,0.4578255,1.4459261208064644,-2.223289077888987,3000,-27.05001711431601,Low,158.15
36445.1,0.204,1400.0,427.8,10052.3,356.9,19535.5,2590.7,106.9,4.5,8.27,15.0,seawater,SE0165,2021-08-03 02:24:14.424040064,Pacific,82.79147746664162,74.91759932969903,27.293132154720272,3.579813375259201,3.64451,0.2863850700207361,0.0,3.930895070020736,0.0044431035697312,1.1127174571516634,0.0961492469797357,0.443817,1.6571268077011303,-2.2737682623196056,3000,-27.664180524888536,Low,158.15
35619.2,0.149,1284.1,404.5,10295.9,350.0,19410.6,2900.0,115.3,4.8,7.62,27.0680812878584,seawater,SE0166,2020-03-16 13:25:20.534223706,Atlantic,78.91754683829686,76.64556910138981,17.92661307472246,3.287882712136223,3.56192,0.2630306169708978,0.0,3.8249506169708978,0.0021315101478106,0.9728450101925472,0.0930093981045365,0.4455975,1.5135834184448944,-2.311367198526004,3000,-28.12163424873304,Low,158.15
36233.1,0.169,1297.3,390.1,10002.1,372.2,18814.8,2604.9,101.2,5.0,8.14,30.0,seawater,SE0167,2020-11-03 02:41:04.106844740,Mediterranean,71.62881734643865,64.99076621682929,15.2772975207984,4.445911900475481,3.62331,0.3556729520380384,0.0,3.9789829520380384,0.0020603268982499,0.8920710215379347,0.0760586937035553,0.4322535,1.40244354213974,-2.5765394098982988,3000,-31.347896153762637,Low,158.15
37000.0,0.223,1206.7,392.4,10825.6,383.2,20000.0,2716.5,142.4,4.8,7.75,26.410171096046717,seawater,SE0168,2021-12-05 09:46:34.657762936,Mediterranean,77.55618200864868,66.7176655009175,21.233459176778887,4.43909041866573,3.7,0.3551272334932584,0.0,4.055127233493258,0.0037785789943445,0.8984356303664291,0.07854003582768,0.4623839999999999,1.4431382451884538,-2.6119889883048044,3000,-31.779199357708453,Low,158.15
34631.9,0.151,1255.7,390.3,10929.2,378.1,19798.8,2575.5,114.1,4.6,7.75,30.0,seawater,SE0169,2022-08-15 21:30:57.095158592,Atlantic,89.8814427609865,70.9990787376923,18.417970449514385,4.120601601465275,3.4631900000000004,0.329648128117222,0.0,3.7928381281172223,0.0022193286032255,1.0834956256797192,0.0831328212939639,0.46092,1.6297677755769089,-2.1630703525403137,3000,-26.31735595590715,Low,158.15
33869.4,0.224,1211.5,450.0,10382.7,371.7,19068.2,2754.7,149.1,4.0,7.93,21.853939252352788,seawater,SE0170,2023-04-23 22:45:28.547579296,Mediterranean,70.97023740052575,71.15320023547966,23.03331991375114,3.444378674779004,3.3869400000000005,0.2755502939823203,0.0,3.6624902939823207,0.0041172520012228,0.8254122490630746,0.0960568203178975,0.4417635,1.367349821382195,-2.2951404726001257,3000,-27.924209083301527,Low,158.15
33665.7,0.191,1282.7,429.7,10519.1,361.1,20000.0,2500.0,150.0,4.5,7.53,24.83976252918143,seawater,SE0171,2020-04-17 05:53:23.338898164,Atlantic,83.93333823801854,79.3602927896726,19.675864661090277,3.3677693105134234,3.36657,0.2694215448410739,0.0,3.635991544841074,0.002998955939914,1.0335484123959011,0.1023033534351669,0.4577865,1.5966372217709823,-2.0393543230700915,3000,-24.812144264019445,Low,158.15
33776.3,0.153,1400.0,350.0,10000.0,392.2,19101.5,2600.8,118.4,4.2,7.84,25.16762351194294,seawater,SE0172,2023-11-04 22:33:27.345575952,Mediterranean,86.82377410142495,69.1848414807383,23.94466280880541,4.482915363580444,3.3776300000000004,0.3586332290864355,0.0,3.736263229086436,0.0029234996609782,1.1669115239231511,0.0726440835547752,0.4365225,1.679001607138905,-2.0572616219475317,3000,-25.03001640036163,Low,158.15
34884.3,0.189,1200.0,432.8,10350.2,353.7,18930.8,2500.0,100.0,4.3,7.69,15.0,seawater,SE0173,2023-11-07 09:03:18.330550912,Red_Sea,82.97451806950758,64.06262890147956,27.06846539018286,3.0998142226622662,3.4884300000000006,0.2479851378129813,0.0,3.736415137812982,0.0040825200870781,0.9558664481607272,0.083178917365681,0.4392149999999999,1.4823428856134866,-2.254072252199496,3000,-27.424545735093854,Low,158.15
35511.7,0.199,1200.0,409.7,10474.9,395.5,18944.2,2737.1,100.0,4.3,7.5,19.159110860749,seawater,SE0174,2021-04-15 10:01:00.100166944,Atlantic,81.39496462326579,66.2866492622769,13.91114021911578,4.265346438211964,3.55117,0.3412277150569571,0.0,3.892397715056957,0.002209116889076,0.937669992460022,0.0814729206082645,0.4412864999999999,1.4626385299573623,-2.429759185099595,3000,-29.562070085378405,Low,158.15
35415.0,0.189,1400.0,399.1,11000.0,360.0,18800.0,2900.0,100.0,4.0,7.9,19.51562460308007,seawater,SE0175,2022-07-27 09:32:09.215358928,Pacific,84.15108833957515,65.3683375596057,16.588657611309735,3.533187000723712,3.5415,0.282654960057897,0.0,3.824154960057897,0.0025019345182529,1.13099062728389,0.0782655105601159,0.447,1.658758072362259,-2.165396887695638,3000,-26.345662133630267,Low,158.15
36240.8,0.123,1279.1,380.6,10000.0,365.0,19682.9,2839.2,100.0,4.0,7.72,29.11033039016264,seawater,SE0176,2020-01-03 10:29:50.984974958,Red_Sea,78.58685474599311,78.29150048140055,18.736311731412776,3.628304579590831,3.6240800000000006,0.2902643663672665,0.0,3.914344366367267,0.001839043941685,0.964996280693758,0.0893932352496631,0.4452435,1.5014720598851063,-2.4128723064821607,3000,-29.35661306219962,Low,158.15
35019.5,0.148,1233.1,450.0,11000.0,350.7,18800.0,2500.0,147.6,4.2,7.75,29.360765528420277,seawater,SE0177,2023-10-01 19:35:33.555926544,Pacific,71.82723474617754,71.75849036564955,29.241168960552763,4.247966473123256,3.5019500000000003,0.3398373178498605,0.0,3.8417873178498607,0.0034534990189171,0.8502735663889107,0.0968739619936269,0.447,1.3976010274014548,-2.444186290448406,3000,-29.73759986712227,Low,158.15
37000.0,0.163,1400.0,447.4,10998.4,370.0,18800.0,2900.0,122.3,4.6,7.5,26.620182213532665,seawater,SE0178,2023-06-09 06:12:37.262103504,Mediterranean,89.24743508606764,77.71576744927458,17.306672270949704,3.135904524008037,3.7,0.2508723619206429,0.0,3.950872361920643,0.0022511480889715,1.199485527556749,0.1043101030704163,0.446976,1.753022778716137,-2.197849583204506,3000,-26.74050326232149,Low,158.15
34603.0,0.168,1239.4,361.4,10640.3,399.5,18800.0,2769.1,127.8,4.0,8.28,29.12051448427853,seawater,SE0179,2022-06-13 12:34:51.485809680,Pacific,78.64601539968392,70.40549201894068,17.62199699185259,3.531254517780386,3.4603,0.2825003614224308,0.0,3.742800361422431,0.0023624754047157,0.9357491662691352,0.0763336344469354,0.4416045,1.4560497761207862,-2.286750585301645,3000,-27.822132121170014,Low,158.15
37000.0,0.189,1400.0,420.4,11000.0,390.3,19348.4,2554.7,100.0,4.5,8.06,24.17925293639113,seawater,SE0180,2020-03-09 05:55:47.579298831,Red_Sea,83.30778474336034,82.24339006259763,23.069450459191224,4.42803641575436,3.7,0.3542429132603488,0.0,4.054242913260349,0.0034793806571561,1.119656626950763,0.1037253635469481,0.4552260000000001,1.6820873711548674,-2.372155542105481,3000,-28.861225762283357,Low,158.15
35938.5,0.175,1367.8,351.4,10686.1,399.6,19309.8,2741.4,100.0,5.0,8.09,30.0,seawater,SE0181,2020-11-22 14:39:51.986644404,Atlantic,80.6262087377859,84.58800769306836,18.383994197798984,4.048598869156884,3.59385,0.3238879095325507,0.0,3.917737909532551,0.0025673247897226,1.058693071790818,0.0891726777100326,0.4499385,1.6003715742905733,-2.317366335241977,3000,-28.194623745444066,Low,158.15
33714.3,0.13,1251.2,350.0,10694.6,390.4,19204.0,2745.2,137.7,5.0,7.71,25.04394221316036,seawater,SE0182,2022-02-23 20:11:37.161936560,Persian_Gulf,71.09346143955109,76.7460627175653,29.024474912792105,4.132408747208835,3.3714300000000006,0.3305926997767068,0.0,3.702022699776707,0.003010999027453,0.8539405339503968,0.0805833658534435,0.448479,1.3860138988312936,-2.3160088009454136,3000,-28.178107078169194,Low,158.15
33393.7,0.181,1400.0,368.7,10473.4,357.9,18800.0,2576.6,125.7,5.0,7.5,25.289320237133783,seawater,SE0183,2021-04-10 13:01:18.130217024,Pacific,89.05493201985077,81.59531393090548,27.88937520950888,4.136257951433215,3.33937,0.3309006361146571,0.0,3.670270636114657,0.004028285576511,1.1968982863467943,0.0902525767389745,0.4391010000000001,1.73028014866228,-1.939990487452377,3000,-23.60321759733725,Low,158.15
35723.7,0.188,1239.4,443.1,11000.0,373.4,18800.0,2749.6,117.1,4.7,8.39,23.672036833687944,seawater,SE0184,2023-08-18 22:38:15.826377280,Persian_Gulf,85.85074452228646,72.69833167930156,20.26817555551346,3.0908551247459166,3.57237,0.2472684099796733,0.0,3.819638409979673,0.0030407127695403,1.02147276250485,0.0966378923012955,0.447,1.568151367575686,-2.251487042403987,3000,-27.39309234924851,Low,158.15
34664.8,0.187,1374.2,447.7,11000.0,364.4,19678.6,2588.5,131.3,5.0,7.78,28.422252388182137,seawater,SE0185,2022-09-09 06:29:26.944908176,Pacific,72.9819578893879,83.3655210088477,22.895504678957,3.304811389890647,3.4664800000000007,0.2643849111912517,0.0,3.7308649111912526,0.003416604581222,0.9628013427033298,0.1119682312669833,0.460179,1.538365178551535,-2.192499732639717,3000,-26.675413413783232,Low,158.15
36071.0,0.202,1329.9,425.7,10187.2,400.0,19069.7,2629.1,150.0,4.1,7.58,22.894005916935438,seawater,SE0186,2020-05-09 04:22:02.203672788,Pacific,89.63297752576534,80.7896621418207,11.160611237672413,3.736894884121818,3.6071,0.2989515907297454,0.0,3.906051590729745,0.0017990458890678,1.1443478093905473,0.1031764775213192,0.4388535,1.6881768328009343,-2.217874757928811,3000,-26.984142888133867,Low,158.15
35709.9,0.195,1400.0,436.3,10000.0,356.1,19589.8,2572.7,115.6,4.2,7.93,29.88215688599034,seawater,SE0187,2021-12-02 23:16:43.672787976,Atlantic,84.73802744343416,84.79446429415097,23.91461056064796,3.552225348713063,3.57099,0.284178027897045,0.0,3.855168027897045,0.0037213525493424,1.1388790888397553,0.1109874743146142,0.443847,1.697434915703712,-2.157733112193333,3000,-26.25241953168555,Low,158.15
34890.8,0.184,1400.0,425.8,10398.5,397.9,18868.9,2500.0,121.4,4.0,8.15,19.339254296419966,seawater,SE0188,2021-06-08 00:57:41.769616024,Mediterranean,79.44643300856617,75.57734338319452,24.144017458980645,3.61636843969928,3.4890800000000004,0.2893094751759424,0.0,3.778389475175943,0.003545114371537,1.0677600596351295,0.0965424984376926,0.439011,1.6068586724443592,-2.171530802731584,3000,-26.420291433234265,Low,158.15
33729.8,0.168,1303.2,367.9,10100.0,397.9,19508.6,2739.2,123.9,5.0,7.79,19.505418726359032,seawater,SE0189,2022-09-01 22:59:53.989983296,Red_Sea,82.22740113119147,79.48016850670571,17.18398591286416,4.172171067938509,3.3729800000000005,0.3337736854350807,0.0,3.706753685435081,0.0023037538874222,1.02872399188002,0.087722261980851,0.444129,1.5628790077482932,-2.143874677686788,3000,-26.08380857852259,Low,158.15
33000.0,0.12,1224.7,421.6,10468.2,400.0,20000.0,2827.1,150.0,5.0,8.18,28.43713377563252,seawater,SE0190,2021-07-31 15:54:23.439065104,Red_Sea,72.13473364029196,73.57170349945534,14.393657672505451,3.0220188526016027,3.3000000000000003,0.2417615082081282,0.0,3.5417615082081286,0.0013783366587191,0.8480967195769494,0.0930534905861111,0.4570229999999999,1.3995515468217796,-2.142209961386349,3000,-26.063554530200577,Low,158.15
34330.2,0.183,1346.0,440.0,11000.0,371.8,19751.7,2813.0,100.0,4.2,8.12,24.557278927084937,seawater,SE0191,2022-04-18 11:08:18.831385632,Red_Sea,81.20823020031222,66.47800260678557,28.30156803634033,3.990737889481858,3.43302,0.3192590311585486,0.0,3.7522790311585488,0.0041329911866189,1.0493402673563543,0.0877509634409569,0.4612755,1.6024997219839303,-2.1497793091746185,3000,-26.155648261624524,Low,158.15
36284.6,0.176,1232.2,437.7,10271.3,394.2,19152.6,2874.0,133.7,4.4,7.5,22.73054291923436,seawater,SE0192,2023-07-13 09:10:31.051752912,Mediterranean,71.47322144034119,68.86887927824394,18.534098016102558,3.0001653477027337,3.62846,0.2400132278162187,0.0,3.8684732278162186,0.0026030769981655,0.8454653132043688,0.0904317253802621,0.4413584999999999,1.3798586155827963,-2.4886146122334223,3000,-30.27814444883997,Low,158.15
35321.1,0.178,1400.0,450.0,10478.6,400.0,19554.3,2774.9,117.7,4.1,7.6,29.450288662377297,seawater,SE0193,2022-09-26 07:58:23.839732880,Persian_Gulf,80.89710514238604,82.3501353682829,23.074122096034213,3.094587788364365,3.53211,0.2475670230691492,0.0,3.779677023069149,0.003277540599009,1.0872570931136685,0.1111726827471819,0.4504935,1.6522008164598596,-2.1274762066092894,3000,-25.88429384707969,Low,158.15
33131.4,0.132,1313.7,435.4,10529.0,367.6,19255.6,2603.5,131.3,4.7,8.09,21.96369292956958,seawater,SE0194,2020-08-14 16:16:01.602671116,Red_Sea,81.05391377525571,61.39869866496552,10.66657589952512,3.612429179756436,3.31314,0.2889943343805149,0.0,3.6021343343805152,0.0011235744389523,1.0222130546549129,0.0801989801961779,0.446769,1.5503046092900432,-2.051829725090472,3000,-24.963928321934077,Low,158.15
35259.8,0.138,1263.5,417.6,10924.2,350.0,19404.7,2877.9,106.9,5.0,7.5,23.99899372849815,seawater,SE0195,2021-03-04 23:33:33.355592656,Persian_Gulf,87.48877570321488,74.7869971518602,18.281343331536725,4.261422779707232,3.525980000000001,0.3409138223765785,0.0,3.866893822376579,0.0020132146530421,1.061203853769715,0.0936931500318504,0.4549335,1.6118437184546075,-2.2550501039219712,3000,-27.436442931050653,Low,158.15
35578.0,0.202,1318.5,450.0,10000.0,350.0,19204.6,2500.0,119.0,4.0,7.76,30.0,seawater,SE0196,2021-06-22 15:56:47.679465776,Mediterranean,84.50115000544588,69.31210081260272,26.3451762202776,3.2174936483466907,3.5578000000000003,0.2573994918677352,0.0,3.815199491867736,0.0042467370260038,1.069581756308932,0.0935713360970136,0.438069,1.6054688294319497,-2.2097306624357858,3000,-26.885056392968725,Low,158.15
33674.2,0.169,1200.0,398.7,10196.6,394.3,19301.4,2529.9,134.2,4.7,7.5,30.0,seawater,SE0197,2022-04-20 21:38:09.816360592,Mediterranean,74.9910478443024,69.66731345013889,17.751520008014303,3.831932113692917,3.36742,0.3065545690954334,0.0,3.673974569095433,0.0023940054913208,0.8638968711663636,0.0833290736177111,0.44247,1.3920899502753956,-2.2818846188200377,3000,-27.762929528977125,Low,158.15
35230.6,0.19,1202.8,355.9,10605.6,350.0,19527.3,2517.2,150.0,4.4,7.66,30.0,seawater,SE0198,2022-01-25 14:13:25.342237056,Atlantic,87.76852284375714,82.11428016034418,22.063223202737536,4.017757840240116,3.52306,0.3214206272192093,0.0,3.84448062721921,0.003345225901999,1.0134526010541225,0.0876734169271994,0.4519935,1.5564647438833208,-2.288015883335889,3000,-27.83752658058664,Low,158.15
35087.3,0.171,1400.0,391.8,11000.0,372.6,18804.0,2900.0,136.2,4.6,7.71,23.589371115330444,seawater,SE0199,2021-04-08 02:31:27.145242064,Red_Sea,81.46485329696011,81.34555936365567,14.197116009690788,3.344299326258241,3.5087300000000003,0.2675439461006593,0.0,3.77627394610066,0.0019373100564503,1.094887628311144,0.0956135704760408,0.4470599999999999,1.6394985088436351,-2.1367754372570245,3000,-25.99743448662713,Low,158.15
33285.5,0.171,1234.3,362.8,10254.0,388.7,18800.0,2898.6,103.0,4.7,7.69,30.0,seawater,SE0200,2023-02-14 16:49:40.968280464,Atlantic,82.12758957148067,74.97105938931172,18.33051297679119,3.768495382904375,3.3285500000000003,0.3014796306323499,0.0,3.6300296306323503,0.0025013451397869,0.9731528045575544,0.0815985010393268,0.4358099999999999,1.4930626507366682,-2.136966979895682,3000,-25.99976492206413,Low,158.15
35536.7,0.198,1200.0,366.2,10000.0,383.7,18800.0,2807.5,111.5,4.4,7.63,20.25523586115661,seawater,SE0201,2021-05-07 08:29:38.964941568,Red_Sea,73.37962738444357,66.82297118510834,28.552754361063734,4.367110924707289,3.55367,0.3493688739765831,0.0,3.903038873976583,0.0045114494000655,0.84533330746879,0.07341171614396,0.432,1.3552564730128156,-2.547782400963768,3000,-30.99801921172584,Low,158.15
35841.2,0.155,1353.7,392.8,10809.9,388.5,18800.0,2900.0,110.9,4.4,7.5,20.465485626389693,seawater,SE0202,2023-07-28 00:09:36.961602656,Mediterranean,87.15547191938228,71.8864086540506,21.329034994020745,3.768342788048299,3.58412,0.3014674230438639,0.0,3.885587423043864,0.0026381883384104,1.1326306784377709,0.0847109439579332,0.4441485,1.6641283107341145,-2.2214591123097494,3000,-27.02775253310195,Low,158.15
36624.6,0.173,1400.0,360.4,10182.3,384.4,18800.0,2534.1,100.0,4.4,8.49,15.0,seawater,SE0203,2023-06-28 18:11:25.141903168,Mediterranean,88.61930230033087,70.2073348447304,28.03862918185863,3.235984592681472,3.66246,0.2588787674145177,0.0,3.9213387674145177,0.0038708449130723,1.1910434229164468,0.0759081704341225,0.4347344999999999,1.7055569382636415,-2.215781829150876,3000,-26.95867892133566,Low,158.15
36580.7,0.156,1371.9,384.6,10000.0,400.0,19495.7,2779.7,113.4,5.0,8.36,30.0,seawater,SE0204,2021-02-15 22:04:36.460767944,Pacific,85.49981298989816,68.84045073006239,28.040385989790867,3.941721445031317,3.65807,0.3153377156025053,0.0,3.973407715602505,0.003490691571097,1.1260530570320764,0.079428112052346,0.4424355,1.6514073606555193,-2.3220003549469856,3000,-28.251004318521662,Low,158.15
33000.0,0.157,1399.6,350.0,10187.8,361.0,18864.3,2685.0,134.7,4.7,7.5,20.68010075461961,seawater,SE0205,2023-02-26 21:18:55.893155248,Pacific,88.81504905290012,62.56963946393241,28.88295600848959,3.8883002700127713,3.3000000000000003,0.3110640216010217,0.0,3.611064021601022,0.0036186300264796,1.1933332094826143,0.065698121437129,0.4357815,1.698431460946223,-1.9126325606547991,3000,-23.27036282130005,Low,158.15
33593.3,0.161,1224.3,410.7,10407.7,366.5,19708.2,2879.4,100.0,4.6,8.27,24.3673371012647,seawater,SE0206,2023-01-04 06:22:14.223706176,Mediterranean,76.04599808244691,73.57784716788301,27.907833201602102,3.040432139697197,3.3593300000000004,0.2432345711757757,0.0,3.602564571175776,0.0035855425940754,0.8937899083424616,0.0906552654955486,0.4517385,1.4397692164320857,-2.1627953547436904,3000,-26.314010149381566,Low,158.15
35772.6,0.177,1200.0,400.1,10197.6,364.5,19420.8,2687.0,141.0,4.0,7.68,20.44837829035858,seawater,SE0207,2020-07-31 01:16:55.692821368,Mediterranean,87.22238336725542,67.54578244686209,10.065622580206012,3.1358916086213497,3.57726,0.2508713286897079,0.0,3.828131328689708,0.0014217289269637,1.0048018563907823,0.0810752026709685,0.444276,1.531574787988715,-2.296556540700993,3000,-27.94143791186208,Low,158.15
35770.7,0.156,1400.0,359.1,10000.0,396.6,18800.0,2633.0,129.8,4.3,7.84,28.4758262416507,seawater,SE0208,2022-06-03 18:35:27.545909840,Persian_Gulf,79.77786285727485,76.52019857318821,28.68029783163194,3.235172032711516,3.57707,0.2588137626169213,0.0,3.835883762616921,0.0035703529164641,1.072214476801774,0.0824352099228956,0.432,1.590220039641134,-2.245663722975787,3000,-27.32224196287208,Low,158.15
35772.6,0.208,1267.7,433.0,10948.5,398.0,19793.0,2818.2,105.3,4.9,7.78,23.1218316964133,seawater,SE0209,2020-09-29 23:43:10.317195324,Persian_Gulf,73.2783440588717,67.98009839563827,12.749188781707527,3.204433616342805,3.57726,0.2563546893074244,0.0,3.833614689307424,0.0021161613507429,0.8917915849289438,0.0883061478159341,0.4611224999999999,1.443336394095621,-2.390278295211804,3000,-29.08171925841028,Low,158.15
37000.0,0.143,1274.9,446.9,11000.0,389.0,19886.5,2885.2,117.2,4.5,7.6,18.475915547835253,seawater,SE0210,2023-02-12 06:19:49.983305504,Atlantic,83.37601198066803,70.77908732837004,10.79852502222301,3.3891986558414,3.7,0.271135892467312,0.0,3.971135892467312,0.0012322628843859,1.0204423456718752,0.0948935223811457,0.4632975,1.5798656309374068,-2.3912702615299057,3000,-29.09378818194719,Low,158.15
35856.3,0.164,1400.0,350.0,10825.8,400.0,18803.7,2576.3,150.0,4.8,8.1,27.208312820930303,seawater,SE0211,2022-06-08 15:35:09.515859760,Pacific,83.68240541411758,61.30900935486019,11.107770691561056,3.681157984853352,3.5856300000000005,0.2944926387882681,0.0,3.880122638788269,0.0014536961659459,1.1246915287657402,0.0643744598226031,0.4444425000000001,1.6349621847542894,-2.245160454033979,3000,-27.31611885741341,Low,158.15
36703.3,0.157,1355.6,361.9,10000.0,356.4,19652.1,2697.8,134.7,5.0,7.84,17.83134987594886,seawater,SE0212,2020-10-31 16:11:13.121869780,Pacific,75.7384902751338,84.81345174763695,16.978323903528672,3.5575744468484767,3.67033,0.2846059557478781,0.0,3.9549359557478794,0.0021271462885774,0.9856425352029252,0.0920819645624094,0.4447815,1.524633146053912,-2.4303028096939663,3000,-29.56868418460992,Low,158.15
36431.0,0.213,1345.6,361.5,10399.3,400.0,18886.1,2500.0,120.2,5.0,7.66,20.812971373422545,seawater,SE0213,2020-09-05 14:44:40.467445740,Mediterranean,70.5498666325514,72.69025958187939,22.416081705375877,4.335974837106895,3.6431,0.3468779869685516,0.0,3.989977986968552,0.0038101510717895,0.9113462451913072,0.0788325865165481,0.4392809999999999,1.433269982779645,-2.5567080041889065,3000,-31.10661405096503,Low,158.15
35977.1,0.176,1400.0,353.0,10496.7,400.0,19458.6,2500.0,115.2,4.5,7.5,15.0,seawater,SE0214,2022-02-09 05:12:31.252086808,Mediterranean,73.99694518171127,60.60593985410432,18.046223930379952,3.918164114109506,3.59771,0.3134531291287605,0.0,3.9111631291287607,0.002534556058574,0.9945189432421996,0.0641816903054964,0.4493295,1.51056468960627,-2.400598439522491,3000,-29.207281014190308,Low,158.15
34527.1,0.201,1235.6,441.5,10799.4,394.7,18800.0,2750.1,121.5,4.2,7.53,17.880209439011967,seawater,SE0215,2023-06-04 09:12:55.292153584,Atlantic,77.99555095347773,73.5307664690286,10.511085692987589,4.314216524942765,3.45271,0.3451373219954212,0.0,3.797847321995421,0.0016859571229838,0.925164506477924,0.0973915001882284,0.4439909999999999,1.468232963789136,-2.3296143582062854,3000,-28.34364135817647,Low,158.15
36138.5,0.125,1392.8,390.3,10834.2,400.0,18800.0,2831.8,109.8,4.0,7.5,25.89264584860239,seawater,SE0216,2020-07-28 14:47:04.707846408,Pacific,73.35125822119737,81.75884998264124,19.52965268349429,3.7905589873763983,3.61385,0.3032447189901118,0.0,3.917094718990112,0.0019480828551785,0.9807708715246436,0.0957314374446746,0.444513,1.5229633918244967,-2.3941313271656157,3000,-29.12859781384832,Low,158.15
33840.8,0.178,1305.7,386.8,10132.9,350.0,19170.3,2762.4,100.0,4.4,7.8,15.177319809485375,seawater,SE0217,2020-08-17 02:45:52.587646076,Persian_Gulf,73.88059896479209,79.31380335665506,18.842614845407603,3.13480570603401,3.3840800000000004,0.2507844564827208,0.0,3.634864456482721,0.002676480383101,0.9260726214559588,0.0920357374150625,0.439548,1.4603328392541224,-2.174531617228599,3000,-26.456801342947955,Low,158.15
34644.8,0.197,1326.9,350.0,10541.0,369.5,19325.8,2500.0,150.0,4.3,7.5,17.59427137689142,seawater,SE0218,2022-04-08 17:08:54.891485808,Red_Sea,77.8278132876454,77.52266710323636,25.136985310032937,3.694931173599653,3.4644800000000004,0.2955944938879722,0.0,3.7600744938879727,0.003951684912649,0.9913893643332162,0.0813988004583981,0.4480019999999999,1.5247418497042635,-2.235332644183709,3000,-27.1965471709018,Low,158.15
34272.0,0.172,1400.0,431.8,10728.6,365.3,19161.4,2639.8,123.1,4.7,7.72,24.98815541933596,seawater,SE0219,2021-11-11 00:48:04.808013352,Atlantic,89.23573228617121,63.48661636497587,15.592257968508768,4.233048820263548,3.4272,0.3386439056210838,0.0,3.765843905621084,0.0021401309597256,1.1993282419261413,0.0822405628391897,0.44835,1.7320589357250566,-2.0337849698960278,3000,-24.744383800401664,Low,158.15
35122.8,0.202,1350.8,350.0,11000.0,394.4,18800.0,2500.0,128.0,4.4,8.21,22.281965519534737,seawater,SE0220,2021-05-31 17:28:08.814691152,Red_Sea,85.28487030815296,76.44342697468682,14.350623475887344,3.291155650750662,3.5122800000000005,0.263292452060053,0.0,3.775572452060053,0.0023132631018191,1.1059469069976289,0.0802655983234211,0.447,1.6355257684228692,-2.140046683637184,3000,-26.03723465091907,Low,158.15
37000.0,0.154,1353.8,403.0,10852.3,359.0,19160.1,2900.0,118.8,4.3,8.16,30.0,seawater,SE0221,2023-03-25 16:47:16.727879792,Persian_Gulf,76.39496802453128,79.1574594503065,15.118779153532524,3.1368214181289744,3.7,0.2509457134503179,0.0,3.9509457134503183,0.0018579770077359,0.9928656740314604,0.0957013684754205,0.450186,1.5406110195146168,-2.410334693935701,3000,-29.3257387762177,Low,158.15
33000.0,0.212,1400.0,413.9,10894.5,395.1,19561.6,2500.0,105.3,4.0,7.79,30.0,seawater,SE0222,2020-11-29 22:09:24.941569280,Persian_Gulf,89.03208137837096,74.31047659913742,16.07479645259696,3.4941521075073902,3.3000000000000003,0.2795321686005912,0.0,3.579532168600592,0.0027194697646645,1.1965911737253057,0.0922713187931489,0.4568415,1.7484234622831192,-1.8311087063174725,3000,-22.278489260195915,Low,158.15
36029.4,0.239,1263.5,450.0,10541.9,400.0,19373.1,2900.0,116.3,4.0,7.77,20.66038768624423,seawater,SE0223,2022-06-28 03:33:57.395659424,Red_Sea,82.91293584517466,82.31872511300878,21.98329746734333,3.5833467459602093,3.60294,0.2866677396768167,0.0,3.889607739676817,0.0041926984595666,1.0057007466276306,0.1111302789025618,0.448725,1.5697487239897592,-2.319859015687058,3000,-28.224951357525875,Low,158.15
33000.0,0.159,1216.1,350.0,11000.0,393.9,19509.5,2899.2,100.0,4.7,8.36,27.78568809201741,seawater,SE0224,2020-07-11 13:18:07.813021702,Atlantic,79.1089928928028,66.92474454462213,19.4305097090416,3.4593865146088567,3.3000000000000003,0.2767509211687085,0.0,3.576750921168709,0.0024653819329026,0.9235626840666,0.0702709817718532,0.4576425,1.4539415477713558,-2.122809373397353,3000,-25.82751404300113,Low,158.15
34292.1,0.157,1200.0,350.0,10704.9,385.7,18997.9,2529.9,150.0,5.0,7.96,28.746412784397258,seawater,SE0225,2021-04-30 01:00:06.010016688,Red_Sea,79.36600397910294,66.05361749348127,16.737891303581158,3.202861178436834,3.42921,0.2562288942749467,0.0,3.6854388942749465,0.0020970234498604,0.914296365839266,0.0693562983681553,0.445542,1.431291687657282,-2.254147206617665,3000,-27.42545768051492,Low,158.15
36633.4,0.214,1200.0,409.2,10069.5,360.2,20000.0,2500.0,100.0,4.5,7.7,22.012605709877985,seawater,SE0226,2020-01-15 14:59:05.909849749,Atlantic,78.21488935670784,81.73924362356615,17.48628316567357,3.376259789582572,3.66334,0.2701007831666057,0.0,3.933440783166606,0.0029861675487684,0.9010355253892744,0.1003430954722898,0.4510425,1.4554072884103326,-2.478033494756273,3000,-30.149407519534652,Low,158.15
35096.4,0.217,1400.0,450.0,11000.0,363.1,18800.0,2780.1,100.0,4.7,7.5,17.52229231750898,seawater,SE0227,2020-06-19 14:49:28.948247078,Atlantic,74.6598410509188,75.63495607478632,17.418473203179524,4.023423606903165,3.50964,0.3218738885522532,0.0,3.831513888552253,0.0030162873307017,1.0034282637243488,0.1021071907009615,0.447,1.555551741756012,-2.275962146796241,3000,-27.69087278602093,Low,158.15
33383.4,0.154,1200.0,450.0,10849.0,400.0,19692.5,2541.1,111.2,5.0,7.92,24.938507753459717,seawater,SE0228,2022-12-18 04:53:17.328881456,Mediterranean,77.73264384427411,60.03618051302498,29.448133894206347,3.578892774439746,3.33834,0.2863114219551796,0.0,3.62465142195518,0.0036189400705268,0.8954800570860377,0.0810488436925837,0.4581224999999999,1.4382703408491482,-2.186381081106032,3000,-26.60096982012338,Low,158.15
33927.0,0.157,1277.9,410.5,10278.5,395.6,20000.0,2730.5,145.8,4.1,8.05,24.135771625929447,seawater,SE0229,2021-04-27 14:30:15.025041736,Pacific,80.55792768086785,68.82828521277631,14.65993976105905,3.9488241669278334,3.3927,0.3159059333542267,0.0,3.7086059333542263,0.001836685212904,0.988271767520458,0.084762033239534,0.4541775,1.529047985972896,-2.1795579473813307,3000,-26.51795502647285,Low,158.15
36019.4,0.162,1272.3,375.4,10260.3,379.2,19688.5,2613.4,120.3,4.7,7.61,22.821177515146903,seawater,SE0230,2023-08-28 16:37:39.766277120,Pacific,80.56054701460442,81.44639964536687,26.36123120544517,3.8044556698780982,3.6019400000000004,0.3043564535902479,0.0,3.906296453590248,0.0034078745253151,0.9839729660801396,0.0917249352806121,0.4492319999999999,1.5283377758860666,-2.3779586777041817,3000,-28.93183057873421,Low,158.15
33904.5,0.13,1330.7,440.4,10648.3,371.6,19278.5,2500.0,100.0,4.1,7.89,27.211584340822423,seawater,SE0231,2021-02-08 14:35:03.505843068,Persian_Gulf,85.23473804425036,60.68298779104358,24.16421675176374,3.823579409786504,3.39045,0.3058863527829202,0.0,3.69633635278292,0.0025067958458279,1.0888499127886462,0.0801743634695267,0.4489019999999999,1.6204330721040008,-2.0759032806789195,3000,-25.25682324826019,Low,158.15
35324.7,0.142,1381.6,351.3,10731.6,350.0,19083.0,2500.0,145.1,4.9,7.69,21.246351964972007,seawater,SE0232,2023-03-28 03:17:07.712854752,Mediterranean,77.17595714314706,60.08119820653772,10.111400112071012,3.372824336921694,3.53247,0.2698259469537355,0.0,3.802295946953736,0.0011457834150994,1.0236125029341308,0.0633195747898701,0.447219,1.5352968611391002,-2.266999085814635,3000,-27.58182221074473,Low,158.15
35068.4,0.14,1386.0,423.8,10598.6,358.6,20000.0,2755.3,134.6,4.6,7.74,19.240012262104287,seawater,SE0233,2022-12-08 10:53:53.388981632,Pacific,84.33596058607905,67.03148226312824,29.86352436250976,3.782314549152273,3.5068400000000004,0.3025851639321818,0.0,3.809425163932182,0.0033363529417795,1.1221405571741334,0.0852238265493412,0.458979,1.6696797366652545,-2.139745427266928,3000,-26.033569365080957,Low,158.15
34022.6,0.147,1241.7,425.3,10655.7,400.0,18800.0,2597.7,130.8,4.6,7.5,25.54541485174916,seawater,SE0234,2022-01-20 17:13:43.372287144,Atlantic,81.56183677537369,82.85000092523194,25.12878741267147,3.0353920707948028,3.40226,0.2428313656635842,0.0,3.645091365663584,0.0029477575362308,0.9722431941502224,0.1057083161805034,0.4418355,1.522734767866957,-2.122356597796627,3000,-25.8220052731923,Low,158.15
37000.0,0.169,1283.3,450.0,11000.0,354.4,18817.9,2599.4,134.3,4.1,7.73,26.929850462844374,seawater,SE0235,2020-04-26 23:52:47.278797996,Atlantic,89.23690809053669,82.53693953675041,23.648991727015822,3.647615613487389,3.7,0.2918092490789911,0.0,3.991809249078991,0.0031893503222888,1.099370151864823,0.111424868374613,0.4472685,1.6612528705617249,-2.330556378517266,3000,-28.355102605293403,Low,158.15
35950.9,0.177,1328.3,450.0,11000.0,383.8,19161.5,2849.2,150.0,4.9,8.09,19.11677528049973,seawater,SE0236,2020-05-31 02:50:41.068447412,Red_Sea,77.70569852067965,72.9690486450377,18.106494153532747,3.858934234784873,3.5950900000000003,0.3087147387827898,0.0,3.90380473878279,0.0025574698732098,0.9908782017121802,0.0985082156708009,0.4524224999999999,1.544366387256191,-2.359438351526599,3000,-28.706499943573625,Low,158.15
33000.0,0.217,1275.1,419.6,10595.3,400.0,20000.0,2900.0,150.0,5.0,7.61,29.640453054955405,seawater,SE0237,2021-11-18 08:17:37.762938224,Red_Sea,88.0243292852158,73.83092177849056,21.104061778285796,3.272993432031164,3.3000000000000003,0.2618394745624931,0.0,3.5618394745624933,0.0036545059618986,1.077502293807155,0.0929383643347639,0.4589295,1.6330246641038175,-1.928814810458676,3000,-23.46724686058056,Low,158.15
35279.7,0.14,1400.0,374.6,10970.7,354.9,19627.9,2655.5,106.3,4.0,7.82,16.14759431111961,seawater,SE0238,2023-12-21 06:00:36.060100160,Atlantic,86.41285094596579,68.30020028292972,15.065417913349403,3.384837759373427,3.52797,0.2707870207498741,0.0,3.798757020749874,0.0016831084892793,1.1613887167137802,0.0767557650779564,0.458979,1.698806590281016,-2.0999504304688577,3000,-25.54939690403777,Low,158.15
34007.3,0.2,1349.1,398.7,10000.0,383.7,18819.2,2641.9,150.0,4.3,7.57,22.109432706421785,seawater,SE0239,2021-05-24 09:58:35.859766272,Atlantic,82.75328569178913,66.09341655069525,10.70966810291395,3.329296529723429,3.4007300000000003,0.2663437223778743,0.0,3.667073722377874,0.001709263029225,1.07176759417721,0.0790543355362865,0.432288,1.5848191927427215,-2.0822545296351533,3000,-25.3340967772277,Low,158.15
36278.7,0.164,1373.5,350.0,10699.0,398.8,19213.8,2810.0,127.7,4.6,7.91,23.70995731901196,seawater,SE0240,2022-01-30 11:13:07.312186976,Red_Sea,83.09028933484234,80.38054635530295,26.720433168919456,3.105836932898136,3.62787,0.2484669546318509,0.0,3.8763369546318502,0.0034969565296828,1.0955953190534973,0.0843995736730681,0.448692,1.632183849256248,-2.2441531053756028,3000,-27.30386278206983,Low,158.15
33811.2,0.169,1366.3,365.3,11000.0,380.2,19031.4,2500.0,130.0,4.9,7.74,21.81888143674035,seawater,SE0241,2023-05-28 01:43:22.337228704,Pacific,71.69299869212821,62.65737151249104,27.929689873623435,3.521785981710135,3.38112,0.2817428785368108,0.0,3.6628628785368105,0.0037666538357366,0.9403597834853258,0.0686662134405389,0.450471,1.4632636507616017,-2.199599227775209,3000,-26.761790604598374,Low,158.15
34827.9,0.19,1400.0,379.5,10391.0,400.0,18974.1,2754.6,100.0,4.2,7.52,22.17469763224404,seawater,SE0242,2021-03-09 20:33:15.325542568,Persian_Gulf,89.00449211186864,72.1838592719659,13.249412732284798,4.468448649677909,3.4827900000000005,0.3574758919742327,0.0,3.840265891974233,0.002008875958469,1.1962203739835144,0.0821813237811331,0.4404765,1.7208870737231166,-2.119378818251117,3000,-25.78577562205525,Low,158.15
35757.5,0.136,1318.1,373.8,10076.2,350.0,19987.3,2820.4,116.6,4.0,8.2,30.0,seawater,SE0243,2022-01-01 05:14:55.492487472,Red_Sea,72.13872126991488,75.8599314874271,25.741121916914658,3.530820609695416,3.57575,0.2824656487756332,0.0,3.8582156487756336,0.0027936324793989,0.9128260656563982,0.0850693271700007,0.4509525,1.451641525305798,-2.406574123469836,3000,-29.279985168883,Low,158.15
36298.6,0.181,1200.0,407.6,10174.0,400.0,18800.0,2846.0,103.7,5.0,8.08,20.745579554805506,seawater,SE0244,2020-12-04 19:09:06.911519196,Pacific,81.26466617487014,62.59200725927573,24.823053465713173,3.690804932755464,3.62986,0.2952643946204371,0.0,3.925124394620437,0.0035853921964806,0.936168954334504,0.0765375064766423,0.4346099999999999,1.450901853007627,-2.47422254161281,3000,-30.10304092295585,Low,158.15
33199.6,0.175,1340.0,358.9,10000.0,376.5,20000.0,2500.0,136.6,4.9,7.62,30.0,seawater,SE0245,2020-03-01 22:26:14.624373956,Pacific,76.6014160089831,72.99017738680865,13.567500038721809,3.979630876434563,3.31996,0.318370470114765,0.0,3.638330470114765,0.0018947013804075,0.9854006155395584,0.0785885239923768,0.45,1.5158838409123427,-2.1224466292024227,3000,-25.823100655296145,Low,158.15
34498.2,0.185,1234.9,450.0,10107.6,395.4,19896.9,2557.7,141.4,4.0,7.95,27.185633898655254,seawater,SE0246,2022-01-10 23:14:19.432387312,Pacific,78.59703956579703,74.43803219781108,18.43657605149588,3.972746626753661,3.44982,0.3178197301402928,0.0,3.7676397301402926,0.0027217917224823,0.9317710479341064,0.1004913434670449,0.4500675,1.4850516831236338,-2.282588047016658,3000,-27.771487905369348,Low,158.15
34287.6,0.179,1247.1,400.0,10314.7,388.8,20000.0,2534.3,100.0,4.2,7.96,25.46027568655996,seawater,SE0247,2022-02-18 23:11:55.191986640,Mediterranean,82.20366021673634,78.56240151268412,18.455158416682067,4.4248424700279365,3.42876,0.3539873976022349,0.0,3.7827473976022343,0.0026361717385556,0.984155372700402,0.0942748818152209,0.4547205,1.5357869262541788,-2.246960471348056,3000,-27.33801906806801,Low,158.15
34020.0,0.244,1358.6,399.5,10000.0,365.3,19122.2,2730.0,119.6,5.0,7.99,27.38120176693833,seawater,SE0248,2021-05-09 18:59:29.949916528,Mediterranean,88.17702755764643,65.87090122868833,25.19928516610497,4.286346210598688,3.402,0.342907696847895,0.0,3.744907696847896,0.0049066032132626,1.1500541725422568,0.0789462751225829,0.436833,1.6707400508781023,-2.0741676459697933,3000,-25.235706359299154,Low,158.15
37000.0,0.151,1400.0,383.6,10507.8,384.6,19310.0,2806.1,142.4,5.0,7.5,30.0,seawater,SE0249,2020-07-04 05:48:34.858096828,Pacific,79.15134247144603,67.33318758226896,26.753218115521108,4.190926030657728,3.7,0.3352740824526182,0.0,4.035274082452618,0.003223709276484,1.063794042816235,0.0774870322696751,0.447267,1.5917717843623935,-2.443502298090225,3000,-29.729277960097733,Low,158.15
35607.5,0.154,1302.1,407.8,10951.1,350.0,18800.0,2900.0,116.3,5.0,8.1,20.03203498034276,seawater,SE0250,2023-04-26 09:15:19.532554256,Atlantic,89.75459110612883,74.23802866582584,11.89550242782742,4.427440838667466,3.56075,0.3541952670933972,0.0,3.9149452670933975,0.0014618620843605,1.1219467495611872,0.0908228042697713,0.4462665,1.660497915915319,-2.2544473511780785,3000,-27.42910943933329,Low,158.15
33108.7,0.151,1330.9,441.3,10046.1,392.1,19085.2,2611.0,134.6,4.4,7.63,19.39791040531805,seawater,SE0251,2022-04-25 18:37:51.786310512,Mediterranean,81.85624130702999,84.57816024954036,21.25938469808406,3.346148078224757,3.31087,0.2676918462579806,0.0,3.5785618462579807,0.0025617133373497,1.045847726933052,0.1119730263543665,0.4369695000000001,1.5973519666247684,-1.9812098796332125,3000,-24.10472020220408,Low,158.15
36376.8,0.153,1400.0,356.6,11000.0,386.0,19696.2,2610.5,127.0,4.5,7.69,21.225669017140397,seawater,SE0252,2022-05-27 11:05:54.590984976,Red_Sea,73.21107885284349,65.43732957050287,25.234969938577706,3.925581291932689,3.637680000000001,0.3140465033546151,0.0,3.951726503354616,0.0030810384196807,0.9839568997822166,0.0700048551745239,0.460443,1.5174857933764212,-2.4342407099781944,3000,-29.616595304734695,Low,158.15
37000.0,0.151,1324.1,367.1,10755.4,392.8,20000.0,2900.0,126.8,4.4,8.5,25.160715734822805,seawater,SE0253,2023-03-11 01:48:10.818030048,Mediterranean,73.80018589662505,84.6475956780866,25.72381188130317,4.330795150083235,3.7,0.3464636120066588,0.0,4.046463612006659,0.0030996678840732,0.9381007309989238,0.0932223971202768,0.461331,1.4957537960032736,-2.550709816003385,3000,-31.03363609470785,Low,158.15
36548.7,0.206,1400.0,384.8,11000.0,400.0,18800.0,2769.3,114.6,5.0,7.89,16.371144375937135,seawater,SE0254,2020-04-02 14:54:17.429048414,Atlantic,84.32222071178502,77.85856332636203,12.959870488608178,3.9362072374171526,3.65487,0.3148965789933722,0.0,3.969766578993372,0.0021304471898813,1.1332906463663908,0.0898799255039523,0.447,1.6723010190602243,-2.297465559933148,3000,-27.952497645853292,Low,158.15
33000.0,0.213,1356.6,350.0,10171.1,387.4,19180.7,2900.0,100.0,4.1,7.68,25.11169619659304,seawater,SE0255,2021-12-29 18:45:04.507512520,Persian_Gulf,71.00795588486764,80.65205174075058,20.51010286301588,4.466130711910305,3.3000000000000003,0.3572904569528243,0.0,3.6572904569528246,0.0034861842240382,0.9247621723527496,0.0846846543277881,0.440277,1.453210010904576,-2.2040804460482484,3000,-26.81631209358702,Low,158.15
34273.6,0.153,1200.0,359.0,10927.3,383.0,19309.2,2767.7,100.0,4.1,7.5,30.0,seawater,SE0256,2021-06-17 18:57:05.709515856,Mediterranean,79.60683152444454,62.24103170590848,27.15117412725406,3.150529070859569,3.42736,0.2520423256687655,0.0,3.679402325668766,0.0033149954538929,0.9170706991616012,0.0670335911472634,0.4535474999999999,1.4409667857627575,-2.238435539906008,3000,-27.234299068856423,Low,158.15
36900.4,0.145,1375.3,376.2,10000.0,362.4,18800.0,2500.0,134.2,5.0,8.22,25.757036953123887,seawater,SE0257,2023-08-31 03:07:30.751252080,Pacific,72.96438219607033,67.51050468576581,16.370371531705683,3.6589957541898,3.69004,0.292719660335184,0.0,3.982759660335185,0.0018942156899336,0.9633399824088532,0.0761923555883552,0.432,1.473426553687142,-2.509333106648042,3000,-30.530219464217843,Low,158.15
33938.5,0.184,1338.1,443.7,10945.1,365.8,19754.8,2500.0,120.4,4.5,7.5,23.53657270512361,seawater,SE0258,2020-09-12 22:14:13.422370616,Pacific,78.6643727035569,61.44340699127453,18.502337978235943,4.466044361862954,3.39385,0.3572835489490363,0.0,3.751133548949036,0.0027167352900203,1.0105036523004427,0.0817873190460855,0.4604985,1.5555062066365486,-2.195627342312488,3000,-26.713465998135263,Low,158.15
35665.7,0.153,1400.0,413.1,10585.9,400.0,18965.6,2500.0,117.2,5.0,7.5,21.90919775658186,seawater,SE0259,2021-10-20 02:19:25.943238728,Pacific,84.99834844143439,69.28867487507938,26.08717022672665,3.569352042854889,3.56657,0.2855481634283911,0.0,3.852118163428391,0.0031850869616619,1.1423778030528784,0.0858694547726858,0.4432724999999999,1.674704844787226,-2.177413318641165,3000,-26.491862043467503,Low,158.15
36162.0,0.189,1367.3,409.7,10776.6,400.0,19282.8,2842.4,111.5,4.2,7.7,29.49255852275782,seawater,SE0260,2020-06-07 10:20:14.023372286,Persian_Gulf,79.17625856482869,84.5322414980013,11.786390423675249,4.109334562648956,3.6162,0.3287467650119165,0.0,3.9449467650119168,0.0017776469764795,1.0392739040226266,0.1038985780251933,0.450891,1.5958411290242998,-2.349105635987617,3000,-28.580785237849344,Low,158.15
33609.6,0.176,1286.2,442.5,10000.0,375.2,19128.8,2900.0,113.9,4.5,8.22,20.87083613380976,seawater,SE0261,2023-11-22 00:02:24.240400656,Atlantic,73.26902217961855,62.63182655515846,27.189865797779564,3.045604351617974,3.36096,0.2436483481294379,0.0,3.604608348129438,0.0038187622715665,0.9046907167432836,0.0831437497519728,0.436932,1.428585228766823,-2.1760231193626147,3000,-26.47494795224514,Low,158.15
34910.7,0.125,1200.0,393.1,10052.5,380.9,18926.4,2900.0,140.9,4.0,8.03,30.0,seawater,SE0262,2021-09-03 18:52:17.228714520,Red_Sea,75.03850740713285,74.05931955927998,16.22313433461618,4.04225567194547,3.49107,0.3233804537556376,0.0,3.814450453755637,0.0016182576498779,0.8644436053301705,0.0873381555562589,0.4346835,1.3880835185363074,-2.4263669352193302,3000,-29.520797711835183,Low,158.15
33000.0,0.216,1279.1,419.5,10798.6,361.9,19395.8,2878.6,113.3,4.5,7.75,30.0,seawater,SE0263,2023-03-20 19:47:34.757929872,Atlantic,77.35079177304365,60.1517655703453,10.029006331822544,4.401940098791368,3.3000000000000003,0.3521552079033094,0.0,3.6521552079033097,0.0017286797634035,0.9498182184662411,0.0757009969702795,0.452916,1.4801638951999243,-2.171991312703385,3000,-26.425894304557858,Low,158.15
33463.4,0.224,1214.9,394.8,10025.8,400.0,19270.6,2900.0,100.0,4.0,7.89,26.283753993308935,seawater,SE0264,2023-11-09 19:33:09.315525872,Persian_Gulf,71.39122366972829,77.81707040110157,14.683182901127164,3.574059427785004,3.34634,0.2859247542228003,0.0,3.6322647542228,0.0026246483099422,0.832638697308988,0.0921665381830647,0.4394459999999999,1.366875883801995,-2.2653888704208054,3000,-27.56223125678647,Low,158.15
34621.1,0.152,1241.9,413.3,10731.6,393.3,19176.9,2594.0,134.9,4.3,7.62,24.94242455961677,seawater,SE0265,2020-02-28 11:56:23.639398998,Pacific,81.68675272162244,64.92981730930103,11.79001281791013,3.0319497568903944,3.46211,0.2425559805512315,0.0,3.704665980551232,0.0014300813947612,0.973889070767836,0.0805064804818023,0.4486275,1.5044531326443995,-2.2002128479068324,3000,-26.76925631619979,Low,158.15
33128.3,0.158,1358.9,370.9,10000.0,400.0,18962.9,2500.0,115.9,4.0,7.84,30.0,seawater,SE0266,2023-04-06 21:16:31.652754592,Atlantic,82.15067582556101,63.23961342811907,11.847698139924884,3.0418647065932256,3.3128300000000004,0.243349176527458,0.0,3.556179176527458,0.0014938051722742,1.0716917124418066,0.070366717861468,0.4344435000000001,1.577995735475549,-1.9781834410519097,3000,-24.06789853279823,Low,158.15
37000.0,0.179,1400.0,350.0,10924.1,362.4,19591.7,2880.0,120.6,4.8,7.82,30.0,seawater,SE0267,2021-08-29 21:52:35.258764608,Red_Sea,71.24303854265135,68.42544530401969,23.85671468285183,4.338034958566634,3.7,0.3470427966853306,0.0,4.04704279668533,0.0034077408387279,0.9575064380132342,0.0718467175692206,0.457737,1.4904978964211828,-2.5565449002641474,3000,-31.104629619880463,Low,158.15
33000.0,0.18,1339.5,393.3,10000.0,372.4,20000.0,2793.5,150.0,4.9,8.09,20.97004134470292,seawater,SE0268,2021-10-03 00:50:29.048414016,Pacific,78.04622642348323,79.27610744847453,14.279526712781296,4.083774160644393,3.3000000000000003,0.3267019328515514,0.0,3.626701932851552,0.0020511112170239,1.0036120348248556,0.093537879178455,0.45,1.5492010252203343,-2.077500907631217,3000,-25.27626104284647,Low,158.15
34339.9,0.19,1200.0,450.0,10776.1,384.6,19483.9,2731.5,119.6,4.0,8.09,22.36722433431649,seawater,SE0269,2020-12-29 04:07:36.761268780,Red_Sea,78.2800136576945,62.66532715778027,28.69484725953965,3.16002957633987,3.43399,0.2528023661071896,0.0,3.6867923661071895,0.0043507127414914,0.9017857573366406,0.0845981916630033,0.4539,1.4446346617411352,-2.242157704366054,3000,-27.27958540312033,Low,158.15
35196.1,0.23,1344.5,446.3,10812.8,392.9,19997.7,2787.5,125.8,5.0,7.95,18.38826282658352,seawater,SE0270,2021-03-29 08:32:03.205342232,Mediterranean,76.67639137105202,65.74597489496739,20.32889093182608,3.081885415576795,3.51961,0.2465508332461436,0.0,3.766160833246144,0.0037311646416273,0.9896775187044426,0.0880272857868718,0.4621575,1.5435934691329418,-2.222567364113202,3000,-27.041236263377293,Low,158.15
37000.0,0.165,1400.0,448.3,10151.6,375.7,18800.0,2774.6,100.0,5.0,7.69,27.045324691670285,seawater,SE0271,2020-05-06 17:52:11.218697828,Red_Sea,81.15479480662223,60.21161054043274,19.20196515909837,4.207238045423219,3.7,0.3365790436338575,0.0,4.036579043633858,0.0025283227524984,1.0907204422010026,0.0809785950158279,0.434274,1.6085013599693292,-2.4280776836645286,3000,-29.54161181791843,Low,158.15
33000.0,0.146,1239.0,450.0,10791.0,362.5,19494.7,2900.0,115.6,4.5,8.02,28.333139417284453,seawater,SE0272,2023-01-06 16:52:05.208681136,Pacific,76.91914980120224,84.21037156739045,18.685670364403038,4.214790949208039,3.3000000000000003,0.3371832759366431,0.0,3.637183275936644,0.0021770300828158,0.9149071353954198,0.1136840016159771,0.4542854999999999,1.4850536670942127,-2.152129608842431,3000,-26.184243574249574,Low,158.15
36744.7,0.129,1286.6,404.4,10630.2,397.6,18800.0,2900.0,132.2,4.2,7.77,18.25037181069364,seawater,SE0273,2021-09-15 23:21:32.153589312,Mediterranean,78.32818558955611,74.8036399997216,23.85175279343264,3.1807827596880736,3.67447,0.2544626207750459,0.0,3.9289326207750457,0.0024553471360615,0.9674596183634198,0.0907517760476622,0.441453,1.5021197415471437,-2.426812879227902,3000,-29.52622336393948,Low,158.15
35015.3,0.148,1301.5,409.9,10230.6,394.4,18800.0,2818.8,100.0,5.0,7.5,22.724005475919206,seawater,SE0274,2020-05-11 14:51:53.188647746,Pacific,85.9504709488321,77.99749090961748,19.045255250472167,3.452280605832956,3.5015300000000003,0.2761824484666364,0.0,3.777712448466637,0.0022493208261017,1.073899564223088,0.0959135145715566,0.4354589999999999,1.6075213996207465,-2.17019104884589,3000,-26.403991094291666,Low,158.15
33527.7,0.169,1221.5,369.1,10000.0,361.7,18956.4,2879.2,124.0,4.0,7.68,18.263730412093253,seawater,SE0275,2020-09-08 01:14:31.452420700,Pacific,73.24218710860403,76.28457927890037,12.572007124503838,4.170039096860834,3.35277,0.3336031277488667,0.0,3.6863731277488663,0.0016954860248248,0.8588671829103344,0.0844699146355263,0.434346,1.3793785835706855,-2.306994544178181,3000,-28.068433620834536,Low,158.15
35693.2,0.224,1364.8,384.2,10000.0,400.0,20000.0,2812.8,122.0,4.5,7.83,20.50600094878081,seawater,SE0276,2021-11-25 15:47:10.717863104,Mediterranean,82.38229390606841,63.60911397174186,27.60344361281513,3.7881181064310097,3.56932,0.3030494485144808,0.0,3.8723694485144806,0.0049341707526779,1.0793794053408208,0.0733158647638296,0.45,1.6076294408573284,-2.264740007657152,3000,-27.554336759828686,Low,158.15
35298.6,0.154,1287.9,430.8,10674.8,400.0,19970.0,2617.8,120.8,4.6,8.07,27.755085301131498,seawater,SE0277,2020-05-01 20:52:29.248747912,Red_Sea,80.11188803381691,74.87349847484985,18.56790697851317,4.434877291087949,3.52986,0.3547901832870359,0.0,3.884650183287036,0.0022818472244034,0.990490565748027,0.0967665094288959,0.4596719999999999,1.5492109224013264,-2.335439260885709,3000,-28.4145110074428,Low,158.15
34099.7,0.177,1342.0,450.0,10000.0,382.7,19545.8,2861.3,140.7,5.0,7.74,21.3325896666086,seawater,SE0278,2020-12-14 13:08:30.851419028,Persian_Gulf,76.10143274958698,63.285389878531554,11.48009151399005,3.721593968019008,3.40997,0.2977275174415206,0.0,3.70769751744152,0.001621517005985,0.9804299783994788,0.0854352763360176,0.443187,1.5106737717414815,-2.1970237457000388,3000,-26.7304555726838,Low,158.15
35104.7,0.17,1211.3,393.0,10547.7,381.6,18800.0,2500.0,126.7,4.7,7.5,23.49587021983851,seawater,SE0279,2021-08-20 03:53:11.318864768,Persian_Gulf,84.55069312980821,70.0309113490782,20.58731974995522,4.015436906348269,3.51047,0.3212349525078615,0.0,3.831704952507861,0.0027928757972789,0.9831960440461122,0.0825664444805631,0.4402155,1.5087708643239544,-2.322934088183907,3000,-28.262364739570867,Low,158.15
34422.0,0.206,1256.3,377.5,10368.3,391.1,19282.2,2900.0,149.6,4.3,7.82,16.863441360263423,seawater,SE0280,2022-02-26 06:41:28.146911512,Persian_Gulf,81.02376719082295,74.22407839813232,22.94693716911407,3.764675048612376,3.4422,0.3011740038889901,0.0,3.74337400388899,0.0037722011073563,0.9771855237295765,0.0840587687858848,0.4447575,1.5097739936228176,-2.233600010266173,3000,-27.17546679157177,Low,158.15
35170.3,0.246,1372.2,400.0,10839.6,362.8,19581.0,2500.0,100.1,4.0,7.83,25.93495104862332,seawater,SE0281,2020-05-16 11:51:35.158597662,Persian_Gulf,79.5472305392139,73.9720278525539,15.51164928315517,4.414448243527568,3.5170300000000005,0.3531558594822054,0.0,3.870185859482206,0.0030450608474776,1.0478852135607295,0.0887664334230646,0.4563089999999999,1.5960057078312715,-2.2741801516509343,3000,-27.669191845086367,Low,158.15
35993.2,0.154,1262.7,430.1,10349.0,380.6,19505.3,2767.2,122.7,4.3,7.86,24.778633400776755,seawater,SE0282,2020-11-07 23:40:46.076794656,Atlantic,83.353386295424,62.97683564956852,26.006808153476847,3.597988638101413,3.59932,0.287839091048113,0.0,3.887159091048113,0.003196028667597,1.0104030804022262,0.0812590110386382,0.4478144999999999,1.5426726201084615,-2.344486470939652,3000,-28.52458539643243,Low,158.15
37000.0,0.155,1400.0,350.0,10335.3,350.0,18800.0,2541.0,121.7,4.0,8.08,21.35520374983419,seawater,SE0283,2020-08-29 07:15:07.512520868,Persian_Gulf,86.04580615962722,60.860899241163054,23.39551692074728,3.3446946827679,3.7,0.267575574621432,0.0,3.967575574621432,0.0028937914879272,1.15645563478539,0.0639039442032212,0.4370295,1.6602828704765384,-2.307292704144894,3000,-28.072061233762877,Low,158.15
33143.3,0.201,1260.0,350.0,10865.9,397.5,18865.8,2820.7,100.0,4.5,8.11,24.05492851158763,seawater,SE0284,2021-02-18 08:34:27.445742904,Mediterranean,89.45337580067152,79.95585784684535,23.00682338528867,3.48995079042149,3.3143300000000004,0.2791960632337192,0.0,3.59352606323372,0.0036902484573535,1.0820280336849226,0.0839536507391876,0.4459754999999999,1.6156474328814636,-1.977878630352256,3000,-24.06419000261912,Low,158.15
37000.0,0.19,1322.5,372.5,10667.5,350.0,19361.6,2703.2,139.1,4.2,7.62,25.901474402517223,seawater,SE0285,2022-12-15 18:23:26.343906512,Persian_Gulf,82.58700736752746,78.14806092490014,18.416499057355885,4.279162806247844,3.7,0.3423330244998275,0.0,4.042333024499827,0.0027923095870762,1.0485246455381287,0.0873304580835759,0.4504365,1.589083913208781,-2.453249111291046,3000,-29.847864187374395,Low,158.15
33000.0,0.225,1393.3,350.0,10658.1,400.0,19721.8,2500.0,150.0,4.0,7.62,20.92565925545328,seawater,SE0286,2021-06-12 21:57:23.739565944,Pacific,87.48879970800766,62.04547261411845,29.23830602822576,3.7469078452682,3.3000000000000003,0.299752627621456,0.0,3.599752627621456,0.0052497378473679,1.170222188478404,0.0651477462448243,0.4556984999999999,1.6963181725705962,-1.90343445505086,3000,-23.158452536452128,Low,158.15
34772.3,0.188,1200.0,374.6,10734.6,373.4,18800.0,2794.1,119.7,5.0,7.5,17.618687279991104,seawater,SE0287,2023-05-15 21:14:07.412353920,Persian_Gulf,70.02183082045914,63.18538797003884,15.483783358984953,3.5313784552533587,3.4772300000000005,0.2825102764202687,0.0,3.759740276420269,0.0023229391146483,0.8066514910516894,0.0710077390007296,0.443019,1.3230011691670671,-2.436739107253202,3000,-29.646992471580624,Low,158.15
35882.5,0.159,1200.0,392.6,10000.0,375.8,19302.7,2594.4,130.1,4.3,8.01,30.0,seawater,SE0288,2020-11-27 11:39:33.956594320,Red_Sea,80.60471385451783,82.31459440974051,21.554110020309054,3.816390032714224,3.5882500000000004,0.3053112026171379,0.0,3.893561202617138,0.0027348285875968,0.9285663036040456,0.0969501292957923,0.4395405,1.4677917614874345,-2.425769441129704,3000,-29.513528200411397,Low,158.15
35421.5,0.188,1200.0,377.3,10878.4,367.4,19485.8,2886.2,121.7,4.0,8.23,21.833636476448635,seawater,SE0289,2023-07-03 15:11:07.111853088,Mediterranean,74.29295097540395,79.2282225405445,16.18110314945235,3.199844560915264,3.5421500000000004,0.2559875648732211,0.0,3.7981375648732216,0.0024275538188934,0.8558547952366535,0.0896784250936423,0.4554629999999999,1.4034237741491893,-2.3947137907240323,3000,-29.13568445380906,Low,158.15
34066.0,0.203,1400.0,450.0,10806.2,374.2,19909.8,2710.3,105.7,4.4,7.71,24.516199484065552,seawater,SE0290,2023-01-16 10:51:29.148580960,Mediterranean,71.88384914166275,84.90400740541685,24.89609505943108,3.0080389569383943,3.4066,0.2406431165550715,0.0,3.647243116555072,0.0040330180230574,0.9661189324639474,0.1146204099973127,0.46074,1.5455123604843175,-2.1017307560707543,3000,-25.57105753219418,Low,158.15
34687.8,0.195,1244.8,416.3,10000.0,400.0,19815.7,2789.1,100.0,4.5,7.73,30.0,seawater,SE0291,2022-07-15 05:02:54.290484128,Atlantic,80.63942034128785,66.34968623012554,10.955829677402429,3.420877025540236,3.4687800000000006,0.2736701620432188,0.0,3.74245016204322,0.0017048366561005,0.9636475242320168,0.0828641231328037,0.4472355,1.4954519840209213,-2.2469981780222983,3000,-27.338477832604628,Low,158.15
34260.5,0.185,1400.0,415.0,10378.0,350.0,19749.5,2518.5,105.9,4.0,8.24,30.0,seawater,SE0292,2022-12-27 22:52:41.268781296,Pacific,84.93653012298188,72.19507472172037,10.917877357500984,3.9075085796753135,3.42605,0.3126006863740251,0.0,3.738650686374025,0.0016118062342878,1.1415469648528764,0.0898828680285418,0.4519125,1.6849541391157064,-2.053696547258318,3000,-24.98664132497621,Low,158.15
34116.0,0.202,1243.6,431.1,10480.3,400.0,18920.0,2592.1,100.0,4.7,7.95,18.777567750555672,seawater,SE0293,2022-03-10 11:10:43.071786304,Mediterranean,78.24545044948759,65.9114894015589,26.217219390375828,4.067521154492081,3.4116,0.3254016923593664,0.0,3.7370016923593674,0.004226110896851,0.9341380049182344,0.0852433292430361,0.4410045,1.4646119450581216,-2.272389747301245,3000,-27.647408592165142,Low,158.15
36274.4,0.205,1318.5,350.0,10432.8,386.8,18800.0,2618.3,150.0,4.0,7.93,27.24913606863255,seawater,SE0294,2022-01-23 03:43:34.357262096,Red_Sea,83.4021489868887,75.57000346193274,18.68536322127342,4.23991644952795,3.62744,0.339193315962236,0.0,3.9666333159622367,0.0030567385693681,1.0556710410164425,0.0793485036350293,0.438492,1.5765682832208396,-2.390065032741397,3000,-29.07912456502033,Low,158.15
35535.5,0.211,1400.0,450.0,10666.9,355.9,19164.2,2881.3,117.7,5.0,7.5,21.46223857352947,seawater,SE0295,2020-10-09 17:42:34.257095156,Persian_Gulf,79.794385076819,62.88535597728295,16.823601092007117,4.389995339091705,3.55355,0.3511996271273364,0.0,3.904749627127337,0.0028327243046699,1.0724365354324472,0.0848952305693319,0.4474665,1.6076309903064492,-2.297118636820888,3000,-27.94827674798746,Low,158.15
33960.6,0.189,1400.0,396.2,11000.0,358.5,20000.0,2900.0,113.1,4.8,8.0,22.306048477116445,seawater,SE0296,2022-09-06 19:59:35.959933216,Mediterranean,78.74171731918852,63.18107931857583,22.15053724350677,3.618168520447152,3.39606,0.2894534816357721,0.0,3.685513481635772,0.0033407883281401,1.0582886807698937,0.0750970308780592,0.465,1.6017264999760932,-2.083786981659679,3000,-25.35274161019276,Low,158.15
36349.4,0.165,1400.0,433.5,11000.0,400.0,20000.0,2549.0,137.8,4.3,7.52,21.39893989496605,seawater,SE0297,2023-08-09 04:38:51.886477456,Red_Sea,75.80513280871722,61.797197285128064,24.03798687737947,4.110775199336182,3.63494,0.3288620159468945,0.0,3.963802015946895,0.0031650817321445,1.0188209849491594,0.080367255069309,0.465,1.567353321750613,-2.3964486941962817,3000,-29.15679244605476,Low,158.15
35460.9,0.174,1400.0,350.0,10000.0,361.1,19826.3,2900.0,100.0,4.1,7.5,19.371725160997077,seawater,SE0298,2021-03-24 11:32:21.235392320,Persian_Gulf,77.65187029002009,77.33965205660417,14.024026936888133,3.1120093952970938,3.5460900000000004,0.2489607516237675,0.0,3.795050751623768,0.0019472641882407,1.04364113669787,0.0812066346594343,0.4473945,1.574189535545545,-2.220861216078223,3000,-27.020478128951712,Low,158.15
36219.3,0.206,1400.0,350.0,10811.0,356.9,19657.6,2500.0,104.7,4.4,7.7,24.793543191076694,seawater,SE0299,2022-03-15 08:10:25.041736224,Atlantic,76.99591261588856,72.35181443583016,13.708624828094631,3.0862949981581203,3.62193,0.2469035998526496,0.0,3.8688335998526497,0.0022535334182408,1.0348250655575424,0.0759694051576216,0.457029,1.570077004133405,-2.298756595719245,3000,-27.96820524791748,Low,158.15
35944.4,0.145,1359.3,440.9,11000.0,400.0,19627.8,2500.0,121.4,4.8,7.62,17.627486564758822,seawater,SE0300,2023-12-01 18:01:48.180300496,Mediterranean,82.92374368029763,75.44328040886575,29.16301495519763,3.187196987979235,3.5944400000000005,0.2549757590383388,0.0,3.8494157590383393,0.0033744524604659,1.0820951499324345,0.0997888269968067,0.459417,1.644675429389707,-2.204740329648632,3000,-26.82434067739169,Low,158.15
33756.5,0.181,1377.8,418.8,10693.4,386.8,19066.3,2518.2,140.6,4.5,7.73,29.734037832559352,seawater,SE0301,2020-04-12 08:53:41.368948246,Mediterranean,72.32037022558279,81.98252616473397,21.79328612769139,3.672853646746144,3.3756500000000003,0.2938282917396915,0.0,3.669478291739692,0.0031477786617114,0.9565728585293564,0.1030028458733717,0.4463954999999999,1.5091189830644396,-2.160359308675252,3000,-26.284371588882237,Low,158.15
34159.7,0.158,1244.9,354.9,11000.0,361.2,19322.0,2500.0,130.0,4.4,7.5,25.275014680166876,seawater,SE0302,2023-08-23 19:37:57.796327200,Red_Sea,71.85272737375612,78.50821211888396,17.802329545885364,3.3169221577481247,3.41597,0.26535377261985,0.0,3.6813237726198498,0.0022445889184634,0.8587148189528544,0.0835876934429757,0.45483,1.3993771013142935,-2.281946671305556,3000,-27.763684500884267,Low,158.15
36120.9,0.171,1218.2,356.5,11000.0,384.3,20000.0,2500.0,125.0,4.5,8.09,27.1121748645072,seawater,SE0303,2022-01-06 02:14:37.462437392,Pacific,83.20025988416921,71.54307295416727,26.02883389339013,3.430387412906724,3.61209,0.2744309930325379,0.0,3.886520993032538,0.0035518426154242,0.9730037432725914,0.0765153165244818,0.465,1.5180709024124976,-2.3684500906200405,3000,-28.816142769210494,Low,158.15
35915.6,0.208,1299.7,450.0,11000.0,359.5,18834.5,2792.6,121.6,4.2,8.14,22.669056940268884,seawater,SE0304,2023-06-19 00:12:01.202003328,Atlantic,80.92596139757761,84.60889970985566,20.503179175558344,3.971820260268454,3.59156,0.3177456208214763,0.0,3.909305620821476,0.0034031996922758,1.0097229314729437,0.1142220146083051,0.4475175,1.5748656457735246,-2.3344399750479514,3000,-28.40235302975008,Low,158.15
34968.6,0.176,1283.0,350.0,10624.7,400.0,20000.0,2667.2,128.0,4.3,7.5,23.163980328941257,seawater,SE0305,2021-05-17 02:29:02.904841400,Pacific,78.60400193485316,71.40640252854934,14.833256207491628,3.5377832682042687,3.49686,0.2830226614563415,0.0,3.779882661456341,0.0020833011678297,0.9681497710311994,0.0749767226549768,0.4593705,1.504580294854006,-2.2753023666023355,3000,-27.682845460328416,Low,158.15
35176.0,0.171,1254.7,450.0,11000.0,400.0,19206.8,2785.9,124.0,4.0,8.09,26.43781952583664,seawater,SE0306,2020-12-09 16:08:48.881469112,Mediterranean,73.04885768815807,62.81126683083833,14.134706112831475,3.836057336577033,3.5176000000000003,0.3068845869261626,0.0,3.8244845869261623,0.0019287937267447,0.8798822567167864,0.0847952102216317,0.4531019999999999,1.4197082606651628,-2.404776326261,3000,-29.258111969508832,Low,158.15
36916.5,0.129,1369.6,355.0,10572.4,390.6,20000.0,2848.1,100.0,5.0,7.56,19.179746837970875,seawater,SE0307,2022-01-13 09:44:10.417362264,Pacific,78.22054223738623,84.8163686813179,17.937185323396434,3.618605635104888,3.69165,0.2894884508083911,0.0,3.981138450808391,0.001846489731561,1.028456204623912,0.0903294326456035,0.458586,1.5792181270010763,-2.401920323807315,3000,-29.223363939655663,Low,158.15
34112.6,0.192,1395.5,431.9,10512.0,387.2,18800.0,2763.1,120.9,4.6,8.06,23.21004782793332,seawater,SE0308,2022-07-24 23:02:18.230383968,Persian_Gulf,85.79463526640023,60.57051825037118,27.19791720519759,3.2534538832797293,3.41126,0.2602763106623783,0.0,3.671536310662378,0.0041671560825115,1.1493735697369107,0.0784812204970059,0.43968,1.6717019463164284,-1.9998343643459495,3000,-24.33131809954239,Low,158.15
35820.6,0.189,1308.8,383.6,10324.3,400.0,19751.5,2841.6,100.0,4.1,7.78,20.70193243060773,seawater,SE0309,2023-07-18 06:10:13.021702832,Atlantic,87.79242471578513,73.7470889871938,11.228958320885178,3.111029985383841,3.58206,0.2488823988307072,0.0,3.8309423988307074,0.0016935739518725,1.103066164492988,0.0848681500064626,0.451137,1.640764888451323,-2.1901775103793844,3000,-26.64715970961584,Low,158.15
34696.7,0.235,1400.0,430.2,11000.0,380.0,18957.9,2696.1,121.6,5.0,7.81,20.547155947044928,seawater,SE0310,2023-01-31 01:50:35.058430704,Pacific,84.0515313992844,67.72738721749273,14.370520015095265,3.354347242964832,3.46967,0.2683477794371866,0.0,3.7380177794371865,0.0026949036184308,1.1296525820063823,0.0874089659428961,0.4493685,1.6691249515677091,-2.0688928278694774,3000,-25.171529405745307,Low,158.15
34673.5,0.161,1200.0,372.8,10090.8,356.4,18800.0,2500.0,110.4,4.5,7.74,15.0,seawater,SE0311,2020-07-13 23:47:58.797996660,Persian_Gulf,71.19824351761761,72.58880377542462,27.863036377051827,3.0865507042365667,3.46735,0.2469240563389253,0.0,3.7142740563389256,0.0035797871876508,0.820203765322955,0.0811833181424349,0.433362,1.3383288706530407,-2.375945185685885,3000,-28.9073330925116,Low,158.15
36648.2,0.177,1280.6,391.9,11000.0,389.0,19531.1,2900.0,150.0,4.0,8.16,30.0,seawater,SE0312,2023-07-15 19:40:22.036727872,Red_Sea,83.40819553202238,73.96782381486304,12.43469137938501,3.9279179398347104,3.66482,0.3142334351867768,0.0,3.979053435186777,0.0017563504185726,1.025400337903755,0.0869639704591344,0.4579665,1.5720871587814622,-2.4069662764053144,3000,-29.28475636293133,Low,158.15
36238.1,0.177,1228.3,402.0,10749.9,400.0,20000.0,2592.2,119.2,4.9,7.5,21.567306234231157,seawater,SE0313,2023-04-21 12:15:37.562604336,Pacific,74.8197117909259,66.00239740696219,22.592514365283368,4.193576402199151,3.62381,0.335486112175932,0.0,3.959296112175932,0.0031911022840388,0.8822500991308251,0.0795988912727963,0.4612485,1.4262885926876605,-2.533007519488272,3000,-30.81825815377397,Low,158.15
36220.3,0.217,1200.0,350.0,10000.0,359.7,18893.0,2522.9,100.0,4.7,7.98,30.0,seawater,SE0314,2020-07-16 10:17:49.782971618,Atlantic,76.3050248605281,73.92146889343155,14.270227362420504,3.509611152356101,3.622030000000001,0.2807688921884881,0.0,3.9027988921884886,0.0024711181914409,0.8790338863932836,0.0776175423381031,0.433395,1.3925175469228277,-2.510281345265661,3000,-30.541756367398875,Low,158.15
36958.2,0.167,1291.7,437.0,10683.8,372.8,18800.0,2674.4,117.3,4.7,8.13,30.0,seawater,SE0315,2020-01-10 17:59:23.939899833,Persian_Gulf,73.9174641591997,78.90152780013844,22.117336950237767,3.5806665830285374,3.69582,0.286453326642283,0.0,3.9822733266422823,0.0029474890260103,0.9166002091626072,0.1034399029459814,0.442257,1.4652446011345992,-2.5170287255076835,3000,-30.62384949367681,Low,158.15
35031.5,0.178,1287.8,374.3,10000.0,388.3,19344.9,2527.4,130.4,4.3,8.01,18.570001467417534,seawater,SE0316,2021-10-22 12:49:16.928213688,Pacific,85.51511581240409,66.66274593109996,17.662083336884642,4.22428659413896,3.50315,0.3379429275311167,0.0,3.841092927531117,0.0025087929655044,1.0572131149748545,0.0748555974060321,0.4401735,1.574751005346391,-2.266341922184726,3000,-27.57382671991417,Low,158.15
36022.9,0.188,1400.0,388.6,10812.8,378.9,19347.5,2626.5,150.0,4.7,8.5,19.55794382163577,seawater,SE0317,2020-08-07 08:46:28.647746244,Red_Sea,82.97204245274558,69.58565333284767,12.033537928619838,3.3339193685603403,3.6022900000000004,0.2667135494848272,0.0,3.869003549484828,0.0018053194942032,1.1151442505649007,0.0811229546554338,0.4524045,1.650477024714538,-2.2185265247702897,3000,-26.992072718038525,Low,158.15
34534.6,0.176,1363.1,350.3,10942.6,360.4,19729.0,2778.8,108.2,4.4,7.64,30.0,seawater,SE0318,2022-11-09 04:55:41.569282128,Pacific,82.23670109198362,66.70606732910144,21.64950135108213,3.1787403977923114,3.45346,0.2542992318233849,0.0,3.707759231823385,0.0030406291657567,1.0761297336814355,0.0701014061561527,0.460074,1.6093457690033453,-2.09841346282004,3000,-25.530697130977156,Low,158.15
35486.2,0.157,1200.0,350.0,10203.8,400.0,19969.8,2779.7,100.0,4.8,8.09,30.0,seawater,SE0319,2023-12-18 19:30:45.075125200,Persian_Gulf,83.35945219338552,80.51399327470506,23.66085494169172,3.7516771759966296,3.54862,0.3001341740797303,0.0,3.84875417407973,0.0029643738722247,0.9603008892678012,0.0845396929384403,0.452604,1.5004089560784664,-2.348345218001264,3000,-28.571533485682043,Low,158.15
34804.8,0.176,1400.0,390.4,10561.8,400.0,19364.4,2530.4,136.3,4.0,7.77,24.84240743335948,seawater,SE0320,2022-04-16 00:38:27.846410672,Pacific,74.73544522807806,78.12455648023992,23.605452379316056,3.969285254299856,3.4804800000000005,0.3175428203439885,0.0,3.7980228203439887,0.0033153385757701,1.0044443838653692,0.091499480549657,0.448893,1.5481522029907964,-2.249870617353192,3000,-27.37342584446384,Low,158.15
35145.5,0.202,1400.0,450.0,11000.0,383.9,20000.0,2612.5,100.0,4.3,8.17,26.286865532086747,seawater,SE0321,2020-01-18 01:28:56.894824707,Atlantic,78.89288828650723,81.77991093046018,22.740688181454196,3.899481637569719,3.5145500000000003,0.3119585310055775,0.0,3.8265085310055778,0.0036657079720976,1.0603204185706572,0.1104028797561212,0.465,1.639389006298876,-2.1871195247067017,3000,-26.60995421726487,Low,158.15
35892.7,0.139,1358.2,439.2,10247.1,361.9,19534.5,2900.0,111.3,5.0,7.8,21.845767985264057,seawater,SE0322,2022-02-14 02:12:13.222036720,Mediterranean,82.66507443097979,64.25124732254149,20.00449561871092,4.070809567911272,3.58927,0.3256647654329017,0.0,3.9149347654329016,0.0022189386630186,1.0778467592847047,0.0846574434721806,0.446724,1.6114471414199043,-2.3034876240129973,3000,-28.025766092158133,Low,158.15
33772.7,0.174,1277.4,399.0,10000.0,350.0,19192.1,2809.3,114.8,4.1,7.68,27.1617635710017,seawater,SE0323,2021-07-24 08:24:50.484140232,Persian_Gulf,82.73188055236601,61.83949095399379,20.389452337186512,3.085126773259536,3.37727,0.2468101418607628,0.0,3.6240801418607616,0.002831116235923,1.0145443604888866,0.0740218706719305,0.4378815,1.5292788473967402,-2.0948012944640224,3000,-25.48674908264561,Low,158.15
37000.0,0.149,1204.1,386.9,11000.0,385.2,18800.0,2900.0,118.6,4.2,8.19,21.414090496387644,seawater,SE0324,2021-03-14 17:32:57.295492488,Persian_Gulf,85.83703725510262,62.98458759646683,22.712802196159192,3.6423024191375593,3.7,0.2913841935310047,0.0,3.991384193531005,0.0027005976067277,0.9922212149651428,0.073106210823219,0.447,1.5150280233950897,-2.476356170135916,3000,-30.12900006998697,Low,158.15
33491.0,0.206,1262.8,401.1,11000.0,400.0,19242.4,2900.0,133.8,4.3,7.65,15.0,seawater,SE0325,2021-03-12 07:03:06.310517528,Persian_Gulf,75.7420793337622,64.0254583206059,23.80518723493282,3.35785578591854,3.3491,0.2686284628734832,0.0,3.617728462873483,0.0039132871191761,0.9182121387136792,0.077041833997185,0.453636,1.4528032598300404,-2.1649252030434427,3000,-26.33992330369522,Low,158.15
33178.7,0.124,1400.0,427.4,10501.8,389.5,19198.2,2900.0,106.3,4.0,7.5,18.392221067444744,seawater,SE0326,2021-12-24 21:45:22.537562600,Persian_Gulf,85.40672243393645,73.32706651687006,23.097534776627704,4.138681889319036,3.31787,0.3310945511455229,0.0,3.6489645511455215,0.0022855472612168,1.147866349512106,0.0940199646879307,0.4455,1.6896718614612536,-1.9592926896842688,3000,-23.83806105782527,Low,158.15
36737.2,0.153,1400.0,350.0,11000.0,380.0,19976.2,2500.0,114.5,4.0,7.64,25.105463739252937,seawater,SE0327,2020-01-01 00:00:00.000000000,Pacific,78.80368961233872,84.27280175906913,21.738911298269034,4.309095726090524,3.67372,0.3447276580872419,0.0,4.018447658087242,0.0026541906360508,1.0591215883898322,0.0884864418470225,0.464643,1.6149052208729056,-2.403542437214336,3000,-29.243099652774426,Low,158.15
36187.5,0.181,1400.0,450.0,11000.0,368.2,19677.5,2862.8,119.7,4.4,7.99,19.34466382248706,seawater,SE0328,2023-03-15 22:47:52.787979968,Atlantic,83.4034538411787,68.93088541541955,13.116779696082368,3.422003611209622,3.61875,0.2737602888967698,0.0,3.89251028889677,0.0018945614257427,1.1209424196254418,0.0930566953108164,0.4601625,1.676056176362001,-2.216454112534769,3000,-26.966858369173025,Low,158.15
35936.2,0.217,1251.1,435.8,10128.8,358.2,18800.0,2699.4,123.0,4.6,8.22,24.66361267543233,seawater,SE0329,2021-12-15 03:45:58.597662768,Red_Sea,79.11438760130574,83.96270673400512,14.212330769857235,3.1428271186041123,3.59362,0.2514261694883289,0.0,3.845046169488329,0.002461092470093,0.9502080991487386,0.1097728427840382,0.433932,1.49637403440287,-2.348672135085459,3000,-28.57551097687308,Low,158.15
35942.5,0.168,1200.0,435.9,10257.3,396.7,19503.4,2599.8,122.0,4.5,7.83,19.626694802835686,seawater,SE0330,2021-12-12 17:16:07.612687808,Atlantic,88.97220339581887,60.95501987472949,15.204480420706968,3.380141942987095,3.59425,0.2704113554389676,0.0,3.864661355438968,0.0020383734631216,1.0249597831198334,0.0797108794901837,0.4464104999999999,1.553119536073139,-2.311541819365829,3000,-28.123758802284254,Low,158.15
34981.6,0.153,1314.1,421.9,11000.0,398.3,19802.9,2743.6,128.7,4.4,8.2,21.088230387490032,seawater,SE0331,2023-05-25 15:13:31.352253744,Persian_Gulf,73.58604529483289,83.17180507036646,28.393233141750045,3.1560127335883794,3.49816,0.2524810186870703,0.0,3.7506410186870704,0.0034666434072088,0.928314452370623,0.1052705536775628,0.4620435,1.4990951494553948,-2.251545869231676,3000,-27.393808075652053,Low,158.15
33654.1,0.226,1200.0,401.0,11000.0,350.0,20000.0,2899.0,136.9,4.5,7.5,29.26582653206596,seawater,SE0332,2023-10-18 21:04:30.450751248,Pacific,83.50010177164714,64.52881518262429,25.18790183593933,3.4836332491701807,3.36541,0.2786906599336144,0.0,3.644100659933615,0.0045425877203079,0.961921172409375,0.077628164664697,0.465,1.50909192479438,-2.135008735139235,3000,-25.97593961086069,Low,158.15
35113.7,0.127,1332.3,433.6,10781.4,400.0,19932.5,2810.2,127.9,5.0,7.67,26.23740273820052,seawater,SE0333,2022-12-25 12:22:50.283806336,Pacific,81.53070001536318,82.81187464298372,21.057336390737564,3.8072978674827382,3.51137,0.3045838293986191,0.0,3.815953829398619,0.0021340768138556,1.0427841756524965,0.1077216865355932,0.4607085,1.613348439001945,-2.2026053903966742,3000,-26.79836558315954,Low,158.15
33984.3,0.104,1285.2,429.6,10060.1,391.5,19856.5,2534.3,129.1,4.4,7.71,24.951677893433263,seawater,SE0334,2021-09-30 14:20:38.063439064,Persian_Gulf,73.4546208189549,61.40568575288653,15.041138570880936,4.46052143159731,3.3984300000000003,0.3568417145277848,0.0,3.755271714527785,0.0012482941722745,0.9062772352946,0.0791396477983201,0.448749,1.4354141772651947,-2.3198575372625903,3000,-28.22493337002817,Low,158.15
36462.7,0.183,1253.4,382.3,11000.0,400.0,19436.1,2858.5,100.0,4.2,7.77,29.394819865353256,seawater,SE0335,2023-12-28 13:30:09.015025040,Pacific,71.32012671623336,83.70548618737581,12.217830464883424,3.599055381527038,3.64627,0.287924430522163,0.0,3.934194430522163,0.0017842186541087,0.8581694095308182,0.0960018221083013,0.4565415,1.4124969502932283,-2.5216974802289345,3000,-30.680652676118704,Low,158.15
34779.4,0.155,1200.0,371.3,10234.5,353.2,19633.0,2582.5,121.0,4.4,7.83,27.403042966736734,seawater,SE0336,2021-11-06 03:48:22.838063432,Persian_Gulf,85.98288777943327,65.01995660797152,27.97518451959949,3.330059885781932,3.4779400000000003,0.2664047908625545,0.0,3.744344790862555,0.0034602505732292,0.9905228672190712,0.0724257296656194,0.4480125,1.5144213474579202,-2.2299234434046347,3000,-27.13073522808972,Low,158.15
33761.8,0.139,1351.4,405.1,10332.4,352.7,20000.0,2753.3,129.6,4.8,8.01,30.0,seawater,SE0337,2022-02-21 09:41:46.176961600,Atlantic,73.1490266729253,67.56785150182901,27.85332031645834,3.2502026105562525,3.3761800000000006,0.2600162088445002,0.0,3.636196208844501,0.0030895459961421,0.9489945085995962,0.0821152099301728,0.454986,1.4891852645259114,-2.1470109443185894,3000,-26.121966489209505,Low,158.15
34517.9,0.191,1246.7,450.0,10671.2,377.0,18800.0,2649.3,134.6,5.0,7.67,22.700703688424294,seawater,SE0338,2021-11-15 21:47:46.777963272,Mediterranean,73.73013365571552,72.27355860257396,12.213911913913831,3.259559649208014,3.4517900000000004,0.2607647719366411,0.0,3.7125547719366416,0.0018616200260949,0.8824258332343732,0.0975693041134748,0.442068,1.423924757373943,-2.2886300145626985,3000,-27.84499851051283,Low,158.15
35619.4,0.177,1200.0,350.0,11000.0,390.1,19190.3,2666.2,106.2,4.2,7.84,22.85182510736246,seawater,SE0339,2020-08-19 13:15:43.572621032,Pacific,89.56868447978079,69.51802203088688,25.94433332192992,3.2888965248921886,3.5619400000000003,0.2631117219913751,0.0,3.8250517219913753,0.0036645333043893,1.0318312452070748,0.0729939231324312,0.4528545,1.5613442016438954,-2.26370752034748,3000,-27.54177483089434,Low,158.15
34154.4,0.153,1200.0,350.0,10927.0,400.0,18936.5,2863.2,106.8,4.5,7.79,18.494453668043278,seawater,SE0340,2023-03-01 07:48:46.878130208,Persian_Gulf,84.34521702953262,76.68819923157875,18.932901386198253,4.143400533806171,3.4154400000000003,0.3314720427044936,0.0,3.7469120427044937,0.0023115936618464,0.9716569001802158,0.0805226091931577,0.4479525,1.50244360303522,-2.244468439669274,3000,-27.30769934930949,Low,158.15
33766.7,0.132,1297.2,408.2,10707.4,394.1,19627.5,2502.0,108.5,4.7,7.52,22.8550964131379,seawater,SE0341,2020-08-31 17:44:58.497495824,Persian_Gulf,75.00973683202444,84.37019418125193,16.479338656610803,3.0915415671486297,3.37667,0.2473233253718904,0.0,3.6239933253718895,0.0017358676167327,0.9341052539376204,0.1033197397943611,0.4550235,1.4941843613487142,-2.129808964023176,3000,-25.91267572894864,Low,158.15
35365.5,0.196,1400.0,402.5,10731.6,375.1,20000.0,2900.0,130.7,4.0,7.77,29.82384947151223,seawater,SE0342,2023-09-05 00:07:12.721202000,Pacific,81.81897920303203,75.16066227012352,24.782090724174143,4.496104060414552,3.53655,0.3596883248331641,0.0,3.896238324833164,0.0038761172459866,1.0996470804887504,0.0907564996911741,0.460974,1.655253697425911,-2.2409846274072533,3000,-27.26531296678825,Low,158.15
35367.4,0.19,1400.0,408.7,10521.8,359.5,19041.8,2500.0,140.7,4.5,7.76,30.0,seawater,SE0343,2022-08-03 17:01:42.170283808,Red_Sea,80.68223676805027,78.03713523591372,22.28659082121461,3.784029586749392,3.5367400000000004,0.3027223669399513,0.0,3.839462366939952,0.0033790929003125,1.0843692621625955,0.0956813315127538,0.443454,1.626883686575662,-2.21257868036429,3000,-26.919707277765525,Low,158.15
34239.6,0.167,1254.3,412.2,10779.1,400.0,18800.0,2590.5,111.9,4.0,7.75,29.80152584043334,seawater,SE0344,2022-09-19 00:28:50.884808000,Persian_Gulf,86.88946535027695,62.20013125764254,25.600602151866745,3.8164078414512383,3.42396,0.3053126273160991,0.0,3.729272627316099,0.0034116898463706,1.0462603813329827,0.0769166823132007,0.4436865,1.5702752534925544,-2.158997373823545,3000,-26.2678013815198,Low,158.15
34293.4,0.225,1239.8,388.8,10000.0,360.7,19152.7,2784.0,138.2,4.0,7.81,16.02904066725282,seawater,SE0345,2020-12-26 17:37:45.776293820,Pacific,84.58641495665249,75.69531072675014,11.48657721265874,3.536345818049407,3.4293400000000003,0.2829076654439525,0.0,3.712247665443953,0.0020624149385328,1.0067542777272744,0.0882910104316813,0.4372905,1.5343982030974888,-2.1778494623464644,3000,-26.497168458548654,Low,158.15
35348.1,0.138,1346.9,450.0,10351.7,400.0,19948.1,2826.9,122.5,4.7,7.82,30.0,seawater,SE0346,2023-03-03 18:18:37.863105168,Persian_Gulf,86.63442250986371,71.34624442616033,16.37174039914913,4.03538303911818,3.53481,0.3228306431294544,0.0,3.857640643129455,0.0018029215397158,1.1202038753139405,0.0963174299753164,0.454497,1.6728212268289726,-2.184819416300482,3000,-26.5819695649892,Low,158.15
33000.0,0.124,1200.2,350.0,10620.7,374.3,19722.6,2689.9,117.5,4.3,7.67,15.807406883639649,seawater,SE0347,2023-08-26 06:07:48.781302160,Red_Sea,74.23013175954725,82.1445589479907,16.386337008334714,3.7071845113211968,3.3000000000000003,0.2965747609056957,0.0,3.596574760905696,0.0016214608196487,0.8552736397229628,0.0862517868953902,0.4551495,1.398296387438002,-2.1982783734676943,3000,-26.74572021052361,Low,158.15
33000.0,0.149,1330.2,358.6,10000.0,400.0,19656.9,2698.5,115.8,4.6,8.18,29.490586620611737,seawater,SE0348,2023-12-04 04:31:39.165275456,Mediterranean,82.80438408734011,69.70527749107755,16.59506184575531,3.493591927446825,3.3000000000000003,0.279487354195746,0.0,3.5794873541957464,0.0019731860435839,1.0574053604446063,0.0749889375249012,0.4448535,1.5792209840130915,-2.000266370182654,3000,-24.33657417055563,Low,158.15
33922.3,0.169,1376.6,394.8,10693.2,393.6,19232.0,2792.1,134.9,4.5,7.5,23.161077367144724,seawater,SE0349,2023-05-23 04:43:40.367278784,Red_Sea,70.8048171683676,76.98635360124797,20.049597452876107,3.397707605562064,3.3922300000000005,0.2718166084449651,0.0,3.664046608444965,0.0027039288116897,0.9357111486141584,0.091182637205318,0.448878,1.4784757146311662,-2.185570893813799,3000,-26.591112541401223,Low,158.15
34679.8,0.177,1400.0,350.0,10397.8,377.3,18800.0,2663.8,126.5,4.0,7.58,28.51266656966928,seawater,SE0350,2021-07-12 03:55:35.559265440,Atlantic,71.3788122455844,65.70384320647698,15.660276061618948,4.388476810399889,3.4679800000000003,0.3510781448319911,0.0,3.819058144831992,0.0022119513525994,0.9593312365806544,0.0689890353668008,0.437967,1.468499223300055,-2.3505589215319365,3000,-28.59846687863856,Low,158.15
35466.4,0.163,1290.0,391.2,11000.0,369.6,19709.2,2900.0,150.0,4.5,8.5,18.33775826052717,seawater,SE0351,2022-07-03 00:33:39.365609344,Pacific,84.27054065409195,66.4843133381049,18.887672201750394,3.4364842725786304,3.5466400000000005,0.2749187418062904,0.0,3.821558741806291,0.0024567950739704,1.043606375460275,0.0780259901335999,0.460638,1.5847271606678457,-2.2368315811384454,3000,-27.214784237184418,Low,158.15
37000.0,0.181,1279.6,450.0,11000.0,373.2,18899.4,2877.9,103.0,4.0,7.5,30.0,seawater,SE0352,2022-08-01 06:31:51.185308848,Red_Sea,70.48840205287863,69.40306077305684,17.355551862308317,3.654589889144763,3.7,0.292367191131581,0.0,3.992367191131581,0.002506801199888,0.8658908089618894,0.0936941320436267,0.448491,1.4105827422054042,-2.581784448926177,3000,-31.411710795268487,Low,158.15
36286.5,0.132,1212.2,401.0,10267.1,388.6,20000.0,2884.6,130.4,5.0,7.5,17.675126269475555,seawater,SE0353,2022-03-25 02:09:48.981636056,Mediterranean,81.59530017801018,67.60158843766257,24.705920960410225,3.5255121031747025,3.62865,0.2820409682539762,0.0,3.9106909682539768,0.0026024228902857,0.9495342996075258,0.081324710890508,0.4540065,1.4874679333883196,-2.423223034865657,3000,-29.482546924198832,Low,158.15
34760.1,0.213,1217.3,411.5,10424.6,381.5,19742.3,2516.8,109.4,4.0,8.02,21.657725445734112,seawater,SE0354,2022-12-23 01:52:59.298831376,Persian_Gulf,86.8081019688906,66.34697098475188,22.070015913501003,3.129268241142054,3.47601,0.2503414592913643,0.0,3.726351459291364,0.0037513288848814,1.0144464242566131,0.0819053356806762,0.4525035,1.552606588822171,-2.1737448704691933,3000,-26.447229257375188,Low,158.15
34971.5,0.168,1277.4,350.0,10463.0,368.1,19051.6,2694.1,102.6,4.4,7.5,20.009526861154825,seawater,SE0355,2022-09-14 03:29:08.914858096,Pacific,77.59883616836058,61.24171764752023,23.072588646346308,3.278901591723401,3.49715,0.262312127337872,0.0,3.759462127337872,0.0030932035242837,0.9515976318860526,0.0643038035298962,0.442719,1.4617136389402328,-2.297748488397639,3000,-27.95593994217128,Low,158.15
33496.2,0.204,1336.7,369.2,10274.2,376.7,19033.2,2649.9,119.8,4.0,7.73,16.228575735887503,seawater,SE0356,2023-12-16 09:00:54.090150240,Red_Sea,70.89680873679825,80.91865829381148,14.21167788165289,3.284252962989573,3.34962,0.2627402370391658,0.0,3.612360237039166,0.00231354746571,0.9097705366893908,0.0896255059262256,0.439611,1.4413205900813264,-2.17103964695784,3000,-26.414315704653717,Low,158.15
34972.2,0.18,1391.4,381.2,10597.5,381.6,19344.2,2508.9,122.7,4.8,8.44,25.47263783794234,seawater,SE0357,2021-07-29 05:24:32.454090144,Mediterranean,84.27694899257453,61.607538272282106,16.51004330653779,4.040474271584483,3.49722,0.3232379417267586,0.0,3.820457941726759,0.002371502620551,1.1257242895513746,0.0704543807681818,0.4491255,1.6476756729401076,-2.172782268786651,3000,-26.43551760357092,Low,158.15
34567.0,0.184,1219.7,384.1,10120.9,350.0,19256.3,2782.0,150.0,4.3,7.5,30.0,seawater,SE0358,2020-10-02 10:13:01.302170284,Red_Sea,88.59372904928301,82.1841378900742,10.423308952241486,3.609878114948714,3.4567,0.2887902491958971,0.0,3.745490249195897,0.0015304753000755,1.0373546046855409,0.0947007820907325,0.4406579999999999,1.5742438620763486,-2.1712463871195484,3000,-26.41683104328784,Low,158.15
35484.1,0.187,1400.0,450.0,10000.0,389.2,20000.0,2602.5,116.3,4.2,7.5,30.0,seawater,SE0359,2021-07-07 06:55:53.589315520,Atlantic,84.34342784116535,63.13663472670151,12.167494145863396,4.172951344605988,3.54841,0.333836107568479,0.0,3.882246107568479,0.0018157064814106,1.1335756701852624,0.085234456881047,0.45,1.67062583354772,-2.211620274020759,3000,-26.908046667252567,Low,158.15
33759.2,0.183,1272.9,427.9,10811.4,360.4,19511.8,2841.1,100.0,4.9,7.5,25.48577893543124,seawater,SE0360,2021-09-11 02:21:50.183639392,Pacific,81.56894486005551,61.63154342656647,15.301084639777748,4.063426386501235,3.37592,0.3250741109200988,0.0,3.7009941109200986,0.0022344785942853,0.9967594551587008,0.0791164122966833,0.454848,1.5329583460496694,-2.168035764870429,3000,-26.37776847259022,Low,158.15
35779.0,0.189,1297.9,350.0,10814.8,356.9,18961.0,2500.0,125.5,4.5,8.07,30.0,seawater,SE0361,2023-10-23 18:04:12.420701168,Persian_Gulf,74.6005765975812,74.07511909951742,11.30927442604042,3.2880746495940567,3.5779,0.2630459719675245,0.0,3.8409459719675247,0.0017056873874842,0.929511248313606,0.0777788750544933,0.446637,1.4556328107555836,-2.385313161211941,3000,-29.02131012807862,Low,158.15
37000.0,0.21,1225.3,412.3,10097.8,350.0,20000.0,2900.0,100.0,4.8,8.14,26.160473189642687,seawater,SE0362,2022-07-29 20:02:00.200333888,Mediterranean,70.30751248088994,72.56104481436805,22.05264800709405,3.844375380180151,3.7,0.3075500304144121,0.0,4.0075500304144125,0.0036955827530288,0.8270188324112107,0.0897507563308918,0.451467,1.3719321714951314,-2.6356178589192814,3000,-32.06668395018459,Low,158.15
34836.9,0.176,1200.0,424.9,10947.7,350.0,19429.6,2530.7,118.2,4.0,7.65,27.494415973841065,seawater,SE0363,2020-04-14 19:23:32.353923204,Red_Sea,83.89344216958106,72.28086422079713,29.962602318476502,4.114363269073204,3.48369,0.3291490615258563,0.0,3.8128390615258567,0.0042081875704253,0.966452453793574,0.0921364176222501,0.4556595,1.518456558986249,-2.2943825025396074,3000,-27.91498711423189,Low,158.15
35602.6,0.191,1388.4,450.0,10184.2,352.9,19861.3,2753.9,120.3,4.0,8.0,23.289256744363804,seawater,SE0364,2020-01-08 07:29:32.954924874,Pacific,74.62052351688585,74.36260818753495,12.01630428130777,3.949564385213584,3.56026,0.3159651508170867,0.0,3.876225150817087,0.0018315010659483,0.9945900945681057,0.1003895210531721,0.4506825,1.547493616687226,-2.3287315341298607,3000,-28.3329003319133,Low,158.15
36035.2,0.167,1373.7,450.0,10626.6,365.8,19035.1,2868.4,135.9,4.6,8.22,25.97538462711301,seawater,SE0365,2020-03-26 07:24:44.474123539,Red_Sea,87.16325354364716,67.17641515297889,26.4246042533853,3.900024762131972,3.60352,0.3120019809705577,0.0,3.9155219809705577,0.0035215013104316,1.149467149371918,0.0906881604565214,0.4449254999999999,1.688602311138871,-2.2269196698316867,3000,-27.09418931628552,Low,158.15
34398.2,0.213,1271.9,350.0,10910.2,400.0,19617.9,2595.9,139.5,4.3,8.34,27.687393523032146,seawater,SE0366,2021-07-19 11:25:08.514190312,Pacific,79.32728237665222,76.57373183574028,12.376324945302944,4.109416331101152,3.43982,0.3287533064880922,0.0,3.768573306488092,0.0021036534562529,0.968605156366694,0.0804024184275272,0.4579215,1.5090327282504743,-2.259540578237617,3000,-27.491077035224343,Low,158.15
35336.1,0.15,1306.7,359.5,10483.2,369.5,19586.7,2880.5,109.9,4.8,7.73,22.107701355618342,seawater,SE0367,2023-04-14 04:46:04.607679456,Atlantic,80.61271164744912,72.56005549267958,23.39828037592872,3.0851711088844604,3.53361,0.2468136887107568,0.0,3.7804236887107567,0.0028007741609986,1.0112316509733288,0.0782560198488549,0.4510484999999999,1.5433369449831824,-2.2370867437275743,3000,-27.21788871535215,Low,158.15
35018.9,0.224,1351.6,350.0,10727.4,383.6,18800.0,2500.0,117.0,4.5,7.5,24.61252850053506,seawater,SE0368,2022-12-10 21:23:44.373956592,Red_Sea,85.07873088532733,68.36858667393314,22.863152061180344,4.097132921042149,3.5018900000000004,0.3277706336833719,0.0,3.829660633683373,0.0040868341572401,1.1039271615802408,0.0717870160076298,0.442911,1.6227120117451108,-2.206948621938261,3000,-26.85120823358218,Low,158.15
35146.5,0.169,1200.0,388.3,10241.8,388.0,20000.0,2900.0,104.7,4.6,7.55,24.70784940501256,seawater,SE0369,2020-10-19 11:41:58.196994992,Atlantic,85.58861215606686,80.6625166745182,28.054338696223983,3.4089828947301424,3.51465,0.2727186315784114,0.0,3.787368631578412,0.0037834642252501,0.9859808120378902,0.0939637656741462,0.4536269999999999,1.5373550419372866,-2.2500135896411253,3000,-27.37516534063369,Low,158.15
33840.5,0.127,1247.1,423.3,10401.8,382.6,20000.0,2712.8,100.0,4.0,7.67,29.132016586652625,seawater,SE0370,2023-06-11 16:42:28.247078464,Mediterranean,82.85301666161136,78.19302740816775,12.278912273610247,3.857808381764032,3.38405,0.3086246705411225,0.0,3.692674670541123,0.0012444186432813,0.9919295719554768,0.0992973255056322,0.4560269999999999,1.5484983161043904,-2.1441763544367323,3000,-26.087478978980243,Low,158.15
35036.8,0.174,1379.4,449.4,10397.1,378.5,19161.7,2590.7,126.2,5.0,7.72,19.6698391418616,seawater,SE0371,2023-03-08 15:18:19.833055088,Atlantic,88.76863630825486,69.84025854861555,16.308889321637956,3.3634574920447613,3.503680000000001,0.2690765993635809,0.0,3.7727565993635817,0.002264521900088,1.1754955864666248,0.0941586365752435,0.443382,1.7153007449419566,-2.057455854421625,3000,-25.03237956212977,Low,158.15
35747.0,0.15,1200.0,396.2,10126.7,356.1,18800.0,2650.2,100.0,4.4,7.74,24.742288956961744,seawater,SE0372,2023-04-11 18:16:13.622704496,Pacific,89.64596872640838,81.19044463072183,11.815595207093716,4.258226358310257,3.5747,0.3406581086648205,0.0,3.9153581086648206,0.0014143267462891,1.0327215597282244,0.0965029624880759,0.4339005,1.5645393489625896,-2.350818759702231,3000,-28.60162824304381,Low,158.15
37000.0,0.195,1329.4,384.0,10411.6,400.0,19608.5,2871.8,111.7,4.8,8.14,30.0,seawater,SE0373,2022-09-23 21:28:32.854757920,Mediterranean,88.93770888749233,83.00645625279435,18.14766651608868,3.720839031451134,3.7,0.2976671225160907,0.0,3.997667122516091,0.0028239583865685,1.1350443858723105,0.095623437603219,0.4503014999999999,1.683793281862098,-2.3138738406539927,3000,-28.152131727956917,Low,158.15
36438.9,0.15,1200.0,407.6,10000.0,400.0,19452.0,2593.1,100.1,4.1,8.18,30.0,seawater,SE0374,2022-04-28 05:07:42.771285472,Red_Sea,86.48358370687887,73.42165667710907,28.2318634711489,3.964411818037475,3.64389,0.317152945442998,0.0,3.9610429454429994,0.0033793540574965,0.9962908843032448,0.0897800017847689,0.44178,1.5312302401455105,-2.429812705297488,3000,-29.562721247786104,Low,158.15
37000.0,0.157,1346.6,358.2,10254.4,350.0,19613.4,2560.1,131.0,4.7,7.75,30.0,seawater,SE0375,2022-03-27 12:39:39.966611016,Red_Sea,84.11250440488503,65.37381125392302,25.630463021237123,4.191123065215092,3.7,0.3352898452172074,0.0,4.035289845217208,0.0032111381900787,1.0873526249435346,0.0702506975734656,0.448017,1.608831460707079,-2.426458384510129,3000,-29.52191034487324,Low,158.15
33849.0,0.113,1296.4,450.0,10357.6,359.5,19514.9,2665.7,150.0,4.0,8.13,25.12215920089017,seawater,SE0376,2023-03-13 12:18:01.803005008,Pacific,83.26651715763334,82.89480391367468,24.458002008906384,4.342972882607047,3.3849,0.3474378306085637,0.0,3.732337830608564,0.0022054758731511,1.0362884432942965,0.1119079852834608,0.4480875,1.5984894044509084,-2.133848426157656,3000,-25.96182251825147,Low,158.15
36308.5,0.156,1200.0,350.0,10371.9,374.4,19703.7,2500.0,100.0,4.7,7.91,26.604987818430114,seawater,SE0377,2023-08-14 01:38:33.856427376,Persian_Gulf,72.07500353841068,64.73699050238793,20.66055009725404,4.098093145604011,3.63085,0.3278474516483209,0.0,3.958697451648321,0.0025719905605069,0.8303040407624912,0.0679738400275073,0.451134,1.3519838713505057,-2.606713580297815,3000,-31.715015226956755,Low,158.15
35275.0,0.1,1400.0,409.2,10379.3,360.7,20000.0,2900.0,100.0,4.3,7.82,30.0,seawater,SE0378,2023-08-11 15:08:42.871452416,Persian_Gulf,75.42968693638225,61.21058066043173,27.66971484671046,3.2231528642856087,3.5275000000000003,0.2578522291428487,0.0,3.785352229142849,0.0022080432447674,1.0137749924249777,0.0751421088187459,0.4556894999999999,1.546814644488491,-2.2385375846543583,3000,-27.23554061329469,Low,158.15
37000.0,0.122,1226.5,450.0,10469.1,390.1,19740.9,2596.7,117.5,4.5,8.07,30.0,seawater,SE0379,2023-06-14 03:12:19.232053408,Red_Sea,70.11376447058754,68.18717522182827,18.988835964826567,4.28179855437868,3.7,0.3425438843502944,0.0,4.042543884350295,0.0018486771141916,0.825547508382486,0.0920526865494681,0.45315,1.372598872046146,-2.6699450123041486,3000,-32.48433098303381,Low,158.15
33787.6,0.193,1219.0,400.3,10739.7,365.4,18800.0,2876.3,120.3,4.8,7.82,15.241985435585567,seawater,SE0380,2020-04-24 13:22:56.293823038,Pacific,72.74819740467984,78.174158611526,12.993713342012764,3.9278668737982594,3.37876,0.3142293499038607,0.0,3.692989349903861,0.0020012137666567,0.8513285053085253,0.0938793470765815,0.4430955,1.3903045661517637,-2.302684783752097,3000,-28.01599820231718,Low,158.15
33740.4,0.194,1320.1,390.5,10937.3,400.0,20000.0,2751.9,124.4,4.0,8.42,18.42279346475077,seawater,SE0381,2020-11-15 07:10:19.031719532,Persian_Gulf,78.78458954338376,83.08185215883873,26.751704462415585,3.9141746375704094,3.3740400000000004,0.3131339710056328,0.0,3.687173971005633,0.0041414848712354,0.9984339518997206,0.0973303898040795,0.4640594999999999,1.5639653265750355,-2.1232086444305978,3000,-25.83237184057227,Low,158.15
34100.9,0.183,1400.0,382.1,10175.1,400.0,20000.0,2513.1,111.1,4.2,7.5,30.0,seawater,SE0382,2020-09-10 11:44:22.437395656,Atlantic,72.93073101578146,75.93214117036099,15.592766561034535,4.382010839707382,3.4100900000000003,0.3505608671765906,0.0,3.760650867176591,0.0022770740719741,0.9801890248521028,0.0870410134235848,0.4526265,1.522133612347662,-2.2385172548289294,3000,-27.235293267085307,Low,158.15
33000.0,0.141,1200.0,391.0,10000.0,384.3,20000.0,2708.8,116.0,4.7,7.65,23.61555322115598,seawater,SE0383,2020-05-14 01:21:44.173622704,Red_Sea,88.03326829353516,83.7959636741665,11.07267082048896,3.3732473334988247,3.3000000000000003,0.2698597866799059,0.0,3.569859786679906,0.0012458747753797,1.014143250741525,0.0982926653897972,0.45,1.563681790906702,-2.0061779957732044,3000,-24.40849894857399,Low,158.15
34211.4,0.169,1306.2,450.0,10000.0,400.0,18800.0,2866.8,127.4,5.0,7.76,21.641396053709613,seawater,SE0384,2022-05-17 17:06:30.651085136,Atlantic,86.11398370670564,62.30927098189741,12.520760613375828,3.35938142774105,3.4211400000000003,0.268750514219284,0.0,3.689890514219284,0.001688574817841,1.0798280209699096,0.0841175158255615,0.432,1.597634111613312,-2.092256402605972,3000,-25.455786231706,Low,158.15
33861.3,0.17,1342.9,350.0,10256.4,400.0,19545.7,2672.3,140.8,4.4,7.93,18.72919506502198,seawater,SE0385,2022-03-22 15:39:57.996661096,Pacific,71.43223824179036,61.5188432397005,22.181178323882964,3.769790332042443,3.3861300000000005,0.3015832265633954,0.0,3.687713226563396,0.0030090986514179,0.9208929862550428,0.0645947854016855,0.4470314999999999,1.435528370308146,-2.25218485625525,3000,-27.401582417772207,Low,158.15
35225.6,0.135,1369.3,450.0,10324.0,368.7,18800.0,2900.0,100.0,4.8,8.18,22.22491649227945,seawater,SE0386,2020-02-06 13:27:44.774624374,Atlantic,74.97827430934532,75.1047987685916,22.14163927842345,4.126294599802298,3.52256,0.3301035679841839,0.0,3.852663567984184,0.0023853187994645,0.9856104097131508,0.1013914783375986,0.4368599999999999,1.5262472068502142,-2.32641636113397,3000,-28.304732393796638,Low,158.15
35512.6,0.215,1317.6,350.0,10115.0,363.7,19731.9,2900.0,112.6,4.4,7.79,17.988153582880877,seawater,SE0387,2022-07-20 02:02:36.260434048,Persian_Gulf,86.38143769223018,84.15290806231887,15.20366342164069,3.670861062342764,3.55126,0.2936688849874211,0.0,3.844928884987421,0.0026084925332508,1.0926353501115118,0.0883605534654348,0.4477035,1.6313078961101974,-2.213620988877224,3000,-26.93238869800622,Low,158.15
37000.0,0.196,1263.3,386.7,10000.0,381.6,19071.1,2893.8,124.3,5.0,7.5,30.0,seawater,SE0388,2020-06-14 17:49:46.978297160,Persian_Gulf,86.06092253119746,72.5680327238681,24.543602958919585,3.950837084838604,3.7,0.3160669667870883,0.0,4.016066966787088,0.0038388158515986,1.0437193289631528,0.0841861747629593,0.4360665,1.5678108195777107,-2.4482561472093773,3000,-29.78711645771409,Low,158.15
36425.6,0.163,1217.2,378.5,10271.9,397.2,20000.0,2618.1,101.6,4.0,8.05,24.88781974009713,seawater,SE0389,2020-06-22 01:19:19.933222036,Mediterranean,88.90901100235578,61.28788064848263,25.47280310799069,3.6787870863340784,3.64256,0.2943029669067262,0.0,3.9368629669067263,0.0033133493914687,1.0389124626438475,0.069592388476352,0.4540785,1.5658967005116686,-2.3709662663950577,3000,-28.84675624113987,Low,158.15
34134.6,0.171,1308.6,429.4,10590.7,382.8,18935.2,2500.0,150.0,4.5,8.03,24.710247291186413,seawater,SE0390,2020-04-29 10:22:38.263772954,Red_Sea,89.95095523234721,65.53046640193641,28.41005252267237,3.915580770730453,3.41346,0.3132464616584362,0.0,3.726706461658437,0.0038767789471388,1.1300142721636757,0.0844163468189744,0.4428885,1.661195897929789,-2.0655105637286475,3000,-25.13037852536521,Low,158.15
33652.4,0.176,1200.0,350.0,10797.5,350.0,18800.0,2587.3,107.3,4.0,7.5,27.94038337583916,seawater,SE0391,2022-10-25 13:56:35.659432384,Pacific,89.52540126482243,66.11982266039426,21.698749973564738,4.233393453920566,3.3652400000000005,0.3386714763136453,0.0,3.7039114763136456,0.0030475460362872,1.0313326225707544,0.0694258137934139,0.4439625,1.5477684824004558,-2.15614299391319,3000,-26.233073092610475,Low,158.15
35737.9,0.109,1200.0,423.1,10221.3,363.9,19117.2,2749.2,119.2,4.0,7.8,29.81172584633285,seawater,SE0392,2022-02-16 12:42:04.207011680,Red_Sea,78.20275971442882,68.44642822842376,25.588467282951456,3.270715044136385,3.57379,0.2616572035309107,0.0,3.835447203530911,0.0022257360612056,0.90089579191022,0.0868790513503382,0.4400775,1.430078079321764,-2.4053691242091477,3000,-29.265324344544624,Low,158.15
33019.7,0.163,1343.7,450.0,10293.5,378.5,18800.0,2819.2,131.1,4.6,7.5,29.7294407827732,seawater,SE0393,2023-04-16 15:15:55.592654416,Atlantic,75.00656887604065,61.09008458965532,25.061993595432675,4.043067801008976,3.30197,0.3234454240807181,0.0,3.625415424080718,0.0032599137549323,0.9675487353478638,0.0824716141960346,0.4364024999999999,1.4896827632988308,-2.135732660781887,3000,-25.984747372846297,Low,158.15
37000.0,0.15,1390.4,350.0,10036.7,378.5,19850.7,2500.0,108.2,4.6,7.6,30.0,seawater,SE0394,2023-12-23 16:30:27.045075120,Pacific,85.16820380854125,82.6223175124479,15.156180969343858,4.181138609007275,3.7,0.334491088720582,0.0,4.034491088720582,0.0018141948620304,1.1368115575237994,0.0867534333880703,0.4483109999999999,1.6736901857739002,-2.360800902946682,3000,-28.72307765251797,Low,158.15
36769.2,0.14,1200.0,409.5,10484.3,400.0,18800.0,2708.4,100.0,4.4,7.53,21.84577224604572,seawater,SE0395,2023-01-01 19:52:23.238731216,Pacific,75.98545785488062,72.88909861803738,16.204518558753186,3.6706671112226736,3.67692,0.2936533688978139,0.0,3.970573368897814,0.0018103688133839,0.8753524744882247,0.0895442576522589,0.4392645,1.4059716009538676,-2.5646017679439463,3000,-31.20265484331801,Low,158.15
34296.2,0.162,1200.0,366.9,10075.8,352.3,19417.1,2741.6,111.4,4.4,8.04,23.51066597521569,seawater,SE0396,2023-02-02 12:20:26.043405664,Persian_Gulf,86.12800720262659,76.77326982385273,19.56964791505743,3.484850365601781,3.42962,0.2787880292481425,0.0,3.7084080292481434,0.0025298858038669,0.9921946429742584,0.0845043380951146,0.4423934999999999,1.5216223668732398,-2.186785662374903,3000,-26.60589222556132,Low,158.15
33000.0,0.224,1361.9,421.3,10786.6,390.1,18800.0,2654.5,140.6,5.0,7.84,28.84515827721138,seawater,SE0397,2021-05-26 20:28:26.844741232,Atlantic,80.67909460795849,61.679320922375226,10.38077935058497,3.020316485886603,3.3000000000000003,0.2416253188709282,0.0,3.541625318870929,0.0018555850704757,1.0548178458871555,0.07795649371379,0.443799,1.5784289246714214,-1.9631963941995072,3000,-23.88555612942734,Low,158.15
37000.0,0.189,1400.0,401.0,10000.0,400.0,19207.8,2900.0,113.3,4.4,7.5,22.3630546918019,seawater,SE0398,2020-11-05 13:10:55.091819696,Persian_Gulf,85.87854550469908,61.35288669509124,15.947955463154472,4.195657533501141,3.7,0.3356526026800913,0.0,4.035652602680091,0.0024053025388638,1.1542076515831554,0.0738075226941947,0.438117,1.6685374768162142,-2.367115125863877,3000,-28.799900698010504,Low,158.15
34828.2,0.153,1302.1,367.9,10320.2,400.0,20000.0,2794.4,103.1,4.8,8.06,24.97446683986388,seawater,SE0399,2023-07-06 01:40:58.096828032,Persian_Gulf,75.5175975943402,74.66169430101368,19.47765746688476,3.491907988553982,3.48282,0.2793526390843185,0.0,3.7621726390843184,0.0023781051107618,0.9439820527448676,0.0824041120000288,0.454803,1.483567269855658,-2.2786053692286603,3000,-27.72303199228203,Low,158.15
36856.7,0.187,1227.2,424.4,10650.6,371.9,19616.4,2900.0,138.5,4.2,7.5,26.993818822124076,seawater,SE0400,2021-10-07 21:50:11.018363936,Mediterranean,80.16054631107642,82.1824002626052,12.161385905622875,3.535964204112076,3.68567,0.282877136328966,0.0,3.968547136328966,0.0018147949731524,0.9443810153563488,0.1046346320143489,0.454005,1.50483544234385,-2.463711693985116,3000,-29.97515894348557,Low,158.15
33000.0,0.212,1281.7,450.0,10591.9,389.8,18881.9,2666.8,113.4,4.6,7.9,28.92592541155188,seawater,SE0401,2023-01-14 00:21:38.163606000,Persian_Gulf,81.28047587204364,73.21205002398868,12.52551775550251,3.5040092446482185,3.3000000000000003,0.2803207395718575,0.0,3.580320739571858,0.0021190169918048,1.000100984881904,0.0988362675323847,0.4421070000000001,1.5431632694060935,-2.037157470165764,3000,-24.7854158870168,Low,158.15
34100.9,0.198,1400.0,390.5,11000.0,391.4,19381.3,2897.5,109.8,4.4,7.56,16.111595188148996,seawater,SE0402,2020-02-04 02:57:53.789649415,Red_Sea,88.86216135440264,81.94547931425178,19.264734714746822,3.748108996218507,3.4100900000000003,0.2998487196974805,0.0,3.709938719697481,0.0030439051438688,1.1943074486031715,0.0959991290166459,0.4557195,1.7490699827636864,-1.9608687369337945,3000,-23.85723629936117,Low,158.15
35007.9,0.172,1235.4,436.0,10674.9,383.9,19410.8,2900.0,123.0,4.3,7.69,28.573728249444727,seawater,SE0403,2021-06-20 05:26:56.694490816,Pacific,75.33195153660834,80.27478182638099,24.619300631718623,4.053749359828616,3.5007900000000003,0.3242999487862892,0.0,3.8250899487862897,0.0033791467275071,0.8934248921119292,0.1049994146289063,0.4512854999999999,1.4530889534683429,-2.372000995317947,3000,-28.85934544303502,Low,158.15
35070.5,0.151,1220.1,350.0,10000.0,378.0,19683.6,2900.0,135.4,5.0,7.95,23.831379710741373,seawater,SE0404,2021-06-05 14:27:50.784641064,Persian_Gulf,88.7337647856979,61.89634464487302,26.67497861841366,4.157794696500766,3.50705,0.3326235757200613,0.0,3.839673575720061,0.0032142815735616,1.0393350375842878,0.0649911618771166,0.445254,1.552794481034966,-2.286879094685095,3000,-27.823695652001994,Low,158.15
34324.9,0.191,1251.7,352.2,10452.3,388.7,18800.0,2500.0,150.0,5.0,7.96,28.537288554321904,seawater,SE0405,2022-06-23 06:34:15.425709504,Red_Sea,86.09717830931432,65.04893685964225,20.92627795009497,3.5888560806047374,3.4324900000000005,0.287108486448379,0.0,3.7195984864483793,0.0031895414325975,1.0345712456617795,0.068730706685898,0.4387844999999999,1.5452759937802751,-2.174322492668104,3000,-26.4542569941286,Low,158.15
35934.3,0.182,1204.7,423.6,10000.0,350.0,19755.5,2659.3,136.5,4.6,8.2,28.884658461774144,seawater,SE0406,2023-11-24 10:32:15.225375616,Atlantic,84.61788108173391,76.44276672888356,19.494979750934625,3.9946530525677537,3.593430000000001,0.3195722442054203,0.0,3.913002244205421,0.0028313728791067,0.9786159488559826,0.0971434679590652,0.4463324999999999,1.5249232896941545,-2.3880789545112666,3000,-29.05496061322041,Low,158.15
33398.6,0.197,1312.3,450.0,10459.7,393.6,18800.0,2641.0,143.2,4.0,7.78,30.0,seawater,SE0407,2023-10-09 03:05:06.510851408,Pacific,85.73740538370251,71.08753456375103,17.685611369195104,4.081026375406973,3.33986,0.3264821100325578,0.0,3.6663421100325575,0.0027802842209056,1.0801266920163148,0.0959681716610638,0.4388955,1.6177706478982845,-2.048571462134273,3000,-24.924286122633653,Low,158.15
34786.4,0.189,1400.0,417.8,10083.5,382.5,19022.1,2807.9,109.9,4.3,7.89,30.0,seawater,SE0408,2023-11-29 07:31:57.195325536,Atlantic,82.10850091760113,67.26749534117302,13.858979848752124,3.4453759975160723,3.4786400000000004,0.2756300798012858,0.0,3.754270079801286,0.0020902390587484,1.103538252332559,0.0843130786606262,0.4365839999999999,1.6265255700519337,-2.1277445097493524,3000,-25.88755820195045,Low,158.15
35180.4,0.201,1332.3,384.3,10957.7,375.6,19107.0,2847.3,100.0,5.0,7.67,30.0,seawater,SE0409,2020-07-18 20:47:40.767946576,Red_Sea,74.88160020924971,70.46584640119949,12.931240056287294,3.14493220430564,3.5180400000000005,0.2515945763444512,0.0,3.769634576344452,0.0020741450425483,0.9577416572043204,0.0812400743159429,0.4509705,1.4920263765628117,-2.27760819978164,3000,-27.710899764009955,Low,158.15
35771.7,0.154,1274.8,400.0,10225.2,400.0,19780.0,2542.2,121.2,4.4,7.85,30.0,seawater,SE0410,2020-03-31 04:24:26.444073455,Atlantic,73.78989937679705,71.12999115676585,25.83792903323616,4.341998580966694,3.57717,0.3473598864773355,0.0,3.9245298864773352,0.0031752747747524,0.9030466917651924,0.085355989388119,0.450078,1.441655955928064,-2.482873930549271,3000,-30.208299488349468,Low,158.15
36067.4,0.21,1270.8,350.0,10441.6,366.5,19413.6,2723.6,122.1,5.0,7.93,26.45689492407973,seawater,SE0411,2021-05-29 06:58:17.829716192,Atlantic,87.32682871700781,82.76380627053992,19.300132644246723,4.015673957672389,3.60674,0.3212539166137911,0.0,3.927993916613792,0.0032343162285228,1.065359365762306,0.0869019965840669,0.4478279999999999,1.6033236785748957,-2.3246702380388955,3000,-28.283487896139896,Low,158.15
33313.0,0.176,1200.0,430.2,10182.2,371.9,18800.0,2500.0,100.0,5.0,7.77,25.1609254351842,seawater,SE0412,2020-08-04 22:16:37.662771284,Atlantic,84.50278805191667,62.586457092623824,25.80640490959509,3.972165613314437,3.3313,0.317773249065155,0.0,3.649073249065155,0.0036244579567428,0.97347211835808,0.0807740815237403,0.434733,1.492603657838563,-2.156469591226592,3000,-26.237046693256872,Low,158.15
33000.0,0.232,1388.3,444.1,11000.0,400.0,18809.0,2900.0,116.5,4.6,7.5,29.364085415891672,seawater,SE0413,2020-10-04 20:42:52.287145240,Persian_Gulf,74.26408565521898,66.99326867019037,24.081660718012596,3.088353772817967,3.3000000000000003,0.2470683018254373,0.0,3.547068301825438,0.0044583823386899,0.9897679691053488,0.0892551318492946,0.447135,1.5306164832933336,-2.0164518185321043,3000,-24.533497125473936,Low,158.15
36916.5,0.149,1292.2,377.4,10339.4,363.4,19519.2,2607.5,128.0,4.1,7.9,28.66040475716511,seawater,SE0414,2020-03-11 16:25:38.564273789,Persian_Gulf,82.30186731748803,73.43912041456785,13.877918287667576,4.226809586255889,3.69165,0.3381447669004712,0.0,4.029794766900471,0.0016501122402402,1.0209645402975172,0.0831477721333737,0.447879,1.553641424671131,-2.47615334222934,3000,-30.126532330456968,Low,158.15
35498.5,0.222,1282.0,376.5,11000.0,369.0,19352.6,2721.2,127.2,4.0,7.91,23.4546688163087,seawater,SE0415,2022-10-01 04:58:05.809682800,Persian_Gulf,78.95092962828448,77.4571731657648,20.206145284224515,3.84908123412908,3.54985,0.3079264987303264,0.0,3.857776498730327,0.003579639873972,0.9716648811212228,0.0874878770907313,0.455289,1.518021398085926,-2.3397551006444006,3000,-28.46702039117354,Low,158.15
33877.3,0.176,1400.0,413.3,10907.1,377.1,19052.5,2648.1,130.1,4.8,7.6,27.02411704404134,seawater,SE0416,2022-10-15 19:57:11.719532544,Pacific,73.17310339926188,75.7659322239811,18.88033260845361,4.271826625976349,3.3877300000000004,0.3417461300781079,0.0,3.729476130078108,0.002651704954192,0.9834465096860796,0.0939421793645141,0.449394,1.529434394004786,-2.2000417360733224,3000,-26.76717445555876,Low,158.15
37000.0,0.15,1329.9,378.2,10741.0,396.8,19111.5,2900.0,125.8,4.1,7.5,24.82451766607703,seawater,SE0417,2020-09-25 02:43:28.347245408,Red_Sea,80.63714218714328,83.54106844343487,18.477470121813937,4.461841775605143,3.7,0.3569473420484114,0.0,4.056947342048412,0.0022117531735811,1.0294976197889456,0.0947856962559211,0.4477875,1.574282569218448,-2.482664772829964,3000,-30.20575473609789,Low,158.15
35173.5,0.155,1224.8,396.7,10684.4,384.2,19817.7,2500.0,109.9,4.6,8.24,20.73033545769972,seawater,SE0418,2021-11-08 14:18:13.823038392,Persian_Gulf,75.63038184932834,79.89022312048684,20.85142098407628,4.435650481320363,3.51735,0.354852038505629,0.0,3.872202038505629,0.0025791122615203,0.8892680802149506,0.0950773545356913,0.4575315,1.4444560470121623,-2.4277459914934667,3000,-29.537576229837185,Low,158.15
36768.9,0.16,1257.4,450.0,10696.9,354.1,19089.4,2706.7,109.7,4.0,7.95,30.0,seawater,SE0419,2023-10-06 16:35:15.525876448,Atlantic,71.92488248315144,73.92692104936076,29.64163802150876,4.284134019585311,3.67689,0.3427307215668249,0.0,4.019620721566825,0.0037846443425862,0.8682081334494204,0.099801343416637,0.4467945000000001,1.4185886212086438,-2.601032100358181,3000,-31.64589055435787,Low,158.15
35101.3,0.183,1400.0,387.6,10000.0,369.4,19347.1,2688.8,100.0,4.4,7.73,25.275996212650448,seawater,SE0420,2022-02-06 18:42:40.267111848,Atlantic,79.33916597090821,65.36706729183769,26.258011953414908,3.0164210607470534,3.5101300000000006,0.2413136848597643,0.0,3.751443684859765,0.0038345625176049,1.0663183906490064,0.0760088258469488,0.4402065,1.5863682790135605,-2.1650754058462045,3000,-26.341750771128822,Low,158.15
37000.0,0.186,1311.3,382.1,10360.6,367.9,20000.0,2619.3,150.0,4.5,7.5,30.0,seawater,SE0421,2021-07-17 00:55:17.529215352,Atlantic,81.80217104187123,71.27185578505599,28.074248632607837,4.328590812355435,3.7,0.3462872649884347,0.0,4.046287264988435,0.0041670045760407,1.0297649941171751,0.0816989282864096,0.4554089999999999,1.5710399269796254,-2.47524733800881,3000,-30.11550927910719,Low,158.15
37000.0,0.153,1200.0,367.6,10922.6,378.5,18800.0,2900.0,120.3,4.6,7.55,16.872538649000838,seawater,SE0422,2022-04-23 08:08:00.801335552,Atlantic,70.93812820762301,77.33455610486193,10.592791663520751,3.1125934707414684,3.7,0.2490074776593174,0.0,3.949007477659318,0.0012933163053659,0.8172072369518171,0.0852845484724417,0.4458389999999999,1.3496241017296249,-2.599383375929693,3000,-31.625831073811263,Low,158.15
34626.6,0.169,1391.9,437.2,10475.6,388.5,18800.0,2532.5,115.5,4.0,8.19,22.216106135783168,seawater,SE0423,2020-02-01 16:28:02.804674457,Mediterranean,78.04185498821994,80.94905437090212,12.80672733585012,4.276790955265151,3.46266,0.342143276421212,0.0,3.804803276421212,0.0017271408619674,1.042813996397792,0.1061727797128752,0.4391339999999999,1.5898479169726347,-2.2149553594485774,3000,-26.94862353995769,Low,158.15
36457.4,0.234,1233.2,390.9,10000.0,388.4,19870.2,2864.4,101.4,5.0,7.84,25.16319418345436,seawater,SE0424,2022-12-06 00:24:02.404006672,Pacific,75.15323839673371,83.99340561055968,11.69527320449127,3.4202611029174355,3.64574,0.2736208882333948,0.0,3.919360888233396,0.002183881756021,0.8897181464721795,0.0984990667595033,0.448053,1.4384540949877038,-2.4809067932456914,3000,-30.184365984489247,Low,158.15
35968.1,0.222,1400.0,367.5,10473.8,350.0,18992.8,2781.3,150.0,4.2,7.63,30.0,seawater,SE0425,2020-03-28 17:54:35.459098497,Red_Sea,70.61301181414464,75.13631915344794,15.264620101305532,3.915102507800051,3.59681,0.3132082006240041,0.0,3.910018200624004,0.0027042190386668,0.949038878782104,0.0828377918666763,0.441999,1.4765798896874471,-2.433438310936557,3000,-29.60683278306144,Low,158.15
37000.0,0.183,1400.0,450.0,11000.0,400.0,19209.1,2900.0,100.0,4.0,7.95,26.997346863010925,seawater,SE0426,2023-05-08 13:44:34.457429040,Red_Sea,72.51325099223011,73.1729841826108,18.83784983933301,3.0571023467248195,3.7,0.2445681877379855,0.0,3.944568187737986,0.0027509665634371,0.9745780933355728,0.0987835286465245,0.4531365,1.5292490885455343,-2.415319099192452,3000,-29.38638237350816,Low,158.15
33552.6,0.171,1255.3,450.0,11000.0,385.1,18931.3,2576.6,111.4,4.4,7.56,26.55236377090376,seawater,SE0427,2023-10-31 01:33:45.375626032,Persian_Gulf,72.78068317636755,60.44229807802871,22.84106495311779,4.1567725441773415,3.35526,0.3325418035341873,0.0,3.687801803534187,0.0031168460413725,0.877071279276424,0.0815971024053387,0.4489694999999999,1.4107547277231354,-2.277047075811052,3000,-27.70407275570113,Low,158.15
36029.1,0.174,1400.0,370.0,10469.0,400.0,19244.1,2563.4,128.3,4.5,8.25,19.363681037229263,seawater,SE0428,2021-01-20 02:36:15.626043404,Mediterranean,73.65748496235942,61.8024767287545,20.01662532573204,3.167559183349457,3.60291,0.2534047346679566,0.0,3.856314734667957,0.0027793484597285,0.9899565978941108,0.0686007491689175,0.4456964999999999,1.5070331955227567,-2.3492815391452,3000,-28.582925392933262,Low,158.15
36587.6,0.188,1306.8,350.0,10975.7,388.9,20000.0,2900.0,132.0,4.6,8.21,19.215293013852644,seawater,SE0429,2020-12-19 10:08:12.821368948,Red_Sea,86.06755142875842,63.902624940935006,28.063678298262797,3.616032257513658,3.65876,0.2892825806010926,0.0,3.9480425806010926,0.0042102252730185,1.0797415315881744,0.0670977561879817,0.4646355,1.615685013049175,-2.332357567551918,3000,-28.377017071881667,Low,158.15
33000.0,0.139,1385.3,450.0,10316.7,400.0,19881.3,2795.1,139.2,5.0,7.66,26.612523301449524,seawater,SE0430,2022-09-11 16:59:17.929883136,Pacific,78.78983732956279,61.3689982797407,28.797119177877278,4.226169003487952,3.3000000000000003,0.3380935202790361,0.0,3.638093520279036,0.0031942340534485,1.047816591865376,0.0828481476776499,0.45297,1.586828973596475,-2.0512645466825616,3000,-24.95705198463784,Low,158.15
33225.1,0.162,1348.5,365.8,10000.0,389.3,19917.3,2500.0,150.0,4.4,7.61,18.17947003090821,seawater,SE0431,2023-12-13 22:31:03.105175280,Atlantic,72.94171984540773,70.02158097012317,13.270419023949175,4.043023494762503,3.32251,0.3234418795810002,0.0,3.645951879581,0.00171554668974,0.9442743284307104,0.0768416829566131,0.4487594999999999,1.4715910580770637,-2.174360821503937,3000,-26.454723328297906,Low,158.15
33000.0,0.12,1215.4,439.5,10037.8,400.0,18800.0,2602.1,130.1,4.4,7.5,22.34061124855336,seawater,SE0432,2021-06-03 03:57:59.799666104,Persian_Gulf,72.00593933855778,68.4219636284718,27.0582584052957,3.0090640452871003,3.3000000000000003,0.240725123622968,0.0,3.5407251236229684,0.0025910988248911,0.8401537792519981,0.09021435904414,0.432567,1.3655262371210295,-2.175198886501939,3000,-26.46491978577359,Low,158.15
34595.9,0.182,1235.6,350.0,11000.0,390.4,18800.0,2787.3,100.0,4.0,7.5,27.50458664542929,seawater,SE0433,2023-06-26 07:41:34.156928208,Pacific,75.95880917458078,75.93385394670982,19.63444408026602,3.6045485018138232,3.4595900000000004,0.2883638801451059,0.0,3.7479538801451056,0.0028516281204415,0.9010051643146754,0.0797305466440453,0.447,1.430587339079162,-2.3173665410659443,3000,-28.194626249635657,Low,158.15
36076.3,0.189,1400.0,444.6,10363.0,378.0,18800.0,2877.6,114.9,4.9,7.5,20.08837863861612,seawater,SE0434,2020-03-23 20:54:53.489148580,Red_Sea,85.96031037408905,73.39162769833507,19.066589426347686,3.062891275446762,3.60763,0.2450313020357409,0.0,3.852661302035741,0.0028756611504606,1.1553065714277566,0.0978897530240393,0.437445,1.6935169856022565,-2.1591443164334847,3000,-26.26958918327406,Low,158.15
37000.0,0.156,1266.5,350.0,10378.3,400.0,18914.4,2574.2,126.2,4.6,7.84,30.0,seawater,SE0435,2022-04-11 03:38:45.876460760,Mediterranean,77.28919695879287,74.89926898469649,25.69878696969136,4.010249791227704,3.7,0.3208199832982163,0.0,4.0208199832982165,0.0031991905922829,0.9397129723037873,0.0786442324339313,0.4393904999999999,1.460946895330001,-2.5598730879682154,3000,-31.145122570279955,Low,158.15
35111.1,0.217,1259.6,436.5,10350.1,397.8,19974.0,2500.0,150.0,4.3,7.7,30.0,seawater,SE0436,2020-01-30 05:58:11.819699499,Persian_Gulf,73.19794720587876,71.79943007344136,11.862810180897531,4.453422737629982,3.51111,0.3562738190103985,0.0,3.8673838190103984,0.0020542353877853,0.885121289285039,0.0940213536811714,0.4548615,1.4360583783539955,-2.4313254406564027,3000,-29.581126194652903,Low,158.15
37000.0,0.133,1204.5,400.7,11000.0,391.5,19710.2,2814.6,100.0,4.0,7.5,17.142900008308498,seawater,SE0437,2023-05-06 03:14:43.472454080,Red_Sea,78.0823236309232,66.94342871385643,27.64986254838293,3.982891893451139,3.7,0.3186313514760911,0.0,4.018631351476091,0.00293459051171,0.9028815246090912,0.0804726956569268,0.460653,1.446941810777728,-2.571689540698362,3000,-31.28888941183008,Low,158.15
33000.0,0.126,1342.4,352.3,11000.0,354.5,19267.1,2500.0,144.1,5.0,7.72,20.338143784090065,seawater,SE0438,2021-08-05 12:54:05.409015024,Persian_Gulf,81.10623114574115,83.82063287366192,23.417267090952294,3.336558646676333,3.3000000000000003,0.2669246917341067,0.0,3.566924691734107,0.002354559371461,1.0452192450244122,0.0885900268841732,0.4540065,1.5901703312800466,-1.9767543604540605,3000,-24.0505113855244,Low,158.15
33000.0,0.177,1400.0,379.6,11000.0,354.2,19386.6,2500.0,123.6,4.0,7.95,15.0,seawater,SE0439,2023-10-28 15:03:54.390651072,Red_Sea,70.59168367276028,62.16022899400348,27.50523215315996,3.53284954809981,3.3000000000000003,0.2826279638479848,0.0,3.582627963847985,0.0038850040207052,0.948752228561898,0.0707880687783711,0.4557989999999999,1.4792243013609745,-2.1034036624870107,3000,-25.5914112269253,Low,158.15
34916.7,0.201,1200.0,434.3,10420.5,385.9,18986.7,2500.0,136.8,4.2,7.96,21.087043187259333,seawater,SE0440,2021-11-03 17:18:31.853088480,Atlantic,82.55283602880345,83.47227498663268,29.88955155415245,4.464975833487701,3.49167,0.3571980666790161,0.0,3.848868066679016,0.0047942242901829,0.9510086710518156,0.1087560270800837,0.441108,1.5056669224220824,-2.3432011442569336,3000,-28.50894725512602,Low,158.15
35576.1,0.221,1302.4,405.3,10647.8,382.9,19522.9,2872.8,118.0,4.7,7.5,28.831942382862,seawater,SE0441,2021-01-10 08:36:51.686143572,Mediterranean,77.90201506029578,67.78095117161837,20.360089047145067,3.336078618048525,3.55761,0.266886289443882,0.0,3.824496289443882,0.0035906645841764,0.9740120103794808,0.0824148585295707,0.4525605,1.512578033493228,-2.311918255950654,3000,-28.128338780732957,Low,158.15
34951.0,0.156,1400.0,429.2,10000.0,367.7,19859.5,2735.7,103.2,4.0,7.76,22.93052528862572,seawater,SE0442,2022-07-12 18:33:03.305509184,Atlantic,70.19451750262388,72.81653613418243,11.86524395817858,3.842293609581664,3.4951000000000003,0.3073834887665331,0.0,3.8024834887665335,0.0014770804898657,0.9434143152352648,0.0937585719263733,0.4478925,1.486542467651504,-2.3159410211150293,3000,-28.17728242356619,Low,158.15
33000.0,0.202,1292.0,450.0,11000.0,382.8,18800.0,2664.9,135.0,4.0,7.5,27.30398621807984,seawater,SE0443,2022-05-05 12:37:15.726210352,Red_Sea,83.47778797892762,62.721058070688656,13.33047725861773,3.600680713022617,3.3000000000000003,0.2880544570418094,0.0,3.58805445704181,0.0021488196121801,1.035391699860235,0.0846734283954296,0.447,1.5692139478678448,-2.018840509173965,3000,-24.56255952828324,Low,158.15
34866.3,0.169,1345.2,350.0,10000.0,400.0,19579.8,2900.0,133.1,4.0,8.07,17.388328408591278,seawater,SE0444,2022-08-18 08:00:48.080133552,Pacific,84.24775271125296,61.77327670927523,16.472364851086198,4.152472946892333,3.4866300000000003,0.3321978357513866,0.0,3.818827835751387,0.0022214960685471,1.0879687386929038,0.064861940544739,0.4436969999999999,1.59874917530619,-2.220078660445197,3000,-27.010957035416567,Low,158.15
33043.3,0.165,1200.0,450.0,10608.4,393.9,19959.5,2837.5,139.4,4.9,8.04,28.989876272909527,seawater,SE0445,2021-11-01 06:48:40.868113520,Atlantic,82.57679577117366,70.73863621796508,12.07105884269419,4.301083907969831,3.3043300000000007,0.3440867126375865,0.0,3.6484167126375873,0.0015893963178175,0.9512846872839208,0.0954971588942528,0.4585185,1.506889742495991,-2.141526970141596,3000,-26.05524480338942,Low,158.15
36004.5,0.197,1342.8,405.2,10000.0,357.2,19150.9,2900.0,119.7,4.2,7.53,22.224453860358253,seawater,SE0446,2023-06-16 13:42:10.217028368,Pacific,76.83860435196844,78.54243440949196,26.3068365227554,3.511255911525445,3.6004500000000004,0.2809004729220356,0.0,3.881350472922036,0.0041355925423962,0.990517228068703,0.0954761832681784,0.4372635,1.5273925038792775,-2.3539579690427583,3000,-28.63982195668689,Low,158.15
35549.9,0.19,1281.3,355.1,10205.6,377.8,19820.4,2500.0,108.0,5.0,7.57,25.06084841141453,seawater,SE0447,2022-10-28 00:26:26.644407344,Red_Sea,80.59209708131922,66.73411943871372,15.93735702065537,3.990594545549074,3.55499,0.3192475636439259,0.0,3.874237563643926,0.0024164220714717,0.9913214783068256,0.0710918574380617,0.45039,1.515219757816359,-2.359017805827567,3000,-28.7013833042354,Low,158.15
33590.2,0.123,1398.6,350.0,10081.4,363.9,20000.0,2703.1,100.0,4.0,7.66,24.53562749303473,seawater,SE0448,2023-09-02 13:37:21.736227040,Mediterranean,77.74315412266871,74.058697223383,29.517723760397303,3.823571546276591,3.35902,0.3058857237021273,0.0,3.664905723702127,0.002897282657978,1.0438231234172588,0.0777616320845521,0.451221,1.575703038159789,-2.089202685542338,3000,-25.418632674098447,Low,158.15
34229.2,0.214,1400.0,390.5,10196.1,372.2,19337.4,2500.0,136.4,4.0,7.5,18.64225739553858,seawater,SE0449,2022-11-01 21:26:08.614357264,Pacific,84.0124346031939,66.96625851307046,24.05182863863711,3.41766673508315,3.42292,0.273413338806652,0.0,3.696333338806652,0.0041073788802773,1.1291271210669258,0.078450971848062,0.4430025,1.6546879717952652,-2.041645367011387,3000,-24.84001863197188,Low,158.15
33411.2,0.211,1400.0,446.1,10230.4,371.7,19636.0,2664.1,128.5,4.2,7.9,19.234578341301088,seawater,SE0450,2021-04-17 20:30:51.085141904,Red_Sea,81.67160372467377,69.71532652232602,13.468607405111152,3.4079112042195026,3.34112,0.2726328963375602,0.0,3.613752896337561,0.0022678171776578,1.0976663540596154,0.0933000214848289,0.447996,1.6412301927221022,-1.9725227036154585,3000,-23.99902622732141,Low,158.15
34906.0,0.151,1358.0,393.6,10225.9,370.4,18957.2,2660.3,100.7,4.6,7.72,29.83897234501713,seawater,SE0451,2023-07-23 03:09:54.991652752,Pacific,71.635982276549,82.66115796184562,19.520852938878804,3.807947471298456,3.4906,0.3046357977038764,0.0,3.7952357977038766,0.002352223737429,0.933903973742914,0.0976062953213473,0.4377465,1.4716089928016904,-2.323626804902186,3000,-28.2707927929766,Low,158.15
36432.7,0.182,1332.6,450.0,10916.7,354.9,19508.8,2835.3,109.2,4.3,8.09,26.99496078750848,seawater,SE0452,2020-12-31 14:37:27.746243736,Atlantic,82.86187116437995,81.39599063737299,19.33768443266642,3.2310043102984496,3.64327,0.258480344823876,0.0,3.901750344823876,0.0028085279362627,1.060048603331066,0.1098845873604535,0.4563824999999999,1.6291242186277823,-2.2726261261960934,3000,-27.650284535385804,Low,158.15
33521.4,0.185,1319.4,350.0,10000.0,377.4,19676.2,2719.1,110.7,4.8,7.5,30.0,seawater,SE0453,2021-01-12 19:06:42.671118528,Red_Sea,83.74476828675603,72.90043858544075,19.85023316667268,4.216214844723707,3.3521400000000003,0.3372971875778965,0.0,3.689437187577897,0.0029304899223958,1.0607313338644409,0.0765454605147128,0.445143,1.5853502843015497,-2.104086903276348,3000,-25.599723989862227,Low,158.15
35756.1,0.178,1264.7,399.4,10610.3,368.8,19516.9,2834.7,100.0,4.0,7.61,26.62329117751259,seawater,SE0454,2020-07-21 07:17:31.752921534,Atlantic,77.414043612294,65.95264068680197,20.713823412858712,3.103507258800603,3.57561,0.2482805807040482,0.0,3.823890580704048,0.0029422743328561,0.939893193182095,0.0790244540709261,0.451908,1.4737679215858772,-2.3501226591181714,3000,-28.593159019271084,Low,158.15
34204.6,0.153,1333.8,350.0,11000.0,350.0,18800.0,2850.7,103.6,4.0,7.5,25.714953174046084,seawater,SE0455,2023-08-04 07:39:09.916527536,Persian_Gulf,87.51571561919408,64.82959781832557,10.623461646354617,3.1418617293124744,3.42046,0.2513489383449979,0.0,3.6718089383449977,0.00129706092625,1.1205932303316584,0.0680710777092418,0.447,1.6369613689671505,-2.034847569377847,3000,-24.75731209409714,Low,158.15
33810.7,0.15,1270.5,418.2,10243.4,400.0,19523.8,2900.0,100.0,4.0,7.5,16.369946906666165,seawater,SE0456,2021-09-20 20:21:14.123539232,Red_Sea,86.86028709689926,83.85218382589285,23.72602251487247,3.5133394633909014,3.38107,0.2810671570712721,0.0,3.662137157071272,0.0028400048950302,1.059417549663461,0.1052009498279651,0.4465079999999999,1.6139665043864564,-2.048170652684816,3000,-24.91940960766525,Low,158.15
34839.5,0.169,1316.8,444.3,10141.0,400.0,20000.0,2646.9,111.8,4.0,7.5,23.648166516194152,seawater,SE0457,2022-05-29 21:35:45.575959936,Pacific,73.50333047799475,65.0679149127672,19.743835505768864,3.1771376372957,3.48395,0.254171010983656,0.0,3.738121010983656,0.002662693143979,0.9291761815048654,0.0867290237872274,0.452115,1.4706828984360718,-2.2674381125475844,3000,-27.58716370266228,Low,158.15
33447.1,0.205,1400.0,379.0,10384.7,372.5,19669.2,2521.8,105.2,4.2,8.1,24.86307839798128,seawater,SE0458,2022-09-21 10:58:41.869782960,Persian_Gulf,88.08532616971738,80.20420777281348,25.81930797737398,3.713550031883239,3.34471,0.2970840025506591,0.0,3.641794002550659,0.0042237805920186,1.1838667837210015,0.0911921842376889,0.4508085,1.7300912485507092,-1.91170275399995,3000,-23.25905017366606,Low,158.15
34169.5,0.186,1200.0,350.0,11000.0,380.4,19977.2,2759.2,100.0,4.3,7.59,30.0,seawater,SE0459,2021-12-22 11:15:31.552587640,Atlantic,78.81744742990155,69.22425523838844,26.30699146520861,3.5995138356628056,3.4169500000000004,0.2879611068530244,0.0,3.7049111068530247,0.0039046941291979,0.9079769943924658,0.0726854680003078,0.464658,1.4492251565219716,-2.255685950331053,3000,-27.444179062361147,Low,158.15
33203.2,0.159,1400.0,409.9,10597.1,356.6,19257.8,2549.5,150.0,4.2,7.84,28.434783160493385,seawater,SE0460,2021-06-15 08:27:14.724540896,Atlantic,84.47499305268587,84.64149618895595,14.610702439834348,4.082714693828576,3.32032,0.3266171755062861,0.0,3.646937175506286,0.001853835146971,1.135343906628098,0.1040836478635591,0.4478235,1.689104889638628,-1.9578322858676576,3000,-23.82029281138984,Low,158.15
37000.0,0.193,1400.0,421.8,10234.4,400.0,19849.9,2900.0,145.1,5.0,7.69,30.0,seawater,SE0461,2022-08-20 18:30:39.065108512,Pacific,86.28194013934473,69.2038935090697,10.968458928535556,4.42950623281458,3.7,0.3543604986251664,0.0,4.054360498625167,0.0016892962334194,1.159629275472793,0.0875706068463768,0.4512645,1.7001536785525897,-2.3542068200725774,3000,-28.642849644216355,Low,158.15
35052.9,0.1,1288.2,420.2,10741.9,400.0,19567.6,2653.4,104.4,5.0,7.5,27.98768852947364,seawater,SE0462,2021-09-13 12:51:41.168614352,Persian_Gulf,80.1022484213938,68.78791562276815,24.06467712224645,4.130337877108689,3.5052900000000005,0.3304270301686951,0.0,3.835717030168696,0.0019203612343552,0.9906020775978192,0.0867140464340615,0.4546425,1.533878985266236,-2.30183804490246,3000,-28.005696212979924,Low,158.15
33950.4,0.204,1200.0,450.0,10000.0,383.1,18829.5,2596.9,125.4,4.3,7.75,21.443483865252603,seawater,SE0463,2020-06-17 04:19:37.963272120,Mediterranean,77.98203878741631,75.93659072194058,29.555255769277487,3.2691729943209067,3.3950400000000003,0.2615338395456725,0.0,3.656573839545673,0.0048113591971922,0.898353086831036,0.1025143974746197,0.4324425,1.438121343502848,-2.2184524960428247,3000,-26.9911720351877,Low,158.15
35321.0,0.118,1239.2,350.0,10840.7,400.0,19591.1,2615.7,128.3,4.0,7.98,25.585621080749256,seawater,SE0464,2020-01-25 08:58:29.849749582,Pacific,88.30902737230197,84.03792016567049,18.93315973161802,4.403281928196605,3.5321,0.3522625542557284,0.0,3.8843625542557287,0.001782822052968,1.0505524485096631,0.088239816173954,0.4564769999999999,1.5970520867365854,-2.287310467519143,3000,-27.828944021482904,Low,158.15
34831.5,0.159,1400.0,434.0,10704.3,383.5,18805.0,2853.7,143.8,4.2,7.5,26.181118231321165,seawater,SE0465,2021-10-12 18:49:52.988313856,Atlantic,74.61707105870846,84.40524014491082,15.192256191871916,3.5882001488296007,3.48315,0.287056011906368,0.0,3.770206011906368,0.001927623850137,1.0028534350290417,0.1098956226686738,0.4426395,1.557316181547853,-2.212889830358516,3000,-26.92349293602861,Low,158.15
34668.5,0.136,1297.7,450.0,10346.1,353.3,19020.3,2678.5,103.6,4.2,8.04,20.30422215114659,seawater,SE0466,2022-11-04 07:55:59.599332208,Red_Sea,75.13940155438289,77.68015366167464,13.13343789166962,3.7112840413903694,3.46685,0.2969027233112296,0.0,3.76375272331123,0.0014253457475071,0.9360806534123778,0.1048682074432607,0.440496,1.4828702066031456,-2.2808825167080844,3000,-27.750737286615024,Low,158.15
35921.3,0.131,1200.1,350.0,10080.7,371.8,19513.6,2581.7,141.8,4.2,7.55,23.078063117035395,seawater,SE0467,2020-12-21 20:38:03.806343904,Persian_Gulf,77.23240628026875,78.86515914090884,15.7489119478117,3.6323643560559535,3.5921300000000005,0.2905891484844763,0.0,3.882719148484477,0.0016463597572003,0.8897914634587251,0.0828084170979542,0.4439145,1.4181607403138796,-2.464558408170597,3000,-29.985460632742267,Low,158.15
36136.3,0.205,1249.5,416.0,10056.7,382.6,19578.3,2900.0,109.0,4.2,7.66,23.97116503161414,seawater,SE0468,2021-03-17 04:02:48.280467440,Mediterranean,87.18931555941131,74.08505439932568,16.558391027428996,3.4208205349315786,3.613630000000001,0.2736656427945262,0.0,3.887295642794527,0.0027087871881771,1.0458532779982506,0.0924581478903584,0.444525,1.5855452130767862,-2.3017504297177407,3000,-28.004630228232514,Low,158.15
34204.2,0.156,1384.1,374.8,10767.4,370.9,18800.0,2538.8,100.0,4.2,7.96,30.0,seawater,SE0469,2022-10-18 06:27:02.704507504,Red_Sea,88.77576528426152,78.8943934783083,18.47749486868929,4.342566431696226,3.42042,0.347405314535698,0.0,3.767825314535698,0.0023002263812133,1.179595552607485,0.0887088560270098,0.443511,1.7141156350157083,-2.05370967951999,3000,-24.986801100826547,Low,158.15
34136.3,0.18,1354.7,395.9,11000.0,375.6,20000.0,2717.1,134.5,4.3,7.6,15.0,seawater,SE0470,2022-01-28 00:43:16.327212016,Persian_Gulf,74.40135429509724,81.49449137426241,23.10814246429173,3.498358298844924,3.4136300000000004,0.2798686639075939,0.0,3.693498663907594,0.0033192535835708,0.967598540770255,0.0967910074052114,0.465,1.5327088017590371,-2.160789862148557,3000,-26.289609989474105,Low,158.15
34587.4,0.169,1276.1,417.4,10181.3,378.2,19743.2,2840.5,145.8,4.2,7.81,30.0,seawater,SE0471,2021-05-12 05:29:20.934891480,Pacific,87.27740295262491,72.15238257987558,15.46326112160454,3.86789470451932,3.45874,0.3094315763615455,0.0,3.7681715763615458,0.0020854063213818,1.0691970615153086,0.0903492134665202,0.4488675000000001,1.6104991813032106,-2.157672395058335,3000,-26.25168080654308,Low,158.15
33000.0,0.184,1263.3,375.6,10729.2,378.4,18977.2,2500.0,150.0,4.6,7.71,20.31602382520309,seawater,SE0472,2020-03-18 23:55:11.519198664,Pacific,75.16405918937139,75.49655657075257,11.01953526937352,3.360050376561495,3.3000000000000003,0.2688040301249196,0.0,3.56880403012492,0.0016180204026726,0.9115656573497556,0.085069519943924,0.445596,1.4438491976963523,-2.124954832428568,3000,-25.853617127880906,Low,158.15
33000.0,0.172,1260.8,366.2,10000.0,381.0,18800.0,2806.1,100.0,4.7,7.84,18.13960406365193,seawater,SE0473,2021-04-20 07:00:42.070116856,Persian_Gulf,89.41282493499776,73.4329173808262,17.46557223145439,4.196063062155271,3.3000000000000003,0.3356850449724217,0.0,3.635685044972422,0.0023972545822005,1.0822242209092334,0.0806734030345756,0.432,1.5972948785260097,-2.0383901664464124,3000,-24.80041369176468,Low,158.15
37000.0,0.132,1207.8,401.7,10207.7,358.8,19313.1,2500.0,134.0,4.0,7.5,30.0,seawater,SE0474,2023-04-02 00:16:49.682804672,Mediterranean,81.94815783963165,74.06176533821693,27.11259232318152,4.16129798929378,3.7,0.3329038391435023,0.0,4.032903839143502,0.0028559320249546,0.9501790563715882,0.0892518334090852,0.442812,1.485098821805628,-2.5478050173378746,3000,-30.998294377610808,Low,158.15
37000.0,0.2,1400.0,350.0,10484.5,365.7,19132.4,2874.6,111.8,5.0,7.5,28.659490346171907,seawater,SE0475,2021-04-05 16:01:36.160267112,Persian_Gulf,70.14172934894765,82.25119774684852,19.967030217037674,3.4444682076705657,3.7,0.2755574566136453,0.0,3.975557456613645,0.0031867380226392,0.9427048424498564,0.0863637576341909,0.4442535,1.4765088381066866,-2.4990486185069587,3000,-30.405091525168,Low,158.15
34626.4,0.155,1267.8,350.0,10045.2,354.3,19467.9,2517.5,135.7,4.0,7.98,30.0,seawater,SE0476,2022-11-06 18:25:50.584307168,Red_Sea,70.68259808142356,68.89042075513926,29.2956751549082,4.02233110971518,3.4626400000000004,0.3217864887772144,0.0,3.784426488777215,0.0036235820599105,0.8602694193372364,0.0723349417928962,0.4426965,1.3789244431900434,-2.405502045587172,3000,-29.26694155464392,Low,158.15
35864.8,0.123,1400.0,434.0,10031.7,399.6,19182.1,2848.6,100.0,4.0,8.11,29.00350973772788,seawater,SE0477,2020-09-20 05:43:46.377295492,Red_Sea,72.94969061609417,65.2046006400156,20.07243062177464,4.055810299642425,3.5864800000000003,0.324464823971394,0.0,3.9109448239713935,0.0019701893552496,0.9804438418803056,0.0848963900333003,0.438207,1.5055174212688556,-2.405427402702539,3000,-29.26603339954756,Low,158.15
35466.9,0.157,1400.0,350.0,10166.1,350.0,18800.0,2900.0,100.0,4.7,7.53,30.0,seawater,SE0478,2023-04-19 01:45:46.577629376,Pacific,73.75146315637514,71.40700275684073,15.517976338436956,3.843767124157149,3.5466900000000003,0.3075013699325719,0.0,3.854191369932572,0.0019441851835374,0.9912196648216818,0.0749773528946827,0.4344915,1.502632702899902,-2.3515586670326702,3000,-28.61063044889749,Low,158.15
37000.0,0.215,1399.8,433.3,10646.1,400.0,19167.0,2882.3,104.5,4.1,7.73,27.793619184722427,seawater,SE0479,2021-02-11 01:04:54.490818028,Persian_Gulf,85.35238245653193,65.20212976203163,13.866279944904292,3.900897573407505,3.7,0.3120718058726004,0.0,4.0120718058726,0.0023790376501472,1.1469721436414724,0.0847562484776649,0.4471964999999999,1.6813039297692844,-2.330767876103316,3000,-28.35767582592368,Low,158.15
36679.4,0.196,1256.8,423.1,10406.3,400.0,19216.6,2760.3,121.6,4.7,7.89,24.217613119384207,seawater,SE0480,2022-03-03 03:41:10.116861432,Pacific,74.455317528339,72.46001064155048,23.89048993571153,3.861681957436194,3.66794,0.3089345565948955,0.0,3.976874556594896,0.0037366637498647,0.8983242534683179,0.09197349150732,0.4443434999999999,1.4383779087255026,-2.538496647869393,3000,-30.885042549077617,Low,158.15
34808.1,0.16,1340.4,350.0,10000.0,374.0,19780.2,2663.7,107.2,4.0,8.01,26.714631886606718,seawater,SE0481,2022-04-03 20:09:12.921535888,Mediterranean,89.38283240099719,82.58770263392647,20.72762571554873,3.1227966059922685,3.48081,0.2498237284793814,0.0,3.730633728479381,0.0026465032513612,1.150163986082848,0.0867170877656227,0.4467029999999999,1.6862305770998316,-2.0444031513795498,3000,-24.87357167511785,Low,158.15
33566.7,0.16,1297.6,366.1,10000.0,350.0,18981.1,2594.7,133.2,5.0,7.5,30.0,seawater,SE0482,2021-12-07 20:16:25.642737896,Red_Sea,82.72224114405877,75.43583801206195,22.07997857990883,4.005398017070677,3.35667,0.3204318413656541,0.0,3.677101841365654,0.0028191716650827,1.0304676490418945,0.0828511808886476,0.4347165,1.5508545015956243,-2.126247339770029,3000,-25.86934263386869,Low,158.15
33000.0,0.16,1209.6,450.0,10196.6,372.8,20000.0,2900.0,140.5,4.8,7.53,21.10312337369941,seawater,SE0483,2023-08-21 09:08:06.811352240,Atlantic,83.85035018507035,81.38582133257694,25.102535786682623,3.704662514758037,3.3000000000000003,0.2963730011806429,0.0,3.5963730011806434,0.0032050917692436,0.9736836824050664,0.1098708587989788,0.452949,1.5397086329732892,-2.056664368207354,3000,-25.02274981318948,Low,158.15
35305.2,0.232,1332.4,350.9,10728.8,378.7,18800.0,2570.1,132.0,4.0,7.7,21.740557087343092,seawater,SE0484,2023-05-20 18:13:49.382303840,Atlantic,74.35633038570415,64.1547729903878,24.51806928529786,3.65768592081212,3.53052,0.2926148736649696,0.0,3.823134873664969,0.0045391772752029,0.9510947962167572,0.0675357295269812,0.442932,1.4661017030189414,-2.357033170646028,3000,-28.67723690952667,Low,158.15
33865.5,0.181,1200.0,376.8,10000.0,359.8,20000.0,2502.6,150.0,4.0,8.01,23.45519992701046,seawater,SE0485,2023-01-21 07:51:11.118530880,Persian_Gulf,87.8541262819017,82.52183981342942,10.86726600336454,4.289998828172701,3.38655,0.3431999062538161,0.0,3.729749906253816,0.0015696461669939,1.0120795347675076,0.0932826877251006,0.45,1.5569318686596023,-2.1728180375942143,3000,-26.435952790729605,Low,158.15
33000.0,0.183,1400.0,423.1,10250.1,369.7,19265.4,2843.1,128.3,5.0,8.5,15.0,seawater,SE0486,2021-11-30 12:46:52.687813016,Persian_Gulf,83.35629145639862,75.0446791101779,26.05143810590057,3.0348400701916765,3.3000000000000003,0.2427872056153341,0.0,3.5427872056153342,0.003804395712357,1.1203085571739977,0.0952542111945487,0.4427325,1.6620996640809031,-1.880687541534431,3000,-22.88169842200224,Low,158.15
34030.1,0.201,1253.5,439.2,10236.9,400.0,19915.8,2550.8,100.0,4.1,7.73,25.690392042087733,seawater,SE0487,2022-11-23 19:54:47.479131888,Atlantic,87.28811248683728,60.793994718512,20.654066141034228,3.376972376938133,3.40301,0.2701577901550506,0.0,3.6731677901550506,0.0033128709008896,1.050390230421605,0.0801021674411114,0.4522905,1.586095768763606,-2.0870720213914447,3000,-25.392709593595917,Low,158.15
33377.7,0.177,1320.1,387.4,11000.0,393.3,19447.9,2520.0,147.3,4.1,7.5,15.569356480244869,seawater,SE0488,2022-05-12 20:06:48.681135216,Persian_Gulf,89.12962194462455,75.82797388212592,17.834170616295452,3.18210524976412,3.33777,0.2545684199811295,0.0,3.5923384199811297,0.0025190052628692,1.129536133719349,0.0881272712458067,0.4567185000000001,1.676900910228025,-1.915437509753105,3000,-23.304489701996108,Low,158.15
37000.0,0.162,1328.3,370.1,10307.5,361.5,20000.0,2500.0,107.9,4.0,7.92,25.265296564663096,seawater,SE0489,2022-07-22 12:32:27.245409008,Red_Sea,72.51281954219193,83.78492390652295,20.75038852536141,3.0530115669145887,3.7,0.2442409253531671,0.0,3.944240925353167,0.0026825272270046,0.924660270699778,0.0930264010134124,0.4546125,1.4749816989401952,-2.469259226412972,3000,-30.042653921357825,Low,158.15
36322.5,0.164,1274.1,450.0,10691.5,350.0,19167.6,2613.4,138.2,4.3,8.2,29.326448780676248,seawater,SE0490,2022-08-23 05:00:30.050083472,Mediterranean,71.93174460537891,61.97917501188405,22.2490289691465,3.4135154965139214,3.63225,0.2730812397211137,0.0,3.9053312397211135,0.0029117749192501,0.8798230636964474,0.0836718862660434,0.4478865,1.414293224881741,-2.4910380148393725,3000,-30.307629180545696,Low,158.15
34988.0,0.168,1358.7,450.0,10570.6,373.5,18800.0,2693.5,150.0,4.4,7.83,22.615617696780824,seawater,SE0491,2022-10-10 22:57:29.749582624,Mediterranean,86.06815653179271,74.5614032617393,12.99012619747594,4.482714409192017,3.4988,0.3586171527353614,0.0,3.8574171527353616,0.0017415082785384,1.122631721085569,0.100657894403348,0.440559,1.6655901237674553,-2.1918270289679063,3000,-26.66722885244286,Low,158.15
37000.0,0.169,1252.5,448.9,10000.0,375.7,20000.0,2758.6,129.1,4.9,7.53,30.0,seawater,SE0492,2023-04-04 10:46:40.667779632,Pacific,87.3225211818834,82.88696507174286,18.348307906528905,3.4053437598113607,3.7,0.2724275007849088,0.0,3.972427500784909,0.0024744895008903,1.049965994690966,0.1116238758621161,0.45,1.6140643600539726,-2.358363140730937,3000,-28.6934182122264,Low,158.15
35116.1,0.192,1387.1,404.3,10884.1,389.9,19331.9,2900.0,100.0,4.0,8.09,17.69749550290756,seawater,SE0493,2020-01-22 22:28:38.864774624,Red_Sea,81.67522841755971,60.24237920835937,16.711724203763676,3.995558729693657,3.51161,0.3196446983754926,0.0,3.831254698375493,0.0025605035356038,1.0876004096447718,0.073067981741819,0.45324,1.6164688949221948,-2.214785803453298,3000,-26.9465606086818,Low,158.15
33708.1,0.172,1200.0,359.6,10607.7,369.3,19532.9,2815.4,101.6,4.0,8.0,30.0,seawater,SE0494,2022-02-28 17:11:19.131886472,Persian_Gulf,77.32001095501042,75.77282316164558,17.008178896360768,3.177448335061082,3.37081,0.2541958668048866,0.0,3.625005866804887,0.0023344746025988,0.8907265262017201,0.0817437216267832,0.452109,1.4269137224311024,-2.1980921443737844,3000,-26.74345442321438,Low,158.15
37000.0,0.192,1312.6,358.5,10754.1,390.2,20000.0,2671.8,146.5,4.7,7.5,28.375685282034603,seawater,SE0495,2022-12-01 03:24:20.434056752,Persian_Gulf,83.05259272150448,71.87255729577407,11.826698768146164,3.902771445070845,3.7,0.3122217156056676,0.0,4.012221715605667,0.0018120394784602,1.0465423987799691,0.077298935371605,0.4613115,1.5869648736300344,-2.4252568419756333,3000,-29.50729157737021,Low,158.15
35808.4,0.168,1400.0,426.1,11000.0,400.0,18800.0,2670.4,116.6,5.0,7.91,16.419833758446554,seawater,SE0496,2023-01-23 18:21:02.103505840,Pacific,76.11328145184915,68.67473296621526,13.196869760004608,4.47672222470747,3.58084,0.3581377779765976,0.0,3.9389777779765978,0.0017692251475052,1.0229625027128526,0.0877869111507129,0.447,1.559518639011071,-2.379459138965527,3000,-28.950086190747243,Low,158.15
33444.1,0.172,1200.0,420.9,10000.0,396.3,19757.3,2812.0,121.6,4.0,8.1,30.0,seawater,SE0497,2021-07-04 20:26:02.604340568,Pacific,74.76771384306936,75.6884122486344,13.236641351724428,3.437756285190698,3.34441,0.2750205028152558,0.0,3.619430502815256,0.0018168084453722,0.8613240634721591,0.0955717581463506,0.4463594999999999,1.405072130063882,-2.2143583727513736,3000,-26.94136020180838,Low,158.15
34714.5,0.11,1232.2,450.0,11000.0,379.0,19046.1,2900.0,135.2,5.0,8.15,24.68127357248017,seawater,SE0498,2023-10-14 00:04:48.480801328,Persian_Gulf,79.76290419054531,61.31755236468543,17.464494864432957,4.272113424563374,3.4714500000000004,0.3417690739650699,0.0,3.81321907396507,0.0015330333591999,0.9435249652184634,0.0827786956923253,0.4506915,1.4785281942699888,-2.3346908796950814,3000,-28.40540570295682,Low,158.15
33686.6,0.197,1351.4,432.5,10356.3,376.3,19320.7,2735.3,133.9,4.5,7.78,20.61257988922184,seawater,SE0499,2020-07-26 04:17:13.722871452,Persian_Gulf,74.32307655212759,78.826576157185,27.88983089749583,4.496357070549803,3.36866,0.3597085656439842,0.0,3.7283685656439847,0.0043844487560717,0.9642259742644342,0.1022774825639475,0.445155,1.5160429055844535,-2.212325660059532,3000,-26.91662886405763,Low,158.15
33000.0,0.18,1318.0,350.0,10643.7,372.9,19443.4,2616.2,125.6,5.0,7.69,17.964564026079916,seawater,SE0500,2022-07-17 15:32:45.275459088,Red_Sea,79.67407216630346,60.11198692299269,14.120547438418852,3.882831133081116,3.3000000000000003,0.3106264906464893,0.0,3.6106264906464896,0.0020282754340544,1.0081001003058043,0.0631175862691423,0.4513065000000001,1.5245524620090014,-2.086074028637488,3000,-25.380567348422773,Low,158.15
36389.3,0.2,1335.1,450.0,10477.2,400.0,18800.0,2511.4,115.8,4.5,8.17,23.89990986170163,seawater,SE0501,2020-06-09 20:50:05.008347244,Pacific,89.13213010927144,67.6733935948088,18.32385015349609,3.464101650642053,3.6389300000000007,0.2771281320513643,0.0,3.916058132051365,0.0029244864844979,1.1424029463253278,0.0913590813529919,0.439158,1.6758445141628175,-2.2402136178885472,3000,-27.255932350977325,Low,158.15
37000.0,0.1,1348.9,350.1,10287.9,367.5,18932.7,2500.0,113.7,4.0,7.5,24.3629656380502,seawater,SE0502,2023-11-17 03:02:42.270450736,Red_Sea,86.7956807123478,72.59896594211696,16.23218830598276,4.010296889848735,3.7,0.3208237511878988,0.0,4.020823751187899,0.0012953286268174,1.1239554596437051,0.0762506939290054,0.4383089999999999,1.639810482199528,-2.3810132689883705,3000,-28.968994772691843,Low,158.15
33000.0,0.233,1363.5,380.8,10215.1,380.9,20000.0,2843.3,137.2,4.4,7.93,25.51322764269832,seawater,SE0503,2020-09-22 16:13:37.362270448,Persian_Gulf,88.83261839000045,69.42555626416379,25.74766625102676,4.267272309402928,3.3000000000000003,0.3413817847522343,0.0,3.6413817847522343,0.0047873665767184,1.1627834416777498,0.0793117554761807,0.4532265,1.7001090637306489,-1.9412727210215857,3000,-23.618818105762628,Low,158.15
35844.5,0.166,1400.0,412.5,10664.8,381.0,19931.7,2825.6,131.1,5.0,7.5,23.5110192188802,seawater,SE0504,2023-05-03 16:44:52.487479120,Atlantic,86.12657949694717,67.68689838013957,11.002528646416325,3.2570253644429674,3.5844500000000004,0.2605620291554374,0.0,3.8450120291554377,0.0014574829647334,1.15754122843897,0.0837625367454227,0.4589475,1.7017087481491262,-2.1433032810063115,3000,-26.07685658557679,Low,158.15
34024.0,0.203,1341.0,450.0,10000.0,370.0,19362.4,2825.5,114.9,4.1,8.12,28.166126550575463,seawater,SE0505,2022-06-15 23:04:42.470784640,Atlantic,77.09501871892553,80.7708786367024,13.930867910717808,3.67877364576218,3.4024,0.2943018916609744,0.0,3.6967018916609744,0.0022567170163288,0.9924904329799598,0.1090406861595482,0.440436,1.544223836155837,-2.1524780555051377,3000,-26.18848300864584,Low,158.15
34269.3,0.139,1275.9,450.0,10875.3,352.6,19545.9,2684.3,141.6,4.3,7.72,23.061850836683767,seawater,SE0506,2020-11-12 20:40:28.046744572,Persian_Gulf,86.24090477103118,83.37081435679772,14.212830847095889,3.478781565185761,3.4269300000000005,0.2783025252148609,0.0,3.7052325252148615,0.0015765156232215,1.0563337958146437,0.1125505993816769,0.456318,1.6267789108195418,-2.07845361439532,3000,-25.28785230847639,Low,158.15
34111.4,0.188,1367.3,430.3,10291.9,386.5,19223.5,2900.0,117.4,4.4,8.18,15.325179413797644,seawater,SE0507,2023-09-19 15:06:18.631051744,Pacific,88.45831487106429,81.84281712264722,29.859256006264623,3.42503849544357,3.4111400000000005,0.2740030796354856,0.0,3.6851430796354863,0.0044796050230838,1.1611109176627794,0.1056508926236253,0.442731,1.7139724153094884,-1.9711706643259976,3000,-23.982576415966307,Low,158.15
33704.0,0.138,1400.0,390.8,10000.0,378.8,20000.0,2613.2,103.0,4.0,7.95,24.253192521751792,seawater,SE0508,2020-09-27 13:13:19.332220364,Atlantic,88.94071575674108,73.06078282624999,21.41550035932607,4.291231891110259,3.3704,0.3432985512888207,0.0,3.7136985512888208,0.0023583605615704,1.1953632197706,0.0856564617854954,0.45,1.733378042117666,-1.9803205091711549,3000,-24.093899528249047,Low,158.15
35072.8,0.151,1286.7,426.7,10275.0,390.0,19279.8,2900.0,104.8,5.0,7.5,15.0,seawater,SE0509,2023-05-11 00:14:25.442404000,Pacific,83.66395701369994,82.10410437983708,12.779165287670365,3.632481010232758,3.5072800000000006,0.2905984808186206,0.0,3.797878480818621,0.0015398638588337,1.0334439694994662,0.1051014640166294,0.4433219999999999,1.5834072973749294,-2.214471183443692,3000,-26.94273273189825,Low,158.15
33753.6,0.227,1202.5,444.4,11000.0,369.3,19539.1,2702.3,100.4,4.0,8.23,26.76885315445695,seawater,SE0510,2022-08-25 15:30:21.035058432,Atlantic,74.22733287630226,83.0215391295386,15.44398278553131,3.508614512705869,3.37536,0.2806891610164695,0.0,3.65604916101647,0.0027976157056678,0.8568803307240334,0.1106843159675008,0.4580865,1.428448762397202,-2.227600398619268,3000,-27.102471516534436,Low,158.15
35405.7,0.164,1400.0,384.0,10232.3,400.0,20000.0,2588.3,114.6,4.8,8.27,20.103498848586824,seawater,SE0511,2021-12-10 06:46:16.627712848,Pacific,70.79458306729381,70.23095992618656,13.356441882458483,3.905265812139021,3.54057,0.3124212649711216,0.0,3.852991264971121,0.0017479842620411,0.951479196424429,0.0809060658349669,0.4534844999999999,1.4876177465214369,-2.3653735184496845,3000,-28.778711141137823,Low,158.15
34924.6,0.177,1288.0,450.0,10679.2,362.5,18933.6,2828.5,144.7,4.5,8.06,25.816801774579,seawater,SE0512,2023-01-11 13:51:47.178631040,Atlantic,72.94400456320311,67.08614648763614,12.49209139238896,3.329102369456072,3.49246,0.2663281895564857,0.0,3.7587881895564856,0.0017644579408093,0.9019380276230936,0.0905662977583088,0.444192,1.438460783322212,-2.3203274062342736,3000,-28.230650109183664,Low,158.15
34641.6,0.196,1200.0,411.5,10134.5,400.0,20000.0,2791.9,103.9,5.0,7.57,30.0,seawater,SE0513,2020-12-12 02:38:39.866444072,Pacific,89.31093835787891,62.45663014533301,25.94364056815785,3.3448402358521183,3.46416,0.2675872188681695,0.0,3.7317472188681697,0.0040577929339844,1.028862009882765,0.0771027099144135,0.4520175,1.562040012731163,-2.169707206137007,3000,-26.398104341333585,Low,158.15
33638.7,0.185,1384.7,424.9,10879.0,350.0,18800.0,2781.4,123.8,4.7,7.71,20.25625652366,seawater,SE0514,2022-05-03 02:07:24.741235392,Red_Sea,79.24193648385538,71.97729802623073,19.9150525732071,3.7804330963072568,3.36387,0.3024346477045805,0.0,3.666304647704581,0.0029400592113825,1.053372570712268,0.0917494617940363,0.4451849999999999,1.5932470917176866,-2.073057555986894,3000,-25.22220026450721,Low,158.15
34134.8,0.175,1246.5,433.3,10842.8,388.7,20000.0,2726.3,106.9,4.4,7.84,30.0,seawater,SE0515,2021-03-02 13:03:42.370617696,Pacific,87.09972029664115,83.65742301096104,22.624202736975622,3.613909092969276,3.4134800000000003,0.2891127274375421,0.0,3.7025927274375423,0.0031594699122186,1.0422700929577269,0.1087462841719482,0.462642,1.6168178470418937,-2.0857748803956486,3000,-25.37692771148039,Low,158.15
36133.1,0.181,1290.9,421.1,11000.0,389.5,19176.4,2702.4,114.8,4.1,7.59,22.833052166569235,seawater,SE0516,2022-11-26 06:24:38.464106832,Red_Sea,79.30088307116583,74.02268820175928,16.62502493983992,3.442473575883487,3.61331,0.2753978860706789,0.0,3.888707886070679,0.0024012853522605,0.9827472955830526,0.0935128620052825,0.452646,1.5313074429405955,-2.3574004431300835,3000,-28.681705391416017,Low,158.15
35751.4,0.242,1333.2,441.9,10412.2,364.1,19254.4,2900.0,100.0,4.9,8.31,30.0,seawater,SE0517,2023-07-08 12:10:49.081802992,Red_Sea,83.21635166919678,76.68905254465429,21.073901721346587,3.080926698411153,3.57514,0.2464741358728922,0.0,3.821614135872892,0.0040697076048195,1.0650627844355824,0.1016666769584482,0.444999,1.6157981689988503,-2.205815966874042,3000,-26.837427596967512,Low,158.15
33533.7,0.168,1319.0,369.1,10834.3,388.5,18800.0,2900.0,115.6,4.0,7.84,23.17423693400893,seawater,SE0518,2021-08-25 00:52:53.288814688,Persian_Gulf,70.48281554244667,62.82209546229619,15.151380650473945,3.7811613579577834,3.35337,0.3024929086366226,0.0,3.655862908636623,0.0020312546955251,0.8924816035246766,0.0695629063054005,0.4445145,1.4085902645256023,-2.24727264411102,3000,-27.34181717001741,Low,158.15
35149.0,0.176,1370.9,372.1,10549.0,400.0,19127.1,2854.6,116.1,4.8,7.5,20.797535072466545,seawater,SE0519,2020-11-20 04:10:01.001669448,Red_Sea,74.99729885438734,63.5879916035564,16.160725498564695,4.224913808401613,3.5149000000000004,0.337993104672129,0.0,3.8528931046721295,0.0022697415748224,0.9870124511950044,0.07098327502705,0.4451415,1.5054069677968769,-2.3474861368752524,3000,-28.56108133198224,Low,158.15
36127.1,0.202,1256.5,350.0,11000.0,350.0,18800.0,2732.4,130.8,4.0,7.9,28.436192251976443,seawater,SE0520,2022-07-05 11:03:30.350584304,Mediterranean,78.72538560085178,71.61183154899182,23.04475888733466,4.277065807929087,3.61271,0.3421652646343269,0.0,3.954875264634327,0.0037147229536027,0.9496170912717145,0.0751924231264414,0.447,1.4755242373517587,-2.479351027282568,3000,-30.16543749860457,Low,158.15
33000.0,0.203,1351.3,422.0,10140.6,390.1,19035.4,2900.0,124.5,5.0,7.7,22.82105135188182,seawater,SE0521,2021-11-20 18:47:28.747913184,Red_Sea,82.61262094308327,83.78161997459314,13.007002518384605,3.3531599695891203,3.3000000000000003,0.2682527975671296,0.0,3.56825279756713,0.0021070563659631,1.0716905729317288,0.1060675308878349,0.43764,1.6175051601855268,-1.950747637381603,3000,-23.734096254809504,Low,158.15
35815.0,0.206,1274.0,438.9,10872.5,350.0,19317.6,2813.6,100.0,4.6,7.78,20.79275242935496,seawater,SE0522,2023-06-23 21:11:43.171953248,Pacific,73.43042376106357,69.01961603978822,22.344437183349235,3.899461805921233,3.5815,0.3119569444736986,0.0,3.893456944473699,0.0036731573396964,0.8980834547673119,0.0908781284395891,0.4528514999999999,1.4454862405465974,-2.4479707039271013,3000,-29.7836435644464,Low,158.15
34006.1,0.189,1373.9,422.9,10402.7,360.7,19974.7,2715.2,141.7,4.8,7.69,22.610800746481043,seawater,SE0523,2020-04-22 02:53:05.308848080,Red_Sea,85.2910292854098,81.93710103293834,27.044696328462543,4.283821964194411,3.40061,0.3427057571355529,0.0,3.743315757135553,0.0040789351896513,1.1249409132981556,0.1039536000804888,0.455661,1.6886344485682958,-2.054681308567257,3000,-24.998622587568292,Low,158.15
35855.9,0.136,1361.5,450.0,10467.9,400.0,19524.6,2649.3,124.2,4.5,8.04,24.776967339084997,seawater,SE0524,2023-05-30 12:13:13.322203664,Pacific,77.28809412272474,63.00721483564279,12.40846452361538,3.613088892414397,3.5855900000000003,0.2890471113931517,0.0,3.874637111393152,0.0013466658378189,1.0101863054216615,0.0850597400281177,0.4498875,1.5464802112875982,-2.328156900105553,3000,-28.325908951284237,Low,158.15
33855.1,0.219,1206.5,399.7,10545.9,368.4,19584.6,2693.8,124.0,4.0,8.14,30.0,seawater,SE0525,2020-08-02 11:46:46.677796328,Pacific,86.34870538467769,75.42543017334275,27.94922561139958,4.398205225961293,3.38551,0.3518564180769034,0.0,3.737366418076904,0.0048844625662994,1.0001252452474907,0.0904426333208552,0.4519574999999999,1.5474098411346453,-2.189956576942258,3000,-26.644471686130807,Low,158.15
33000.0,0.136,1400.0,433.4,10626.1,356.5,18800.0,2500.0,119.8,4.1,7.88,15.329561272702117,seawater,SE0526,2023-07-01 04:41:16.126878128,Mediterranean,71.95938180790135,75.01532442276296,11.5889136059779,4.3544677936943295,3.3000000000000003,0.3483574234955464,0.0,3.6483574234955465,0.0012577216158295,0.9671340914981942,0.0975349248144764,0.4413915,1.5073182379285002,-2.1410391855670463,3000,-26.04931009106573,Low,158.15
33000.0,0.179,1246.4,350.0,10441.9,376.0,18871.5,2752.1,109.6,4.8,7.7,25.115403294752102,seawater,SE0527,2020-10-17 01:12:07.212020032,Red_Sea,83.59513175364744,81.49686875175671,16.97818453911746,3.312200846128214,3.3000000000000003,0.2649760676902571,0.0,3.564976067690257,0.0024251978359366,1.0002525332903631,0.0855717121893445,0.439701,1.5279504433156443,-2.037025624374613,3000,-24.783811763224463,Low,158.15
35072.1,0.147,1380.8,380.6,10607.4,400.0,20000.0,2612.3,124.4,4.6,7.79,28.124517973270216,seawater,SE0528,2022-02-11 15:42:22.237061768,Red_Sea,75.8665666641302,60.082917610122536,22.21018630475989,3.388447249350305,3.50721,0.2710757799480244,0.0,3.7782857799480247,0.0026053881146661,1.0056629303983775,0.0686026753272379,0.459111,1.5359819938402817,-2.242303786107743,3000,-27.28136273097754,Low,158.15
35389.6,0.168,1336.7,434.8,11000.0,350.0,18958.9,2900.0,129.5,5.0,7.81,25.96724287495898,seawater,SE0529,2020-03-21 10:25:02.504173622,Atlantic,85.90766348245236,64.7482916799393,21.18829520237074,3.270662997968953,3.53896,0.2616530398375162,0.0,3.800613039837516,0.0028405876080106,1.1023946282591432,0.0844576716673128,0.4493835,1.639076387534467,-2.1615366523030493,3000,-26.298695936353766,Low,158.15
33643.5,0.18,1400.0,442.5,10992.7,359.0,20000.0,2713.9,100.0,4.7,7.56,30.0,seawater,SE0530,2021-05-21 23:28:44.874791312,Atlantic,78.04340854084822,65.49219063573705,11.927821449888668,3.2940815271820534,3.36435,0.2635265221745643,0.0,3.627876522174564,0.001713312273062,1.0489034107890003,0.0869408830689409,0.4648905,1.602448106131003,-2.025428416043561,3000,-24.64271239519666,Low,158.15
35957.9,0.18,1277.7,385.3,10934.6,400.0,19254.2,2500.0,109.2,4.0,7.97,24.62827335120738,seawater,SE0531,2020-10-12 04:12:25.242070116,Persian_Gulf,83.30699264527132,83.74915220226843,25.97826335571706,4.361793130760248,3.5957900000000005,0.3489434504608198,0.0,3.944733450460821,0.0037315177484151,1.0218369072274864,0.0968056450306021,0.4528320000000001,1.5752060700065038,-2.3695273804543167,3000,-28.829249795527524,Low,158.15
33000.0,0.183,1265.1,396.4,10272.2,400.0,19401.4,2700.0,114.9,4.1,7.94,24.07724278907028,seawater,SE0532,2022-10-06 01:57:47.779632720,Pacific,88.68610537272947,63.84234140674737,29.46306586290505,4.396706863788935,3.3000000000000003,0.3517365491031147,0.0,3.651736549103115,0.0043026093602234,1.0770892023075844,0.0759213124009039,0.445104,1.6024171240687115,-2.049319425034404,3000,-24.933386337918574,Low,158.15
34900.9,0.218,1298.1,350.0,10055.4,377.9,20000.0,2500.8,125.1,4.6,8.26,27.96164773506672,seawater,SE0533,2021-04-12 23:31:09.115191984,Mediterranean,70.41253264027529,60.92405875551401,13.624565783675402,3.0778458617776963,3.4900900000000004,0.2462276689422157,0.0,3.736317668942216,0.0023701839619913,0.8774640827552768,0.0639702616932897,0.4508310000000001,1.3946355284105578,-2.341682140531658,3000,-28.49046604313517,Low,158.15
33183.5,0.184,1269.7,382.1,10977.7,355.2,20000.0,2804.7,143.9,4.0,8.18,25.49656907475675,seawater,SE0534,2023-06-06 19:42:46.277128544,Atlantic,70.22233564668747,73.3615373685452,27.90261939630925,3.890405033508307,3.31835,0.3112324026806646,0.0,3.629582402680665,0.0040969974111988,0.8559484758777512,0.0840943302855633,0.4646655,1.4088053035745134,-2.220777099106152,3000,-27.019454705791517,Low,158.15
34022.2,0.163,1380.0,444.5,10938.0,400.0,19333.5,2768.2,104.6,5.0,7.59,23.047956308597644,seawater,SE0535,2020-11-25 01:09:42.971619364,Red_Sea,85.40558504353427,73.21396156084204,21.13618884223501,3.846347344286357,3.40222,0.3077077875429086,0.0,3.7099277875429086,0.0027492686274648,1.1314531906567422,0.0976308177413828,0.4540725,1.68590577702559,-2.0240220105173186,3000,-24.62560112796071,Low,158.15
35071.1,0.199,1200.0,428.8,11000.0,400.0,19167.1,2900.0,110.0,4.7,8.05,27.5807201979319,seawater,SE0536,2022-11-16 12:25:14.524207008,Persian_Gulf,82.92786103016157,81.10117413419661,28.718675424906547,3.5858214700866897,3.50711,0.2868657176069352,0.0,3.7939757176069353,0.004560583094826,0.9553289590674612,0.1043285504062305,0.4525065,1.5167245925685175,-2.277251125038417,3000,-27.706555354634084,Low,158.15
33709.4,0.206,1200.0,425.0,10198.0,393.6,19366.4,2551.8,109.7,5.0,7.51,21.737358533916776,seawater,SE0537,2022-01-15 20:14:01.402337224,Mediterranean,75.85959441008865,83.72149125444506,13.521719168335222,3.947546389234661,3.3709400000000005,0.3158037111387728,0.0,3.6867437111387735,0.0022228083706442,0.8739025276042213,0.1067449013494174,0.443466,1.426336237324283,-2.2604074738144906,3000,-27.50162426474297,Low,158.15
34423.2,0.133,1200.0,402.5,10385.2,363.8,19602.8,2716.8,104.0,4.0,8.01,21.944114239903364,seawater,SE0538,2022-10-20 16:56:53.689482464,Red_Sea,79.88793405548525,73.46363605350328,25.84042786358849,4.421051738266275,3.44232,0.353684139061302,0.0,3.796004139061302,0.0027425479708741,0.92030900031919,0.0887073405346052,0.44982,1.4615788888246692,-2.3344252502366327,3000,-28.40217387787903,Low,158.15
36509.4,0.188,1395.0,400.4,10000.0,379.0,19934.8,2500.0,113.1,5.0,7.65,22.360029891171934,seawater,SE0539,2020-01-05 20:59:41.969949916,Red_Sea,70.83871331197737,83.24985456049139,11.195631508906622,3.25538232408322,3.65094,0.2604305859266576,0.0,3.911370585926658,0.0016796134214922,0.948672048674001,0.0999997252980622,0.4490219999999999,1.4993733873935553,-2.411997198533103,3000,-29.345965915486083,Low,158.15
34134.7,0.191,1400.0,367.0,10303.8,376.8,19402.5,2850.3,135.4,5.0,7.5,30.0,seawater,SE0540,2020-02-16 07:27:08.714524207,Pacific,73.84891210722482,78.12897878249575,27.66392893605453,3.1806163645746834,3.41347,0.2544493091659747,0.0,3.6679193091659754,0.0042164807205755,0.9925293787211016,0.0860200056395278,0.4455945,1.528360365081205,-2.139558944084769,3000,-26.0313004863647,Low,158.15
36253.5,0.161,1289.6,434.9,10998.3,386.6,19771.3,2813.8,100.0,4.0,7.88,15.0,seawater,SE0541,2023-11-02 12:03:36.360600992,Pacific,78.48992749054335,66.61397819988963,23.483188443992677,3.0500858562434634,3.62535,0.2440068684994771,0.0,3.869356868499477,0.0030170730849072,0.9717178607213252,0.0869112573573959,0.461544,1.5231901911636283,-2.346166677335849,3000,-28.545027907586164,Low,158.15
33305.4,0.211,1283.1,421.0,10266.8,400.0,20000.0,2809.2,128.6,4.9,7.5,26.97799417381471,seawater,SE0542,2023-09-14 18:06:36.661101824,Atlantic,86.68088832442965,83.21051777359816,17.405095678448603,3.5457499617602157,3.3305400000000005,0.2836599969408172,0.0,3.6141999969408176,0.0029306352001458,1.0677143789671264,0.1050948839480544,0.4540019999999999,1.6297418981153269,-1.9844580988254907,3000,-24.144240202376803,Low,158.15
35794.7,0.165,1307.0,424.6,10820.2,397.6,19628.8,2710.3,100.0,4.5,7.5,25.17135907100111,seawater,SE0543,2023-04-09 07:46:22.637729536,Atlantic,79.5933436572017,76.68607940454687,13.809336469957003,3.506442715616799,3.57947,0.2805154172493439,0.0,3.859985417249344,0.0018182753329992,0.9986736015356412,0.0976827279455118,0.4567349999999999,1.5549096048141522,-2.305075812435192,3000,-28.04508905129483,Low,158.15
37000.0,0.174,1400.0,373.7,10404.7,358.5,19587.0,2793.0,108.8,4.0,7.75,16.595647703809398,seawater,SE0544,2020-05-28 16:20:50.083472454,Red_Sea,81.72725009051958,70.35239831856585,26.330661971344096,3.6462295322379656,3.7,0.2916983625790372,0.0,3.991698362579037,0.003656065076045,1.098414241216583,0.0788720737549441,0.4498755,1.6308178800475723,-2.3608804825314653,3000,-28.724045870799497,Low,158.15
33000.0,0.165,1207.3,350.0,10662.0,400.0,18800.0,2900.0,113.4,4.7,7.82,26.548633895680013,seawater,SE0545,2023-08-06 18:09:00.901502496,Red_Sea,87.47507583987561,77.00605211292327,22.064826427896232,3.754965046321424,3.3000000000000003,0.3003972037057139,0.0,3.600397203705714,0.002905275695761,1.0138431269902255,0.0808563547185694,0.44193,1.539534757404556,-2.060862446301158,3000,-25.073826429997425,Low,158.15
33804.7,0.17,1323.8,450.0,10000.0,386.3,18800.0,2653.0,150.0,4.9,7.69,27.37875995915766,seawater,SE0546,2020-02-26 01:26:32.654424040,Atlantic,76.17637827177691,70.03282069359378,17.208317058960027,4.136735991045682,3.38047,0.3309388792836545,0.0,3.7114088792836544,0.0023344802922185,0.9680859797393114,0.0945443079363516,0.432,1.4969647679678817,-2.214444111315773,3000,-26.942403354341906,Low,158.15
35865.6,0.137,1397.5,376.1,10542.6,393.7,19633.0,2737.7,114.5,4.2,7.5,27.948196156787,seawater,SE0547,2023-03-23 06:17:25.742904832,Atlantic,84.01398642204111,62.85459419969898,18.876716496050324,3.588170085686277,3.58656,0.2870536068549022,0.0,3.873613606854902,0.0020637159076471,1.1271316418381037,0.0709188386355203,0.452634,1.6527481963812711,-2.220865410473631,3000,-27.020529160762507,Low,158.15
34695.4,0.127,1350.1,356.9,10000.0,400.0,19343.1,2500.0,100.0,5.0,7.55,15.0,seawater,SE0548,2022-06-06 05:05:18.530884800,Red_Sea,87.23334517356507,77.9744686794225,26.53085312144753,3.49591966404185,3.4695400000000003,0.279673573123348,0.0,3.749213573123349,0.0026887958404462,1.13062789746077,0.0834872636150576,0.4401464999999999,1.656950456916274,-2.0922631162070746,3000,-25.455867913852742,Low,158.15
35556.7,0.218,1319.0,434.7,10406.6,357.8,19091.1,2536.3,100.0,4.0,7.92,30.0,seawater,SE0549,2020-06-04 23:50:23.038397328,Mediterranean,74.05231401392354,80.60219030426859,16.778543867137355,4.24031823038944,3.55567,0.3392254584311552,0.0,3.894895458431155,0.0029188626053026,0.9376800209699054,0.1051133163757966,0.4424655,1.4881776999510048,-2.4067177584801502,3000,-29.281732728175164,Low,158.15
34094.0,0.145,1400.0,380.4,10000.0,379.3,19546.1,2729.6,120.7,4.0,7.97,21.3113164765758,seawater,SE0550,2022-03-08 00:40:52.086811344,Red_Sea,77.12956330295665,78.22015497548469,11.792653562198574,4.274695005980485,3.4094,0.3419756004784388,0.0,3.751375600478439,0.0013645279436819,1.0366213307917376,0.0892648408580231,0.4431915,1.5704421995934428,-2.180933400884996,3000,-26.53468971076745,Low,158.15
35129.9,0.14,1200.0,450.0,11000.0,369.4,19363.8,2900.0,132.3,4.6,7.8,28.43283873376588,seawater,SE0551,2020-09-15 08:44:04.407345576,Mediterranean,89.5962034777871,65.72786669391691,28.22564344406945,3.34914894644003,3.5129900000000003,0.2679319157152024,0.0,3.7809219157152025,0.0031533688855714,1.032148264064107,0.0887326200367878,0.455457,1.5794912529864664,-2.201430662728736,3000,-26.784073063199624,Low,158.15
34766.5,0.105,1367.8,430.9,10888.7,350.0,20000.0,2658.7,127.5,4.5,8.15,28.70536890341143,seawater,SE0552,2022-07-10 08:03:12.320534224,Mediterranean,89.66437129592421,83.91587533694033,17.746874793160693,3.4720077340669624,3.47665,0.277760618725357,0.0,3.754410618725357,0.0014870106389189,1.1773720997622257,0.1084780520480627,0.4633305,1.7506676624492072,-2.0037429562761497,3000,-24.37887263469316,Low,158.15
36751.7,0.151,1234.6,434.2,10733.3,386.9,19451.7,2662.8,123.4,4.1,7.92,20.616514571903537,seawater,SE0553,2023-02-04 22:50:17.028380624,Red_Sea,74.46459860587876,60.631364042278896,16.967750222304268,4.237674556365132,3.67517,0.3390139645092105,0.0,4.01418396450921,0.0020445799662872,0.8825663370126521,0.0789784148014724,0.452775,1.4163643317804118,-2.5978196327287986,3000,-31.60680553153372,Low,158.15
35381.6,0.13,1200.0,350.0,11000.0,400.0,18951.8,2628.6,143.2,4.9,7.58,28.30229976175775,seawater,SE0554,2020-04-09 22:23:50.383973288,Persian_Gulf,71.32891677785256,68.31713243439101,14.087992377518788,3.119112366446647,3.53816,0.2495289893157317,0.0,3.787688989315732,0.0014614883292437,0.8217091212808614,0.0717329890561105,0.449277,1.3441805986662156,-2.443508390649516,3000,-29.729352086235775,Low,158.15
35506.4,0.219,1351.1,450.0,10025.5,350.0,19994.1,2603.0,109.2,4.8,7.72,23.072533795438208,seawater,SE0555,2020-08-12 05:46:10.617696160,Atlantic,75.41843222620106,66.50231086337239,27.948451424566912,3.4887701705861067,3.5506400000000005,0.2791016136468885,0.0,3.829741613646889,0.0048843272678601,0.9782193002958744,0.0897781196655527,0.4502939999999999,1.5231757472292873,-2.3065658664176016,3000,-28.06321804141416,Low,158.15
34382.2,0.2,1400.0,413.1,11000.0,379.4,19269.7,2769.0,137.9,4.9,7.5,15.0,seawater,SE0556,2021-10-24 23:19:07.913188640,Pacific,77.95463914607375,61.20315569037128,14.350106673756676,3.672525160561292,3.43822,0.2938020128449033,0.0,3.732022012844903,0.0022902770251315,1.0477103501232312,0.0758490708470771,0.4540455,1.57989519799544,-2.152126814849463,3000,-26.184209580668465,Low,158.15
34268.6,0.149,1286.3,381.5,10966.1,392.8,19715.9,2500.0,100.0,4.4,7.77,30.0,seawater,SE0557,2020-04-05 01:24:08.414023372,Red_Sea,78.82011201862328,70.14324232471671,22.73345736002767,3.2806074228008564,3.42686,0.2624485938240685,0.0,3.6893085938240686,0.002703053547022,0.973308576859729,0.0802789408406382,0.46023,1.5165205712473893,-2.17278802257668,3000,-26.435587608016263,Low,158.15
34351.2,0.238,1395.3,407.2,10381.7,382.5,19113.6,2900.0,101.9,4.8,8.13,21.1247751849188,seawater,SE0558,2021-05-14 15:59:11.919866440,Mediterranean,82.37612614660847,75.57787100406937,27.61530023216206,3.2698712949160478,3.43512,0.2615897035932838,0.0,3.696709703593284,0.0052448082812931,1.1034183245986826,0.0923259272185711,0.4424295,1.643418560098547,-2.0532911434947367,3000,-24.9817089125193,Low,158.15
35591.7,0.199,1400.0,350.0,11000.0,377.7,19010.1,2576.9,100.0,4.3,8.01,20.72753268630973,seawater,SE0559,2021-10-29 20:18:49.883138560,Red_Sea,87.99005520263093,82.06382158712753,10.698272292064347,3.637293087020293,3.55917,0.2909834469616234,0.0,3.850153446961624,0.0016989070365244,1.1825863419233595,0.0861670126664839,0.4501514999999999,1.720603761626368,-2.129549685335256,3000,-25.90952117157894,Low,158.15
34368.5,0.16,1400.0,420.4,10000.0,354.0,19450.5,2854.4,114.5,5.0,8.22,22.984670659816388,seawater,SE0560,2023-01-28 15:20:44.073455760,Atlantic,76.60696023814324,84.74224290478675,26.575834106003917,4.131782587102284,3.43685,0.3305426069681826,0.0,3.767392606968183,0.0033932024986545,1.0295975456006452,0.106876916751517,0.4417574999999999,1.5816251648508168,-2.185767442117366,3000,-26.59350387909462,Low,158.15
35434.7,0.1,1400.0,350.0,10087.7,384.7,19407.7,2500.0,119.1,4.1,7.71,26.36118362663694,seawater,SE0561,2023-11-26 21:02:06.210350576,Mediterranean,86.99969070998416,80.20223966010995,18.21198843379549,4.260349469321441,3.54347,0.3408279575457152,0.0,3.884297957545715,0.0014533166770168,1.169275843142187,0.0842123516431154,0.442431,1.6973725114623197,-2.186925446083396,3000,-26.60759292734798,Low,158.15
37000.0,0.239,1374.2,350.0,10195.7,364.9,19687.9,2843.8,122.3,5.0,8.2,24.713647945889488,seawater,SE0562,2023-01-09 03:21:56.193656080,Pacific,71.86957841853254,71.71701296782062,23.15949150530424,4.46885263880426,3.7,0.3575082111043408,0.0,4.0575082111043415,0.0044170245388746,0.9481264767623752,0.0753028636162116,0.448254,1.476100364917461,-2.58140784618688,3000,-31.40712879527371,Low,158.15
36306.7,0.128,1307.5,350.0,10235.5,350.0,19238.8,2844.4,121.2,4.5,7.74,27.74033462353585,seawater,SE0563,2021-05-02 11:29:56.994991648,Pacific,70.8374939794643,78.09261064917577,17.448091264511078,3.110976075137579,3.63067,0.2488780860110063,0.0,3.879548086011006,0.0017822178341222,0.8891522244302359,0.0819972411816345,0.4421144999999999,1.4150461834459926,-2.464501902565013,3000,-29.98477314787433,Low,158.15
34511.0,0.121,1200.0,450.0,10000.0,400.0,18800.0,2786.8,101.4,4.0,8.24,18.302553167356702,seawater,SE0564,2023-10-26 04:34:03.405676112,Pacific,80.08090366246923,81.09059471474102,23.91032512694988,3.325023301718989,3.4511000000000003,0.2660018641375191,0.0,3.7171018641375193,0.002308733173608,0.9225320101916454,0.1094723028649003,0.432,1.4663130462301537,-2.250788817907366,3000,-27.38459728453962,Low,158.15
36801.8,0.201,1275.4,368.5,11000.0,399.2,19140.3,2511.1,116.2,5.0,7.79,21.288068147846328,seawater,SE0565,2020-10-26 19:11:31.151919864,Persian_Gulf,71.1932444666121,71.63267991046703,15.085898291153985,4.134944763576296,3.680180000000001,0.3307955810861037,0.0,4.010975581086104,0.0024197479141045,0.8716786943300839,0.0791899276410213,0.4521045,1.4053928698852096,-2.6055827112008942,3000,-31.70125631961088,Low,158.15
34387.9,0.243,1215.7,450.0,10370.6,381.0,19876.3,2759.9,100.0,4.6,8.01,24.42001463839233,seawater,SE0566,2021-06-10 11:27:32.754590984,Mediterranean,77.84979602468461,79.6263608506375,10.438610848707926,3.8108980590834927,3.4387900000000005,0.3048718447266794,0.0,3.74366184472668,0.0020241927841163,0.9085631714612072,0.1074955871483606,0.4537035,1.4717864513936842,-2.271875393332996,3000,-27.641150618884787,Low,158.15
33000.0,0.212,1400.0,373.2,10676.3,384.6,19221.6,2500.0,147.3,4.9,8.24,30.0,seawater,SE0567,2021-09-25 17:20:56.093489144,Mediterranean,87.93556233738468,72.06631045782191,28.95575029575907,3.491519660943627,3.3000000000000003,0.2793215728754902,0.0,3.5793215728754904,0.0048986180120353,1.1818539578144502,0.0806854411885774,0.4484684999999999,1.715906517015063,-1.8634150558604277,3000,-22.67154984630187,Low,158.15
33487.9,0.187,1282.4,350.0,10214.8,400.0,19252.2,2659.4,113.9,5.0,7.74,24.43093730793121,seawater,SE0568,2023-09-22 01:36:09.616026704,Persian_Gulf,74.82966072414946,69.66239977191807,10.327355280801656,3.308384491870865,3.34879,0.2646707593496692,0.0,3.613460759349669,0.0015411099191329,0.9212309463614332,0.0731455197605139,0.442005,1.43792257604108,-2.175538183308589,3000,-26.46904789692117,Low,158.15
33000.0,0.188,1312.3,350.0,10000.0,384.5,19991.8,2900.0,110.2,4.7,7.87,30.0,seawater,SE0569,2021-02-23 05:34:09.415692816,Mediterranean,84.11951550249806,73.15227094459402,26.48198579267014,3.420716327463672,3.3000000000000003,0.2736573061970938,0.0,3.573657306197094,0.0039729334365595,1.0597443858617108,0.0768098844918237,0.4498769999999999,1.590404203790094,-1.983253102407,3000,-24.1295794126185,Low,158.15
34472.7,0.196,1355.1,450.0,10635.0,398.1,18972.8,2869.3,150.0,4.2,8.19,25.192775843921588,seawater,SE0570,2023-12-26 03:00:18.030050080,Persian_Gulf,76.04730784780133,76.89636844067863,13.382751866449476,3.643933425451428,3.44727,0.2915146740361142,0.0,3.7387846740361135,0.0020931694539276,0.9892963858997336,0.1038100973949161,0.444117,1.5393166527485775,-2.1994680212875366,3000,-26.76019425899836,Low,158.15
35027.6,0.193,1304.4,392.2,10000.0,374.1,18800.0,2713.0,100.0,5.0,7.76,22.58170681281216,seawater,SE0571,2022-05-07 23:07:06.711185312,Red_Sea,70.89840110484272,78.17205140796493,17.84440457204056,3.265726829259049,3.50276,0.2612581463407239,0.0,3.764018146340724,0.0027482881257582,0.8878067942511058,0.0919772356866115,0.432,1.4145323180634757,-2.349485828277248,3000,-28.585410910706518,Low,158.15
37000.0,0.178,1400.0,372.6,10465.7,400.0,19303.6,2515.0,100.0,4.5,7.5,23.7663778794278,seawater,SE0572,2023-09-09 21:06:54.691151920,Atlantic,81.13381162820619,68.91840672230269,26.449847530121115,4.446338933815126,3.7,0.35570711470521,0.0,4.055707114705211,0.0037570421425685,1.090438428283091,0.0770369950341899,0.4465395,1.6177719654598497,-2.437935149245361,3000,-29.66154431581856,Low,158.15
35490.4,0.173,1237.7,408.0,10000.0,386.4,19109.5,2839.1,100.0,4.8,8.44,24.157901439855596,seawater,SE0573,2021-01-27 10:05:48.580968280,Pacific,86.69706981073503,74.28300628890088,14.118643006246907,3.1613826668998115,3.54904,0.2529106133519849,0.0,3.801950613351985,0.0019491351415844,1.030127647725569,0.0909223996976146,0.4366425,1.559641682564768,-2.2423089307872166,3000,-27.281425324577803,Low,158.15
34671.3,0.168,1319.5,425.1,11000.0,383.9,18820.3,2713.9,118.6,4.0,7.66,28.01822869480369,seawater,SE0574,2021-07-26 18:54:41.469115192,Persian_Gulf,78.18936896685238,82.74677185201118,27.314152110500714,4.4783661517338285,3.4671300000000005,0.3582692921387063,0.0,3.825399292138707,0.0036618444885421,0.9904403745769124,0.1055269581428698,0.4473045,1.5469336772083244,-2.278465614930383,3000,-27.72133164831966,Low,158.15
36244.1,0.147,1225.8,450.0,10955.7,354.6,19294.8,2500.0,128.6,4.7,7.85,30.0,seawater,SE0575,2020-10-29 05:41:22.136894824,Persian_Gulf,82.34587652916174,84.407822502766,19.955178782038026,4.262839929001009,3.62441,0.3410271943200807,0.0,3.965437194320081,0.0023408622022057,0.969019924314686,0.113950560378734,0.4537575,1.539068846895626,-2.426368347424455,3000,-29.520814893664205,Low,158.15
33000.0,0.162,1200.0,450.0,10552.9,385.7,19694.9,2866.5,134.8,4.2,8.15,26.798404238431605,seawater,SE0576,2021-07-09 17:25:44.574290480,Persian_Gulf,88.00047195315452,65.68120227959886,17.323069254345533,3.634727426270609,3.3000000000000003,0.2907781941016487,0.0,3.590778194101649,0.0022394571009247,1.0137654369003402,0.0886696230774584,0.453717,1.5583915170787233,-2.032386677022925,3000,-24.727371237112266,Low,158.15
35353.4,0.119,1238.8,382.0,11000.0,363.4,19394.4,2705.2,150.0,5.0,7.62,30.0,seawater,SE0577,2022-12-20 15:23:08.313856416,Red_Sea,85.79389025473975,64.82077914283354,23.248754934726723,4.109724501582315,3.53534,0.3287779601265852,0.0,3.8641179601265856,0.0022077482661115,1.0203021239766872,0.0742846128976872,0.455916,1.552710485140486,-2.3114074749860998,3000,-28.12212427899754,Low,158.15
36156.3,0.167,1296.3,350.0,10076.8,367.2,19584.2,2900.0,100.0,4.8,7.5,20.176051311851573,seawater,SE0578,2020-09-03 04:14:49.482470784,Persian_Gulf,73.87752798785638,76.91714083571621,16.82779443961915,4.007272865544579,3.61563,0.3205818292435663,0.0,3.936211829243567,0.0022425728537902,0.9193674194943192,0.080762997877502,0.4449149999999999,1.4472879902256113,-2.4889238390179558,3000,-30.281906708051785,Low,158.15
33000.0,0.14,1257.1,379.3,10771.7,363.7,20000.0,2500.0,132.2,4.6,7.88,22.926847455929845,seawater,SE0579,2021-01-03 01:07:18.731218696,Atlantic,84.66767918730011,70.3670971455861,16.945767179927138,3.3199303769233963,3.3000000000000003,0.2655944301538717,0.0,3.565594430153872,0.0018931811093414,1.0217830992610075,0.0800707198419624,0.4615755,1.5653225002123112,-2.0002719299415608,3000,-24.33664181428899,Low,158.15
36715.6,0.137,1230.8,413.0,10599.9,358.7,19194.3,2500.0,108.9,4.7,7.5,21.378487328961665,seawater,SE0580,2023-07-20 16:40:04.006677792,Atlantic,80.03786050320304,60.60555846045342,24.670527818766065,3.50860512917842,3.67156,0.2806884103342736,0.0,3.9522484103342737,0.0026971301243144,0.945701747590486,0.0750902869325017,0.4469129999999999,1.470402164647302,-2.481846245686972,3000,-30.195795989191488,Low,158.15
35507.7,0.175,1200.0,351.8,10632.0,400.0,19567.0,2765.8,108.3,4.0,7.71,26.57222295437426,seawater,SE0581,2022-06-18 09:34:33.455759600,Pacific,84.91933615772169,68.6715467661821,16.196644490782155,3.7696838442081866,3.55077,0.3015747075366549,0.0,3.852344707536655,0.0022618614031377,0.9782707525369536,0.0724759504570285,0.4529849999999999,1.50599356439712,-2.346351143139535,3000,-28.54727224153101,Low,158.15
34377.1,0.212,1291.7,352.1,11000.0,400.0,19094.5,2768.3,107.6,5.0,7.87,23.20520807410293,seawater,SE0582,2023-11-14 16:32:51.285475792,Red_Sea,79.89031101044436,80.1686185868063,14.015452967088502,3.9567662698315904,3.43771,0.3165413015865272,0.0,3.7542513015865273,0.0023710782711601,0.9906654214290336,0.0846821118132434,0.4514175,1.5291361115134372,-2.2251151900730903,3000,-27.072234812555934,Low,158.15
35949.2,0.198,1200.0,417.2,10866.2,400.0,18892.2,2500.0,101.8,5.0,7.72,28.648864685170977,seawater,SE0583,2021-05-04 21:59:47.979966608,Atlantic,72.55916328216605,79.93567325957956,26.15292255993144,3.814342472034933,3.59492,0.3051473977627946,0.0,3.900067397762794,0.0041322663761594,0.8358815610105529,0.1000474886516897,0.446376,1.386437316038402,-2.513630081724392,3000,-30.58249932764677,Low,158.15
37000.0,0.123,1376.0,397.6,10644.4,355.5,19049.1,2514.3,150.0,4.7,7.5,20.34499144183779,seawater,SE0584,2020-05-23 19:21:08.113522536,Mediterranean,81.39818893378478,72.36712872041454,26.107420674544635,3.709481191509711,3.7,0.2967584953207768,0.0,3.996758495320777,0.0025625477688892,1.0752375165397234,0.0863195111377104,0.4454025,1.609522075446323,-2.387236419874454,3000,-29.044709775139196,Low,158.15
35272.8,0.14,1308.2,401.6,10000.0,381.4,19112.7,2900.0,136.8,5.0,8.28,25.215154866606408,seawater,SE0585,2022-05-25 00:36:03.606010016,Mediterranean,79.8426798479468,71.81444837218838,19.951714074137385,3.6647284101823514,3.5272800000000006,0.293178272814588,0.0,3.8204582728145886,0.0022290054963626,1.0027218602600063,0.0865220473988125,0.4366905,1.5281634131551818,-2.292294859659407,3000,-27.889587459189453,Low,158.15
35372.3,0.198,1200.0,362.1,10020.0,354.1,19615.7,2648.9,120.5,4.2,7.83,28.43428955506128,seawater,SE0586,2022-09-04 09:29:44.974958256,Mediterranean,80.35843467282884,74.48768606085943,20.533112323259104,3.747396748942527,3.5372300000000005,0.2997917399154021,0.0,3.8370217399154023,0.0032443138795242,0.925729167430988,0.0809159733679116,0.4445355,1.454424954678424,-2.382596785236979,3000,-28.98826088704991,Low,158.15
34311.0,0.141,1269.1,388.5,10438.6,366.1,20000.0,2856.2,147.0,4.1,8.23,15.0,seawater,SE0587,2020-03-04 08:56:05.609348914,Persian_Gulf,87.57804907291741,65.4849177640894,23.921532515352773,3.6515272797689553,3.4311000000000003,0.2921221823815164,0.0,3.723222182381517,0.0026916029955624,1.066994899953019,0.0763226716540461,0.456579,1.6025881746026276,-2.120634007778889,3000,-25.801047094643152,Low,158.15
33725.2,0.163,1224.8,353.8,10546.7,361.6,18970.4,2579.9,100.0,4.5,7.72,30.0,seawater,SE0588,2021-11-23 05:17:19.732888144,Persian_Gulf,87.89674093412503,73.15109062227388,20.18548583524867,3.811995116318574,3.37252,0.3049596093054859,0.0,3.6774796093054856,0.0026256068845341,1.0334969116427168,0.0776425675864815,0.4427565,1.5565215861137325,-2.1209580231917533,3000,-25.80498928216633,Low,158.15
36245.5,0.187,1331.9,444.5,10000.0,400.0,19150.0,2500.0,100.0,4.7,7.54,23.58424057560062,seawater,SE0589,2022-01-08 12:44:28.447412352,Mediterranean,79.07074213531436,60.27615900141621,18.34079917938465,4.33197794857,3.62455,0.3465582358856,0.0,3.9711082358856,0.0027369240983428,1.011017485920242,0.0803782580283885,0.43725,1.531382668046973,-2.439725567838627,3000,-29.68332774203663,Low,158.15
33715.9,0.141,1400.0,450.0,11000.0,372.1,19362.1,2675.9,100.0,4.3,7.88,15.0,seawater,SE0590,2021-08-10 09:53:47.378964936,Pacific,79.11464082560177,71.88898886957834,29.897883865934915,3.9492439695819175,3.3715900000000003,0.3159395175665534,0.0,3.6875295175665537,0.0033640500968272,1.0633007726960877,0.0970501349739307,0.4554315,1.6191464577668455,-2.068383059799708,3000,-25.16532722756312,Low,158.15
35107.3,0.173,1200.0,350.0,11000.0,400.0,19637.5,2656.9,106.0,4.8,7.74,25.79046949288393,seawater,SE0591,2021-01-07 22:07:00.701168612,Pacific,80.30373917745231,68.40127615626481,12.952808557051178,4.08393131248281,3.510730000000001,0.3267145049986248,0.0,3.837444504998625,0.0017881870325351,0.9250990753242508,0.071821339964078,0.4595625,1.458271102320864,-2.379173402677761,3000,-28.946609732579425,Low,158.15
34283.5,0.13,1311.5,353.5,10801.1,392.1,19558.1,2630.0,123.2,4.7,7.5,25.167217339865758,seawater,SE0592,2020-08-21 23:45:34.557595992,Persian_Gulf,80.39178556668514,76.8717401475915,21.85455958479721,3.8962247005961648,3.42835,0.3116979760476931,0.0,3.740047976047693,0.0022671920113268,1.0121647369987927,0.0815224804265207,0.4553879999999999,1.5513424094366404,-2.188705566611053,3000,-26.62925106043448,Low,158.15
35718.5,0.152,1284.0,350.0,10536.0,400.0,20000.0,2687.1,122.1,4.0,8.24,24.590528102137537,seawater,SE0593,2022-09-28 18:28:14.824707840,Mediterranean,89.00774288358225,75.95883960381569,27.717260521513204,3.964526523621004,3.57185,0.3171621218896803,0.0,3.88901212188968,0.0033619928322174,1.0971450418801882,0.0797567815840064,0.4580399999999999,1.6383038162964123,-2.250708305593268,3000,-27.383617718051426,Low,158.15
35500.5,0.18,1367.1,367.5,10393.9,350.4,18800.0,2762.9,123.0,4.8,7.61,29.95595556463333,seawater,SE0594,2021-02-25 16:04:00.400667776,Pacific,82.98800934754988,69.52089700457023,23.744300823622297,3.8675247426722703,3.55005,0.3094019794137816,0.0,3.8594519794137816,0.0034106313703051,1.08914791275874,0.0766467889475386,0.4379085,1.6071138330765835,-2.252338146337198,3000,-27.40344744710257,Low,158.15
36556.3,0.122,1321.3,395.8,10024.0,400.0,18800.0,2680.0,100.0,4.9,7.5,28.73722485713528,seawater,SE0595,2022-01-18 06:43:52.387312184,Persian_Gulf,75.54913989775888,60.18182453696479,27.618465981764768,3.040299783293735,3.65563,0.2432239826634988,0.0,3.8988539826634994,0.0026888233741206,0.9583015540503244,0.0714598984551919,0.4323599999999999,1.4648102758796373,-2.434043706783862,3000,-29.614198432536988,Low,158.15
34235.0,0.183,1224.8,350.0,10538.7,400.0,19102.5,2500.0,136.1,4.6,8.2,26.489380955119227,seawater,SE0596,2022-11-11 15:25:32.554257088,Mediterranean,80.6307359390798,66.30684073487402,16.726694407093454,4.49939757330003,3.4235,0.3599518058640024,0.0,3.7834518058640025,0.0024426660910454,0.9480626436305752,0.0696221827716177,0.444618,1.4647454924932384,-2.318706313370764,3000,-28.210926812677627,Low,158.15
34595.2,0.169,1268.1,353.9,10628.9,360.5,20000.0,2807.2,124.8,5.0,7.65,27.25077816973324,seawater,SE0597,2020-11-17 17:40:10.016694488,Red_Sea,82.54447165815967,75.83369625472906,15.439859525204785,3.050413860319345,3.45952,0.2440331088255476,0.0,3.703553108825548,0.0020822503352881,1.0048765872932377,0.0805126353136458,0.4594335,1.5469049729421718,-2.156648135883376,3000,-26.23921898658107,Low,158.15
33531.9,0.187,1220.4,350.0,10000.0,400.0,18800.0,2500.0,134.7,4.0,7.62,24.478207752809567,seawater,SE0598,2020-06-12 07:19:55.993322202,Mediterranean,82.79543442027929,61.80933357543761,27.025447738042093,3.592722012350481,3.35319,0.2874177609880384,0.0,3.6406077609880394,0.004032899464157,0.970018062398485,0.0648998002542095,0.432,1.4709507621168516,-2.169656998871187,3000,-26.397493486266104,Low,158.15
34333.6,0.177,1400.0,410.4,10667.1,386.7,18800.0,2500.0,100.0,4.7,7.5,30.0,seawater,SE0599,2020-02-08 23:57:35.759599332,Mediterranean,81.70508452476365,62.6910605458366,17.88229152370921,3.1576735174484,3.43336,0.252613881395872,0.0,3.685973881395872,0.0025258021485578,1.0981163360128234,0.077185233744034,0.4420064999999999,1.6198338719054153,-2.0661400094904567,3000,-25.13803678213389,Low,158.15
35566.0,0.211,1302.1,403.5,10422.4,375.5,19742.7,2857.8,126.2,4.0,8.32,17.604019908211168,seawater,SE0600,2023-10-11 13:34:57.495826368,Atlantic,73.55472309243075,76.17587561417719,24.193646461146223,3.1453926756613986,3.5566,0.2516314140529119,0.0,3.808231414052912,0.0040736778038348,0.9194458074110792,0.0922108974309614,0.4524765,1.4682068826458754,-2.3400245314070367,3000,-28.47029846545228,Low,158.15
8626.8,25.3,1057.7,1083.9,9543.6,281.6,10890.8,1546.2,632.1,7.5,8.12,35.0,brackish,BR0001,2020-04-08 19:07:40.150375940,Great_Basin_USA,51.969237847872535,49.965198633654566,43.80580855023451,2.0383090977385896,0.86268,0.1630647278190871,0.0,1.0257447278190872,0.8844129911441045,0.5276914835682699,0.1624718363970545,0.306516,1.881092311109429,0.8553475832903419,3000,10.406728930032491,Medium,158.15
7713.9,51.0,858.6,818.8,7571.6,96.1,500.0,2248.9,477.5,16.3,8.17,28.3395762752864,brackish,BR0002,2020-06-17 07:41:57.293233082,Great_Basin_USA,56.28063798280808,55.47477395477348,70.64814448395192,1.5538195226832736,0.77139,0.1243055618146618,0.0,0.8956955618146619,2.875238184207876,0.4638965354115745,0.1362682347425055,0.121074,3.596476954361956,2.700781392547294,3000,32.85950694265875,High,158.15
6554.4,9.4,1009.3,575.0,3397.9,131.3,10531.7,2994.1,827.9,16.8,7.96,34.34978235384989,brackish,BR0003,2021-05-12 15:27:31.127819552,Australia_Central,68.0478337327959,68.96724939180216,44.03416124896295,1.9244877564978744,0.65544,0.15395902051983,0.0,0.80939902051983,0.3303090503607209,0.6593345144305045,0.1189685052008587,0.208944,1.317556069992084,0.508157049472254,3000,6.182577435245758,Medium,158.15
12338.5,17.7,479.8,1013.2,2785.9,159.5,14241.7,1701.4,791.1,7.7,7.1,23.03754011049758,brackish,BR0004,2021-10-31 14:58:38.796992480,Atacama_Chile,57.01011999063467,46.49310911897017,28.183594120424942,2.478334236664842,1.23385,0.1982667389331874,0.0,1.4321167389331877,0.3980819935133541,0.2625931734864625,0.1413204544780217,0.255414,1.0574096214778383,-0.3747071174553491,3000,-4.558936595706747,Low,158.15
16553.0,5.0,676.2,200.0,7088.8,47.0,7008.0,1306.8,624.0,20.5,8.07,29.9821530018204,brackish,BR0005,2021-06-14 13:50:04.511278192,Australia_Central,62.77934621794337,54.986061932321206,27.69388375418704,2.471878570740205,1.6553,0.1977502856592164,0.0,1.8530502856592164,0.1104985961792063,0.4075333815607037,0.0329916371593927,0.211452,0.7624756148993027,-1.0905746707599135,3000,-13.268658494245615,Low,158.15
15855.5,5.0,876.8,200.0,9947.4,172.7,8396.3,200.0,516.4,1.0,7.75,31.58685463581738,brackish,BR0006,2022-09-25 22:44:12.631578944,Great_Basin_USA,72.88120673800286,58.73459668322862,27.536941454433865,1.6103307097372368,1.58555,0.1288264567789789,0.0,1.714376456778979,0.1098723964031911,0.6134615238516566,0.0352407580099371,0.2751554999999999,1.033730178264785,-0.680646278514194,3000,-8.281196388589361,Low,158.15
3717.2,75.2,911.0,804.5,6861.3,10.0,10148.0,1526.2,697.2,1.0,7.61,15.0,brackish,BR0007,2020-01-22 22:55:02.255639097,Qatar,51.24085885091446,44.14043816426999,75.40364066019798,1.9311234256209304,0.37172,0.1544898740496744,0.0,0.5262098740496745,4.5249423145622165,0.4481320551665575,0.1065329475094656,0.2551395,5.33474681723824,4.808536943188566,3000,58.50386614212755,High,158.15
16446.0,71.0,928.1,604.2,10000.0,254.7,4898.1,1571.3,594.3,2.7,7.01,21.69248958098792,brackish,BR0008,2022-01-05 11:43:45.563909776,Great_Basin_USA,70.27699484339183,41.30566265869929,80.37498474614,2.3543364970168827,1.6446,0.1883469197613506,0.0,1.8329469197613504,4.5538858857468005,0.6261511575758587,0.0748706441351583,0.2234715,5.478379187457818,3.645432267696467,3000,44.35275925697369,High,158.15
8409.2,31.6,744.7,781.7,1232.9,154.7,6729.1,2139.0,818.2,3.4,7.1,32.59760307422296,brackish,BR0009,2020-12-17 06:40:36.090225564,Qatar,51.63179996421224,40.40379858794414,33.56783030225722,1.9778282062546544,0.8409200000000001,0.1582262565003723,0.0,0.9991462565003724,0.8464732631659599,0.369121933760149,0.0947509480685877,0.11943,1.4297761449946966,0.4306298884943241,3000,5.239330310014277,Medium,158.15
13003.7,71.6,649.0,619.3,1541.8,97.9,743.2,791.5,769.9,12.7,7.56,27.19574668509252,brackish,BR0010,2022-06-04 12:19:50.977443616,Iran_Central,53.16987110841691,49.74078569800049,69.48122226602706,2.1269820362833105,1.30037,0.1701585629026648,0.0,1.4705285629026648,3.969934700369534,0.3312695649538807,0.0924134057483151,0.034275,4.427892671071731,2.957364108169066,3000,35.981263316056975,High,158.15
5468.9,26.0,2000.0,771.3,500.0,66.6,6554.5,1064.9,194.5,12.3,8.5,15.427879614792536,brackish,BR0011,2021-10-06 00:14:26.165413536,Qatar,52.982977597230274,42.21841883454596,49.20738662604949,2.569216135673646,0.54689,0.2055372908538917,0.0,0.7524272908538917,1.020954857717275,1.0172731698668214,0.0976891993412558,0.1058175,2.241734726925352,1.4893074360714604,3000,18.119907138869436,High,158.15
10709.9,23.9,1162.7,355.7,5325.3,126.5,7992.4,200.0,174.2,13.2,7.74,15.0,brackish,BR0012,2023-01-21 00:57:44.661654128,Great_Basin_USA,74.85255708026816,64.11309857623344,23.502621080349165,1.5139002441849452,1.07099,0.1211120195347956,0.0,1.1921020195347958,0.4482466897686352,0.8354982539253867,0.0684150874906986,0.1997655,1.5519255311847209,0.3598235116499249,3000,4.377852725074086,Low,158.15
11568.6,31.4,965.3,771.1,4526.8,218.8,8064.7,200.0,289.6,14.8,7.01,22.07375403758395,brackish,BR0013,2022-05-13 13:24:48.721804512,Australia_Central,54.50465798328833,69.91958581485238,34.59898046134678,1.9145903161326456,1.15686,0.1531672252906116,0.0,1.3100272252906118,0.8669535732160585,0.505088124972175,0.161744977865498,0.1888725,1.7226591760537315,0.4126319507631197,3000,5.02035540095129,Medium,158.15
2577.0,26.9,706.7,898.3,3544.1,204.8,10261.7,391.5,792.8,2.4,6.83,24.42731445684897,brackish,BR0014,2021-04-06 01:15:47.368421056,Great_Basin_USA,72.41904615640671,41.83911465203392,32.25463259544303,1.713558365677525,0.2577,0.137084669254202,0.0,0.3947846692542019,0.6923843942202991,0.4913139832198332,0.1127522300757662,0.207087,1.5035376075158984,1.1087529382616963,3000,13.489827415517306,Medium,158.15
13041.3,24.6,619.5,966.2,6427.8,79.4,2900.8,200.0,100.0,1.0,7.11,17.928616401373237,brackish,BR0015,2021-04-02 09:26:36.992481200,Great_Basin_USA,74.77330407366385,52.98178827800319,22.94379789760671,1.6914137741467377,1.30413,0.135313101931739,0.0,1.439443101931739,0.4504051077683378,0.4446917939868937,0.15357301150262,0.139929,1.1885989132578516,-0.2508441886738874,3000,-3.051937628865631,Low,158.15
16729.7,58.6,747.7,1204.1,7697.0,65.4,3869.6,1836.7,618.4,13.2,8.5,26.144679496223954,brackish,BR0016,2021-12-03 13:21:12.180451128,Iran_Central,59.594619260307454,40.771963689477246,66.70500905220548,2.9385603246708705,1.67297,0.2350848259736696,0.0,1.9080548259736696,3.119312997306475,0.4277654094809461,0.1472805644354986,0.173499,3.86785797122292,1.95980314524925,3000,23.84427160053254,High,158.15
9126.8,33.8,917.1,673.2,500.0,215.7,13582.0,981.9,608.8,5.0,7.18,29.05109397786316,brackish,BR0017,2020-10-08 18:06:18.947368420,Atacama_Chile,65.77621358821713,44.0197267227179,20.85323637737336,2.0648404973436265,0.91268,0.1651872397874901,0.0,1.07786723978749,0.5624618328650652,0.5791043086248379,0.088902240089201,0.21123,1.441698381579104,0.363831141791614,3000,4.426612225131303,Low,158.15
16800.8,47.8,300.0,682.2,2209.1,77.8,5398.7,961.8,848.8,1.0,8.23,30.365497365809865,brackish,BR0018,2020-07-31 05:32:01.804511280,Great_Basin_USA,69.47728134409031,49.68767682732022,46.30862866948871,2.29063287736446,1.68008,0.1832506301891567,0.0,1.8633306301891568,1.766414855420445,0.2000945702709801,0.1016907993947935,0.114117,2.182317225086219,0.318986594897062,3000,3.881003571247589,Low,158.15
9051.5,55.8,300.0,200.0,6460.4,156.0,6800.1,515.6,554.1,17.8,7.2,15.0,brackish,BR0019,2020-05-19 01:08:34.285714286,Iran_Central,59.816127045905205,51.810946391729495,75.19623822476002,2.600732830604449,0.90515,0.2080586264483559,0.0,1.113208626448356,3.348368174167404,0.172270445892207,0.0310865678350376,0.1989075,3.750632687894648,2.6374240614462923,3000,32.08865941426322,High,158.15
14247.9,39.7,545.2,440.6,2596.8,162.4,5732.0,200.0,100.0,21.2,7.71,15.0,brackish,BR0020,2022-03-26 23:45:33.834586464,Australia_Central,54.04535351244518,68.19348839285921,44.45055493610752,1.5711712122900754,1.42479,0.125693696983206,0.0,1.550483696983206,1.4082202507088482,0.2828690566558571,0.0901381529576813,0.124932,1.9061594603223864,0.3556757633391805,3000,4.327388453960031,Low,158.15
1000.0,5.7,882.9,542.1,1605.4,181.2,2713.3,3008.3,212.2,22.5,8.13,22.56301881316212,brackish,BR0021,2023-12-12 16:54:08.120300752,Iran_Central,60.84406859481403,51.87510426270688,35.6466335720897,1.8615339578365475,0.1,0.1489227166269238,0.0,0.2489227166269238,0.1621422774660072,0.5157045903586686,0.0843644820624402,0.0647805,0.826991849887116,0.5780691332601923,3000,7.033174454665672,Medium,158.15
20000.0,5.0,704.3,915.1,7055.6,235.8,12494.1,499.7,145.4,11.5,7.04,29.577385048299707,brackish,BR0022,2020-12-24 14:18:56.842105264,Iran_Central,69.29719112507361,54.88832977172206,37.98529488265683,2.748221681015569,2.0,0.2198577344812455,0.0,2.2198577344812453,0.1515613265818007,0.4685377124101377,0.1506849317223086,0.2932455,1.064029470714247,-1.1558282637669983,3000,-14.062577209165148,Low,158.15
17477.3,33.7,1391.2,416.7,500.0,23.7,3889.2,1087.6,338.6,15.0,6.99,28.913872108400284,brackish,BR0023,2021-12-21 20:27:04.060150376,Qatar,69.51906906871008,47.36750104821599,41.02563433427495,2.7929859197668216,1.74773,0.2234388735813457,0.0,1.9711688735813455,1.1032859738979226,0.9284633173285388,0.0592141130603748,0.065838,2.156801404286836,0.18563253070549,3000,2.258529123583461,Low,158.15
8576.9,25.7,300.0,838.9,3095.3,10.0,1490.9,200.0,445.1,21.0,8.5,28.77495958301341,brackish,BR0024,2020-03-06 20:45:06.766917293,Atacama_Chile,55.76346980427283,40.00375416269726,47.240348823926446,2.0594263809612032,0.85769,0.1647541104768962,0.0,1.0224441104768962,0.968833417890378,0.1605987930363057,0.1006774481012602,0.068793,1.298902659027944,0.2764585485510478,3000,3.363579007371081,Low,158.15
1000.0,32.2,499.5,599.5,4985.9,93.3,4197.0,2471.9,150.4,4.9,8.29,21.932656464248545,brackish,BR0025,2021-04-09 17:04:57.744360904,Atacama_Chile,54.37414099726866,66.98003370199406,22.75255663477537,2.062292399477652,0.1,0.1649833919582121,0.0,0.2649833919582122,0.5846405942645342,0.2607348809101027,0.1204635906130363,0.1377435,1.1035825657876732,0.838599173829461,3000,10.20295661492511,Medium,158.15
11440.1,29.6,1408.0,546.8,2278.5,330.2,500.0,1643.4,941.2,18.9,8.13,22.378932501520318,brackish,BR0026,2020-11-25 07:45:33.834586468,Australia_Central,73.01401755250875,42.45144271108914,29.92845184207181,2.635345315663323,1.1440100000000002,0.2108276252530658,0.0,1.354837625253066,0.7069339752712097,0.9869158724537502,0.0696373466232706,0.0416775,1.805164694348231,0.4503270690951646,3000,5.478979340657837,Medium,158.15
2780.4,94.6,852.4,674.7,6349.5,352.2,3394.9,673.6,102.4,12.2,8.13,19.173365852626077,brackish,BR0027,2020-01-26 14:44:12.631578947,Iran_Central,51.099975763957765,68.92746523108687,77.72565476750002,1.942605340124804,0.27804,0.1554084272099843,0.0,0.4334484272099843,5.86757185892239,0.4181531456754969,0.1395160823742429,0.146166,6.57140708697213,6.137958659762146,3000,74.6784970271061,High,158.15
12224.3,5.0,1153.9,482.7,2293.4,333.1,2127.5,1107.8,903.8,17.3,7.87,31.145553024846784,brackish,BR0028,2021-09-28 16:36:05.413533832,Australia_Central,68.36846189412717,43.92532312300781,48.75051689004178,1.6756411217099971,1.22243,0.1340512897367997,0.0,1.3564812897367995,0.1945145623912667,0.7573475345244802,0.0636082604144276,0.0663135,1.0817838573301746,-0.2746974324066251,3000,-3.342152094280606,Low,158.15
12057.8,5.0,1620.5,471.3,8225.9,130.7,8469.7,3178.2,855.5,11.5,8.5,17.636089698083374,brackish,BR0029,2022-01-09 03:32:55.939849624,Australia_Central,51.16053463616885,58.14635442251321,49.42422285470016,1.8863031753608752,1.20578,0.15090425402887,0.0,1.3566842540288702,0.1972026491902536,0.7958942052279516,0.0822131305179914,0.250434,1.3257439849361967,-0.0309402690926734,3000,-0.3764399406275269,Low,158.15
5293.0,38.3,522.5,200.0,3622.8,10.0,3306.3,1427.0,769.5,20.4,7.54,31.80029116151656,brackish,BR0030,2023-07-01 01:01:21.203007520,Atacama_Chile,70.9475012715247,69.9823176356991,39.14309027411787,2.081017097453662,0.5293,0.1664813677962929,0.0,0.695781367796293,1.196345925283974,0.3558726663779678,0.0419893905814194,0.1039365,1.6981444822433616,1.0023631144470686,3000,12.195417892439336,Medium,158.15
15604.8,20.6,760.3,525.6,6013.8,10.0,9551.2,1318.3,291.9,11.8,7.96,26.66282590510117,brackish,BR0031,2021-08-30 10:02:42.406015040,Atacama_Chile,72.63537033340255,44.15393788209028,25.80795433264602,1.5783070643926471,1.56048,0.1262645651514118,0.0,1.686744565151412,0.4242517996835014,0.5301568518190652,0.0696219292524799,0.233475,1.2575055807550468,-0.4292389843963651,3000,-5.222407643489109,Low,158.15
14027.9,37.9,691.0,456.0,6238.1,88.6,11593.9,558.6,602.7,1.0,6.5,24.63964417235877,brackish,BR0032,2022-06-22 19:25:42.857142864,Atacama_Chile,57.43547810572748,52.718292548194725,23.576267342418703,2.218020381300262,1.40279,0.1774416305040209,0.0,1.580231630504021,0.7130453447575797,0.3810039875621538,0.0721186242059303,0.2674799999999999,1.433647956525664,-0.146583673978357,3000,-1.7834347000700106,Low,158.15
14879.1,44.6,300.0,445.2,2117.4,130.2,9124.7,200.0,116.8,21.6,6.84,19.746316801788268,brackish,BR0033,2022-11-30 19:29:19.398496240,Great_Basin_USA,51.84839108791744,63.412710069144296,48.38130932841276,2.610011269159168,1.48791,0.2088009015327334,0.0,1.6967109015327335,1.7219295040456728,0.1493233663332022,0.0846940155683491,0.1686315,2.124578385947224,0.4278674844144905,3000,5.205721060376302,Medium,158.15
10044.3,62.1,675.8,725.1,500.0,280.1,5138.4,1340.0,773.3,2.4,6.54,15.0,brackish,BR0034,2023-01-06 09:41:03.157894736,Iran_Central,62.01711340868572,40.96570449549905,70.84819223656268,2.270617716720692,1.00443,0.1816494173376553,0.0,1.1860794173376554,3.510938844836653,0.4023471863192621,0.089112696989059,0.084576,4.086974728144974,2.9008953108073188,3000,35.294226281489046,High,158.15
2922.4,5.0,1152.4,797.6,5082.3,236.8,6564.5,1825.5,477.8,20.0,8.5,19.81877794897564,brackish,BR0035,2021-06-07 06:11:43.759398496,Australia_Central,57.46157591863692,60.69348253420134,25.844480997880545,1.6078430107717605,0.29224,0.1286274408617408,0.0,0.4208674408617409,0.1031194791815433,0.6356997128509171,0.1452273650078369,0.174702,1.0587485570402977,0.6378811161785566,3000,7.760886913505772,Medium,158.15
14889.4,16.1,1016.2,669.7,4216.9,172.7,500.0,2599.6,377.2,9.3,6.5,22.35994505100091,brackish,BR0036,2020-03-14 04:23:27.518796992,Iran_Central,60.42840357025948,42.411200136723984,48.01677547332804,2.160224447018938,1.48894,0.172817955761515,0.0,1.661757955761515,0.6169099279262242,0.5895104995977376,0.0852083421946921,0.0707535,1.3623822697186538,-0.2993756860428611,3000,-3.642404180188144,Low,158.15
8648.1,40.7,1047.6,898.6,5667.5,61.0,5464.9,200.0,132.9,19.4,7.18,15.0,brackish,BR0037,2023-12-27 08:10:49.624060144,Australia_Central,66.624636337217,47.0956042681968,23.13572814692936,2.563356912064249,0.8648100000000001,0.2050685529651399,0.0,1.06987855296514,0.7514160601928598,0.6700413026579377,0.1269603299862049,0.166986,1.715403692837003,0.6455251398718627,3000,7.853889201774329,Medium,158.15
3051.1,49.3,649.8,772.7,3320.4,53.9,2558.2,374.9,100.0,19.1,6.5,23.421158757322686,brackish,BR0038,2020-12-20 22:29:46.466165412,Australia_Central,55.245650898717926,44.80228487480081,41.88713290571225,1.587144980985285,0.30511,0.1269715984788228,0.0,0.4320815984788227,1.6478984504967875,0.3446267899582743,0.1038561765682757,0.088179,2.184560417023338,1.7524788185445153,3000,21.32182562562494,High,158.15
16760.2,84.8,537.6,511.5,2708.7,175.4,8777.3,919.3,188.4,13.4,6.83,32.394858944208046,brackish,BR0039,2023-10-18 19:36:32.481203008,Australia_Central,58.92378923785216,67.22009294940808,75.63157568858335,1.5897707845903328,1.67602,0.1271816627672266,0.0,1.8032016627672267,5.118018979476712,0.3041033193049854,0.1031492326308666,0.17229,5.697561531412564,3.8943598686453376,3000,47.381378401851606,High,158.15
20000.0,53.9,1307.7,461.1,10000.0,219.7,15000.0,1496.5,833.8,14.1,7.11,29.53774324347098,brackish,BR0040,2022-03-19 16:07:13.082706768,Australia_Central,69.56406225731683,45.413701503450426,62.19336660952229,2.055902104771474,2.0,0.1644721683817179,0.0,2.164472168381718,2.6750735232820952,0.873301672453375,0.0628207732897229,0.375,3.986195969025193,1.821723800643475,3000,22.164306241162283,High,158.15
9793.8,28.6,601.1,693.8,500.0,189.2,7999.3,1355.0,379.1,13.4,8.5,21.03035299406794,brackish,BR0041,2020-04-19 18:35:11.278195488,Qatar,66.09404874882054,41.21302286545472,30.162463869183263,1.7924459461855635,0.97938,0.1433956756948451,0.0,1.122775675694845,0.6883918803935959,0.3813996739479939,0.0857807857921574,0.1274894999999999,1.2830618401337477,0.1602861644389024,3000,1.950148334006646,Low,158.15
20000.0,7.7,917.6,772.1,6201.9,46.5,500.0,1378.3,449.2,1.0,7.82,25.375490387321825,brackish,BR0042,2022-04-21 14:29:46.466165408,Qatar,58.15688727878097,57.62877035343286,24.49792068620032,2.9021711869626303,2.0,0.2321736949570104,0.0,2.2321736949570106,0.1505299234484265,0.5123016937632905,0.1334855207696565,0.1005284999999999,0.8968456379813736,-1.335328056975637,3000,-16.246491359870248,Low,158.15
10456.6,15.9,865.3,1019.4,2276.2,215.1,4555.1,1908.1,696.7,10.9,6.83,20.550683444624003,brackish,BR0043,2022-07-14 18:20:45.112781952,Great_Basin_USA,66.60754000649821,50.38542776229106,38.13495777599484,2.3720154056096145,1.04566,0.1897612324487691,0.0,1.2354212324487692,0.4838639712533777,0.5533008419291798,0.1540887151826384,0.1024694999999999,1.293723028365196,0.0583017959164267,3000,0.7093385169831915,Low,158.15
8097.7,15.2,1384.7,957.4,2992.7,192.6,6490.0,596.7,1041.7,1.1,8.35,26.190085866685568,brackish,BR0044,2023-05-07 03:43:45.563909776,Atacama_Chile,69.13282307229916,52.17118661924099,34.31339095032286,1.9309880991088444,0.80977,0.1544790479287075,0.0,0.9642490479287076,0.4162077068710362,0.9189909130388416,0.1498460822077839,0.1422405,1.6272852021176616,0.663036154188954,3000,8.066939875965605,Medium,158.15
6847.7,46.4,1188.6,437.6,3048.7,42.9,6349.4,2434.1,897.5,11.4,7.51,35.0,brackish,BR0045,2020-04-05 03:18:29.774436090,Australia_Central,64.81213952381968,43.57188234587641,20.128253739814728,2.557165093672426,0.68477,0.2045732074937941,0.0,0.8893432074937941,0.7452928768748679,0.7395428067649159,0.0572011671436665,0.1409714999999999,1.6830083507834503,0.7936651432896562,3000,9.656259243357484,Medium,158.15
18185.4,36.4,300.0,569.4,1589.7,71.6,3076.7,1933.5,208.3,1.0,7.53,32.74799042099901,brackish,BR0046,2020-02-02 22:22:33.383458646,Iran_Central,55.987420812525215,62.44703474299584,49.27131698851724,2.062393577038993,1.8185400000000005,0.1649914861631194,0.0,1.98353148616312,1.431193798828858,0.1612437719400726,0.1066720247479854,0.0699959999999999,1.7691055955169162,-0.2144258906462035,3000,-2.6088483361954764,Low,158.15
6099.3,5.0,325.0,801.3,5713.7,218.8,6981.2,1180.2,100.0,1.0,6.54,29.166354445542023,brackish,BR0047,2022-11-19 20:01:48.270676688,Qatar,50.006132262799824,58.04660948930554,30.48753949668621,1.698173466568515,0.6099300000000001,0.1358538773254812,0.0,0.7457838773254812,0.1216452825917779,0.1560191326599354,0.1395382445513415,0.1904235,0.6076261598030549,-0.1381577175224263,3000,-1.680918896522854,Low,158.15
13676.3,19.1,1031.6,920.4,8171.9,126.5,1030.0,3100.9,1200.0,22.8,6.71,21.05692070093025,brackish,BR0048,2021-07-10 04:34:17.142857144,Atacama_Chile,70.07122767470703,50.9265113424484,27.7461317851115,1.8558483447653704,1.36763,0.1484678675812296,0.0,1.5160978675812296,0.4229009914423125,0.6939405933045864,0.1406182831187684,0.1380284999999999,1.395488367865667,-0.1206094997155622,3000,-1.4674155798726738,Low,158.15
7204.2,51.9,774.3,881.7,5410.0,308.9,2220.4,3056.4,1180.7,18.6,6.84,30.99950714355871,brackish,BR0049,2021-11-18 22:04:30.676691728,Great_Basin_USA,70.5658388829041,45.14724831289408,65.56107389485257,2.464120926689064,0.7204200000000001,0.197129674135125,0.0,0.9175496741351252,2.715290548643993,0.5245356388515133,0.1194189865124361,0.114456,3.4737011740079424,2.556151499872817,3000,31.099843248452608,High,158.15
7698.5,38.8,617.9,580.8,4310.1,200.1,8583.2,2432.9,556.5,10.0,7.54,15.0,brackish,BR0050,2020-08-29 12:05:24.812030076,Atacama_Chile,67.44011253485905,57.803552175116806,24.764476885207035,1.5778141589954875,0.76985,0.126225132719639,0.0,0.896075132719639,0.7667676391105344,0.4000439571387783,0.1007169093099235,0.1933995,1.4609280055592362,0.5648528728395972,3000,6.872376619548431,Medium,158.15
15151.2,44.2,1206.3,223.8,1040.7,101.3,1937.3,200.0,118.9,11.5,7.56,22.981172144072875,brackish,BR0051,2023-08-10 07:02:15.338345872,Australia_Central,51.914523284190345,63.357918385221325,49.9741122864953,1.909033560072096,1.5151200000000002,0.1527226848057676,0.0,1.667842684805768,1.7626668989243477,0.6011950986021005,0.0425385064038376,0.04467,2.4510705039302856,0.7832278191245177,3000,9.529271799348296,Medium,158.15
8099.8,39.6,875.0,300.3,5550.5,149.0,8152.8,3078.9,789.0,8.0,8.5,29.6696913585916,brackish,BR0052,2022-09-03 23:49:10.375939856,Atacama_Chile,64.63055718770116,49.371918516015846,28.853284036448144,1.8124672164632616,0.80998,0.1449973773170609,0.0,0.954977377317061,0.9117868581789904,0.5428966803766897,0.0444791613910786,0.2055495,1.704712199946759,0.7497348226296979,3000,9.121773675327992,Medium,158.15
7976.0,70.7,821.0,681.8,10000.0,156.3,522.1,2294.8,467.6,14.6,7.81,30.92336971238201,brackish,BR0053,2021-09-06 17:41:03.157894736,Australia_Central,70.52551678179017,40.77581150615792,70.13783743060704,1.801702666014798,0.7976000000000001,0.1441362132811838,0.0,0.941736213281184,3.9570785948624474,0.5558539130673573,0.0834028448546953,0.1578315,4.7541668527845,3.812430639503316,3000,46.38457278062367,High,158.15
15664.0,35.9,1111.9,702.7,2857.9,77.2,13059.3,3506.4,466.1,4.6,6.5,30.35907592172593,brackish,BR0054,2020-10-05 02:17:08.571428572,Qatar,59.741708002704144,46.43031954258952,46.14067748534266,2.524143617963957,1.5664,0.2019314894371165,0.0,1.7683314894371165,1.321847356735594,0.6376973292307848,0.0978797566277329,0.238758,2.2961824425941115,0.527850953156995,3000,6.422186596743439,Medium,158.15
17987.0,20.3,650.0,270.4,2872.0,58.7,2902.9,2737.5,768.3,17.9,7.71,27.358645513677555,brackish,BR0055,2020-12-02 15:23:54.586466164,Qatar,54.95001835550635,60.47193456678488,39.25662510628634,2.738725375131547,1.7987000000000002,0.2190980300105237,0.0,2.017798030010524,0.6359337727467751,0.3428881145383596,0.0490548333205758,0.0866234999999999,1.1145002206057104,-0.9032978094048134,3000,-10.990123347758562,Low,158.15
13223.4,7.1,1427.4,613.4,2316.7,220.1,5105.3,3078.3,600.3,8.0,6.5,23.43420016732893,brackish,BR0056,2023-03-09 14:36:59.548872176,Australia_Central,64.69068243103676,69.67289132370769,31.060832352358176,2.573799912096388,1.32234,0.205903992967711,0.0,1.5282439929677112,0.1759844639419909,0.886459008979794,0.1282120546138868,0.11133,1.3019855275356715,-0.2262584654320396,3000,-2.752811329423149,Low,158.15
6726.2,36.2,484.8,789.4,2531.8,234.5,7322.5,2378.7,144.3,6.6,6.73,29.30380775861191,brackish,BR0057,2023-11-24 09:48:16.240601504,Iran_Central,70.65766568252195,40.401287182263296,46.94985307771559,2.468591723700768,0.67262,0.1974873378960614,0.0,0.8701073378960614,1.356268575767817,0.3288464286997118,0.0956783283050359,0.1478145,1.9286078327725649,1.058500494876503,3000,12.878422687664123,Medium,158.15
7447.0,5.0,1062.8,254.6,500.0,210.4,3738.6,2848.7,402.6,10.2,6.85,17.377111675309596,brackish,BR0058,2023-05-21 19:00:27.067669168,Qatar,51.22174896767664,49.18460686396303,42.491726066408006,2.874677657726796,0.7447,0.2299742126181436,0.0,0.9746742126181436,0.1695419870049679,0.5226093581073286,0.0375672027226949,0.063579,0.7932975478349915,-0.1813766647831521,3000,-2.206749421528351,Low,158.15
10399.6,25.4,1373.5,931.5,5215.1,301.5,6573.6,3494.1,698.3,5.3,6.97,18.242581893654,brackish,BR0059,2022-01-27 10:38:47.819548872,Iran_Central,64.9237804290184,41.860626113465166,26.83701522625099,1.5875885706364452,1.03996,0.1270070856509156,0.0,1.1669670856509156,0.5439648290239265,0.8560589992248651,0.1169795196740784,0.1768305,1.69383384792287,0.5268667622719545,3000,6.41021227430878,Medium,158.15
11604.7,24.9,300.0,486.7,1463.3,95.8,8301.4,1716.6,653.1,12.6,6.5,25.493877411682373,brackish,BR0060,2022-05-17 05:13:59.097744368,Australia_Central,66.07934488348354,49.49047863289097,39.312169837997615,1.7512246289643612,1.16047,0.1400979703171489,0.0,1.300567970317149,0.7811406771149803,0.1903085132644326,0.072261047851884,0.1464704999999999,1.190180738231297,-0.1103872320858521,3000,-1.343044657044534,Low,158.15
5060.7,5.0,662.7,977.3,500.0,317.4,9842.5,200.0,578.6,5.7,7.66,26.38558114166998,brackish,BR0061,2020-03-03 04:55:56.390977444,Australia_Central,65.059175983707,52.17743029382264,47.67195494877204,2.121610283505798,0.50607,0.1697288226804638,0.0,0.6757988226804639,0.1902111002456004,0.4139012728742652,0.1529790078784585,0.1551375,0.9122288809983244,0.2364300583178605,3000,2.87656570953397,Low,158.15
13615.2,6.8,1256.9,440.0,6259.6,59.9,9166.0,1192.5,780.0,13.7,6.5,15.0,brackish,BR0062,2022-01-20 03:00:27.067669176,Qatar,66.25084210592621,67.62586275838765,34.893826353512374,2.0586774652558013,1.36152,0.1646941972204641,0.0,1.526214197220464,0.1893478593246995,0.7993985610522111,0.0892661388410717,0.231384,1.3093965592179824,-0.2168176380024817,3000,-2.637947929030195,Low,158.15
10427.6,50.2,1262.9,292.0,753.9,48.7,5312.8,1889.9,391.5,19.7,7.79,28.64117104759615,brackish,BR0063,2021-06-21 21:28:25.263157896,Iran_Central,65.78438269010387,42.41682398214936,78.34031007079167,2.1270774044445337,1.04276,0.1701661923555627,0.0,1.2129261923555628,3.1382814853118863,0.7975593302335889,0.0371571378083628,0.0910005,4.063998453353839,2.851072260998276,3000,34.68804584214569,High,158.15
1421.5,35.8,731.4,462.6,2984.0,10.0,5413.5,1574.9,553.6,4.2,8.5,31.181827023355147,brackish,BR0064,2023-03-05 22:47:49.172932336,Australia_Central,53.260097124508725,63.3140215919731,49.13311231967478,1.809682357564059,0.14215,0.1447745886051247,0.0,0.2869245886051247,1.403654405993397,0.3739625763539105,0.0878671991653402,0.1259625,1.991446681512648,1.704522092907523,3000,20.738352130374864,High,158.15
5355.4,32.5,506.1,571.5,8399.3,105.4,15000.0,253.4,100.0,9.0,6.5,24.38171810026964,brackish,BR0065,2022-02-25 17:12:10.827067672,Qatar,55.873419423722886,51.8660318818889,40.71242422685639,1.7242549733703425,0.53554,0.1379403978696274,0.0,0.6734803978696274,1.0558767223235204,0.2714643606753231,0.0889243116614985,0.3509895,1.767254894660342,1.0937744967907146,3000,13.307589710953692,Medium,158.15
7479.4,37.7,1182.4,483.5,500.0,99.6,9799.6,200.0,365.1,13.7,7.27,35.0,brackish,BR0066,2023-10-29 19:04:03.609022560,Australia_Central,65.47485013222526,64.33788549000784,23.07316069298242,2.263789871186892,0.74794,0.1811031896949513,0.0,0.9290431896949514,0.6941468101840991,0.7432076428448943,0.0933221029032563,0.154494,1.6851705559322498,0.7561273662372985,3000,9.199549622553798,Medium,158.15
9635.7,32.3,1273.4,535.2,500.0,202.6,2312.7,758.8,729.2,6.5,6.5,19.53651914947851,brackish,BR0067,2021-12-25 12:16:14.436090224,Atacama_Chile,50.44232902841927,55.40206555976864,27.33678652793868,2.8920787861031902,0.96357,0.2313663028882552,0.0,1.1949363028882554,0.7046166074722309,0.6166393131339754,0.0889535564627645,0.0421905,1.4523999770689708,0.2574636741807155,3000,3.1324747025320385,Low,158.15
19446.4,61.1,334.1,700.2,4807.9,174.4,6400.0,2307.7,382.9,13.7,7.26,22.11130269290504,brackish,BR0068,2022-12-30 02:02:42.406015040,Atacama_Chile,65.86861296808111,41.1784611653023,74.87741093356622,2.0879541935248755,1.94464,0.16703633548199,0.0,2.1116763354819903,3.6508578268166354,0.2112643544893046,0.086499475523834,0.1681185,4.116740156829774,2.005063821347784,3000,24.39494315973137,High,158.15
11190.9,33.1,318.4,548.6,7448.5,30.7,4659.4,3080.3,360.1,14.4,8.01,21.839464750982327,brackish,BR0069,2021-11-22 13:53:41.052631576,Qatar,66.6346655946258,68.38617654144517,28.266674461157184,1.565029821179292,1.11909,0.1252023856943433,0.0,1.2442923856943433,0.7466302858821138,0.203678184243157,0.1125499693519104,0.1816185,1.244476939477181,0.0001845537828377,3000,0.0022454043578595,Low,158.15
5796.1,5.0,890.1,580.2,500.0,110.7,5458.7,2416.6,187.6,18.7,8.08,24.39049910967186,brackish,BR0070,2021-05-16 07:16:41.503759400,Australia_Central,55.97936899654146,42.48202190303566,48.7262511616742,2.559251014334287,0.5796100000000001,0.2047400811467429,0.0,0.784350081146743,0.19441774213508,0.4783414689006869,0.0739442073244238,0.0893805,0.8360839183601908,0.0517338372134478,3000,0.6294283527636151,Low,158.15
11103.2,70.8,1051.7,200.0,5223.1,112.9,1082.0,2557.4,801.0,5.2,7.56,22.370201496269672,brackish,BR0071,2020-08-07 13:10:22.556390976,Qatar,64.9533207438285,57.93050507601268,70.13380085055434,1.9366573582907625,1.1103200000000002,0.154932588663261,0.0,1.2652525886632613,3.962447533974959,0.6557895112923307,0.0347583030456076,0.0945765,4.747571848312896,3.482319259649634,3000,42.36821765907056,High,158.15
8239.6,39.3,680.4,717.5,5743.0,10.0,4352.3,1419.2,664.5,2.5,8.21,15.0,brackish,BR0072,2021-07-06 12:45:06.766917296,Great_Basin_USA,63.352251518094114,66.33003288800548,33.716912171970954,1.8676425109573385,0.82396,0.149411400876587,0.0,0.973371400876587,1.0574095693900498,0.4138067705559479,0.1427753957914317,0.1514295,1.7654212357374297,0.7920498348608425,3000,9.63660632414025,Medium,158.15
11623.8,15.3,1071.7,573.2,500.0,51.9,13246.2,200.0,747.6,7.5,8.5,20.6276136301082,brackish,BR0073,2023-09-19 13:03:09.473684208,Qatar,56.517288703827845,42.39309393250581,41.04806280410352,1.986387001046943,1.16238,0.1589109600837554,0.0,1.3212909600837557,0.5011722180004216,0.5814679517173662,0.072899164326337,0.206193,1.361732334044125,0.0404413739603695,3000,0.492036716517829,Low,158.15
12902.8,5.0,515.9,1083.1,6395.5,72.9,8316.3,1044.8,100.0,2.3,8.5,24.21903443380739,brackish,BR0074,2023-03-02 06:58:38.796992480,Qatar,61.57435029686887,56.61680165248039,35.72749194025622,2.5857232858618144,1.29028,0.2068578628689451,0.0,1.4971378628689451,0.1425526928416223,0.3049555902542846,0.1839649736094045,0.220677,0.8521502567053115,-0.6449876061636338,3000,-7.847349208324212,Low,158.15
16046.2,39.9,300.0,318.1,6629.8,293.4,500.0,1241.2,451.9,14.5,7.08,34.82857665649598,brackish,BR0075,2023-05-29 02:38:47.819548880,Atacama_Chile,72.74061323530454,64.72869626573356,31.46437900666305,2.7282290803054563,1.6046200000000002,0.2182583264244365,0.0,1.8228783264244368,1.001832120447953,0.2094929661176771,0.0617705948463895,0.106947,1.3800426814120197,-0.4428356450124169,3000,-5.387833680984406,Low,158.15
9878.6,27.1,630.4,200.0,3064.6,169.1,10866.9,1002.9,416.0,1.0,6.5,35.0,brackish,BR0076,2021-05-30 22:33:23.007518800,Atacama_Chile,60.66506951149707,69.58974125937388,22.29913625463736,2.382084101008445,0.98786,0.1905667280806756,0.0,1.1784267280806755,0.4822366608155367,0.3671352942724584,0.0417538447556243,0.2089725,1.1000982998436195,-0.0783284282370562,3000,-0.952995876884184,Low,158.15
18194.8,69.4,825.3,785.4,7757.0,216.2,10358.5,1554.7,415.8,28.7,7.18,35.0,brackish,BR0077,2021-04-17 00:43:18.496240600,Australia_Central,65.74610442198754,61.72982202442064,74.9111397376966,1.9837181305793277,1.81948,0.1586974504463462,0.0,1.978177450446346,4.148668812041323,0.5208984958028766,0.1454478066539399,0.2717325,5.086747614498139,3.1085701640517933,3000,37.820936995963486,High,158.15
14540.1,21.4,689.7,704.0,7409.4,10.0,4562.9,1941.4,315.2,20.4,6.74,18.796967762619147,brackish,BR0078,2021-10-09 16:03:36.541353384,Qatar,50.88377052601736,48.35003126389881,46.02740092382104,1.9657173496759173,1.45401,0.1572573879740733,0.0,1.611267387974073,0.7860191310562767,0.3369075507052241,0.1021152660293543,0.1795844999999999,1.4046264477908552,-0.2066409401832181,3000,-2.5141314388958205,Low,158.15
6462.8,9.1,336.6,297.5,4309.4,269.4,8869.1,2353.0,396.2,10.1,7.86,19.43352311499068,brackish,BR0079,2020-07-12 22:26:09.924812030,Qatar,51.94500283305247,60.98710989536228,40.572873252801685,1.6864625248581946,0.6462800000000001,0.1349170019886555,0.0,0.7811970019886556,0.2946320909871953,0.1678530043546124,0.0544309955816108,0.1976775,0.7145935909234185,-0.0666034110652371,3000,-0.8103415012937187,Low,158.15
20000.0,52.4,300.0,200.0,2645.7,280.1,2562.4,1221.9,754.9,16.9,6.56,23.725371379925196,brackish,BR0080,2021-08-15 18:46:00.902255640,Australia_Central,52.03270183258296,61.17300307922918,69.5373752511738,2.899951572352792,2.0,0.2319961257882233,0.0,2.2319961257882235,2.9077192536028824,0.1498541812778389,0.0367038018475375,0.0781215,3.1723987367282587,0.9404026109400352,3000,11.441565099770427,Medium,158.15
11635.0,53.1,594.4,1061.2,1081.5,10.0,4119.0,200.0,100.0,1.0,7.44,35.0,brackish,BR0081,2022-08-05 17:15:47.368421056,Iran_Central,69.45601909066113,60.99898036313852,63.19315161557824,2.4572090984532293,1.1635,0.1965767278762583,0.0,1.3600767278762582,2.677733967928189,0.3963327143758942,0.1941963538840878,0.0780075,3.3462705361881717,1.986193808311913,3000,24.16535800112828,High,158.15
5824.4,34.2,1159.1,1024.2,3887.3,79.5,11994.2,1017.1,1033.2,30.0,8.17,23.67660758254485,brackish,BR0082,2023-09-23 04:52:19.849624064,Australia_Central,58.75642237008632,65.62781311279318,44.49014560712732,1.540461929783796,0.58244,0.1232369543827036,0.0,0.7056769543827036,1.214207257851476,0.6538038640240037,0.2016480185703683,0.2382225,2.307881640445848,1.6022046860631445,3000,19.49349034710159,High,158.15
18264.6,46.9,1302.5,200.0,5709.3,199.6,4913.1,1543.7,645.2,5.3,7.42,15.0,brackish,BR0083,2021-09-21 08:57:44.661654136,Atacama_Chile,55.69029220914533,42.62140187558473,48.252450866936144,2.493550642780021,1.82646,0.1994840514224017,0.0,2.025944051422402,1.8059058766361251,0.6963514137831534,0.0255728411253508,0.159336,2.6871661315446294,0.6612220801222275,3000,8.044868641487101,Medium,158.15
20000.0,29.1,1275.1,462.5,3027.5,214.4,500.0,2722.8,487.3,9.0,6.74,20.99058290437572,brackish,BR0084,2020-06-13 15:52:46.917293234,Atacama_Chile,68.68311421129306,43.252595362463,31.648189723887945,2.1707301362902616,2.0,0.1736584109032209,0.0,2.173658410903221,0.734927932130181,0.8407472537358699,0.0600129760654174,0.0529125,1.6886006619314682,-0.4850577489717527,3000,-5.901535945822991,Low,158.15
9834.9,35.8,473.6,1099.3,500.0,82.2,5746.8,932.2,772.1,1.0,8.44,31.056448014555336,brackish,BR0085,2021-08-08 11:07:40.150375936,Qatar,54.24900156390436,59.21851372676674,41.85926567552185,2.958836944570379,0.98349,0.2367069555656303,0.0,1.2201969555656302,1.195852245524578,0.246646340550385,0.195296736419504,0.093702,1.731497322494467,0.5113003669288367,3000,6.220821130967514,Medium,158.15
7481.7,59.1,338.5,457.2,7806.1,119.5,5685.6,2012.5,100.0,13.9,6.5,30.519522215168696,brackish,BR0086,2022-05-31 20:30:40.601503760,Atacama_Chile,56.16231312675701,68.61643288294563,70.26908599726889,2.7286032372096107,0.74817,0.2182882589767688,0.0,0.9664582589767688,3.314016579985996,0.1825050527367096,0.0941142993422482,0.2023755,3.793011432064954,2.826553173088185,3000,34.38973027257292,High,158.15
9138.1,45.6,998.7,452.8,4570.7,90.3,10793.5,1790.1,300.6,1.1,7.24,23.39826666806675,brackish,BR0087,2023-05-14 11:22:06.315789472,Australia_Central,60.77328608175052,53.975159167577374,35.068008165565985,1.7569736307491972,0.91381,0.1405578904599357,0.0,1.0543678904599358,1.2760827355351476,0.5826650957745049,0.0733198562132371,0.230463,2.1625306875228896,1.1081627970629535,3000,13.482647364265937,Medium,158.15
13573.7,25.8,1054.0,515.2,2861.1,161.0,6057.3,1543.9,463.7,10.8,7.47,30.467317388480247,brackish,BR0088,2022-04-06 23:13:04.962406016,Qatar,58.28595172536533,68.81688104877026,45.09429141849229,2.5801666783123,1.3573700000000002,0.2064133342649839,0.0,1.563783334264984,0.9284193094404866,0.5897605739379366,0.1063633713489793,0.133776,1.7583192547274025,0.1945359204624184,3000,2.366853698959424,Low,158.15
16389.3,63.8,960.1,263.7,6571.5,269.7,4313.7,2430.5,909.7,5.6,7.51,15.0,brackish,BR0089,2022-02-22 01:23:00.451127816,Australia_Central,64.63480527591611,68.14255778548463,62.08560855527884,2.228349005752895,1.63893,0.1782679204602316,0.0,1.8171979204602315,3.1609273370097783,0.5957364148359078,0.0539075774640968,0.163278,3.973849329309783,2.156651408849552,3000,26.239258807669547,High,158.15
12852.4,5.0,300.0,200.0,8573.9,72.9,10180.2,839.2,486.1,1.4,7.64,25.83063388026158,brackish,BR0090,2022-09-18 15:05:51.879699248,Australia_Central,58.44601547687119,67.08729214702959,35.910060463601155,1.7805677455048925,1.28524,0.1424454196403914,0.0,1.4276854196403914,0.1432811412497686,0.168324524573389,0.0402523752882177,0.2813115,0.6331695411113754,-0.7945158785290161,3000,-9.66660985543636,Low,158.15
10508.6,81.3,453.2,915.8,500.0,250.1,6483.2,924.8,635.0,3.6,7.99,31.88548337094904,brackish,BR0091,2022-05-24 12:52:19.849624064,Qatar,59.823790896472296,67.29552924592255,65.36550686678056,2.5481098609949235,1.05086,0.2038487888795939,0.0,1.254708788879594,4.240744135198869,0.2602765635290999,0.1848877370502476,0.104748,4.790656435778216,3.5359476468986224,3000,43.02069637059991,High,158.15
17490.1,5.0,788.1,200.0,5302.8,71.8,2999.9,1488.1,323.1,11.8,7.47,18.33709379876372,brackish,BR0092,2021-12-29 04:05:24.812030072,Iran_Central,71.57216520623714,66.94956379983958,30.19417836487287,2.321081368041368,1.74901,0.1856865094433094,0.0,1.9346965094433093,0.1204747716758427,0.5414978246307407,0.0401697382799037,0.1245405,0.8266828345864873,-1.108013674856822,3000,-13.480833044091336,Low,158.15
8435.8,14.3,994.9,674.2,500.0,65.2,10620.0,859.9,646.1,1.0,7.21,18.309291708029697,brackish,BR0093,2022-12-19 02:35:11.278195488,Atacama_Chile,72.11328599070006,64.59668150617546,39.33286473926823,1.5455608181573557,0.84358,0.1236448654525884,0.0,0.9672248654525883,0.4488430526856856,0.688756879028616,0.1306532480143905,0.1668,1.4350531797286925,0.4678283142761038,3000,5.691911157025931,Medium,158.15
15154.6,29.0,1106.9,866.0,5497.3,231.9,6774.6,2008.0,1003.2,4.0,7.17,15.0,brackish,BR0094,2020-10-30 17:01:21.203007520,Great_Basin_USA,70.69277977033519,60.84936875815991,20.81685237010545,2.469881925793239,1.51546,0.1975905540634591,0.0,1.713050554063459,0.4817435975489803,0.7511984441067266,0.1580866600336994,0.1840785,1.5751072016894063,-0.1379433523740527,3000,-1.6783107872176417,Low,158.15
8559.7,26.3,857.7,200.0,4383.8,242.2,6011.7,786.8,798.7,15.3,7.01,35.0,brackish,BR0095,2022-10-10 14:00:54.135338352,Great_Basin_USA,71.62077331761581,40.73224535777825,37.814752969194885,2.4524806347936607,0.8559700000000001,0.1961984507834928,0.0,1.052168450783493,0.7936333464656808,0.5897197178353832,0.0244393472146669,0.1559325,1.563724911515731,0.511556460732238,3000,6.223936938908896,Medium,158.15
12155.1,55.2,932.3,322.7,5907.2,235.1,6711.6,1726.3,475.6,30.0,8.13,19.238768183827467,brackish,BR0096,2022-06-11 19:58:11.729323312,Great_Basin_USA,64.24321673347792,43.96760776468157,67.08605598634374,1.716127741577194,1.21551,0.1372902193261755,0.0,1.3528002193261757,2.955113931776048,0.5749819292219661,0.0425650410769882,0.1892819999999999,3.761942902075002,2.4091426827488265,3000,29.311235973444056,High,158.15
9432.2,5.0,833.9,964.0,2502.3,18.4,1717.3,1399.8,702.6,13.8,6.98,26.92834622289689,brackish,BR0097,2022-10-21 13:28:25.263157888,Atacama_Chile,66.15583036878459,44.02696163594401,40.084530824242165,2.0234815904950394,0.9432200000000002,0.1618785272396031,0.0,1.1050985272396034,0.1599372779887262,0.5296065306674829,0.1273259730511501,0.063294,0.8801637817073593,-0.2249347455322441,3000,-2.736706070642304,Low,158.15
9720.7,36.5,1074.2,759.9,500.0,103.4,3889.4,1714.9,673.3,2.7,8.18,29.831336331867,brackish,BR0098,2020-10-01 10:27:58.195488720,Iran_Central,63.92932916387351,40.7062085283877,24.247440557391627,2.37884845612656,0.97207,0.1903078764901248,0.0,1.162377876490125,0.706255201115146,0.6592596997231961,0.0927979435821654,0.065841,1.5241538444205076,0.3617759679303827,3000,4.401607609819656,Low,158.15
8113.1,15.5,925.1,414.8,2648.9,232.3,6014.3,1040.3,652.0,7.1,7.52,35.0,brackish,BR0099,2023-09-15 21:13:59.097744368,Australia_Central,69.639702101323,43.501053052709096,42.07434811448536,1.7081745211600947,0.8113100000000001,0.1366539616928075,0.0,0.9479639616928076,0.5204176118280694,0.6184674087737655,0.0541327104187911,0.129948,1.3229657310206262,0.3750017693278185,3000,4.562521526821792,Low,158.15
16724.3,37.4,826.3,960.7,5220.5,154.2,5221.3,1160.9,833.6,10.3,7.08,23.76881780811492,brackish,BR0100,2023-09-26 20:41:30.225563904,Qatar,63.7750121440361,67.59239300701319,39.369191592889344,2.7790850667521347,1.67243,0.2223268053401708,0.0,1.8947568053401709,1.174981396928101,0.5058940083323235,0.1948080358855127,0.156627,2.0323104411459374,0.1375536358057665,3000,1.6735692356368257,Low,158.15
6335.4,28.4,692.7,962.0,7046.2,42.6,11089.7,1596.0,831.3,7.2,7.99,20.68456164977265,brackish,BR0101,2020-04-12 10:56:50.526315790,Iran_Central,52.77692411376951,59.914128607323576,49.13725498641054,1.5412290694315556,0.63354,0.1232983255545244,0.0,0.7568383255545245,1.1136074372080196,0.3509623232026381,0.1729121751607358,0.2720385,1.9095204355713933,1.152682110016869,3000,14.02429900520524,Medium,158.15
6298.8,32.3,832.5,680.7,500.0,195.8,6869.6,1702.1,461.9,17.2,6.92,26.384541188564427,brackish,BR0102,2022-07-18 10:09:55.488721808,Great_Basin_USA,70.2395030114215,49.36219054886267,47.33706089774444,1.6542561224540324,0.62988,0.1323404897963226,0.0,0.7622204897963226,1.2201316794637218,0.5613541080672807,0.1008025293198324,0.110544,1.992832316850835,1.2306118270545126,3000,14.9724438958299,Medium,158.15
20000.0,16.3,993.8,330.0,7081.2,78.5,9419.6,1495.8,692.6,11.7,8.01,35.0,brackish,BR0103,2020-03-17 20:12:37.894736842,Atacama_Chile,69.01462926693841,63.8008003671004,28.49908589599107,1.674160379782326,2.0,0.1339328303825861,0.0,2.133932830382586,0.3706990098835142,0.6584326902286406,0.0631627923634294,0.247512,1.339806492475584,-0.7941263379070018,3000,-9.66187044453519,Low,158.15
14889.2,17.2,907.0,476.0,2056.4,329.5,6037.6,3205.4,385.1,17.3,7.67,23.63861974879373,brackish,BR0104,2021-11-15 06:15:20.300751880,Atacama_Chile,70.50751488206564,54.651084608645526,20.819497181763108,2.292160688962583,1.4889200000000002,0.1833728551170066,0.0,1.6722928551170069,0.2857600905180077,0.6139230335811219,0.0780417488211458,0.1214099999999999,1.0991348729202757,-0.5731579821967314,3000,-6.973422116726899,Low,158.15
1000.0,37.2,952.3,685.9,5087.3,304.5,10225.2,509.3,223.1,7.5,7.02,17.36104734732739,brackish,BR0105,2022-10-25 05:17:35.639097744,Qatar,54.760736584744045,44.2638111074763,39.66105683335273,2.430171018252938,0.1,0.194413681460235,0.0,0.294413681460235,1.177362268732176,0.5006270347166568,0.091081644115854,0.2296875,1.998758447564687,1.7043447661044515,3000,20.73619465427083,High,158.15
7173.7,53.6,1337.1,543.4,2470.3,210.4,7590.1,1435.8,419.2,20.6,7.92,15.0,brackish,BR0106,2021-03-07 18:42:24.360902256,Australia_Central,56.79042631787418,66.53506243679477,75.07218472511681,2.10561119475223,0.7173700000000001,0.1684488955801784,0.0,0.8858188955801785,3.2110475428104768,0.7289709986844438,0.1084654587844628,0.150906,4.199390000279384,3.3135711046992053,3000,40.31511510717367,High,158.15
1000.0,15.0,906.1,881.7,4546.5,286.1,6053.7,200.0,477.1,8.7,7.94,15.229620923158198,brackish,BR0107,2023-08-17 14:40:36.090225568,Iran_Central,57.39379243158825,50.159858387094175,20.82286306299338,1.9330002415022491,0.1,0.1546400193201799,0.0,0.25464001932018,0.2492496708640307,0.4992433470937163,0.1326778414197028,0.159003,1.04017385937745,0.7855338400572699,3000,9.557328387363452,Medium,158.15
5246.5,8.3,540.4,200.0,6675.6,156.5,5946.9,1872.1,100.0,2.2,8.43,31.91513197925332,brackish,BR0108,2023-10-07 20:09:01.353383456,Iran_Central,62.70201340464184,60.965776915896825,23.68032587607778,2.713976063438336,0.5246500000000001,0.2171180850750668,0.0,0.741768085075067,0.1568442704076136,0.3252880132211371,0.036579466149538,0.1893375,0.7080492497782889,-0.0337188352967781,3000,-0.4102458294441337,Low,158.15
1000.0,45.3,1153.4,200.0,500.0,226.5,2182.2,384.8,758.1,27.4,8.27,22.43500418954551,brackish,BR0109,2022-07-03 18:53:13.984962400,Iran_Central,53.3469271040865,48.71782481498822,37.54105113607957,1.6024289755896302,0.1,0.1281943180471704,0.0,0.2281943180471704,1.3570864739385946,0.5906913189297923,0.0292306948889929,0.040233,2.01724148775738,1.7890471697102093,3000,21.766740564807545,High,158.15
9315.1,29.2,300.0,654.3,1960.3,297.8,8027.7,1221.7,100.0,1.0,7.89,20.13983272063432,brackish,BR0110,2023-12-31 00:00:00.000000000,Australia_Central,59.63454383187168,55.002137520214,47.35481792130476,1.9204377916991875,0.93151,0.153635023335935,0.0,1.085145023335935,1.1034430252750749,0.1717474862357904,0.107963695738428,0.14982,1.5329742072492931,0.4478291839133583,3000,5.448588404279193,Medium,158.15
4290.3,50.8,367.4,452.5,4554.9,174.5,5839.2,1127.9,1200.0,4.1,6.6,19.27226221452846,brackish,BR0111,2020-10-19 17:33:50.075187968,Australia_Central,54.55395402697574,64.48758134591246,82.66250691283517,1.558673368205956,0.42903,0.1246938694564765,0.0,0.5537238694564766,3.3510057702352767,0.1924139780113045,0.0875418916770761,0.1559114999999999,3.7868731399236575,3.233149270467181,3000,39.33664945735071,High,158.15
10299.5,7.4,934.3,411.9,10000.0,124.5,3992.0,1780.9,950.6,5.0,8.5,25.68036688160145,brackish,BR0112,2022-05-28 04:41:30.225563904,Australia_Central,56.61906782581841,44.70332039273103,24.544551638362243,1.520835202449402,1.02995,0.1216668161959521,0.0,1.1516168161959524,0.1449404863348567,0.5078322726687565,0.0552398930092977,0.2098799999999999,0.9178926520129108,-0.2337241641830414,3000,-2.843643997560337,Low,158.15
1874.4,5.0,1006.6,200.0,1410.4,10.0,10425.8,947.2,421.7,30.0,6.5,23.08435924987533,brackish,BR0113,2023-02-26 15:09:28.421052624,Qatar,67.65969086396069,69.31754185717836,31.537218392157484,2.030069830398302,0.18744,0.1624055864318641,0.0,0.3498455864318641,0.1258335013847083,0.6538199503071631,0.041590525114307,0.177543,0.9987869768061786,0.6489413903743144,3000,7.895453582887492,Medium,158.15
10414.6,16.7,302.0,605.9,10000.0,141.7,999.1,904.7,502.8,24.5,8.26,22.81494285024598,brackish,BR0114,2022-10-17 21:39:14.887218048,Atacama_Chile,71.37027890793203,42.10647768582179,21.29608593056522,1.792235493667398,1.04146,0.1433788394933918,0.0,1.184838839493392,0.2838044187622704,0.2069167126098765,0.0765369444895182,0.1649865,0.7322445758616654,-0.4525942636317266,3000,-5.5065635408526745,Low,158.15
7925.4,10.8,646.9,584.2,10000.0,232.3,4310.0,2935.9,590.9,22.0,7.85,35.0,brackish,BR0115,2021-04-20 16:32:28.872180448,Great_Basin_USA,50.57264666492959,56.02026729221512,34.07815539088787,1.9025487822573692,0.79254,0.1522039025805895,0.0,0.9447439025805896,0.293699174420828,0.3140682732244124,0.0981811204563362,0.21465,0.9205985681015766,-0.024145334479013,3000,-0.293768236161325,Low,158.15
17509.8,28.0,557.6,796.0,3708.1,244.6,10110.9,1784.6,323.3,7.4,6.56,35.0,brackish,BR0116,2020-11-14 08:18:02.706766916,Australia_Central,64.14742408387501,67.48076558055844,42.59250379019617,2.7314207361824523,1.75098,0.2185136588945961,0.0,1.969493658894596,0.9516869046881432,0.3433785952240195,0.1611440682063735,0.207285,1.6634945681185362,-0.3059990907760599,3000,-3.722988937775396,Low,158.15
17056.8,14.1,605.3,620.7,3105.5,200.4,7262.1,938.9,557.8,29.4,7.4,15.0,brackish,BR0117,2023-06-23 17:23:00.451127824,Atacama_Chile,50.90149405155668,68.37081654647577,43.699181340968345,1.7444701443738322,1.70568,0.1395576115499066,0.0,1.8452376115499067,0.4916944486123076,0.2957824737543096,0.1273132974911925,0.155514,1.0703042198578097,-0.7749333916920971,3000,-9.428356265587182,Low,158.15
13926.7,48.5,1177.4,560.2,1923.8,95.9,5808.6,1249.2,456.8,12.9,7.44,27.620741849143663,brackish,BR0118,2020-10-12 09:55:29.323308272,Australia_Central,52.13123112528876,46.96326888639328,34.96968399789719,2.670350050727701,1.39267,0.2136280040582161,0.0,1.6062980040582162,1.3534316797706154,0.5892413906583839,0.0789264696904725,0.115986,2.1375855401194714,0.5312875360612552,3000,6.463998355411939,Medium,158.15
8366.9,22.8,1082.6,953.1,3795.4,10.0,7004.0,3145.4,471.7,17.8,8.5,18.78510321102886,brackish,BR0119,2023-01-17 09:08:34.285714288,Great_Basin_USA,67.62710086535273,44.31954943644426,22.87609024124655,2.5125759347195453,0.83669,0.2010060747775636,0.0,1.0376960747775636,0.4162167362853362,0.7028457542095763,0.1267228877036251,0.161991,1.4077763781985375,0.3700803034209738,3000,4.5026436916218495,Low,158.15
19926.9,33.8,792.4,206.3,500.0,100.5,6717.7,1264.8,554.4,11.4,6.93,23.01399108911125,brackish,BR0120,2021-09-14 01:19:23.909774440,Australia_Central,68.39020266255292,61.73209000953673,31.440919255446996,1.989668287711249,1.9926900000000003,0.1591734630168999,0.0,2.1518634630169,0.8480370505256184,0.5202470072621466,0.0382059905069022,0.1082655,1.514755548294667,-0.6371079147222329,3000,-7.7514796291205,Low,158.15
2234.8,33.9,581.6,760.9,3771.3,119.6,500.0,810.7,105.9,9.6,7.29,27.47422708101356,brackish,BR0121,2023-05-10 19:32:55.939849632,Atacama_Chile,70.34951682931997,41.25920704828712,47.963058799230936,2.3198342177644315,0.22348,0.1855867374211545,0.0,0.4090667374211545,1.2975062592485551,0.3927866782841519,0.094182391929125,0.0640695,1.848544829461832,1.4394780920406771,3000,17.51365011982824,High,158.15
2982.2,34.9,300.0,200.0,8490.6,118.7,4603.0,815.0,511.9,8.0,6.5,23.298240664552644,brackish,BR0122,2021-05-27 06:44:12.631578944,Qatar,61.85603779425762,54.557169070909424,26.88837669559144,2.166653414661808,0.29822,0.1733322731729446,0.0,0.4715522731729447,0.7488466686475608,0.1781453888474619,0.0327343014425456,0.196404,1.1561303589375682,0.6845780857646235,3000,8.32903337680292,Medium,158.15
9581.1,29.4,1368.1,348.5,2166.7,211.9,12466.1,950.9,549.0,8.3,8.5,26.843679045021062,brackish,BR0123,2022-04-14 06:51:25.714285712,Great_Basin_USA,71.49518705040471,63.89065680379546,29.5926334973818,1.692592973246498,0.95811,0.1354074378597198,0.0,1.09351743785972,0.6942786930087739,0.9390006278751232,0.0667976816883681,0.2194919999999999,1.9195690025722651,0.8260515647125455,3000,10.05029403733597,Medium,158.15
20000.0,42.8,1036.8,236.2,3277.8,348.6,3362.7,905.5,538.7,14.9,6.64,30.38376164825534,brackish,BR0124,2020-07-09 06:36:59.548872180,Atacama_Chile,54.17095729104061,56.807641735505015,42.404815263892125,2.860777982601264,2.0,0.2288622386081011,0.0,2.228862238608101,1.4483110224490772,0.5391787057857687,0.0402538949337788,0.0996075,2.1273511231686246,-0.1015111154394765,3000,-1.2350519045136314,Low,158.15
8988.3,10.1,517.3,834.6,500.0,162.4,4726.8,220.4,435.3,12.9,7.76,27.35661440432256,brackish,BR0125,2020-10-16 01:44:39.699248120,Iran_Central,56.24291034087506,45.64039797322015,42.00742366657815,2.35442695137864,0.89883,0.1883541561102912,0.0,1.0871841561102913,0.3385714332678865,0.2793067921856128,0.1142744284453485,0.078402,0.810554653898848,-0.2766295022114433,3000,-3.365658943572561,Low,158.15
9083.8,65.0,1087.8,580.4,5122.2,128.3,3833.5,375.8,841.4,9.7,7.42,19.82530956665901,brackish,BR0126,2020-02-24 21:17:35.639097744,Iran_Central,53.36255369004928,54.6113289840989,82.80505720062331,2.8203600686931822,0.90838,0.2256288054954545,0.0,1.1340088054954545,4.295098316996331,0.5572587446787418,0.095089246027113,0.1343355,5.0817818077021855,3.947773002206731,3000,48.03123819351522,High,158.15
2790.4,24.1,771.9,595.9,4793.4,124.1,5651.9,670.7,393.9,22.1,7.42,19.96640314423741,brackish,BR0127,2020-08-25 20:16:14.436090224,Iran_Central,69.93843151454692,67.63824149346678,31.643560721611266,2.7357397677199358,0.27904,0.2188591814175948,0.0,0.4978991814175948,0.6085626310858836,0.5182605627463561,0.1209168843178705,0.1566795,1.4044195781501103,0.9065203967325156,3000,11.02933149357894,Medium,158.15
14729.6,5.0,685.2,268.0,4191.1,162.4,3667.5,2091.6,568.2,1.0,8.15,15.0,brackish,BR0128,2023-11-28 01:37:26.616541360,Qatar,55.716877959665474,58.51638934132831,35.437961716228735,1.6196638879641347,1.47296,0.1295731110371308,0.0,1.6025331110371308,0.1413974672477526,0.3665011658684427,0.0470471770304279,0.117879,0.6728248101466234,-0.9297083008905074,3000,-11.31145099416784,Low,158.15
14765.9,34.7,974.1,510.1,3349.5,67.2,7947.0,1118.8,889.2,14.1,8.5,18.168637619834254,brackish,BR0129,2023-07-26 15:45:33.834586464,Australia_Central,53.8877810689574,61.64471882707059,34.02177383661433,1.8109059990276788,1.47659,0.1448724799222143,0.0,1.6214624799222144,0.9420833306001528,0.5039240403770054,0.0943349132210661,0.1694475,1.709789784198224,0.0883273042760097,3000,1.0746488686914522,Low,158.15
13945.4,8.7,503.4,371.0,3121.7,162.0,6789.3,1292.8,476.2,15.7,7.7,35.0,brackish,BR0130,2023-03-24 05:53:41.052631584,Australia_Central,65.5777671897014,50.087916389875446,47.83256513067359,1.717891671562246,1.39454,0.1374313337249797,0.0,1.5319713337249798,0.3320823666762144,0.3169137408316386,0.0557478509419313,0.148665,0.8534089584497844,-0.6785623752751955,3000,-8.255842232514878,Low,158.15
6853.9,46.6,662.5,715.0,5505.7,195.1,9094.2,2770.1,564.3,19.2,8.02,18.663971407238044,brackish,BR0131,2023-05-25 10:49:37.443609024,Australia_Central,51.92705065901686,45.65451325502853,43.07991766473904,2.7461692991803783,0.6853899999999999,0.2196935439344302,0.0,0.9050835439344302,1.602004282215118,0.3302560421913472,0.0979289309320362,0.2189985,2.2491877553385016,1.344104211404071,3000,16.353267905416203,High,158.15
6466.5,85.2,848.6,302.7,3913.6,171.0,1796.2,2795.0,471.1,9.5,7.76,15.45296950044944,brackish,BR0132,2022-06-08 04:09:01.353383456,Qatar,51.12250693050432,47.669266896988105,80.7860444958462,2.7936699396828035,0.6466500000000001,0.2234935951746242,0.0,0.8701435951746244,5.492610850854785,0.4164725700597693,0.0432884612691548,0.085647,6.038018882183708,5.167875287009084,3000,62.87581599194385,High,158.15
3534.4,10.3,600.2,998.9,4944.9,195.8,4638.6,1217.9,871.2,11.7,8.31,27.559422894758185,brackish,BR0133,2021-02-02 20:19:50.977443608,Iran_Central,52.667941213811474,55.99532781280885,23.992948064882327,2.291957264712549,0.35344,0.1833565811770039,0.0,0.5367965811770039,0.1972076373244938,0.3034684638386846,0.1678011988566443,0.1437525,0.8122298000198227,0.2754332188428188,3000,3.351104162587629,Low,158.15
10419.4,38.3,1067.6,200.0,4644.9,193.4,5097.1,869.1,422.7,17.9,7.13,24.11708192566512,brackish,BR0134,2020-07-16 14:15:20.300751880,Australia_Central,50.00602209967919,48.40660460832111,43.7554007860448,1.6562671087620104,1.04194,0.1325013687009608,0.0,1.174441368700961,1.337313816384201,0.5125097202587281,0.0290439627649926,0.1461299999999999,2.024997499407922,0.8505561307069611,3000,10.34843292360136,Medium,158.15
4598.0,5.0,1547.6,358.0,7370.3,10.0,7822.6,635.6,885.0,21.9,8.36,23.4352541052062,brackish,BR0135,2022-08-27 16:10:49.624060144,Qatar,67.42475385554481,56.25894362278304,32.98936298172491,1.7034249278145244,0.4598,0.1362739942251619,0.0,0.596073994225162,0.1316275582970824,1.001726871041675,0.0604221054508689,0.2278935,1.421670034789626,0.825596040564464,3000,10.044751826867644,Medium,158.15
4112.9,41.3,498.3,1103.2,6031.0,213.7,2827.1,2192.8,468.9,7.6,8.39,35.0,brackish,BR0136,2023-04-26 04:16:14.436090224,Qatar,64.05588304286196,61.23375782128531,20.70016048491941,2.720323218657401,0.41129,0.217625857492592,0.0,0.628915857492592,0.682223469165683,0.3064228465944779,0.2026592448853258,0.1328715,1.3241770606454868,0.6952612031528947,3000,8.459011305026888,Medium,158.15
7881.5,7.9,300.0,469.5,4578.6,82.9,9662.6,1295.3,242.2,12.1,8.37,29.39301340446692,brackish,BR0137,2021-05-08 23:38:20.751879696,Atacama_Chile,55.24687772594309,62.03187628510904,21.80265058229854,2.893785204793996,0.78815,0.2315028163835196,0.0,1.0196528163835197,0.1374482698009264,0.1591110078507161,0.087371897747576,0.213618,0.5975491753992187,-0.422103640984301,3000,-5.135594298642329,Low,158.15
7554.2,14.4,300.0,205.5,8555.3,40.4,10745.7,1113.5,703.8,23.4,6.97,20.7600565463722,brackish,BR0138,2022-04-25 06:18:56.842105264,Australia_Central,55.8251236994399,44.9405481898328,40.33723819204533,1.799213527665985,0.75542,0.1439370822132788,0.0,0.8993570822132788,0.4635232715124314,0.1607763562543869,0.0277058479590319,0.289515,0.9415204757258502,0.0421633935125713,3000,0.5129879544029516,Low,158.15
7310.1,5.0,739.8,665.7,5260.8,39.6,2044.5,686.3,408.6,1.0,7.37,21.60419265926576,brackish,BR0139,2023-07-30 07:34:44.210526320,Iran_Central,70.274214961751,62.5129254650159,31.16037323437909,1.5167063647082597,0.73101,0.1213365091766607,0.0,0.8523465091766609,0.1243298892051726,0.4990930965955525,0.1248445634461832,0.1095795,0.8578470492469085,0.0055005400702475,3000,0.0669232375213456,Low,158.15
12332.2,48.3,534.7,457.4,7914.9,193.4,4036.5,730.3,686.2,4.5,7.69,20.97930788875452,brackish,BR0140,2020-12-28 06:08:07.218045112,Great_Basin_USA,62.54550289650752,60.18064418777077,46.04346719670441,1.996429357726167,1.2332200000000002,0.1597143486180933,0.0,1.3929343486180936,1.7746717735494568,0.3210535718281207,0.082579879954459,0.1792709999999999,2.3575762253320365,0.9646418767139427,3000,11.736476166686304,Medium,158.15
10395.2,55.2,883.1,349.2,5820.8,127.7,3872.3,1820.1,100.0,21.7,6.5,31.997916972642056,brackish,BR0141,2021-03-22 09:59:05.864661656,Qatar,67.4632089270435,40.3601540010612,78.35682834689666,1.545749084471822,1.0395200000000002,0.1236599267577457,0.0,1.163179926757746,3.45158694594946,0.5719368941133323,0.0422812973315117,0.1453965,4.211201637394304,3.048021710636557,3000,37.08426414607811,High,158.15
8559.2,30.6,853.0,271.2,500.0,10.0,15000.0,200.0,501.6,18.7,8.5,22.5348189643749,brackish,BR0142,2021-09-25 00:46:55.037593984,Atacama_Chile,61.31888628187289,41.76616525269253,20.65040035000885,2.741962374117057,0.8559200000000001,0.2193569899293645,0.0,1.0752769899293646,0.5042579960667961,0.5021280959850007,0.0339809520495906,0.2325,1.2728670441013874,0.1975900541720228,3000,2.4040123257596107,Low,158.15
10915.1,8.4,300.0,1430.0,7914.5,197.8,4280.4,2494.9,362.1,14.2,7.49,15.0,brackish,BR0143,2020-05-08 01:41:03.157894736,Great_Basin_USA,55.942950650519805,59.38748505581141,40.60664935508006,2.2372683858393776,1.09151,0.1789814708671502,0.0,1.2704914708671502,0.2721944919569727,0.161115697873497,0.2548613921170146,0.1829235,0.8710950819474844,-0.3993963889196658,3000,-4.859322731855934,Low,158.15
5042.4,69.7,300.0,524.5,4405.5,10.0,12710.5,966.2,181.0,6.4,7.73,24.613442570125244,brackish,BR0144,2022-01-23 18:49:37.443609024,Qatar,74.26007001707268,51.51111698691129,64.80881181830891,2.4627911681445296,0.50424,0.1970232934515623,0.0,0.7012632934515624,3.6047049986214335,0.2138690016491693,0.0810527425789049,0.25674,4.156366742849508,3.455103449397945,3000,42.037091967675,High,158.15
10526.4,11.2,918.4,200.0,3844.1,164.0,933.5,1350.4,334.0,2.9,7.04,15.0,brackish,BR0145,2020-06-28 07:09:28.421052632,Atacama_Chile,64.14118908438493,44.38311998726998,32.677477061117365,2.117227314204813,1.05264,0.169378185136385,0.0,1.2220181851363852,0.2920582189814426,0.5655097733289516,0.0266298719923619,0.071664,0.955861864302756,-0.266156320833629,3000,-3.238235236809154,Low,158.15
10753.0,5.0,854.2,1048.1,4844.0,173.8,2041.4,200.0,327.9,5.3,6.5,35.0,brackish,BR0146,2023-10-11 11:58:11.729323312,Australia_Central,53.27454759419781,41.331896775089,38.74205606368888,2.0182613205187225,1.0753,0.1614609056414978,0.0,1.236760905641498,0.1545808036941186,0.4368683381276522,0.1299598830299123,0.103281,0.8246900248516833,-0.4120708807898146,3000,-5.01352904960941,Low,158.15
2484.8,41.5,629.7,783.3,2965.1,238.6,3253.6,1487.6,485.6,22.4,7.02,17.27465668922215,brackish,BR0147,2022-10-03 06:22:33.383458640,Atacama_Chile,60.15225105459767,44.78195022017293,46.18153523887079,1.8333006196141275,0.24848,0.1466640495691301,0.0,0.3951440495691302,1.5293939025056835,0.3636275758951695,0.1052331048223843,0.0932805,2.0915350832232376,1.6963910336541073,3000,20.63942424279164,High,158.15
14978.5,5.0,300.0,370.1,4681.1,328.2,2617.2,1171.7,100.0,5.0,7.68,23.70508187713816,brackish,BR0148,2020-11-03 08:50:31.578947368,Qatar,58.23343529867252,68.7254189296485,33.682936651758176,2.6557988205572185,1.49785,0.2124639056445774,0.0,1.7103139056445775,0.1343949172405151,0.1677122936601768,0.0763058326375887,0.1094744999999999,0.4878875435382807,-1.2224263621062967,3000,-14.872854072293276,Low,158.15
5592.8,54.7,988.6,320.1,2224.4,13.5,4928.4,1449.9,594.9,10.8,8.04,27.065621877609097,brackish,BR0149,2020-12-06 07:13:04.962406016,Australia_Central,55.35218671471304,61.82696924712909,80.21226135477836,2.543321376623294,0.55928,0.2034657101298635,0.0,0.7627457101298636,3.501313335492889,0.525323249147187,0.059372438568018,0.1072919999999999,4.193301023208094,3.4305553130782305,3000,41.73842297578514,High,158.15
10451.5,20.5,1308.8,802.0,7822.8,144.8,3164.9,2971.7,909.9,4.0,7.63,22.69073471456616,brackish,BR0150,2022-08-16 16:43:18.496240608,Iran_Central,73.3359997310065,55.831162628028814,43.488969884018985,2.041093476744129,1.04515,0.1632874781395303,0.0,1.2084374781395304,0.7114360583326667,0.9214287019002364,0.1343297772830373,0.1648155,1.9320100375159404,0.72357255937641,3000,8.803466139079655,Medium,158.15
15822.1,45.1,911.2,525.9,3659.2,122.4,2722.6,1677.7,584.3,16.7,7.78,22.67975678827046,brackish,BR0151,2023-11-09 18:31:34.736842112,Atacama_Chile,72.0229998864938,68.24621500163775,32.436155385537745,1.9816742014487745,1.58221,0.1585339361159019,0.0,1.740743936115902,1.1673707450944266,0.6300226319671023,0.1076720534080838,0.0957269999999999,2.000792430469613,0.2600484943537109,3000,3.163923347970149,Low,158.15
14628.4,65.0,461.0,200.0,2852.2,193.4,10633.9,705.3,742.7,5.7,7.23,28.374618289287017,brackish,BR0152,2021-02-13 19:47:22.105263160,Great_Basin_USA,54.97867791300291,58.57331313044811,72.52450408582257,1.5018643179730184,1.46284,0.1201491454378414,0.0,1.5829891454378415,3.761846026931617,0.2433136369717856,0.0351439878782688,0.2022914999999999,4.242595151781672,2.6596060063438305,3000,32.35853974384993,High,158.15
10171.7,5.0,817.8,1136.2,1225.2,171.6,10895.2,788.7,828.4,9.2,7.9,35.0,brackish,BR0153,2020-10-27 01:12:10.827067668,Australia_Central,58.80369722638792,61.76935564842002,41.0145503014944,1.5953281950682086,1.01717,0.1276262556054566,0.0,1.1447962556054567,0.1636480557029626,0.4616607704807043,0.2105470256632045,0.181806,1.0176618518468716,-0.1271344037585851,3000,-1.5468019123961183,Low,158.15
8187.5,15.9,300.0,469.8,4806.3,114.7,9797.2,2095.1,870.9,1.0,8.5,31.14007265453838,brackish,BR0154,2020-08-11 04:59:32.932330828,Australia_Central,69.05788479177053,48.479554555176165,20.93445303940819,2.4348832873389523,0.8187500000000001,0.1947906629871162,0.0,1.0135406629871162,0.2656205270546191,0.1988867082002991,0.0683270841900652,0.2190525,0.7518868194449835,-0.2616538435421327,3000,-3.1834550964292814,Low,158.15
14737.6,28.1,1223.2,1048.7,4561.3,105.9,8096.0,2798.7,1061.0,1.0,8.06,35.0,brackish,BR0155,2023-02-22 23:20:18.045112784,Iran_Central,55.21265120350539,57.66945530767588,46.72434241397738,2.2719109653531926,1.4737600000000002,0.1817528772282554,0.0,1.6555128772282557,1.0477373094225462,0.6483467035404269,0.181433873343479,0.1898595,2.067377386306452,0.4118645090781965,3000,5.011018193784724,Medium,158.15
13373.5,68.4,832.7,983.5,5165.3,38.4,6371.0,1781.9,350.2,10.1,8.15,16.627047135251985,brackish,BR0156,2022-12-04 11:18:29.774436096,Atacama_Chile,64.78912156510611,44.304317328935205,79.24540398594233,2.152204806727534,1.33735,0.1721763845382027,0.0,1.5095263845382028,4.325467734845488,0.517919054661733,0.1307198882790233,0.1730445,5.147151177786244,3.6376247932480417,3000,44.25776831785117,High,158.15
6908.2,13.5,300.0,299.7,918.2,248.8,4011.9,2188.7,284.5,1.0,7.74,27.53890106604289,brackish,BR0157,2022-05-09 21:35:38.345864656,Great_Basin_USA,67.49484855312042,52.13449435593326,27.48247644206991,2.741253361202488,0.69082,0.219300268896199,0.0,0.910120268896199,0.2960687187104191,0.1943851638329868,0.0468741238754196,0.0739514999999999,0.6112795064188254,-0.2988407624773735,3000,-3.635895943474712,Low,158.15
6025.5,15.1,679.7,910.0,500.0,195.9,2187.4,2109.7,735.0,26.8,6.5,26.24196841646624,brackish,BR0158,2022-10-14 05:50:04.511278192,Iran_Central,66.34930814276916,40.99720974959831,49.43539859566927,2.25584730660427,0.60255,0.1804677845283416,0.0,0.7830177845283417,0.5956866659980956,0.4329371975485459,0.1119223826164033,0.040311,1.1808572461630449,0.3978394616347032,3000,4.840380116555555,Low,158.15
1000.0,42.0,985.3,404.6,5876.8,241.8,7452.0,2919.1,712.5,1.0,6.66,27.80873033341388,brackish,BR0159,2020-06-20 23:31:07.669172932,Atacama_Chile,67.66021600688751,46.498842627480414,25.381710577688565,2.07674037211098,0.1,0.1661392297688783,0.0,0.2661392297688784,0.85069341172181,0.6399898639832281,0.0564402951812357,0.199932,1.7470555708862738,1.4809163411173951,3000,18.017815483594976,High,158.15
10770.2,15.6,666.8,200.0,8453.9,119.0,1305.5,200.0,732.7,3.6,7.86,35.0,brackish,BR0160,2021-10-27 23:09:28.421052632,Great_Basin_USA,67.66748972571907,42.24605888268024,47.42260021113205,1.7418845212874774,1.07702,0.1393507617029982,0.0,1.2163707617029984,0.5903544655083407,0.4331585486314509,0.0253476353296081,0.146391,1.1952516494693997,-0.0211191122335987,3000,-0.2569491988421181,Low,158.15
9586.5,33.8,689.6,472.6,920.9,84.3,2024.3,2167.2,1066.8,10.1,7.49,23.233686801663566,brackish,BR0161,2021-08-26 18:13:32.030075192,Great_Basin_USA,74.12014799622321,51.63336458521694,29.734203749693336,2.7310320123219287,0.95865,0.2184825609857543,0.0,1.1771325609857544,0.8020028372182285,0.4906872389586771,0.0732057843089205,0.0441779999999999,1.4100738604858265,0.2329412995000719,3000,2.8341191439175417,Low,158.15
15681.0,5.0,310.2,719.3,8768.3,42.2,10611.7,2483.7,503.4,7.1,7.85,21.755973067567297,brackish,BR0162,2022-03-08 16:39:41.954887216,Qatar,58.66247223800799,65.2910549391547,42.89440130492408,2.3643723751817816,1.5681,0.1891497900145425,0.0,1.7572497900145423,0.1711486612066471,0.1746921493270087,0.1408915674532019,0.2907,0.7774323779868577,-0.9798174120276848,3000,-11.921111846336832,Low,158.15
11795.3,85.4,1026.6,461.2,4851.7,185.9,13602.6,200.0,627.8,1.2,8.5,29.271846379349316,brackish,BR0163,2022-06-30 03:04:03.609022560,Great_Basin_USA,71.964760609396,51.33802319035159,71.40941483119863,1.638689948884136,1.17953,0.1310951959107308,0.0,1.310625195910731,4.866494493214322,0.7092386231194168,0.0710312888861704,0.2768145,5.92357890521991,4.612953709309179,3000,56.124270129928334,High,158.15
16671.1,5.0,540.6,507.9,3978.8,46.0,7573.2,614.3,205.9,2.3,8.08,15.0,brackish,BR0164,2023-07-22 23:56:23.458646624,Atacama_Chile,50.54517656287767,64.9491887798393,42.09402162350007,2.473347596995614,1.66711,0.1978678077596491,0.0,1.864977807759649,0.1679551462777652,0.26231733551896,0.0989630789438411,0.17328,0.7025155607405664,-1.1624622470190826,3000,-14.143290672065506,Low,158.15
6513.2,22.0,300.0,943.1,2807.4,334.9,10425.8,649.2,1140.6,2.1,8.5,23.10518360702257,brackish,BR0165,2022-12-11 18:56:50.526315792,Iran_Central,57.20507408308208,59.69494937736662,24.67349143818099,2.1376061182326147,0.65132,0.1710084894586092,0.0,0.8223284894586091,0.4331678156887055,0.1647506133592764,0.1688949202733833,0.1984979999999999,0.9653113493213652,0.142982859862756,3000,1.7396247949968653,Low,158.15
15690.8,29.2,651.5,631.9,500.0,19.2,5016.6,771.2,399.0,7.7,7.58,23.926418485716376,brackish,BR0166,2021-07-02 20:55:56.390977440,Iran_Central,51.21639454997829,55.28588339892483,28.085193751594485,2.7170793353819938,1.56908,0.2173663468305595,0.0,1.7864463468305596,0.6544299507221542,0.3203278180733842,0.1048054491593418,0.082749,1.1623122179548802,-0.6241341288756794,3000,-7.593631901320766,Low,158.15
7355.4,77.8,1192.5,347.0,6963.2,177.4,649.3,1018.3,407.5,25.6,6.85,17.637131069544598,brackish,BR0167,2020-03-10 12:34:17.142857143,Qatar,66.28009899889601,47.10675079783992,62.49644561180064,2.878371895493994,0.73554,0.2302697516395195,0.0,0.9658097516395197,3.8800543279412754,0.7587745733393615,0.0490381275805513,0.1141875,4.802054528861188,3.836244777221668,3000,46.67431145619696,High,158.15
13888.0,5.0,645.2,810.6,1673.2,306.7,8448.7,1742.6,396.0,10.6,7.45,33.456472090852614,brackish,BR0168,2023-01-13 17:19:23.909774432,Atacama_Chile,52.519759268290485,67.66468278532457,45.954319443134096,2.400698719764369,1.3888,0.1920558975811495,0.0,1.5808558975811495,0.183357734578105,0.3253031873270498,0.1645469755973522,0.1518285,0.8250363975025071,-0.7558195000786424,3000,-9.195803917623484,Low,158.15
2706.2,79.6,1495.2,659.3,1660.6,209.9,8277.2,2365.7,306.5,19.5,6.86,16.502077461253727,brackish,BR0169,2021-02-17 11:36:32.481203008,Great_Basin_USA,71.14267159130115,41.626024265261,67.40732469423749,2.597419228970049,0.2706199999999999,0.2077935383176039,0.0,0.4784135383176039,4.281767190437721,1.0211762166078096,0.0823321133942597,0.149067,5.53434252043979,5.055928982122186,3000,61.513802615819934,High,158.15
11175.7,48.9,971.6,200.0,6975.8,167.6,6286.7,2581.3,281.2,14.1,8.5,23.91301561308963,brackish,BR0170,2020-01-30 06:33:23.007518797,Qatar,66.16479209475649,60.66739053096445,40.8342868824999,1.5848862714032486,1.1175700000000002,0.1267909017122598,0.0,1.24436090171226,1.593443709586288,0.6171428351929479,0.0364004343185786,0.1989375,2.4459244790978145,1.2015635773855544,3000,14.61902352485758,Medium,158.15
1000.0,40.4,935.5,728.5,500.0,53.2,5030.5,662.2,342.9,18.9,8.13,27.345257802583745,brackish,BR0171,2021-01-22 20:52:19.849624060,Australia_Central,50.72038502634014,58.637196784281066,44.60663593224584,2.340383182501736,0.1,0.1872306546001388,0.0,0.2872306546001388,1.43808225714686,0.4555096338445555,0.1281515935720463,0.0829574999999999,2.104700984563462,1.8174703299633237,3000,22.112555681220435,High,158.15
8664.3,5.4,748.6,717.5,500.0,11.8,9848.8,655.3,100.0,1.0,7.92,35.0,brackish,BR0172,2022-03-23 07:56:23.458646616,Atacama_Chile,67.86943413586557,53.2312456676958,47.04254709138038,2.6330099675332117,0.8664299999999999,0.2106407974026569,0.0,1.0770707974026568,0.2027157439261763,0.4877477605834461,0.1145802562997152,0.155232,0.9602757608093376,-0.116795036593319,3000,-1.421006278552048,Low,158.15
12201.8,44.3,772.7,606.0,3945.6,227.0,2057.1,2815.8,264.4,7.6,8.49,24.915548520953173,brackish,BR0173,2023-02-04 16:14:26.165413536,Qatar,71.55087368142402,47.20962865877816,23.188913459351536,2.245143224217156,1.22018,0.1796114579373724,0.0,1.3997914579373725,0.81976055526692,0.530758656898909,0.0858271049016586,0.0900405,1.5263868170674877,0.1265953591301152,3000,1.5402435360830684,Low,158.15
7395.2,11.9,694.6,867.5,4879.9,300.6,2904.9,2146.7,1084.7,20.5,6.5,32.489228753025685,brackish,BR0174,2020-04-27 02:13:32.030075188,Iran_Central,66.52802519155374,52.92087810535801,46.79044800537838,2.3903251342565057,0.7395200000000001,0.1912260107405204,0.0,0.9307460107405204,0.4443314523486743,0.443619516461311,0.1377265852691942,0.1167719999999999,1.1424495540791797,0.2117035433386589,3000,2.575726443953684,Low,158.15
4747.8,61.7,679.1,398.3,5454.2,106.1,1967.6,1582.9,720.7,5.4,7.97,30.60476317821702,brackish,BR0175,2021-01-19 05:03:09.473684212,Qatar,50.76310539837581,66.18318176660262,64.93131944326798,2.8484222783715665,0.47478,0.2278737822697253,0.0,0.7026537822697254,3.1969974029004087,0.3309429588099553,0.0790822838929134,0.1113269999999999,3.718349645603277,3.015695863333552,3000,36.69096633722489,High,158.15
14230.6,5.7,1012.3,700.9,3094.6,36.1,6339.9,1973.3,777.8,24.1,6.5,25.98766044935314,brackish,BR0176,2022-11-23 11:50:58.646616544,Australia_Central,71.44798871151016,65.10298330764863,42.10706034772885,1.7971493580467992,1.4230600000000002,0.1437719486437439,0.0,1.566831948643744,0.1915281746976794,0.6943372701375528,0.1368920430009927,0.1415175,1.164274987836225,-0.402556960807519,3000,-4.897776356491482,Low,158.15
9482.7,27.2,425.7,200.0,10000.0,10.0,1648.4,1470.2,853.2,21.9,7.49,16.28389273381236,brackish,BR0177,2020-04-23 10:24:21.654135338,Atacama_Chile,68.31159782335088,68.24143749931088,41.865470580938336,1.6473697613278675,0.9482700000000002,0.1317895809062294,0.0,1.0800595809062297,0.9087151582416152,0.2791703730566445,0.0409448624995865,0.174726,1.403556393797846,0.3234968128916164,3000,3.9358778901813336,Low,158.15
7552.1,16.1,369.6,722.1,3316.3,51.9,3263.0,2024.6,1050.2,6.2,7.25,15.0,brackish,BR0178,2021-05-23 14:55:02.255639096,Qatar,59.4612828120996,49.23379619875744,20.255094252228627,2.5359654197092514,0.75521,0.2028772335767401,0.0,0.9580872335767402,0.260233399933783,0.2109781452225793,0.1066551727053682,0.0986895,0.6765562178617307,-0.2815310157150095,3000,-3.425294024532615,Low,158.15
10209.5,5.3,350.7,1185.9,3307.6,138.6,3177.0,1163.9,100.0,6.0,8.03,25.852043211353493,brackish,BR0179,2020-08-03 21:21:12.180451128,Great_Basin_USA,58.215756457887565,51.61312475106619,26.61871724930763,2.734273358283666,1.02095,0.2187418686626932,0.0,1.2396918686626932,0.1125812027342216,0.1959961515818992,0.1836240139268681,0.097269,0.589470368242989,-0.6502215004197042,3000,-7.9110282551064,Low,158.15
20000.0,48.5,1618.3,301.5,1609.0,309.9,4957.6,1768.8,131.0,1.9,7.68,20.65842500877909,brackish,BR0180,2022-11-27 03:40:09.022556384,Atacama_Chile,61.995504535186,40.5617845797959,34.75725543994602,2.7757352828738453,2.0,0.2220588226299076,0.0,2.222058822629908,1.345210057292231,0.9631423198971985,0.0366881341524253,0.098499,2.4435395113418545,0.2214806887119467,3000,2.6946817126620184,Low,158.15
15767.5,43.4,1012.1,372.1,4371.7,217.3,500.0,200.0,258.9,5.0,8.5,32.35408873345033,brackish,BR0181,2022-11-05 04:45:06.766917296,Qatar,71.67754377344677,68.28849984160024,32.60104119989846,2.4624667456368305,1.57675,0.1969973396509464,0.0,1.7737473396509469,1.1290783800843234,0.6964304837098125,0.0762304523731783,0.0730755,1.9748148161673145,0.2010674765163675,3000,2.4463209642824726,Low,158.15
15812.9,60.2,921.8,387.0,5844.9,180.5,6348.8,812.2,359.1,1.0,7.02,30.96685214478862,brackish,BR0182,2023-05-03 11:54:35.187969920,Qatar,56.301483796738935,49.88170275451807,82.96433699711524,2.7498201272562053,1.58129,0.2199856101804964,0.0,1.8012756101804963,3.985573563606618,0.4982275945328059,0.0579126568979954,0.1829055,4.72461931503742,2.923343704856923,3000,35.56734840909257,High,158.15
12177.7,5.0,377.0,639.0,7610.7,110.0,10989.2,823.0,409.8,13.4,8.07,23.5231120445036,brackish,BR0183,2022-03-16 00:18:02.706766920,Atacama_Chile,52.52409528103003,52.1249146459898,30.792226085075697,2.5509963085849354,1.2177700000000002,0.2040797046867948,0.0,1.421849704686795,0.122860982079452,0.1900952056411038,0.0999234613763624,0.2789985,0.6918781490969184,-0.7299715555898767,3000,-8.881320593010166,Low,158.15
10832.4,56.6,1049.3,281.1,500.0,91.7,6542.0,1125.6,365.9,1.0,7.63,15.738296608469843,brackish,BR0184,2022-02-03 18:17:08.571428568,Iran_Central,71.61590932402625,67.23413834342183,83.42459287089906,1.631065373860186,1.08324,0.1304852299088149,0.0,1.2137252299088148,3.768021901281324,0.7214071070755269,0.0566985488650076,0.10563,4.651757557221858,3.438032327313043,3000,41.82939331564203,High,158.15
1000.0,92.6,753.4,726.4,3262.0,290.6,12165.3,573.5,565.8,14.8,6.5,29.085884396858187,brackish,BR0185,2022-06-19 03:36:32.481203008,Great_Basin_USA,50.65724622201808,55.7979529050044,71.48573295981328,2.6430652618274824,0.1,0.2114452209461985,0.0,0.3114452209461986,5.282423939918811,0.3663856253152168,0.1215948989705855,0.2314095,6.001813964204613,5.690368743258415,3000,69.23281970964406,High,158.15
6605.1,18.7,885.7,854.1,5340.1,170.1,11336.0,966.5,510.6,15.0,6.77,16.856404430918797,brackish,BR0186,2021-08-19 10:35:11.278195488,Atacama_Chile,72.7749255561016,56.985236252664336,48.93058689920497,1.7690395343254943,0.66051,0.1415231627460395,0.0,0.8020331627460396,0.730171576062076,0.6187848150243762,0.1460132708502018,0.2501414999999999,1.7451111619366542,0.9430779991906144,3000,11.474115656819144,Medium,158.15
7597.1,77.4,409.4,760.3,5761.2,10.0,9110.9,200.0,283.1,1.0,7.38,18.93228861655308,brackish,BR0187,2020-09-27 18:38:47.819548872,Great_Basin_USA,57.64362985753502,45.28698514452751,78.43387025062152,1.854914013886459,0.7597100000000001,0.1483931211109167,0.0,0.9081031211109168,4.844483682803689,0.2265532998112784,0.1032950844161527,0.2230815,5.397413567031119,4.489310445920203,3000,54.6199437586958,High,158.15
1000.0,23.4,864.1,200.0,4019.6,82.6,6298.7,2048.7,100.0,22.4,8.39,17.164674094278766,brackish,BR0188,2020-06-24 15:20:18.045112782,Great_Basin_USA,62.70556754220669,54.959800624559634,44.88003774896468,2.0919759404979974,0.1,0.1673580752398397,0.0,0.2673580752398398,0.8380539208939674,0.5201652567669198,0.0329758803747357,0.1547744999999999,1.545969558035623,1.278611482795783,3000,15.556439707348696,High,158.15
4212.9,5.0,630.5,898.6,5627.3,64.2,6090.0,1417.5,202.1,14.1,7.87,23.89199182448037,brackish,BR0189,2021-03-04 02:53:13.984962408,Atacama_Chile,53.3073881188057,67.54625802726324,23.14630665047003,1.9718505994895053,0.42129,0.1577480479591604,0.0,0.5790380479591605,0.0923537635353754,0.3226589588055071,0.1820912023898962,0.1757595,0.7728634247307788,0.1938253767716183,3000,2.358208750721357,Low,158.15
1000.0,22.4,493.8,881.2,1573.1,95.4,9055.2,200.0,335.2,16.0,6.57,34.36153867256449,brackish,BR0190,2023-03-13 06:26:09.924812032,Qatar,72.55637423441713,56.76154264323778,37.58424299727103,1.982477607454368,0.1,0.1585982085963494,0.0,0.2585982085963494,0.6718258604248192,0.3439520409307698,0.1500548141316633,0.1594245,1.3252572154872524,1.066659006890903,3000,12.977684583839318,Medium,158.15
9808.4,56.2,1093.6,849.0,8673.7,206.3,4433.3,665.2,425.9,3.9,7.39,24.95967303821177,brackish,BR0191,2022-05-02 13:57:17.593984960,Iran_Central,68.74590558461011,47.65349093919274,63.56750899573377,1.7538892863060689,0.98084,0.1403111429044855,0.0,1.1211511429044856,2.8508502164370704,0.7217330145343644,0.1213734414221239,0.196605,3.890561672393559,2.7694105294890727,3000,33.69449477545039,High,158.15
14093.8,9.0,300.0,711.9,6977.9,139.3,500.0,1836.6,161.1,15.0,8.5,21.45425046057844,brackish,BR0192,2022-09-14 23:16:41.503759392,Great_Basin_USA,73.10388966520085,40.93542592404289,28.928630061529223,1.9408065706643165,1.40938,0.1552645256531453,0.0,1.5646445256531454,0.2077654211019028,0.2105392022357784,0.0874257891459784,0.1121684999999999,0.6178989124836597,-0.9467456131694856,3000,-11.518738293562077,Low,158.15
15533.9,15.0,1025.9,666.1,500.0,142.3,7968.0,957.0,352.8,19.0,7.59,15.0,brackish,BR0193,2023-03-31 13:32:01.804511280,Great_Basin_USA,67.08072627795406,50.08905320362204,38.70696218501804,1.5294938849638229,1.55339,0.1223595107971058,0.0,1.675749510797106,0.463322337354666,0.6606539240501096,0.1000929550167979,0.12702,1.3510892164215735,-0.3246602943755323,3000,-3.950033581568976,Low,158.15
12073.9,44.8,1073.8,909.7,774.7,281.3,1475.7,803.1,160.7,9.2,7.24,29.416996677838743,brackish,BR0194,2020-09-05 19:43:45.563909776,Qatar,54.61734441855816,57.17772742193374,41.786771140816725,2.209366420032489,1.20739,0.1767493136025991,0.0,1.384139313602599,1.4938937829926542,0.5630218025918184,0.1560437359071993,0.033756,2.246715321491672,0.862576007889073,3000,10.494674762650387,Medium,158.15
5183.0,30.1,448.1,1177.1,859.2,80.4,2151.4,1425.4,462.3,26.0,7.89,18.75676315257098,brackish,BR0195,2021-09-17 17:08:34.285714288,Atacama_Chile,57.70667507465623,41.2783986511249,21.175513460337527,2.6528864381547104,0.5183,0.2122309150523768,0.0,0.7305309150523769,0.5086315982146153,0.2482402665691531,0.1457664091567173,0.045159,0.947797273940486,0.2172663588881089,3000,2.6434073664719926,Low,158.15
1000.0,44.6,471.9,314.1,6033.9,336.4,6000.9,1843.6,178.1,10.4,8.11,25.940140953264773,brackish,BR0196,2021-02-06 12:09:01.353383460,Iran_Central,62.17121437758684,58.29377731873468,35.92831193217094,2.79337105383726,0.1,0.2234696843069807,0.0,0.3234696843069807,1.2787173643155094,0.2816505222219189,0.0549302263674436,0.180522,1.795820112904872,1.4723504285978914,3000,17.913596881274348,High,158.15
1215.7,35.9,710.8,923.4,500.0,82.9,5619.5,200.0,245.3,19.1,7.14,22.166251072666878,brackish,BR0197,2023-01-02 17:51:52.781954880,Great_Basin_USA,65.18145513400518,55.702414813543385,36.95941958869659,2.7306428384391577,0.12157,0.2184514270751326,0.0,0.3400214270751326,1.0588208442608975,0.4447773917688083,0.1543068295164778,0.0917925,1.749697565546184,1.4096761384710512,3000,17.151059684731123,High,158.15
3655.1,42.0,912.8,574.1,3006.9,158.9,500.0,2050.1,107.4,12.3,7.9,31.7054177567955,brackish,BR0198,2023-11-17 02:09:55.488721808,Great_Basin_USA,73.16148593340684,63.50306407499713,22.364839913306035,2.12468657849267,0.36551,0.1699749262794136,0.0,0.5354849262794136,0.7495799745343652,0.6411053218561321,0.1093713272563675,0.0526035,1.5526601236468651,1.0171751973674517,3000,12.37563156797066,Medium,158.15
5555.7,19.2,738.9,561.1,5364.1,121.9,6662.0,699.7,453.9,14.7,7.24,23.742108863771584,brackish,BR0199,2023-10-04 04:19:50.977443616,Atacama_Chile,59.59878664472848,40.86664516815885,35.02064102602291,2.5956397217457843,0.55557,0.2076511777396627,0.0,0.7632211777396627,0.5365722535443126,0.4227604171371827,0.0687908238115617,0.1803915,1.208514994493057,0.4452938167533944,3000,5.417741437166299,Medium,158.15
9201.3,35.8,973.4,200.0,3801.5,162.3,9864.6,1482.1,240.1,1.0,8.08,24.52858916381559,brackish,BR0200,2022-08-13 00:54:08.120300752,Qatar,67.57680054767864,63.42542034456213,41.4152684014948,1.9318361611428188,0.92013,0.1545468928914255,0.0,1.0746768928914254,1.1831679538012638,0.6314808734698596,0.0380552522067372,0.2049915,2.0576955794778606,0.9830186865864352,3000,11.960060686801627,Medium,158.15
4929.2,6.8,1505.2,514.6,4776.7,194.5,1486.6,1464.6,772.0,13.0,7.64,28.88597717964368,brackish,BR0201,2022-11-01 12:55:56.390977440,Australia_Central,74.02522122277054,55.6263113727432,21.59681854626593,1.5833437090764269,0.49292,0.1266674967261141,0.0,0.6195874967261141,0.1171929761594574,1.0696585246513366,0.0858758994972409,0.0939495,1.3666769003080348,0.7470894035819207,3000,9.089587743580037,Medium,158.15
11694.9,62.2,596.9,300.8,802.6,193.4,11089.9,972.9,621.8,4.1,7.89,35.0,brackish,BR0202,2022-02-11 01:55:29.323308272,Qatar,53.80935158538632,51.11587998339135,79.00669440809905,2.5139572880869,1.16949,0.2011165830469519,0.0,1.3706065830469518,3.921544680962641,0.3083404988286441,0.0461269700970123,0.1783875,4.454399649888298,3.0837930668413467,3000,37.51948231323639,High,158.15
8838.6,14.1,300.0,460.8,5784.6,74.7,500.0,476.3,479.0,3.2,6.89,32.10757544286844,brackish,BR0203,2023-06-27 09:12:10.827067664,Great_Basin_USA,71.5677397194887,68.96148929076472,37.2927951471241,2.473194247104609,0.8838600000000001,0.1978555397683687,0.0,1.0817155397683689,0.419611072436411,0.2061150903921274,0.0953323627955531,0.094269,0.8153275256240916,-0.2663880141442772,3000,-3.2410541720887065,Low,158.15
10052.7,58.2,1130.4,270.5,2160.4,37.7,14469.3,1214.3,260.8,24.0,6.84,24.291151149211125,brackish,BR0204,2021-01-04 13:46:27.969924812,Great_Basin_USA,60.51765175982997,44.80358641708159,80.83068020679477,2.702444093194313,1.00527,0.216195527455545,0.0,1.2214655274555453,3.754067779252294,0.6567278740733933,0.0363581103774617,0.2494455,4.696599263703149,3.475133736247604,3000,42.28079379101251,High,158.15
15701.3,24.2,1473.3,465.3,3026.1,400.3,4355.0,3125.3,614.2,8.3,8.26,25.02558392492231,brackish,BR0205,2020-08-14 20:48:43.308270676,Iran_Central,68.31054439823342,56.23975357273319,26.5418771856221,2.4241593100543195,1.57013,0.1939327448043455,0.0,1.7640627448043456,0.5125661154578597,0.966162480594406,0.0785050720121782,0.1107165,1.667950168064444,-0.0961125767399015,3000,-1.1693696836688026,Low,158.15
4098.8,35.0,957.1,478.2,4713.2,101.6,6582.5,200.0,707.2,2.0,7.44,20.80112431740452,brackish,BR0206,2023-09-12 05:24:48.721804512,Qatar,57.33845846842709,49.62944420777436,44.99821052639355,1.7353374374608743,0.40988,0.1388269949968699,0.0,0.5487069949968699,1.2568000200021718,0.5268349305612631,0.071198400660473,0.1694355,2.024268851223908,1.475561856227038,3000,17.952669250762295,High,158.15
12093.5,17.6,364.9,629.0,4309.2,219.9,500.0,3192.3,542.8,7.1,7.73,17.400034371842438,brackish,BR0207,2023-01-24 16:46:55.037593984,Australia_Central,58.34960545665004,55.82459136386007,22.83682925802404,2.779743588075297,1.20935,0.2223794870460237,0.0,1.431729487046024,0.320738699563096,0.2044010018988633,0.1053410039036039,0.072138,0.7026187053655634,-0.7291107816804606,3000,-8.870847843778938,Low,158.15
9930.1,5.0,750.4,200.0,4071.9,10.0,5751.5,1240.3,981.1,1.0,7.25,20.577993703469424,brackish,BR0208,2020-03-28 19:40:09.022556391,Iran_Central,50.67833062170165,56.56826357741237,32.11489089334014,2.440879182028051,0.99301,0.1952703345622441,0.0,1.188280334562244,0.1281384146644271,0.3650785852658392,0.0339409581464474,0.147351,0.6745089580767138,-0.5137713764855303,3000,-6.250885080573952,Low,158.15
8332.6,5.0,352.6,200.0,1748.1,122.0,6913.9,1535.4,637.9,21.5,8.22,18.822808290304454,brackish,BR0209,2023-08-06 15:13:04.962406016,Australia_Central,74.28510382917399,42.683447452745376,25.98454374573945,2.711414548552506,0.8332600000000001,0.2169131638842004,0.0,1.050173163884201,0.1036783295455004,0.2514521050576007,0.0256100684716472,0.12993,0.5106705030747484,-0.5395026608094523,3000,-6.563949039848336,Low,158.15
14426.3,5.0,1057.1,708.6,3101.4,137.3,5655.4,413.3,774.1,4.4,7.01,30.22694707036708,brackish,BR0210,2020-04-30 18:02:42.406015038,Iran_Central,70.33631438076961,59.8340544075505,46.28062496872622,2.6611606805640613,1.44263,0.2128928544451249,0.0,1.655522854445125,0.1846596936252176,0.7137841721463509,0.1271952328595708,0.1313519999999999,1.1569910986311394,-0.4985317558139857,3000,-6.065469695736827,Low,158.15
14395.1,21.9,300.0,360.8,4006.6,197.3,3747.7,728.7,540.1,14.2,7.39,16.430441137048113,brackish,BR0211,2023-08-13 22:51:25.714285712,Qatar,52.34794894815551,59.03444487757035,41.14759448905322,1.9467967308376328,1.43951,0.1557437384670106,0.0,1.595253738467011,0.7191035908095917,0.1507620929706878,0.0638988831354821,0.1163144999999999,1.0500790669157618,-0.5451746715512489,3000,-6.632958503873529,Low,158.15
5267.5,35.3,679.9,922.4,500.0,10.0,2213.7,997.1,702.7,20.8,8.13,35.0,brackish,BR0212,2022-06-26 11:14:53.233082704,Great_Basin_USA,74.98771989159437,63.08401823903392,20.760853314821844,1.6118294622780789,0.52675,0.1289463569822463,0.0,0.6556963569822464,0.5848207813665425,0.4894478472412321,0.1745660952710546,0.0407055,1.2895402238788292,0.6338438668965828,3000,7.711767047241757,Medium,158.15
9089.2,55.3,398.3,667.6,2612.4,166.6,10522.1,454.3,261.0,6.0,8.44,31.01637106895064,brackish,BR0213,2021-08-23 02:24:21.654135336,Australia_Central,65.12561493007354,42.71975480977513,60.2380838903489,1.7647566136343773,0.90892,0.1411805290907501,0.0,1.0501005290907504,2.6582704992307638,0.2490195112958236,0.0855591249330176,0.1970175,3.1898666354596044,2.139766106368854,3000,26.033820960821057,High,158.15
11406.1,18.9,850.7,782.0,5163.0,35.0,6123.2,1291.1,362.5,14.3,7.08,25.164013834941347,brackish,BR0214,2021-01-11 21:24:48.721804512,Qatar,71.34321594910958,48.91775640711063,28.73747763445009,1.6392935014698762,1.14061,0.13114348011759,0.0,1.2717534801175905,0.4334243851783032,0.5826400685559122,0.1147610565310815,0.169293,1.3001185102652968,0.0283650301477065,3000,0.3451078667970961,Low,158.15
8635.0,8.0,653.5,1023.2,500.0,182.4,12163.0,1093.0,604.8,1.8,8.5,25.002548891720547,brackish,BR0215,2022-04-17 22:40:36.090225568,Australia_Central,51.66651908194672,59.50331799184303,24.29849342841696,1.865118648120205,0.8635,0.1492094918496163,0.0,1.0127094918496164,0.1551215820470139,0.3241350741125009,0.1826513849077613,0.189945,0.8518530410672762,-0.1608564507823402,3000,-1.9570868178518064,Low,158.15
12925.1,5.0,870.7,507.1,7469.7,46.4,3894.1,3350.8,602.6,29.6,7.75,20.54174952308357,brackish,BR0216,2021-10-20 15:31:07.669172936,Qatar,59.73627946229809,44.101924777468255,38.90913432680587,2.1892984095389894,1.29251,0.1751438727631191,0.0,1.4676538727631192,0.1552474459639554,0.4993188338671004,0.0670922581639624,0.170457,0.8921155379950183,-0.5755383347681009,3000,-7.002383073011894,Low,158.15
11406.0,42.0,808.9,427.7,7808.8,64.5,4260.8,334.0,652.3,17.5,6.67,27.160675290782116,brackish,BR0217,2021-11-29 21:32:01.804511280,Iran_Central,66.74127805759025,60.32794632365327,39.9139080164768,2.8602159074719244,1.1406,0.2288172725977539,0.0,1.369417272597754,1.3377545410802365,0.5182753902795335,0.0774067879278794,0.181044,2.11448071928765,0.7450634466898958,3000,9.064938601393733,Medium,158.15
19162.8,64.6,405.3,861.5,500.0,122.6,9262.4,1602.7,830.1,8.5,7.8,33.704739705668715,brackish,BR0218,2020-04-16 02:46:00.902255640,Qatar,52.66084296749254,41.77080132461269,83.54877259153419,2.808028133880952,1.91628,0.2246422507104761,0.0,2.140922250710476,4.3070060661116605,0.2048970206853574,0.1079566360234615,0.146436,4.766295722820479,2.6253734721100024,3000,31.942043910671696,High,158.15
2348.6,61.7,1050.8,752.9,8072.9,44.8,500.0,1747.8,100.0,3.8,7.19,19.37474830195349,brackish,BR0219,2022-12-22 18:24:21.654135344,Iran_Central,62.22257096635002,50.04794658878883,83.80099811364602,2.577899722643592,0.23486,0.2062319778114873,0.0,0.4410919778114873,4.126076223722344,0.6276813846858297,0.1130432969600973,0.1285935,4.995394405368272,4.5543024275567845,3000,55.41067953527421,High,158.15
9387.8,47.7,780.5,543.8,3569.3,102.4,1146.1,429.7,207.7,9.1,7.85,15.0,brackish,BR0220,2022-07-29 09:37:26.616541360,Great_Basin_USA,61.06694686360354,65.40133366997557,39.76690116234037,1.536168539321739,0.93878,0.1228934831457391,0.0,1.061673483145739,1.513711185984021,0.4575624194596087,0.1066957357491981,0.0707309999999999,2.148700341192828,1.087026858047089,3000,13.225493439572915,Medium,158.15
5457.5,46.0,404.6,1017.4,5255.5,30.7,10389.9,2186.8,568.9,7.3,7.47,30.62574603885395,brackish,BR0221,2023-11-06 02:42:24.360902256,Iran_Central,55.40100561183949,63.2287387114348,20.170253385581265,2.0120838019808303,0.5457500000000001,0.1609667041584664,0.0,0.7067167041584665,0.740409661277917,0.2151863699572825,0.1929867562950413,0.234681,1.3832637875302407,0.6765470833717742,3000,8.231322847689919,Medium,158.15
13020.5,72.4,1696.4,536.3,2510.0,10.0,1312.3,1101.7,282.7,25.6,7.56,27.594927793950404,brackish,BR0222,2021-01-08 05:35:38.345864660,Atacama_Chile,57.50674589629506,59.34282145681264,68.97494791424036,2.52352263972678,1.3020500000000002,0.2018818111781423,0.0,1.5039318111781426,3.98504141073482,0.9365226598893596,0.0954766654418658,0.0573345,5.074375236066045,3.5704434248879022,3000,43.44039500280281,High,158.15
1914.1,38.3,990.6,609.8,6769.1,251.8,500.0,200.0,1200.0,1.0,6.77,16.038409588470564,brackish,BR0223,2023-04-29 20:05:24.812030080,Great_Basin_USA,74.17795886237457,66.11375249875303,35.39424539741799,1.6935433452586026,0.19141,0.1354834676206882,0.0,0.3268934676206882,1.081768479779445,0.705414586071055,0.1209484988212187,0.1090365,2.017168064671719,1.690274597051031,3000,20.56500759745421,High,158.15
11731.6,46.2,738.7,606.4,5218.3,20.4,13474.1,2159.8,654.7,11.1,8.29,19.13286903268705,brackish,BR0224,2023-06-09 02:06:18.947368416,Qatar,57.2162121502484,61.278086325166015,34.97539269525397,2.7016317750238628,1.1731600000000002,0.216130542001909,0.0,1.3892905420019093,1.2894587877315455,0.4057499127877296,0.111477094642742,0.280386,2.087071795162017,0.6977812531601078,3000,8.489671913447976,Medium,158.15
6849.8,22.0,1366.1,319.6,1557.5,132.1,500.0,383.1,476.5,9.9,6.58,18.127165807598875,brackish,BR0225,2023-12-05 09:15:47.368421056,Qatar,55.33565334921028,55.58125315632409,38.1002188850668,2.8718605199813902,0.68498,0.2297488415985112,0.0,0.9147288415985112,0.6688874427462328,0.7257027459874191,0.0532913055262835,0.0308625,1.4787439942599354,0.5640151526614241,3000,6.86218435738066,Medium,158.15
6329.2,5.0,1536.7,623.3,504.4,225.3,6736.5,452.2,345.4,9.1,6.61,19.203741847726008,brackish,BR0226,2021-08-04 19:18:29.774436088,Atacama_Chile,63.40522927670834,69.3915250115736,48.81654448414281,2.0311566699567383,0.63292,0.162492533596539,0.0,0.7954125335965391,0.1947780124917298,0.93537423196337,0.1297552126191414,0.1086135,1.3685209570742412,0.5731084234777021,3000,6.9728191523120415,Medium,158.15
2767.5,12.9,741.9,1019.0,500.0,88.5,6276.3,2187.9,356.0,9.1,7.79,22.4105379676705,brackish,BR0227,2020-12-09 23:02:15.338345864,Qatar,66.77395085175745,60.84568239367958,46.55578075865461,2.5587645927957503,0.27675,0.20470116742366,0.0,0.48145116742366,0.4792545182857423,0.4755801037144209,0.1860052510774784,0.1016445,1.2424843730776418,0.7610332056539818,3000,9.259237335456778,Medium,158.15
7674.6,29.8,939.0,733.5,4563.8,67.5,500.0,1152.8,509.0,9.1,8.5,22.86762156575402,brackish,BR0228,2020-03-21 12:01:48.270676692,Great_Basin_USA,68.12732777673912,58.04101530439009,23.26724100351465,1.72230619900307,0.76746,0.1377844959202456,0.0,0.9052444959202456,0.5533042979599798,0.6141269835106372,0.1277192541773104,0.075957,1.3711075356479276,0.4658630397276819,3000,5.668000316686796,Medium,158.15
15422.5,31.5,404.8,609.3,5717.4,172.6,4930.7,2417.8,533.6,17.0,7.22,19.79365075945232,brackish,BR0229,2023-10-15 03:47:22.105263152,Great_Basin_USA,68.8561796124229,52.26611682860694,27.9794117418018,2.5362246736695404,1.54225,0.2028979738935632,0.0,1.7451479738935634,0.7033184729536718,0.2675806224682444,0.0955372349510106,0.1597215,1.2261578303729268,-0.5189901435206365,3000,-6.314380079501078,Low,158.15
9874.1,78.2,741.1,551.5,5952.9,261.8,7793.7,2710.2,363.0,14.9,8.06,18.934689444000576,brackish,BR0230,2021-10-13 07:52:46.917293232,Iran_Central,50.92081228786883,67.07237495737151,80.82773543549091,1.532183118430565,0.98741,0.1225746494744452,0.0,1.1099846494744454,5.043941671022202,0.36227917427078,0.1109712443669711,0.206199,5.723391089659953,4.613406440185507,3000,56.12977835559035,High,158.15
13138.4,32.0,720.4,699.3,3646.1,33.1,7417.2,855.1,418.1,13.4,8.36,23.169725248644948,brackish,BR0231,2023-06-01 18:27:58.195488720,Australia_Central,59.84401000948908,48.87127286814979,44.72920726457621,1.7261572602166515,1.31384,0.1380925808173321,0.0,1.4519325808173322,1.1422050367082182,0.4138715981840249,0.1025270433500914,0.1659495,1.8245531782423343,0.3726205974250023,3000,4.533550602004195,Low,158.15
18323.2,59.5,873.9,824.9,529.0,135.0,9614.1,2293.3,903.3,1.0,8.15,26.34153227887649,brackish,BR0232,2023-12-01 17:26:36.992481200,Qatar,69.34895199457725,40.27658782632708,66.88426810304178,2.564822169913005,1.83232,0.2051857735930404,0.0,2.0375057735930406,3.1757319338005265,0.5817988718213862,0.0996724718938116,0.1521465,4.009349777515724,1.9718440039226837,3000,23.990768714392647,High,158.15
11318.8,19.1,933.1,782.8,1953.8,10.0,4450.0,744.5,915.4,12.4,7.25,22.469627709081244,brackish,BR0233,2023-02-15 15:41:57.293233088,Atacama_Chile,72.62130254500323,45.9022156729708,41.91764092058359,2.56777533431446,1.13188,0.2054220267451567,0.0,1.3373020267451567,0.638900299383351,0.6505241990855283,0.1077967632864046,0.096057,1.493278261755284,0.1559762350101272,3000,1.8977108592898817,Low,158.15
7206.0,22.2,1023.9,500.4,7457.0,110.7,8850.0,3733.0,575.6,1.0,6.63,34.26933618673041,brackish,BR0234,2021-09-03 01:51:52.781954888,Great_Basin_USA,65.05500308331958,43.285524758270775,40.16112136153572,2.4617440587677657,0.7206,0.1969395247014212,0.0,0.9175395247014212,0.7114783615924221,0.6394542495073047,0.064980229767116,0.244605,1.6605178408668426,0.7429783161654213,3000,9.03956951334596,Medium,158.15
12336.3,5.0,895.1,697.4,2546.1,153.4,3242.7,807.0,100.0,15.2,6.5,29.06470171536629,brackish,BR0235,2020-05-22 16:57:44.661654136,Great_Basin_USA,51.30767133774214,49.56981322519216,34.205718949098845,2.216046036576305,1.23363,0.1772836829261044,0.0,1.4109136829261044,0.1364808186069044,0.4408847674983647,0.103709963229747,0.0868319999999999,0.7679075493350161,-0.6430061335910883,3000,-7.823241292024907,Low,158.15
7278.5,11.4,315.7,744.0,4430.3,64.5,500.0,2526.1,661.6,21.8,7.29,15.0,brackish,BR0236,2020-12-31 21:57:17.593984964,Great_Basin_USA,59.91614514637829,64.77636032375365,26.04364858037088,2.5123621367579174,0.72785,0.2009889709406334,0.0,0.9288389709406334,0.2369242798653499,0.1815890594180316,0.1445808362426181,0.0739544999999999,0.6370486755259998,-0.2917902954146336,3000,-3.550115260878042,Low,158.15
7477.9,43.2,424.6,297.8,773.0,104.3,809.1,2343.8,966.3,2.6,8.44,29.189822123310822,brackish,BR0237,2020-11-18 00:07:13.082706768,Australia_Central,51.85567789671136,59.54589056095023,46.65929542682259,2.6607011974331822,0.74779,0.2128560957946546,0.0,0.9606460957946544,1.6085138868261113,0.211372040015459,0.0531982986271529,0.0237314999999999,1.8968157254687232,0.9361696296740688,3000,11.39006382770117,Medium,158.15
2400.5,30.2,581.4,650.5,5009.7,10.0,500.0,1816.1,910.9,7.9,6.6,29.84435186068466,brackish,BR0238,2021-05-05 07:49:10.375939848,Australia_Central,68.71344656711462,45.06941767701137,40.335535529205046,2.949722488555116,0.24005,0.2359777990844092,0.0,0.4760277990844093,0.97207027203963,0.3835199792075562,0.0879529685966876,0.0826455,1.5261887198438735,1.0501609207594644,3000,12.77695786924015,Medium,158.15
14631.3,53.6,687.1,200.0,2626.9,157.7,10038.3,829.5,720.3,5.2,8.06,21.52212025500647,brackish,BR0239,2021-12-14 12:48:43.308270680,Qatar,51.58763673204163,63.66465163277016,64.22482312195936,2.8329615473229075,1.46313,0.2266369237858326,0.0,1.6897669237858326,2.7470755144309438,0.3402803059064237,0.038198790979662,0.1899779999999999,3.315532611317029,1.6257656875311963,3000,19.780149198296225,High,158.15
8070.0,34.5,1220.3,744.8,7140.1,255.6,500.0,1348.6,926.7,19.9,6.74,15.0,brackish,BR0240,2021-06-10 22:00:54.135338344,Atacama_Chile,54.64327666837943,55.12659598298208,41.14407034522583,2.691801303849187,0.807,0.2153441043079349,0.0,1.022344104307935,1.1327374006744124,0.6401394289768648,0.1231748660643751,0.1146015,2.010653195715652,0.988309091407717,3000,12.02442727879389,Medium,158.15
10910.5,21.2,334.8,798.1,6320.7,40.3,7096.2,200.0,516.0,10.8,7.58,25.06453407528909,brackish,BR0241,2023-09-04 21:46:27.969924816,Australia_Central,60.42396059911936,55.38143872354891,42.2430115873094,2.5421362750715595,1.09105,0.2033709020057247,0.0,1.294420902005725,0.7146503728294655,0.1942074432824175,0.1325997787357931,0.2012535,1.2427110948476765,-0.0517098071580486,3000,-0.6291359870895916,Low,158.15
4820.2,83.7,657.0,824.3,2512.9,87.7,4936.3,1724.4,688.4,23.8,8.07,24.938330788142046,brackish,BR0242,2021-12-18 04:37:53.684210528,Iran_Central,61.5662091778718,50.8633654294262,82.17200712802602,2.361233318148551,0.48202,0.188898665451884,0.0,0.670918665451884,5.488482003299391,0.388310394526673,0.125780016370428,0.111738,6.114310414196493,5.443391748744609,3000,66.2279329430594,High,158.15
12179.7,27.7,1181.2,481.5,3620.0,200.3,5589.4,1849.6,295.8,13.3,6.97,16.02683010773444,brackish,BR0243,2022-10-28 21:06:46.015037600,Australia_Central,60.162042507875306,65.9384909446607,26.68517765725805,1.6809132350278744,1.2179700000000002,0.1344730588022299,0.0,1.3524430588022305,0.5898651780426262,0.6822086842589021,0.0952481501695623,0.1381409999999999,1.5054630124710906,0.1530199536688603,3000,1.861742769637801,Low,158.15
6190.3,59.1,680.0,692.7,2346.7,271.2,11454.4,1633.5,587.7,11.9,7.64,15.0,brackish,BR0244,2021-09-10 09:30:13.533834584,Great_Basin_USA,61.58491616515,49.54981911567378,84.71885263533517,1.7483352631475897,0.6190300000000001,0.1398668210518071,0.0,0.7588968210518072,3.9954935842171504,0.4020263327260991,0.1029694791042816,0.2070164999999999,4.707505896047531,3.948609074995724,3000,48.04141041244797,High,158.15
9291.5,20.0,984.2,1027.2,500.0,10.0,4246.3,200.0,898.9,10.5,7.17,24.299571628372483,brackish,BR0245,2021-06-25 13:17:35.639097744,Atacama_Chile,67.830978800505,42.82419282009066,24.60180267580764,2.7304193410063493,0.92915,0.2184335472805079,0.0,1.147583547280508,0.3926447707058899,0.6408887936203873,0.1319670325943913,0.0711945,1.2366950969206687,0.0891115496401606,3000,1.0841905206219546,Low,158.15
14389.1,47.7,744.2,1024.1,1427.7,133.1,8446.4,234.4,323.2,16.5,8.06,23.135382463593423,brackish,BR0246,2022-07-25 17:48:16.240601504,Qatar,59.23172057388854,49.08186981915836,38.02066675578749,2.704969368310831,1.43891,0.2163975494648664,0.0,1.6553075494648666,1.4472414717923487,0.4231703659304434,0.1507942286454002,0.1481115,2.1693175663681923,0.5140100169033257,3000,6.253788538990462,Medium,158.15
13953.8,53.2,902.7,591.2,4594.7,178.3,6150.3,751.9,241.6,1.0,7.69,21.66187707742085,brackish,BR0247,2021-11-11 14:26:09.924812032,Australia_Central,63.69376147876548,61.46060638803657,76.42941263183695,2.421688388960044,1.39538,0.1937350711168035,0.0,1.5891150711168036,3.2447037121069533,0.5519650414740633,0.1090065314898216,0.161175,4.066850285070839,2.477735213954035,3000,30.14577843644076,High,158.15
9889.8,35.2,708.6,641.8,4975.8,139.8,5391.9,1791.7,529.2,10.7,7.55,24.332714122027507,brackish,BR0248,2021-07-21 04:01:48.270676688,Great_Basin_USA,57.5842314382183,59.72745660409987,32.568586857975816,2.1582601990742303,0.98898,0.1726608159259384,0.0,1.1616408159259384,0.9148385774057975,0.3917201894123663,0.1149992449455338,0.1555155,1.5770735117636978,0.4154326958377594,3000,5.05443113269274,Medium,158.15
1159.3,5.0,1066.8,933.3,4445.6,10.0,15000.0,1789.3,432.0,9.4,8.5,16.177789009437447,brackish,BR0249,2023-04-04 05:21:12.180451136,Iran_Central,58.840687377262064,45.64051460660733,34.2511312631116,1.5390489747354086,0.11593,0.1231239179788327,0.0,0.2390539179788327,0.1366620137398153,0.6026039548230064,0.1277888768470398,0.2916839999999999,1.1587388454098615,0.919684927431029,3000,11.189499950410852,Medium,158.15
20000.0,30.5,300.0,200.0,3094.8,200.1,500.0,1329.8,694.7,15.8,8.03,21.521435097071087,brackish,BR0250,2021-11-26 05:42:51.428571432,Iran_Central,65.34497397605202,43.35352897314826,46.72730290166412,1.990765413792816,2.0,0.1592612331034252,0.0,2.1592612331034253,1.137295825323603,0.1881935250510298,0.0260121173838889,0.053922,1.4054234677585218,-0.7538377653449035,3000,-9.171692811696328,Low,158.15
18729.3,60.8,654.7,503.1,6799.2,301.9,11156.5,2135.2,364.0,8.5,6.95,29.26660024491478,brackish,BR0251,2020-06-10 00:03:36.541353384,Qatar,62.2623662909255,59.8259727520524,76.13185574163654,2.130959486347977,1.87293,0.1704767589078381,0.0,2.043406758907838,3.693795829615018,0.3913264436224217,0.0902953406746726,0.2693355,4.444753113912113,2.401346355004275,3000,29.21638065255201,High,158.15
13613.4,43.2,918.6,1000.7,4190.6,161.7,8625.6,473.8,1015.5,1.7,7.43,22.20023935718969,brackish,BR0252,2023-08-21 06:29:46.466165408,Qatar,68.07590737148203,60.291305069647365,34.910028747040585,2.2287244292601307,1.36134,0.1782979543408104,0.0,1.5396379543408103,1.2034743670139785,0.6003314737098566,0.1810005269495883,0.192243,2.1770493676734235,0.637411413332613,3000,7.755172195546792,Medium,158.15
6234.0,41.1,1013.5,892.6,6109.8,46.9,4081.9,2110.2,113.1,10.1,7.44,15.0,brackish,BR0253,2023-04-22 12:27:04.060150384,Australia_Central,64.01346470129374,50.98448911631712,23.850486873005742,2.8939868978418137,0.6234000000000001,0.2315189518273451,0.0,0.8549189518273452,0.7822434983634677,0.6228254061577075,0.136526264955674,0.1528755,1.6944706694768492,0.839551717649504,3000,10.214545898068964,Medium,158.15
9432.0,5.0,1397.2,710.8,500.0,98.7,12517.3,1974.7,876.1,1.3,7.56,21.218461778211427,brackish,BR0254,2020-02-21 05:28:25.263157895,Qatar,70.08935213459682,65.2840415058724,20.22012875669404,1.6630640997002142,0.9432,0.1330451279760171,0.0,1.0762451279760172,0.0806783137392092,0.9401168909036034,0.1392116901071223,0.1952595,1.3552663947499348,0.2790212667739176,3000,3.3947587457493307,Low,158.15
7282.9,12.0,643.6,200.0,500.0,327.0,500.0,1877.6,270.5,1.0,8.5,16.438732291945115,brackish,BR0255,2023-04-07 21:10:22.556390976,Great_Basin_USA,61.08520532486792,69.34615611399751,23.749058544555005,2.2783003796696555,0.72829,0.1822640303735724,0.0,0.9105540303735724,0.2274209846226587,0.3774186062120159,0.0416076936683985,0.015,0.6614472845030731,-0.2491067458704993,3000,-3.030798741424408,Low,158.15
16319.3,40.3,1391.8,585.0,4851.4,241.0,3912.9,1318.0,100.0,15.8,7.8,27.137090371693844,brackish,BR0256,2023-02-08 08:03:36.541353376,Great_Basin_USA,62.27584049667004,46.16935670348186,48.68553702429516,2.0518834454374195,1.63193,0.1641506756349935,0.0,1.7960806756349936,1.565697659379118,0.8320849421113474,0.0810272210146106,0.1314644999999999,2.610274322505076,0.8141936468700823,3000,9.906022703586,Medium,158.15
11312.5,40.3,536.4,423.0,500.0,214.0,1166.1,3330.7,571.4,14.6,6.5,27.550699227043403,brackish,BR0257,2023-09-30 12:30:40.601503760,Great_Basin_USA,66.74928372252349,57.31206147118085,42.92260348973992,2.9851471788240773,1.13125,0.2388117743059261,0.0,1.3700617743059262,1.380365174667942,0.3437214315721113,0.0727290060069285,0.0249915,1.8218071122469817,0.4517453379410556,3000,5.49623494494951,Medium,158.15
6079.2,60.4,1331.5,699.3,3362.6,185.6,7648.3,1993.2,423.6,13.7,7.07,15.0,brackish,BR0258,2023-04-11 12:59:32.932330832,Australia_Central,55.53109861030122,40.16038987011817,84.1779081877562,2.7927960244243577,0.60792,0.2234236819539486,0.0,0.8313436819539486,4.057307832323299,0.7098207148763144,0.0842524819085208,0.1651635,5.016544529108135,4.185200847154186,3000,50.919943640375934,High,158.15
7646.2,26.4,1127.0,357.2,3093.7,83.9,1547.7,531.7,167.1,20.4,6.5,31.072103764657516,brackish,BR0259,2022-11-08 20:34:17.142857136,Australia_Central,59.64823842328152,61.39163188078862,21.07126129124516,2.158178781358381,0.76462,0.1726543025086705,0.0,0.9372743025086704,0.44391247587492,0.6453462211491673,0.065787272723453,0.0696209999999999,1.2246669697475403,0.2873926672388698,3000,3.496610784739583,Low,158.15
15605.9,40.1,434.6,292.3,8762.2,129.9,7732.3,1748.3,100.0,4.7,7.24,16.102509589771532,brackish,BR0260,2021-11-04 06:47:49.172932328,Qatar,65.6210311002927,52.42846340689953,40.40661211575917,2.9995434140321406,1.56059,0.2399634731225712,0.0,1.8005534731225714,1.2930035063818708,0.2737814411153971,0.0459745195615101,0.2474174999999999,1.8601769670587784,0.0596234939362068,3000,0.7254191762238494,Low,158.15
18000.5,30.4,922.8,200.0,5200.0,142.2,5254.3,2252.5,497.5,1.0,6.5,35.0,brackish,BR0261,2020-09-24 02:49:37.443609024,Australia_Central,50.72190673164341,45.798076807094944,21.32880579210254,2.2710948697072446,1.80005,0.1816875895765795,0.0,1.98173758957658,0.5174197654717738,0.4493392851068212,0.0274788460842569,0.1568144999999999,1.151052396662852,-0.8306851929137278,3000,-10.106669847117022,Low,158.15
17641.7,5.3,779.5,966.5,4497.6,205.0,4082.6,911.9,792.8,9.4,6.8,24.609789883995067,brackish,BR0262,2021-04-28 00:10:49.624060152,Great_Basin_USA,60.92428584084854,62.56665765293128,43.461694066064695,1.750676694887101,1.7641700000000002,0.1400541355909681,0.0,1.9042241355909684,0.183816888883014,0.4559086158042378,0.1814120238646742,0.128703,0.949840528551926,-0.9543836070390422,3000,-11.611667218975017,Low,158.15
13785.2,5.0,1050.2,480.1,6511.0,300.9,7554.6,2589.3,675.5,7.2,6.5,15.028852011686702,brackish,BR0263,2023-10-26 03:14:53.233082704,Atacama_Chile,64.97124840765292,64.31946392668242,31.42850518205583,2.333812037740072,1.3785200000000002,0.1867049630192057,0.0,1.565224963019206,0.1253997356764027,0.6550349287460842,0.0926393238936006,0.210984,1.0840579883160877,-0.4811669747031184,3000,-5.854198192221274,Low,158.15
8736.9,40.8,710.7,647.1,5105.5,261.8,4925.5,1882.0,517.0,3.3,7.81,15.864111434458549,brackish,BR0264,2022-09-29 14:33:23.007518800,Great_Basin_USA,74.18438829945495,43.33499503527812,22.872960803194843,1.83930864870547,0.87369,0.1471446918964376,0.0,1.0208346918964375,0.744707007014739,0.5061393097384573,0.0841262258619854,0.150465,1.4854375426151818,0.4646028507187443,3000,5.652668017078056,Medium,158.15
1000.0,34.3,677.1,599.3,2627.0,10.0,1645.5,200.0,643.7,9.4,7.5,27.78476233429876,brackish,BR0265,2023-03-20 14:04:30.676691728,Atacama_Chile,71.92541404044178,41.22987285514102,37.04139925362546,2.454469260114378,0.1,0.1963575408091502,0.0,0.2963575408091502,1.0138749555306836,0.467526699329118,0.074127188406258,0.0640875,1.6196163432660595,1.3232588024569094,3000,16.099648763225733,High,158.15
11485.8,14.5,1347.6,279.8,7214.4,172.4,15000.0,1799.7,491.8,5.1,7.74,21.86960088081298,brackish,BR0266,2023-03-27 21:42:51.428571424,Qatar,57.018548823566455,50.02235325007352,28.403605898041643,2.9061602623258884,1.14858,0.232492820986071,0.0,1.381072820986071,0.3286581238462399,0.7376466853885262,0.0419887633181117,0.333216,1.441509572552878,0.0604367515668069,3000,0.7353138107294845,Low,158.15
9990.9,5.0,760.5,222.3,670.7,223.7,4051.3,1094.0,100.0,1.0,7.42,24.226768723054874,brackish,BR0267,2022-11-12 12:23:27.518796992,Iran_Central,62.68025260072312,58.77971397283107,39.78721825615456,2.6792978652525425,0.99909,0.2143438292202034,0.0,1.2134338292202034,0.1587510008420567,0.4576159881873594,0.039200191248481,0.07083,0.7263971802778972,-0.4870366489423061,3000,-5.925612562131391,Low,158.15
10699.9,45.7,1130.6,298.4,4969.7,211.9,500.0,2037.2,100.0,6.5,6.5,35.0,brackish,BR0268,2023-12-23 16:21:39.248120304,Australia_Central,51.41035931650228,63.80258581565899,39.74524278541371,1.9097455356285828,1.06999,0.1527796428502866,0.0,1.2227696428502866,1.4494533610441385,0.5579957015350798,0.0571160748221779,0.0820455,2.1466106374013965,0.92384099455111,3000,11.240065433705167,Medium,158.15
10269.5,23.4,709.9,383.0,500.0,87.1,2631.6,2444.2,439.0,1.0,7.91,19.4060474861674,brackish,BR0269,2020-09-13 03:22:06.315789472,Australia_Central,56.01886037044518,56.38187489891373,41.15022422362259,1.9452879374490104,1.02695,0.1556230349959208,0.0,1.182573034995921,0.7684063669725495,0.3817707741789987,0.0647827742588518,0.0469739999999999,1.2619339154104,0.0793608804144792,3000,0.9655573783761636,Low,158.15
3368.7,43.9,1466.7,710.0,4611.8,441.0,930.9,1695.2,451.8,11.9,8.5,25.47970286156565,brackish,BR0270,2021-06-29 05:06:46.015037592,Great_Basin_USA,69.37139670170225,57.42246328920942,49.77395236333277,1.603932304635468,0.33687,0.1283145843708374,0.0,0.4651845843708374,1.7436910539827462,0.9767714644069124,0.122309846806016,0.0831405,2.9259128651956745,2.460728280824837,3000,29.93886075003552,High,158.15
12787.0,76.6,528.7,361.3,4579.0,22.3,9304.6,3165.3,755.3,4.8,7.83,35.0,brackish,BR0271,2022-09-22 06:55:02.255639104,Great_Basin_USA,53.082850306883614,63.99574665258673,69.66744274868513,1.928801753469416,1.2787000000000002,0.1543041402775533,0.0,1.4330041402775535,4.258547839410325,0.269423068389594,0.0693649897967387,0.208254,4.805589897596659,3.372585757319105,3000,41.03312671404911,High,158.15
13161.1,5.0,554.3,1123.9,9029.4,41.7,7286.6,1321.3,727.2,18.9,7.16,27.1641078037312,brackish,BR0272,2020-11-28 23:34:44.210526316,Atacama_Chile,56.442263120848914,55.86530122656278,33.959464234553025,1.638937199516726,1.31611,0.1311149759613381,0.0,1.4472249759613385,0.1354982622958665,0.3003450858997109,0.1883610361456017,0.24474,0.8689443843411793,-0.578280591620159,3000,-7.035747198045268,Low,158.15
13411.7,12.5,1409.8,908.1,500.0,173.4,7594.9,2124.8,681.5,22.8,6.5,15.0,brackish,BR0273,2023-01-28 08:36:05.413533840,Australia_Central,73.6010625433952,58.33463470678902,44.13835103076023,2.2491730789884645,1.3411700000000002,0.1799338463190771,0.0,1.5211038463190774,0.4402800515318332,0.996122668547314,0.1589210453317053,0.1214234999999999,1.7167472654108529,0.1956434190917753,3000,2.3803282656165994,Low,158.15
14732.9,24.8,622.0,842.5,2197.3,361.7,4519.9,2304.9,415.9,15.4,6.77,29.043112093857093,brackish,BR0274,2020-01-08 07:38:20.751879699,Qatar,70.59639501231145,55.48652019929678,37.35110069065656,2.5625206192473864,1.47329,0.2050016495397909,0.0,1.6782916495397908,0.7391932231083695,0.4215451938975141,0.1402421798037225,0.100758,1.401738596809606,-0.2765530527301847,3000,-3.3647288082172477,Low,158.15
13020.3,66.4,1440.4,564.1,6468.0,66.4,4882.6,1402.7,100.0,1.0,7.86,15.695977137732449,brackish,BR0275,2022-07-07 10:42:24.360902256,Great_Basin_USA,69.5456928162228,66.41374700103111,60.93143026719499,2.6267717422487378,1.30203,0.210141739379899,0.0,1.512171739379899,3.2285858818539146,0.9616667129518784,0.1123919840498449,0.170259,4.472903578855638,2.9607318394757387,3000,36.02223738028815,High,158.15
7949.9,5.0,1156.7,1054.3,5006.0,123.4,4516.3,2278.8,623.6,22.0,8.36,35.0,brackish,BR0276,2020-04-01 11:29:19.398496241,Australia_Central,71.61393725755391,47.065498557552665,45.2923556077957,1.5892938483722685,0.79499,0.1271435078697814,0.0,0.9221335078697814,0.1807164988751048,0.7952240757678012,0.1488634653876833,0.1428345,1.2676385400305892,0.3455050321608077,3000,4.203644557956494,Low,158.15
9645.8,78.4,738.1,534.6,4540.9,257.7,5675.2,905.3,657.6,22.6,7.71,18.417059160016176,brackish,BR0277,2022-02-07 10:06:18.947368424,Iran_Central,68.74014216455885,47.91980753621528,61.28746704845103,2.009933847357303,0.96458,0.1607947077885842,0.0,1.1253747077885845,3.834340058445652,0.4870761497439444,0.076853787326582,0.1532414999999999,4.551511495516179,3.426136787727595,3000,41.684664250685735,High,158.15
10455.6,33.4,300.0,590.6,1131.6,148.2,9341.3,1077.4,100.0,10.2,8.14,35.0,brackish,BR0278,2023-06-12 17:55:29.323308272,Atacama_Chile,53.014655402955874,43.83884384805477,25.12460409475353,1.9322576498211503,1.04556,0.154580611985692,0.0,1.200140611985692,0.6696510978582848,0.1526822075605129,0.0776736635299834,0.1570935,1.0571004689487813,-0.1430401430369108,3000,-1.7403217402824152,Low,158.15
10538.5,27.6,792.3,651.0,2227.5,116.5,7344.3,200.0,249.7,20.6,8.07,35.0,brackish,BR0279,2022-04-03 07:23:54.586466168,Great_Basin_USA,62.91403316213079,64.58400254483266,23.06239900922561,1.656450484481002,1.05385,0.1325160387584801,0.0,1.18636603875848,0.5079447256983923,0.4785291693538197,0.1261325569700581,0.1435769999999999,1.2561834520222703,0.0698174132637903,3000,0.8494451947094488,Low,158.15
14991.1,25.0,840.7,810.5,7735.1,206.6,8000.5,1741.4,292.7,5.6,7.91,18.62709944297617,brackish,BR0280,2022-01-16 11:11:16.691729320,Great_Basin_USA,61.10609802005805,52.35331871687072,22.33781398643361,2.0437069663980085,1.4991100000000002,0.1634965573118406,0.0,1.662606557311841,0.4456393890293504,0.4931702074124429,0.1272970944600711,0.236034,1.302140690901865,-0.3604658664099762,3000,-4.385668041321377,Low,158.15
13218.3,19.1,1266.9,791.1,3845.5,177.3,7998.2,1825.3,535.5,1.0,6.97,25.160110440012883,brackish,BR0281,2020-03-25 03:50:58.646616541,Qatar,57.77878945675951,50.43681822643731,20.770546259141305,1.9489801637088544,1.32183,0.1559184130967083,0.0,1.4777484130967085,0.3165805119725799,0.7027195042825788,0.1197017006968036,0.1776555,1.3166572169519626,-0.1610911961447458,3000,-1.9599428864277413,Low,158.15
20000.0,56.2,1435.4,457.5,5126.1,253.0,9537.8,2679.3,259.0,3.9,7.64,31.02915425306771,brackish,BR0282,2023-08-02 23:23:54.586466160,Great_Basin_USA,70.85101024299013,69.44046151261469,61.37569284930918,2.451748844008915,2.0,0.1961399075207132,0.0,2.1961399075207133,2.752552522628679,0.9763155849867652,0.0953070334260636,0.2199585,4.044133641041508,1.847993733520795,3000,22.483923757836337,High,158.15
20000.0,5.0,526.0,440.1,3654.4,279.1,7152.6,2291.1,488.6,23.8,6.82,31.269283793813663,brackish,BR0283,2022-01-31 02:27:58.195488720,Australia_Central,61.603480059355846,67.80410099319357,33.2731756753643,2.8249539956005694,2.0,0.2259963196480455,0.0,2.2259963196480457,0.1327599709447035,0.3110729329077232,0.0895217545413134,0.162105,0.6954596583937404,-1.5305366612543052,3000,-18.621529378594044,Low,158.15
10398.2,38.6,1120.5,792.0,500.0,180.7,7435.4,1215.2,436.8,1.0,7.51,28.538690079809577,brackish,BR0284,2021-03-11 10:31:34.736842104,Australia_Central,51.50744003393874,69.15963046374284,27.58556809947841,2.182262581309824,1.0398200000000002,0.1745810065047859,0.0,1.214401006504786,0.8497127370546138,0.5540552309570722,0.164323281981853,0.119031,1.6871222499935392,0.4727212434887531,3000,5.751441795779829,Medium,158.15
1000.0,20.4,1106.2,814.6,6801.4,179.2,10755.2,321.8,452.3,10.0,7.76,35.0,brackish,BR0285,2022-02-14 17:44:39.699248120,Australia_Central,56.8741395930067,44.26896990276079,23.79610650256456,2.619997759150228,0.1,0.2095998207320182,0.0,0.3095998207320182,0.387381576976549,0.6039760628907266,0.1081845086483668,0.263349,1.3628911485156423,1.0532913277836244,3000,12.815044488034095,Medium,158.15
16184.2,10.9,1229.4,482.0,5509.7,171.4,3339.8,1932.9,285.1,10.3,8.5,24.01624842692505,brackish,BR0286,2020-01-15 15:16:41.503759398,Iran_Central,55.71552645073613,66.73755439444498,39.76116628179578,1.7190155506660114,1.6184200000000002,0.1375212440532809,0.0,1.7559412440532811,0.3458505765523161,0.6575680148979363,0.0965025036543674,0.1327425,1.2326635951046196,-0.5232776489486615,3000,-6.366544728875382,Low,158.15
7298.1,94.6,999.5,200.0,10000.0,198.9,2577.0,2610.8,308.3,5.9,6.5,22.06625865139173,brackish,BR0287,2020-05-15 09:19:23.909774436,Iran_Central,72.18697212028209,49.86128798162355,65.65279776585646,2.842449567965797,0.7298100000000001,0.2273959654372637,0.0,0.9572059654372638,4.956182225582716,0.6926484348885307,0.0299167727889741,0.188655,5.867402433260221,4.910196467822957,3000,59.74072369184599,High,158.15
5992.6,40.5,300.0,537.8,953.3,155.5,1256.3,2255.2,175.9,6.5,7.89,22.22508809660312,brackish,BR0288,2023-03-16 22:15:20.300751872,Great_Basin_USA,66.185952515975,40.37970310635588,20.568474660344283,1.7288921073226384,0.59926,0.138311368585811,0.0,0.7375713685858111,0.6647525325476669,0.190615543246008,0.0651486129917945,0.033144,0.9536606887854694,0.2160893201996583,3000,2.629086729095843,Low,158.15
8007.8,45.3,737.8,787.1,6467.7,149.9,6731.7,2584.5,614.0,10.6,8.5,31.866985855777017,brackish,BR0289,2021-10-02 08:25:15.789473688,Iran_Central,64.00940664705188,51.738950079492064,32.55259351301983,1.788151770899084,0.80078,0.1430521416719267,0.0,0.9438321416719267,1.1767567239395589,0.4533709461522707,0.1221711828227046,0.1979909999999999,1.950289852914534,1.0064577112426072,3000,12.245235486785054,Medium,158.15
7766.8,58.4,337.7,1141.6,500.0,269.7,500.0,1288.1,671.3,5.5,8.11,27.92144832242117,brackish,BR0290,2023-02-01 00:25:15.789473680,Iran_Central,62.66623104196763,55.27589059414179,67.76082479945762,1.659695705381515,0.77668,0.1327756564305211,0.0,0.9094556564305212,3.157871270294084,0.2031589077395757,0.1893088701068168,0.015,3.5653390481404763,2.655883391709956,3000,32.31324793247112,High,158.15
13061.3,5.0,719.0,240.6,4472.0,301.6,7848.6,1033.4,268.8,1.0,8.17,27.33026932552205,brackish,BR0291,2023-11-13 10:20:45.112781952,Qatar,66.25282568853663,43.24661270702216,29.558132940394785,1.9645192522808048,1.30613,0.1571615401824644,0.0,1.4632915401824644,0.1179369504321752,0.4573035040325552,0.0312154050519285,0.184809,0.7912648595166589,-0.6720266806658055,3000,-8.176324614767301,Low,158.15
2202.8,73.8,1192.0,472.0,6929.5,10.0,5563.2,763.1,956.2,11.7,7.97,31.36187399405745,brackish,BR0292,2022-05-06 05:46:27.969924816,Iran_Central,68.87188866942812,56.13032850622768,71.13175070453903,2.3286156700732894,0.22028,0.1862892536058631,0.0,0.4065692536058631,4.189119515191994,0.7881147964219999,0.0794805451648184,0.1873905,5.244105356778812,4.837536103172949,3000,58.85668925527089,High,158.15
4611.4,5.0,922.1,483.2,500.0,151.0,10538.6,1444.1,405.6,18.6,8.5,15.0,brackish,BR0293,2020-07-23 21:53:41.052631580,Atacama_Chile,63.85961764578775,64.58390752530195,40.06741781702833,2.98199116710949,0.46114,0.2385592933687592,0.0,0.6996992933687592,0.159868997089943,0.5652955529393365,0.0936208323486777,0.165579,0.9843643823779572,0.284665089009198,3000,3.4634252496119102,Low,158.15
11715.8,10.8,1259.2,1006.7,3385.2,81.1,3312.3,1421.4,959.1,17.0,6.63,27.480550591001204,brackish,BR0294,2021-03-26 01:48:16.240601504,Atacama_Chile,73.45713537881527,51.32952852517582,38.49437360113982,2.690052051986316,1.17158,0.2152041641589052,0.0,1.3867841641589054,0.3317599094440634,0.8879733587424401,0.1550203090988834,0.1004625,1.475216077285387,0.0884319131264816,3000,1.0759216097055273,Low,158.15
13114.7,18.5,936.7,589.5,2310.4,118.9,5186.7,1706.7,307.4,3.5,6.5,26.748551110989727,brackish,BR0295,2020-05-26 08:46:55.037593984,Atacama_Chile,74.42085426625961,50.57934419602907,48.11784829366627,2.070653704337973,1.31147,0.1656522963470378,0.0,1.477122296347038,0.7103637943593952,0.6692161362355717,0.0894495702106774,0.1124565,1.5814860008056444,0.1043637044586063,3000,1.2697584042463768,Low,158.15
13207.7,44.5,300.0,327.8,1894.1,190.3,10488.8,1370.7,100.0,1.0,7.49,35.0,brackish,BR0296,2020-05-04 09:51:52.781954888,Great_Basin_USA,74.88355791522058,50.16431260692032,35.53149998907564,2.363769086855356,1.3207700000000002,0.1891015269484284,0.0,1.5098715269484286,1.261759096112065,0.2156646467958352,0.0493315850176454,0.1857435,1.7124988279255458,0.2026273009771171,3000,2.4652988285549253,Low,158.15
6064.8,35.5,300.0,767.6,5155.6,216.9,11532.5,1366.4,620.7,7.7,6.5,15.0,brackish,BR0297,2023-07-15 16:18:02.706766912,Australia_Central,66.73477775221612,67.69283337651076,34.17709729175216,2.4349620464088115,0.60648,0.1947969637127049,0.0,0.801276963712705,0.968202989178047,0.1921961599263824,0.155883056699429,0.2503215,1.5666037058038582,0.7653267420911533,3000,9.311475362109032,Medium,158.15
5108.7,25.8,859.5,478.6,7362.1,138.8,3279.4,723.3,574.6,22.5,8.48,35.0,brackish,BR0298,2022-12-15 10:46:00.902255632,Qatar,73.31551166889696,41.46274296370597,26.402433056506908,2.7340908318710206,0.51087,0.2187272665496816,0.0,0.7295972665496817,0.5435838527405868,0.6049409498824027,0.059532206347289,0.1596225,1.3676795089702785,0.6380822424205967,3000,7.763333949450593,Medium,158.15
7466.8,29.7,714.4,232.7,3600.2,10.0,6727.1,2441.6,510.3,15.2,8.48,25.603273031397325,brackish,BR0299,2020-11-21 15:56:23.458646616,Great_Basin_USA,60.11199238269887,53.35228425978866,42.66143866544471,2.6046776781297005,0.74668,0.208374214250376,0.0,0.955054214250376,1.011101693234239,0.4122624706387207,0.0372452296417584,0.1549094999999999,1.615518893514718,0.6604646792643419,3000,8.03565359771616,Medium,158.15
11199.4,5.5,409.2,332.2,4616.5,53.5,7177.7,1576.5,307.3,15.6,7.15,28.91191624528036,brackish,BR0300,2021-02-24 19:14:53.233082704,Australia_Central,71.48980978118463,47.93798362449151,24.223273286428544,2.3539366904567105,1.11994,0.1883149352365368,0.0,1.308254935236537,0.1063159464541348,0.2808348495596232,0.0477749944801682,0.176913,0.6118387904939263,-0.6964161447426104,3000,-8.473063094368428,Low,158.15
17427.4,5.0,300.0,1120.2,4342.9,239.6,7494.6,1325.6,489.6,17.1,7.2,35.0,brackish,BR0301,2023-12-20 00:32:28.872180448,Qatar,72.72935746849203,66.81421076162482,34.73398669461452,2.503774540559485,1.7427400000000002,0.2003019632447588,0.0,1.943041963244759,0.1385886069115119,0.209460549509257,0.2245358366855164,0.1775625,0.7501474931062855,-1.1928944701384736,3000,-14.513549386684762,Low,158.15
1000.0,48.2,506.1,715.3,4005.4,10.0,4949.7,752.6,346.6,13.4,7.44,29.486090144044585,brackish,BR0302,2023-11-20 17:59:05.864661648,Qatar,72.60351180830689,42.88156790751412,32.639665951623336,2.618876416444349,0.1,0.2095101133155479,0.0,0.3095101133155479,1.2554390552968593,0.3527485183313676,0.0920195565727345,0.1343265,1.8345336302009616,1.5250235168854136,3000,18.554452788772533,High,158.15
8896.4,47.3,722.2,632.3,732.0,268.7,11125.5,200.0,409.3,11.0,7.54,28.202946315700487,brackish,BR0303,2022-07-22 01:59:05.864661648,Qatar,70.77115707270954,52.34328300041233,39.74902635213209,1.6997160887001064,0.88964,0.1359772870960085,0.0,1.0256172870960083,1.500342899271767,0.490664924523944,0.0992899735234821,0.1778625,2.2681602973191928,1.2425430102231845,3000,15.117606624382072,High,158.15
3336.6,69.6,1066.4,525.0,7325.3,202.1,500.0,2808.0,752.5,15.3,7.6,26.938329486418542,brackish,BR0304,2023-02-11 23:52:46.917293232,Atacama_Chile,60.16497904103126,52.20448456093257,82.94053674891647,1.80068319195807,0.33366,0.1440546553566456,0.0,0.4777146553566456,4.60658376346422,0.6159353630338151,0.0822220631834688,0.1173795,5.422120689681504,4.944406034324858,3000,60.15694008428578,High,158.15
1738.8,10.2,875.5,687.6,4885.6,281.6,4315.5,2054.6,555.3,5.6,7.95,21.132174920044985,brackish,BR0305,2020-08-22 04:27:04.060150376,Atacama_Chile,53.97268704951836,66.65183252641069,48.39786774494667,2.532876433361275,0.17388,0.202630114668902,0.0,0.376510114668902,0.3939392842967679,0.4536296401137918,0.1374894001354799,0.1380165,1.1230748245460398,0.7465647098771377,3000,9.083203970171844,Medium,158.15
14834.8,47.3,1443.2,684.1,5184.6,130.1,7791.7,200.0,683.0,1.0,7.36,24.77208700391685,brackish,BR0306,2020-01-01 00:00:00.000000000,Atacama_Chile,58.34890890861115,46.46480335122909,25.033978014894757,2.7756383429814484,1.48348,0.2220510674385158,0.0,1.7055310674385158,0.9449175137634084,0.8084077952343132,0.0953597159177274,0.1946445,2.043329524915449,0.337798457476933,3000,4.109881232636019,Low,158.15
12723.1,22.9,385.8,687.7,1580.5,10.0,7828.9,2263.1,430.4,15.8,8.25,19.27589787101801,brackish,BR0307,2021-02-21 03:25:42.857142856,Qatar,69.18221423245232,59.34686230904833,27.854516548015347,2.113893424049652,1.27231,0.1691114739239721,0.0,1.441421473923972,0.5090190063017421,0.256228783208449,0.1224385116297976,0.141141,1.0288273011399889,-0.4125941727839832,3000,-5.0198957688717964,Low,158.15
12247.2,59.8,1152.4,634.5,2622.3,193.0,11411.0,2422.5,397.4,19.9,7.86,24.643464804596142,brackish,BR0308,2020-01-04 15:49:10.375939849,Qatar,55.82213778324938,44.03218380663368,80.29088299911767,2.969835483706809,1.22472,0.2375868386965447,0.0,1.4623068386965448,3.8315130530710944,0.6175625431815992,0.0838152618759272,0.2104995,4.743390358128622,3.2810835194320767,3000,39.9198494864236,High,158.15
14605.1,55.5,818.9,860.6,3471.6,277.5,10792.9,1624.4,154.0,1.1,7.01,15.0,brackish,BR0309,2021-04-24 08:21:39.248120304,Atacama_Chile,61.95680162064931,68.61927142241629,72.95699406122982,1.8241075990100597,1.4605100000000002,0.1459286079208047,0.0,1.606438607920805,3.231192309977808,0.4870696785326373,0.1771612349583943,0.2139674999999999,4.10939072346884,2.5029521155480348,3000,30.45258407250109,High,158.15
7601.4,35.3,1077.9,606.9,500.0,242.5,4857.8,3098.1,389.0,16.6,8.5,28.432316540540388,brackish,BR0310,2022-04-28 22:08:07.218045120,Qatar,64.1349879496168,57.790448778168575,33.59103705067196,2.125048923065158,0.76014,0.1700039138452126,0.0,0.9301439138452128,0.9462393590951984,0.6636585937045628,0.1052190700904115,0.080367,1.7954840228901727,0.8653401090449601,3000,10.528304660047016,Medium,158.15
7836.8,21.5,625.4,306.6,500.0,83.7,11199.5,1716.7,100.0,23.4,6.5,24.026101969730995,brackish,BR0311,2022-09-11 07:27:31.127819552,Atacama_Chile,65.09646406094689,58.78770190962011,41.31876357142117,2.06778456519488,0.78368,0.1654227652155903,0.0,0.9491027652155904,0.7089060265948731,0.3908287547876753,0.0540729282164685,0.1754925,1.329300209599017,0.3801974443834265,3000,4.6257355733316885,Low,158.15
20000.0,54.0,1228.7,416.3,2197.8,158.7,3143.8,200.0,322.9,10.0,7.43,22.31037010666589,brackish,BR0312,2021-03-29 17:37:26.616541352,Atacama_Chile,73.39313870946997,53.01320204981417,75.04812381517429,2.8954439110896435,2.0,0.2316355128871715,0.0,2.231635512887172,3.2339737514434903,0.8657102355103272,0.0662081880400129,0.080124,4.246016174993829,2.0143806621066576,3000,24.508298055631,High,158.15
8767.1,46.2,918.1,200.0,5567.6,96.7,9723.5,1865.2,475.4,3.5,8.27,26.758064671521147,brackish,BR0313,2023-08-24 22:18:56.842105264,Atacama_Chile,66.53732551035793,50.26848137998967,49.12142163264004,1.9280677763588088,0.8767100000000001,0.1542454221087047,0.0,1.030955422108705,1.81098892418352,0.5864440180901723,0.0301610888279937,0.2293665,2.6569605311016864,1.6260051089929817,3000,19.78306215941461,High,158.15
13675.7,12.9,528.2,1208.0,2040.6,68.1,13242.1,1744.9,669.1,11.0,6.92,15.0,brackish,BR0314,2023-07-12 00:28:52.330827072,Australia_Central,69.65747040193256,46.38029288484629,37.519239568648,2.206186167063324,1.3675700000000002,0.1764948933650658,0.0,1.544064893365066,0.3862305559675763,0.3532135283164875,0.1680821814146829,0.2292405,1.1367667656987468,-0.4072981276663192,3000,-4.955460553273551,Low,158.15
10031.9,5.0,795.2,858.8,943.6,245.5,10859.8,896.7,419.4,5.6,7.75,35.0,brackish,BR0315,2023-10-22 11:25:42.857142864,Qatar,64.54695869729083,58.11963261496777,33.9792147904176,1.7808507594229943,1.00319,0.1424680607538395,0.0,1.1456580607538396,0.1355770670137662,0.4927463189384224,0.1497394214692029,0.177051,0.9551138074213916,-0.1905442533324479,3000,-2.318288415544784,Low,158.15
1000.0,22.8,704.2,351.0,1555.9,30.2,6423.1,2073.6,604.3,5.1,7.93,24.1778603080992,brackish,BR0316,2023-01-10 01:30:13.533834592,Great_Basin_USA,70.83950797154908,68.63685236044714,36.28452086234528,2.281899357843666,0.1,0.1825519486274932,0.0,0.2825519486274933,0.6601750863778549,0.4788977425302226,0.0722746055355508,0.119685,1.3310324344436284,1.0484804858161352,3000,12.756512577429644,Medium,158.15
1000.0,67.9,995.7,515.4,2634.0,60.6,4672.9,200.0,100.0,13.5,6.81,23.833244536222484,brackish,BR0317,2022-08-20 08:32:28.872180448,Atacama_Chile,56.59159032674407,50.79372862277209,80.21349541742433,2.7861062541953867,0.1,0.2228885003356309,0.0,0.3228885003356309,4.346304078396804,0.540943166288055,0.0785372631965302,0.1096034999999999,5.075388007881389,4.752499507545759,3000,57.82207734180673,High,158.15
7105.1,58.7,328.1,408.9,2938.4,39.6,500.0,2490.6,482.9,1.0,7.44,17.27683031893662,brackish,BR0318,2022-08-02 01:26:36.992481200,Great_Basin_USA,55.246941791719735,66.49470665986163,75.31687641963052,1.9560591928358464,0.7105100000000001,0.1564847354268677,0.0,0.8669947354268678,3.528038315374185,0.1740146073778871,0.0815690566596522,0.051576,3.835197979411724,2.968203243984856,3000,36.113139468482416,High,158.15
15280.5,5.0,788.3,1062.8,10000.0,10.0,7242.2,621.9,100.0,1.0,7.37,25.19157105959409,brackish,BR0319,2021-02-28 11:04:03.609022560,Australia_Central,73.15800121894924,44.46328938541749,39.41144274160153,2.7161881082442423,1.52805,0.2172950486595393,0.0,1.7453450486595394,0.1572516565389901,0.5536363426646177,0.1417667518764651,0.258633,1.1112877510800732,-0.6340572975794663,3000,-7.71436378721684,Low,158.15
13941.5,5.0,958.1,200.0,7163.9,164.6,1539.1,515.1,137.5,10.2,7.06,35.0,brackish,BR0320,2023-09-08 13:35:38.345864656,Qatar,67.33702190893446,68.08378062645403,49.14316640109776,2.866967373263439,1.39415,0.2293573898610751,0.0,1.623507389861075,0.19608123394038,0.619349766633121,0.0408502683758724,0.130545,0.9868262689493736,-0.6366811209117015,3000,-7.746286971092369,Low,158.15
14570.4,61.9,813.2,634.3,7074.3,266.2,2827.5,1386.2,443.9,9.8,8.5,33.28732967545627,brackish,BR0321,2020-07-05 14:47:49.172932330,Atacama_Chile,66.78813942645553,50.5145885169423,75.45988711063643,1.6094368345718455,1.45704,0.1287549467657476,0.0,1.5857949467657475,3.72743167569442,0.5213963038232989,0.0961242104888894,0.148527,4.493479190006608,2.90768424324086,3000,35.376824959430465,High,158.15
5064.8,5.0,1338.8,567.4,7505.7,131.5,1237.0,1933.0,882.9,12.7,6.89,31.835502009124447,brackish,BR0322,2022-01-01 19:54:35.187969928,Atacama_Chile,61.682380965711246,51.39181634780037,31.408557450036195,2.6346368044788764,0.50648,0.2107709443583101,0.0,0.7172509443583102,0.1253201442256444,0.7927715677141844,0.0874791497872257,0.1311405,1.1367113617270546,0.4194604173687444,3000,5.10343507798639,Medium,158.15
18079.4,42.7,1109.6,848.1,1003.5,10.0,4158.4,1663.9,611.4,25.0,8.3,29.371191613338173,brackish,BR0323,2021-01-26 12:41:30.225563908,Atacama_Chile,59.41743148233776,53.88526771102985,40.7397808103839,1.8830151542257365,1.8079400000000003,0.1506412123380589,0.0,1.9585812123380597,1.3881917352015076,0.6329239869388991,0.1371002866371732,0.0774285,2.23564450877758,0.2770632964395205,3000,3.3709367733475,Low,158.15
5175.5,14.6,797.0,568.8,500.0,234.0,5888.1,757.3,505.5,10.8,7.19,22.131659779499124,brackish,BR0324,2020-09-09 11:32:55.939849624,Great_Basin_USA,63.89227986196597,61.5473280984295,39.78378190931935,1.7629914938049436,0.5175500000000001,0.1410393195043955,0.0,0.6585893195043956,0.4635128862690979,0.488852611679874,0.1050243606671601,0.0958215,1.153211358616132,0.4946220391117365,3000,6.017901475859461,Medium,158.15
11064.1,70.4,886.7,200.0,679.4,318.6,7094.5,993.9,494.1,14.8,6.63,15.0,brackish,BR0325,2022-01-12 19:22:06.315789472,Australia_Central,53.01415873554168,61.589603010671055,60.346190887659546,2.401683588037554,1.10641,0.1921346870430043,0.0,1.2985446870430044,3.390200727116004,0.4512734836877261,0.0369537618064026,0.1166084999999999,3.995036472610132,2.696491785567128,3000,32.80731672440005,High,158.15
9948.2,10.7,918.3,524.7,8003.5,85.4,3598.0,367.0,285.9,2.2,7.58,23.39168982506692,brackish,BR0326,2021-03-18 18:09:55.488721808,Qatar,61.36781402707769,54.38765754158996,34.01987890357499,2.5584039243430494,0.99482,0.2046723139474439,0.0,1.199492313947444,0.2904821380060654,0.5409990107622282,0.0856116117362167,0.1740225,1.0911152605045105,-0.1083770534429335,3000,-1.318587483555692,Low,158.15
9130.6,58.6,961.3,308.4,2358.4,102.1,10277.1,1275.3,336.8,16.1,8.02,23.113028283730586,brackish,BR0327,2021-10-16 23:41:57.293233080,Australia_Central,61.38419261163702,55.69458697941808,78.57259007205998,2.0921414786028207,0.91306,0.1673713182882256,0.0,1.0804313182882257,3.6742743150217274,0.56648279383264,0.0515286318733576,0.1895325,4.4818182407277245,3.4013869224394986,3000,41.38354088968057,High,158.15
16693.0,34.6,300.0,623.9,500.0,201.6,5167.2,2575.0,628.2,5.8,8.24,33.390355517369926,brackish,BR0328,2020-11-07 00:39:41.954887220,Atacama_Chile,63.45841282360663,40.90031463322424,34.97124373163387,1.558760560623286,1.6693,0.1247008448498628,0.0,1.794000844849863,0.9655840164253964,0.1827602289319871,0.0765531188990057,0.085008,1.3099053642563894,-0.4840954805934736,3000,-5.889828347220596,Low,158.15
6474.4,36.3,679.4,1030.3,2707.0,312.2,2849.1,1495.7,100.0,10.6,8.5,27.475123539678563,brackish,BR0329,2023-09-01 05:57:17.593984960,Australia_Central,65.86714035918006,49.12890104674977,43.388634078061685,2.8630567862951897,0.64744,0.2290445429036151,0.0,0.8764845429036152,1.256855918792844,0.4296012975362585,0.1518525202453988,0.0833415,1.921651236574501,1.045166693670886,3000,12.71619477299578,Medium,158.15
3252.0,5.0,300.0,200.0,3284.2,98.0,6905.2,2359.4,677.9,9.1,8.5,35.0,brackish,BR0330,2023-12-16 08:43:18.496240608,Great_Basin_USA,73.93295914963406,50.380512226918285,33.52651089282843,2.5961203752712425,0.3252,0.2076896300216994,0.0,0.5328896300216994,0.1337707784623854,0.2129269223509461,0.0302283073361509,0.1528409999999999,0.5297670081494825,-0.0031226218722169,3000,-0.0379918994453056,Low,158.15
10100.0,5.0,1311.3,359.9,4805.2,16.8,13854.2,2955.4,383.4,18.3,7.7,34.57990832030539,brackish,BR0331,2020-02-28 13:06:46.015037594,Iran_Central,66.30422817729392,56.76181806177279,49.499647929117074,1.907500210024522,1.01,0.1526000168019617,0.0,1.1626000168019617,0.1975035952371771,0.834669450325301,0.061285734961296,0.279891,1.3733497805237742,0.2107497637218125,3000,2.5641221252820525,Low,158.15
8000.9,24.5,775.7,434.2,4752.9,213.1,7340.6,912.0,747.7,1.0,6.97,21.34803512396724,brackish,BR0332,2022-04-10 15:02:15.338345864,Iran_Central,72.0931287988353,56.748993021139135,28.78674767611666,2.24529578361711,0.80009,0.1796236626893688,0.0,0.9797136626893688,0.562809703815757,0.5368573440888629,0.0739212383093358,0.1814025,1.3549907862139556,0.3752771235245868,3000,4.56587166954914,Low,158.15
20000.0,36.2,722.7,485.5,1515.5,229.9,4548.6,1313.4,788.3,1.0,7.86,15.0,brackish,BR0333,2021-02-10 03:58:11.729323308,Qatar,63.907596536729095,61.2969939318362,22.76367824438221,1.541689184950617,2.0,0.1233351347960493,0.0,2.1233351347960494,0.6575880316524154,0.4433857921641035,0.0892790716617194,0.0909615,1.2812143954782382,-0.8421207393178112,3000,-10.245802328366702,Low,158.15
13382.5,5.0,1158.7,822.0,6057.0,150.6,500.0,3671.2,100.0,8.3,7.29,35.0,brackish,BR0334,2022-05-20 21:03:09.473684208,Qatar,65.67319706568725,61.51081888654242,32.90035403462292,2.008924172708913,1.3382500000000002,0.160713933816713,0.0,1.4989639338167131,0.1312724125981454,0.7305171210241134,0.1516856793742136,0.098355,1.1118302129964723,-0.3871337208202408,3000,-4.710126936646263,Low,158.15
7953.3,5.0,968.9,547.9,2082.4,94.2,5122.4,2944.3,325.5,13.7,8.24,35.0,brackish,BR0335,2020-01-19 07:05:51.879699248,Australia_Central,51.74592382773924,47.05632172636249,36.25127074621757,2.283802853377677,0.7953300000000001,0.1827042282702142,0.0,0.9780342282702144,0.1446425702774081,0.4813116057282868,0.077346476021622,0.1080719999999999,0.811372652027317,-0.1666615762428973,3000,-2.027715844288584,Low,158.15
4719.4,44.0,348.5,724.7,3531.2,249.4,6939.7,200.0,243.3,11.2,6.5,15.0,brackish,BR0336,2022-03-12 08:28:52.330827064,Qatar,53.33159307211039,63.105614533144745,30.472811950473847,2.2758354226743758,0.4719399999999999,0.18206683381395,0.0,0.65400683381395,1.0699613732050377,0.1784261777820525,0.13719791655651,0.1570635,1.5426489675436004,0.8886421337296504,3000,10.81181262704408,Medium,158.15
1000.0,44.1,771.6,412.3,6060.3,202.8,4449.7,1887.1,100.0,19.9,8.5,35.0,brackish,BR0337,2023-04-15 04:48:43.308270672,Great_Basin_USA,64.49176087993848,40.58810704138846,27.268434803538767,1.812277317012812,0.1,0.1449821853610249,0.0,0.2449821853610249,0.9596253039191758,0.4777136898716211,0.0502034295994933,0.15765,1.64519242339029,1.4002102380292651,3000,17.03589122935606,High,158.15
4873.9,26.6,665.9,669.0,2074.5,73.2,500.0,1500.6,190.2,13.5,8.18,28.056937364740143,brackish,BR0338,2020-02-13 21:50:04.511278195,Atacama_Chile,59.89282174895073,61.48485653820161,40.16176074156467,2.665121049275836,0.48739,0.2132096839420668,0.0,0.7005996839420668,0.8525056629090451,0.3828732480252124,0.1234001070721706,0.0386175,1.397396518006428,0.6967968340643612,3000,8.477694814449729,Medium,158.15
10574.7,49.5,300.0,833.3,2291.9,154.9,2597.7,2326.5,1200.0,5.5,6.5,26.285483985005225,brackish,BR0339,2021-11-07 22:36:59.548872184,Atacama_Chile,69.97026299663754,43.06183310558269,31.31375299568756,1.948293237789965,1.05747,0.1558634590231972,0.0,1.2133334590231972,1.2369245570826544,0.2015143574303161,0.1076502765806461,0.073344,1.6194331910936166,0.4060997320704194,3000,4.940880073523435,Low,158.15
17136.6,5.0,523.9,380.3,5775.0,14.8,11818.2,755.0,682.9,1.0,6.93,35.0,brackish,BR0340,2021-04-13 08:54:08.120300752,Australia_Central,63.5794468718544,61.889446252636574,38.94105587301911,2.370615034766959,1.71366,0.1896492027813567,0.0,1.9033092027813567,0.1553748129333462,0.3197690132751794,0.070609669229633,0.263898,0.8096514954381588,-1.093657707343198,3000,-13.306168772675573,Low,158.15
15608.4,21.1,726.6,834.4,1426.8,218.6,11736.0,660.4,1075.2,8.1,8.15,35.0,brackish,BR0341,2020-09-16 19:11:16.691729324,Atacama_Chile,72.05727597378345,55.81354271705213,43.37214345796328,1.907283338306962,1.56084,0.1525826670645569,0.0,1.713422667064557,0.7302914771164942,0.5026254405364902,0.1397124601293249,0.197442,1.5700713777823094,-0.1433512892822475,3000,-1.7441073529340112,Low,158.15
11145.5,71.2,754.0,615.7,2845.6,123.8,2453.4,823.9,748.7,18.2,8.44,30.21064761596163,brackish,BR0342,2023-06-05 10:17:08.571428576,Australia_Central,74.30829196155727,53.11763502049276,79.02506569400059,2.1377518094801555,1.1145500000000002,0.1710201447584124,0.0,1.2855701447584127,4.490014572575448,0.537873140534536,0.0981135836463521,0.079485,5.2054862967563365,3.919916151997924,3000,47.692313182641406,High,158.15
8384.2,31.7,300.0,913.6,5667.2,106.4,8691.0,928.1,277.4,6.9,6.5,28.785736526495864,brackish,BR0343,2022-10-06 22:11:43.759398496,Qatar,53.69087962803712,60.71999169284287,31.25927931907074,1.8112719378753452,0.8384200000000002,0.1449017550300276,0.0,0.9833217550300278,0.7907534852228049,0.1546297333287469,0.1664213532317437,0.215373,1.3271775717832957,0.3438558167532678,3000,4.183579103831425,Low,158.15
11344.1,33.2,1260.7,539.6,10000.0,146.7,1285.7,2315.3,385.5,10.2,8.07,29.931154324242872,brackish,BR0344,2022-07-11 02:31:34.736842112,Qatar,59.87069379139066,41.09112501241698,37.03694686850524,2.449511688798057,1.13441,0.1959609351038446,0.0,1.3303709351038449,0.9812420555554306,0.7245982431629396,0.0665183131701006,0.1692855,1.9416441118884709,0.611273176784626,3000,7.437156984212949,Medium,158.15
7406.8,87.6,759.2,714.4,5816.2,154.0,11617.3,318.8,676.5,13.4,6.5,21.799540528939797,brackish,BR0345,2022-03-05 00:50:31.578947368,Great_Basin_USA,66.62452563095077,46.70410977026735,71.24145561106856,2.1383765402120263,0.74068,0.1710701232169621,0.0,0.911750123216962,4.980119706200626,0.4855808626465712,0.1000962480596369,0.2615024999999999,5.827299316906833,4.915549193689871,3000,59.80584852322676,High,158.15
18591.8,5.0,815.0,587.8,5417.9,239.5,6980.9,877.4,631.3,1.9,7.43,24.559188402141437,brackish,BR0346,2023-02-19 07:31:07.669172928,Atacama_Chile,57.63721888500874,58.49320427402962,46.12415758128981,1.5241759567316464,1.85918,0.1219340765385317,0.0,1.981114076538532,0.1840353887493463,0.4509536005563084,0.1031469164168238,0.1859819999999999,0.9241179057224786,-1.0569961708160531,3000,-12.86012007826198,Low,158.15
9054.0,49.9,960.3,571.1,5592.4,209.1,9798.6,200.0,326.8,15.0,8.39,17.78146276324366,brackish,BR0347,2022-06-15 11:47:22.105263152,Great_Basin_USA,56.67580844303738,65.41646219892453,46.36275439399998,1.5422474910251491,0.9054,0.1233797992820119,0.0,1.028779799282012,1.846174152519958,0.5224874769393483,0.1120780246854174,0.230865,2.711604654144724,1.682824854862712,3000,20.47436906749633,High,158.15
9568.3,71.6,484.8,677.7,780.4,134.4,500.0,2507.1,100.0,23.1,7.06,22.33568179408865,brackish,BR0348,2021-07-17 12:12:37.894736840,Iran_Central,70.34346401572091,51.43322910835351,68.59353957220092,2.206701477707133,0.95683,0.1765361182165706,0.0,1.1333661182165706,3.91921535182893,0.3273841090062864,0.1045688981001935,0.019206,4.370374358935409,3.237008240718839,3000,39.383600262079206,High,158.15
1000.0,21.9,982.5,761.0,4346.8,226.4,8710.5,2771.0,1200.0,8.6,6.5,22.066928970648537,brackish,BR0349,2021-12-07 05:10:22.556390976,Great_Basin_USA,74.50946172646857,47.76284417900671,22.75212343636192,1.7748388003580315,0.1,0.1419871040286425,0.0,0.2419871040286425,0.3976206595985482,0.7027732430040516,0.1090425732606723,0.1958595,1.4052959758632722,1.1633088718346296,3000,14.153591273987995,Medium,158.15
9022.8,51.5,653.2,225.1,3910.7,190.1,5969.3,1172.9,457.7,1.0,7.62,19.917557043026683,brackish,BR0350,2022-08-31 08:00:00.000000000,Australia_Central,69.34508328118703,55.56209307366983,64.18956208310048,2.377563072217113,0.90228,0.190205045777369,0.0,1.092485045777369,2.637998432929181,0.4348436006330052,0.0375210814526492,0.1482,3.258563115014835,2.166078069237466,3000,26.35394984238917,High,158.15
14182.4,5.4,441.4,1030.1,4964.8,107.3,9407.7,1202.1,402.3,9.5,7.02,26.093972021187703,brackish,BR0351,2020-09-20 11:00:27.067669172,Australia_Central,63.09191557010284,58.66945757160524,31.01005226392651,2.112287672658032,1.41824,0.1689830138126425,0.0,1.5872230138126424,0.1336285172157121,0.2673482067133766,0.1813062247335316,0.2155875,0.7978704486626205,-0.789352565150022,3000,-9.6037895426586,Low,158.15
4661.4,12.8,1029.4,200.0,4349.5,137.5,9659.5,1953.2,534.0,1.0,8.0,22.408153194395386,brackish,BR0352,2021-05-19 23:05:51.879699248,Great_Basin_USA,61.06278079863287,52.60309094217239,36.92749864288972,2.4816297533095844,0.46614,0.1985303802647667,0.0,0.6646703802647668,0.3771922421379327,0.6034370549194819,0.0315618545653034,0.210135,1.222326151622718,0.5576557713579512,3000,6.784811884855073,Medium,158.15
6246.4,39.6,1396.7,394.6,5139.1,135.2,6263.1,2974.5,427.2,12.7,6.79,29.017877762815797,brackish,BR0353,2020-05-30 00:36:05.413533834,Qatar,63.49119301325912,66.30132047979265,39.70361032893288,2.9285927610959277,0.62464,0.2342874208876741,0.0,0.8589274208876742,1.2546658492825422,0.8513102331035426,0.0784875031839785,0.171033,2.355496585570063,1.496569164682389,3000,18.2082581703024,High,158.15
13963.6,50.0,1089.9,571.7,3065.6,200.5,3596.7,1908.6,536.8,13.6,6.88,15.0,brackish,BR0354,2023-06-16 09:44:39.699248128,Iran_Central,61.5709925546934,55.7031612658004,29.941131388580008,2.2931042021928807,1.39636,0.1834483361754304,0.0,1.5798083361754305,1.1946511424043424,0.6442197579394592,0.0955364918869742,0.0999344999999999,2.034341892230776,0.4545335560553454,3000,5.530158265340035,Medium,158.15
2616.7,58.0,1169.2,723.7,4175.8,113.3,9118.8,802.5,886.1,23.4,6.5,24.093161647141603,brackish,BR0355,2021-06-03 14:22:33.383458648,Great_Basin_USA,62.5722014196417,41.07470762711755,76.68747799059965,2.6810679053851496,0.26167,0.2144854324308119,0.0,0.476155432430812,3.5494032313169144,0.7023304118385127,0.0891772977292349,0.1994189999999999,4.540329940884663,4.06417450845385,3000,49.44745651952184,High,158.15
15289.0,69.2,591.7,1072.9,500.0,111.0,5759.4,200.0,462.6,8.4,7.64,26.052413121419967,brackish,BR0356,2020-06-06 08:14:26.165413534,Qatar,55.08632626323069,46.69161864118571,83.4434995918439,2.6295614944739056,1.5289,0.2103649195579124,0.0,1.7392649195579126,4.607883557060968,0.3129079607995546,0.1502863129203844,0.0938909999999999,5.164968830780907,3.4257039112229943,3000,41.67939758654643,High,158.15
7339.3,28.3,300.0,200.0,3040.3,346.9,2508.9,384.9,151.2,13.3,7.37,22.514966081304955,brackish,BR0357,2023-11-02 10:53:13.984962400,Great_Basin_USA,72.59354873273318,53.51941092753444,39.56042381506852,2.882686656485798,0.7339300000000001,0.2306149325188638,0.0,0.964544932518864,0.8934088751852186,0.2090694203502716,0.0321116465565206,0.083238,1.2178279420920108,0.2532830095731468,3000,3.0816099498066203,Low,158.15
8057.2,59.8,1396.1,447.7,8172.5,244.0,2319.4,1573.2,451.5,3.1,6.55,23.62085840152615,brackish,BR0358,2020-09-02 03:54:35.187969924,Atacama_Chile,68.8633750380817,60.931765570508006,63.96413073610878,1.8210268008570092,0.80572,0.1456821440685607,0.0,0.9514021440685608,3.052393904379406,0.9229455157503924,0.0818374543377492,0.1573785,4.214555374467548,3.263153230398987,3000,39.70169763652101,High,158.15
4380.6,21.4,1621.8,200.0,4956.4,73.9,500.0,844.7,360.7,7.1,7.66,15.0,brackish,BR0359,2022-03-01 09:01:21.203007520,Australia_Central,67.0244355673305,46.592567313777664,37.39006738932883,2.7409904561774114,0.43806,0.2192792364941929,0.0,0.657339236494193,0.6385176588210462,1.0435222041897272,0.0279555403882665,0.081846,1.79184140339904,1.134502166904847,3000,13.803109697342302,Medium,158.15
11890.2,52.6,1417.1,609.5,3937.2,207.1,3958.8,1695.0,927.2,1.0,8.32,27.851816837355937,brackish,BR0360,2020-07-20 06:04:30.676691730,Atacama_Chile,73.74812427436183,69.28772319152263,73.54738791917457,2.8582805677570304,1.1890200000000002,0.2286624454205624,0.0,1.4176824454205623,3.0871368984297693,1.0032812823283022,0.1266926018556991,0.11844,4.33555078261377,2.917868337193207,3000,35.50073143585068,High,158.15
20000.0,35.2,665.7,681.5,9688.4,161.8,10410.8,947.1,851.3,8.4,7.33,30.180847860536563,brackish,BR0361,2020-11-10 16:28:52.330827068,Atacama_Chile,57.10985829782095,49.5567477456425,46.12100332695262,2.0891444714213665,2.0,0.1671315577137093,0.0,2.1671315577137094,1.2955205350527683,0.3649731136210503,0.101318770765966,0.301488,2.063300419439785,-0.1038311382739243,3000,-1.2632788489994125,Low,158.15
13907.5,41.1,338.1,1077.2,500.0,189.2,6711.3,441.9,532.3,7.6,7.71,28.948298353630136,brackish,BR0362,2021-05-01 16:00:00.000000000,Iran_Central,52.02898527234036,55.97440620581765,30.50909165638923,1.970724291898452,1.3907500000000002,0.1576579433518762,0.0,1.5484079433518765,1.0006310863279226,0.1688735992375514,0.1808868910947203,0.1081695,1.4585610766601944,-0.0898468666916818,3000,-1.0931368780821291,Low,158.15
5678.6,40.6,373.7,636.2,671.6,163.7,3880.9,323.0,116.4,12.4,7.72,33.30981647553746,brackish,BR0363,2022-08-09 09:04:57.744360896,Qatar,70.6534665088833,40.56899154193123,32.6883683017004,2.928053864517432,0.56786,0.2342443091613945,0.0,0.8021043091613946,1.0590639069331311,0.253470724169949,0.0774299772569299,0.0682875,1.4582521083600102,0.6561477991986155,3000,7.98313155691649,Medium,158.15
15678.1,5.0,300.0,913.2,9138.1,269.0,9219.4,3062.4,132.2,5.0,6.54,26.61223684626001,brackish,BR0364,2020-07-01 22:58:38.796992482,Australia_Central,74.96042409123137,66.54672164292413,37.95977166459481,2.441449233208302,1.56781,0.1953159386566641,0.0,1.7631259386566642,0.1514594889417333,0.2158860213827463,0.1823113986129549,0.2753625,0.8250194089374345,-0.9381065297192296,3000,-11.413629444917294,Low,158.15
8416.6,5.0,757.0,775.2,4137.9,184.6,2670.1,2389.0,504.5,10.7,8.5,28.829449445207494,brackish,BR0365,2020-06-02 16:25:15.789473684,Atacama_Chile,64.46081095050499,63.6650396057555,35.732759352260764,2.0710147278622024,0.8416600000000001,0.1656811782289761,0.0,1.0073411782289765,0.1425737098155204,0.4684496053395098,0.148059416107145,0.10212,0.8612027312621753,-0.146138446966801,3000,-1.778017771429412,Low,158.15
16872.4,32.6,1442.3,469.4,3272.3,143.8,6381.4,3230.5,600.9,7.3,7.12,26.24872590765482,brackish,BR0366,2020-01-11 23:27:31.127819548,Australia_Central,51.47023469781705,45.86374012886778,41.57049777215523,2.687741581397445,1.6872400000000003,0.2150193265117956,0.0,1.902259326511796,1.081448185443064,0.7126609872447506,0.0645853188494716,0.1448055,2.003499991537286,0.1012406650254902,3000,1.2317614244767978,Low,158.15
14033.4,5.0,743.3,200.0,500.0,254.2,5281.5,2040.0,387.6,7.3,8.02,30.50040575673995,brackish,BR0367,2020-02-10 06:00:54.135338346,Qatar,69.51170100387353,67.99710073719528,21.21166972737488,1.9567108524235728,1.40334,0.1565368681938858,0.0,1.559876868193886,0.0846345622122257,0.4960132546193203,0.0407982604423171,0.0867225,0.7081685772738633,-0.8517082909200226,3000,-10.362450872860276,Low,158.15
1000.0,50.8,920.9,682.5,5343.1,173.3,9116.5,1070.0,355.9,10.6,8.12,15.0,brackish,BR0368,2020-10-23 09:23:00.451127820,Great_Basin_USA,51.84372622114604,49.47519291392214,74.087900480174,1.764611379104793,0.1,0.1411689103283834,0.0,0.2411689103283834,3.0034049448254856,0.4583317197797125,0.1013004574912555,0.216894,3.7799311220964538,3.5387622117680704,3000,43.05494024317819,High,158.15
4979.6,51.8,1350.2,200.0,5633.4,162.1,500.0,2823.3,322.2,10.3,7.39,17.851352256175915,brackish,BR0369,2020-05-11 17:30:13.533834586,Atacama_Chile,63.50034965648203,60.76558865140351,63.04179732509688,2.315954453696558,0.49796,0.1852763562957246,0.0,0.6832363562957248,2.605920950949135,0.8230864522193476,0.0364593531908421,0.0920009999999999,3.5574677563593244,2.8742314000636,3000,34.96981536744046,High,158.15
14721.9,38.2,638.4,988.6,716.5,181.4,2599.2,1466.9,493.0,16.1,7.99,35.0,brackish,BR0370,2023-05-18 03:11:16.691729328,Qatar,56.93831185526318,64.569289540498,29.45626977559164,2.349318067365905,1.47219,0.1879454453892724,0.0,1.6601354453892725,0.8979331453312256,0.34895441556864,0.191499598919209,0.0497355,1.4881226598190749,-0.1720127855701978,3000,-2.092822224437407,Low,158.15
10758.3,5.0,1614.2,551.4,3579.2,140.6,500.0,1720.8,100.0,9.0,7.7,15.0,brackish,BR0371,2021-10-24 07:20:18.045112784,Australia_Central,72.87566951480989,62.22743383711543,39.84880584597171,2.738619723401007,1.07583,0.2190895778720805,0.0,1.2949195778720806,0.1589967353254271,1.1293046950157388,0.1029366210533563,0.061188,1.4524260513945224,0.1575064735224418,3000,1.9163287611897093,Low,158.15
4881.2,64.5,1596.8,958.6,2993.5,150.9,4961.6,1457.2,169.6,7.2,6.5,23.87857656139725,brackish,BR0372,2021-06-18 05:39:14.887218048,Qatar,61.28328033148713,67.52748352089523,63.93535501480444,2.185541032530645,0.48812,0.1748432826024516,0.0,0.6629632826024516,3.290816657966999,0.939428563519859,0.1941955371093905,0.1193265,4.543767258596248,3.8808039759937967,3000,47.2164483745912,High,158.15
6832.1,80.9,747.6,455.9,4767.9,91.3,10845.7,200.0,311.9,8.6,7.23,34.37819967686455,brackish,BR0373,2021-01-15 13:13:59.097744360,Great_Basin_USA,72.46158371196384,65.92824281022126,67.72104588761572,2.721879809258012,0.6832100000000001,0.2177503847406409,0.0,0.9009603847406412,4.371948824621874,0.5200538878374159,0.0901700576915396,0.234204,5.216376770150829,4.315416385410188,3000,52.50423268915729,High,158.15
1000.0,33.7,569.0,680.7,642.2,74.9,3978.2,3104.7,862.3,4.3,7.01,24.25391467566588,brackish,BR0374,2021-08-12 02:56:50.526315792,Qatar,57.47702713136419,69.8383454227483,41.09019448505936,1.966984019022508,0.1,0.1573587215218006,0.0,0.2573587215218006,1.1050221642089075,0.3139625130023637,0.1426168851877943,0.0693059999999999,1.6309075623990656,1.3735488408772651,3000,16.71151089734006,High,158.15
9558.1,42.8,1078.9,662.8,7755.8,50.1,3957.3,1991.0,255.9,7.1,7.13,21.75991142839442,brackish,BR0375,2022-02-18 09:33:50.075187968,Australia_Central,59.68406459553378,45.47834237728436,39.52415727580502,2.363052303266688,0.95581,0.189044184261335,0.0,1.1448541842613351,1.349923877260755,0.6181741180043655,0.0904291359829922,0.1756965,2.2342236312481125,1.0893694469867774,3000,13.253994938339126,Medium,158.15
20000.0,35.0,661.0,586.5,6747.5,10.8,9486.9,1829.8,554.1,26.2,6.5,26.035373414522404,brackish,BR0376,2020-02-06 14:11:43.759398496,Atacama_Chile,73.67797970617701,49.142854036801,22.73119007629214,1.8127091683510737,2.0,0.1450167334680858,0.0,2.145016733468086,0.6348821388308395,0.4675309880235168,0.0864668516777513,0.2435159999999999,1.432395978532108,-0.712620754935978,3000,-8.6702191850544,Low,158.15
14024.7,43.3,337.4,470.2,2910.5,62.0,10274.2,1438.2,568.0,2.7,8.4,22.17503855998043,brackish,BR0377,2022-11-16 04:12:37.894736848,Atacama_Chile,55.03286127329088,59.0867760229489,37.31805480476972,2.078168926374895,1.40247,0.1662535141099916,0.0,1.5687235141099918,1.28946567489113,0.1782536389786401,0.0833478062579716,0.1977705,1.748837620127742,0.1801141060177502,3000,2.191388289882628,Low,158.15
20000.0,27.0,1312.5,717.7,3350.7,132.6,5645.7,1663.4,889.4,7.8,8.5,25.246795942055517,brackish,BR0378,2021-03-15 02:20:45.112781952,Iran_Central,64.46252879127863,61.99141557674752,24.41763385755918,2.7863095467492767,2.0,0.2229047637399421,0.0,2.222904763739942,0.5261023390949702,0.8122278627701108,0.133473716878295,0.134946,1.6067499187433762,-0.6161548449965659,3000,-7.496550614124884,Low,158.15
14412.0,29.1,1286.6,322.2,3590.7,160.3,8738.9,902.7,878.8,6.9,8.28,19.53295170783896,brackish,BR0379,2022-08-24 00:21:39.248120304,Australia_Central,59.71275821400278,56.03815163667127,27.56814136143478,1.823982290153633,1.4412,0.1459185832122906,0.0,1.5871185832122907,0.6401818650669664,0.7375337732941054,0.0541664773720064,0.1849439999999999,1.6168261157330783,0.0297075325207876,3000,0.3614416456695827,Low,158.15
15137.4,52.6,862.2,237.2,1665.1,122.9,1692.2,2116.6,482.7,8.0,8.5,33.86939535964579,brackish,BR0380,2021-07-28 11:40:09.022556392,Iran_Central,69.35417212671818,42.217850946598446,71.48028196589446,2.7153591943489017,1.51374,0.2172287355479121,0.0,1.7309687355479122,3.000370539462027,0.5740528051935018,0.0300422227335994,0.0503595,3.654825067389128,1.923856331841216,3000,23.40691870406812,High,158.15
19870.4,88.6,300.0,972.8,2669.7,10.0,11511.9,200.0,357.4,7.4,7.22,35.0,brackish,BR0381,2020-08-18 12:37:53.684210528,Iran_Central,53.232409279283935,65.24785680401146,62.73367058245473,1.9243074867711092,1.98704,0.1539445989416887,0.0,2.1409845989416887,4.43544616445718,0.1533093387243377,0.190419345296827,0.212724,4.991898848478344,2.850914249536656,3000,34.68612336936264,High,158.15
11886.3,5.0,308.2,818.2,3189.2,307.5,14594.8,1686.1,300.9,12.2,6.99,23.93287742310702,brackish,BR0382,2021-07-13 20:23:27.518796992,Great_Basin_USA,60.93037422511671,68.82623068063816,49.809409037557,1.5517345795191806,1.18863,0.1241387663615344,0.0,1.3127687663615346,0.1987395420598524,0.1802759168273373,0.1689408658286944,0.26676,0.8147163247158843,-0.4980524416456503,3000,-6.059638040022079,Low,158.15
9063.9,27.4,842.9,619.8,8838.6,258.6,8084.9,2061.6,427.7,1.0,6.88,15.0,brackish,BR0383,2022-12-08 03:07:40.150375936,Australia_Central,67.47331567113159,52.16550531479184,24.961086831620037,1.6649018550852694,0.90639,0.1331921484068215,0.0,1.0395821484068215,0.5457791557907384,0.5459832746802895,0.0969965405823239,0.2538525,1.4426114710533515,0.4030293226465302,3000,4.903523425532786,Low,158.15
15163.3,5.0,600.1,1099.5,6839.9,194.6,500.0,1301.3,369.8,18.3,8.02,20.80925463749284,brackish,BR0384,2023-07-08 08:39:41.954887216,Atacama_Chile,60.175405875154,46.74437445096538,43.43937885285813,2.618819317981182,1.51633,0.2095055454384945,0.0,1.7258355454384946,0.1733231216229039,0.3466681062305272,0.1541863191265093,0.1100985,0.7842760469799404,-0.9415594984585542,3000,-11.455640564579078,Low,158.15
17269.2,69.8,663.6,519.7,6804.0,340.7,3767.1,1870.9,666.1,15.1,7.68,23.528090719176287,brackish,BR0385,2020-07-27 13:42:51.428571428,Australia_Central,51.46329348188442,40.57941264886263,80.74597112558062,1.8931063897532223,1.7269200000000002,0.1514485111802578,0.0,1.878368511180258,4.497582890083291,0.3278499989239536,0.0632673622608417,0.1585665,5.047266751268086,3.1688982400878283,3000,38.55492858773524,High,158.15
7600.2,15.3,1208.8,996.8,5109.8,52.3,8451.3,508.7,626.1,1.0,7.44,29.044311015225663,brackish,BR0386,2021-12-10 20:59:32.932330824,Great_Basin_USA,67.62780653338359,47.11897108280756,49.83391909688004,2.481218388361908,0.76002,0.1984974710689526,0.0,0.9585174710689528,0.6084422518214472,0.7847855283605192,0.1409045711260277,0.2034164999999999,1.737548851307994,0.7790313802390413,3000,9.47821512624167,Medium,158.15
6392.2,5.0,1093.3,652.7,648.0,338.8,4314.1,534.2,677.5,1.0,8.5,16.935894214634576,brackish,BR0387,2020-12-13 14:51:25.714285716,Australia_Central,62.57995819212458,60.99756324515266,32.85959653556805,2.5487983541358497,0.63922,0.203903868330868,0.0,0.8431238683308679,0.1311097901769165,0.656819215597918,0.1194393285903334,0.0744315,0.981799834365168,0.1386759660343,3000,1.6872242534173167,Low,158.15
10694.3,46.0,1351.3,292.6,3875.5,53.5,11088.8,1736.7,877.8,2.2,7.82,18.846701450862795,brackish,BR0388,2021-01-30 04:30:40.601503760,Australia_Central,50.28271716700252,67.34768163018191,46.22283560418021,2.017677696652028,1.06943,0.1614142157321622,0.0,1.2308442157321622,1.696747849358247,0.6522915427945967,0.0591177949349736,0.2244645,2.632621687087817,1.401777471355655,3000,17.054959234827134,High,158.15
14157.5,73.6,403.8,1154.4,6911.5,173.9,8352.6,2178.5,1058.9,8.1,6.83,29.085409102870457,brackish,BR0389,2023-07-19 08:07:13.082706768,Iran_Central,65.31639738070933,42.80539199295298,83.93848597542127,2.21237848081671,1.41575,0.1769902784653368,0.0,1.5927402784653368,4.929942309097222,0.2531977081183721,0.1482436335499947,0.2289615,5.560345150765588,3.9676048723002513,3000,48.272525946319725,High,158.15
13990.5,46.6,662.7,897.2,500.0,22.6,3174.1,200.0,537.4,30.0,6.96,32.51127065631646,brackish,BR0390,2020-02-17 13:39:14.887218045,Australia_Central,72.99702556321967,56.597775614857895,25.18682434684001,2.105650635683716,1.39905,0.1684520508546973,0.0,1.5675020508546975,0.9366173996210704,0.4644012368711585,0.1523385728449515,0.0551115,1.6084687093371803,0.0409666584824828,3000,0.4984276782035409,Low,158.15
2879.2,35.1,1103.6,563.7,5909.7,151.5,6129.1,2022.0,829.8,14.3,8.05,20.027247638634528,brackish,BR0391,2022-03-30 15:34:44.210526320,Iran_Central,52.77564870529223,60.86593745535497,34.38308267178598,2.921023494531801,0.28792,0.2336818795625441,0.0,0.5216018795625441,0.9630632690201908,0.5591347767471407,0.1029303868307508,0.180582,1.8057104325980824,1.2841085530355385,3000,15.62332072859905,High,158.15
19558.0,40.2,979.2,818.2,10000.0,188.6,2424.7,956.8,394.5,1.0,8.33,15.0,brackish,BR0392,2023-04-18 20:37:53.684210528,Iran_Central,64.76678087522922,48.29142463318806,21.800324565682637,1.979923293527381,1.9558,0.1583938634821904,0.0,2.1141938634821904,0.6993456919372726,0.6088284655970347,0.1185361309046234,0.1863705,1.6130807884389309,-0.5011130750432597,3000,-6.09687574635966,Low,158.15
6794.2,65.4,1413.0,478.9,7185.4,134.5,5269.7,1307.2,855.5,4.5,7.94,35.0,brackish,BR0393,2021-08-01 03:29:19.398496240,Qatar,68.21672204406576,57.09691117510906,75.51810030060504,1.774984563337441,0.67942,0.1419987650669953,0.0,0.8214187650669953,3.941229240208337,0.9253461911833432,0.0820311322852791,0.1868264999999999,5.13543306367696,4.3140142986099645,3000,52.48717396642123,High,158.15
8674.7,8.1,968.2,848.7,8242.1,221.4,3781.6,200.0,818.5,9.6,8.5,31.266433896709707,brackish,BR0394,2023-12-09 01:04:57.744360896,Great_Basin_USA,51.76934175350764,61.45745278017319,37.44218470569699,2.0483892643133674,0.8674700000000001,0.1638711411450694,0.0,1.0313411411450697,0.2420187935006842,0.4811815361831625,0.1564768205235989,0.1803555,1.0600326502074455,0.0286915090623762,3000,0.349080026925578,Low,158.15
5486.7,27.2,1539.2,200.0,4655.0,159.9,10699.0,648.4,802.5,12.0,8.5,22.863969905863748,brackish,BR0395,2022-12-26 10:13:32.030075184,Iran_Central,50.565386454104654,65.1315772940613,26.12378853989592,2.5042735614030183,0.54867,0.2003418849122414,0.0,0.7490118849122415,0.5670325045315647,0.7471703311695156,0.0390789463764367,0.23031,1.583591782077517,0.8345798971652755,3000,10.154055415510852,Medium,158.15
20000.0,18.7,1016.0,294.1,6903.8,97.8,14464.0,2466.1,528.2,1.0,7.85,31.95225020424672,brackish,BR0396,2023-07-04 16:50:31.578947376,Australia_Central,61.60489666612368,53.57499552459943,43.93708276682378,2.546044035542198,2.0,0.2036835228433758,0.0,2.203683522843376,0.6556555112962045,0.6008695201227039,0.047269218551354,0.320517,1.6243112499702623,-0.5793722728731137,3000,-7.049029319956215,Low,158.15
11210.4,5.0,1224.9,893.8,1846.4,93.3,500.0,1532.9,299.5,8.9,6.83,24.00434696228462,brackish,BR0397,2023-06-20 01:33:50.075187968,Iran_Central,69.7796671808591,62.43571656756882,21.118061682906195,2.8860859730400104,1.12104,0.2308868778432008,0.0,1.351926877843201,0.0842610661147957,0.8205418975664094,0.167415130404279,0.035196,1.1074140940854842,-0.2445127837577168,3000,-2.974905535718888,Low,158.15
5745.1,21.8,670.6,525.1,6387.6,231.1,500.0,1117.2,100.0,4.3,6.5,31.93725511280149,brackish,BR0398,2023-08-28 14:08:07.218045120,Iran_Central,54.01798525248321,49.05348915219549,44.18681972382672,2.8226317273137136,0.5745100000000001,0.225810538185097,0.0,0.8003205381850972,0.7686915906435791,0.3477548247390263,0.0772739614614535,0.103314,1.297034376844059,0.4967138386589619,3000,6.043351703684037,Medium,158.15
14319.6,57.7,805.7,662.3,5963.2,84.6,5019.3,1383.5,488.0,1.2,7.19,26.275145582209777,brackish,BR0399,2021-07-24 19:50:58.646616544,Iran_Central,70.91593180537308,46.39140240316476,60.666132279096686,1.9324807806259128,1.43196,0.154598462450073,0.0,1.5865584624500733,2.7933477943380955,0.5485148760536553,0.092175077434848,0.1647375,3.598775247826599,2.012216785376526,3000,24.481970888747732,High,158.15
13845.7,44.2,1164.4,200.0,4869.7,241.5,500.0,1989.2,959.9,12.1,8.1,25.730175185340585,brackish,BR0400,2022-09-07 15:38:20.751879696,Atacama_Chile,66.41443138558991,45.61941238272002,39.70486436409051,2.1827448734513943,1.38457,0.1746195898761115,0.0,1.5591895898761117,1.400454093904455,0.7423964534916565,0.027371647429632,0.0805455,2.250767694825744,0.6915781049496321,3000,8.41420027688719,Medium,158.15
90679.6,52.6,1380.9,792.1,16760.7,2420.5,50874.6,1507.9,1405.3,49.7,5.5,38.54377936969073,produced,PR0001,2022-07-22 01:59:05.864661648,Ghawar,63.75055624636048,70.99544648996317,68.68172470458585,6.027312556521855,9.06796,0.4821850045217484,1.154,10.704145004521749,2.8829016581300504,0.8451181739577523,0.1687064794940994,1.0145295,4.911255811581903,-5.792889192939846,5000,-42.28809110846088,Low,57.7
135275.1,10.0,6803.8,4776.6,24789.5,754.3,20000.0,2165.7,1767.2,5.0,7.02,65.52283535622867,produced,PR0002,2020-03-17 20:12:37.894736842,Permian_Basin,67.27945161872287,62.90621104538185,72.91343201505063,4.405491429302246,13.52751,0.3524393143441797,2.8560000000000003,16.735949314344182,0.5818491874801041,4.394456956065281,0.901433423038113,0.6718425000000001,6.549582066583499,-10.186367247760684,5000,-50.0,Low,142.8
121598.2,84.1,1955.9,3118.8,17232.7,1361.8,28473.2,4273.1,2283.1,34.1,5.76,58.517154457938375,produced,PR0003,2021-02-28 11:04:03.609022560,Eagle_Ford,74.50229843724046,66.26620615252313,58.4291253214223,4.899916536280003,12.15982,0.3919933229024002,1.332,13.883813322902402,3.921283772746229,1.3989028369286267,0.6200131312454674,0.6855885,6.625788240920323,-7.258025081982079,5000,-50.0,Low,66.6
86523.1,30.9,6838.6,1371.4,52090.5,517.4,49865.5,3146.4,1123.9,54.2,5.99,69.35792118483212,produced,PR0004,2022-03-30 15:34:44.210526320,Bakken,80.64924237088672,64.56087712451276,61.1110358544249,4.168498493634576,8.652310000000002,0.3334798794907661,2.874,11.85978987949077,1.50688814430558,5.2946679252244415,0.2656163606656703,1.52934,8.596512430195691,-3.263277449295078,5000,-23.82192537985407,Low,143.7
90205.2,16.7,1000.0,783.0,16626.2,1274.4,87033.7,500.0,2880.8,41.9,7.52,69.80452824044787,produced,PR0005,2023-01-06 09:41:03.157894736,Bakken,69.08822687223943,77.84100216975139,72.48695676134022,5.424901115170703,9.02052,0.4339920892136562,5.082,14.536512089213655,0.9660046779756766,0.6632469779734985,0.182848514096746,1.5548985,3.3669986700459207,-11.169513419167735,5000,-50.0,Low,254.1
50000.0,36.8,1000.0,1469.2,12427.2,1363.6,62835.1,1141.3,300.0,10.0,8.0,36.97873793113628,produced,PR0006,2023-04-22 12:27:04.060150384,Eagle_Ford,68.69753851369605,60.85393326859689,58.96209682896057,4.626762033085264,5.0,0.3701409626468211,4.306,9.67614096264682,1.7315045203179875,0.659496369731482,0.2682197962746676,1.1289345000000002,3.7881551863241376,-5.887985776322683,3000,-50.0,Low,215.3
62741.4,229.1,2317.5,1611.0,79198.2,1018.7,26797.6,3884.3,1535.5,17.0,6.85,42.17269710361756,produced,PR0007,2021-02-10 03:58:11.729323308,Permian_Basin,71.70001752703307,69.44027261434375,62.01282465479339,4.273744080697007,6.27414,0.3418995264557605,7.968,14.58403952645576,11.337296226473708,1.5951819899414317,0.3356048375451234,1.589937,14.858020053960264,0.2739805275045022,5000,2.000057850782866,Low,398.4
105688.4,88.2,2872.5,808.1,59018.5,1801.5,69451.2,2212.8,561.2,21.0,5.98,38.83080113504192,produced,PR0008,2023-01-10 01:30:13.533834592,Eagle_Ford,76.11388999910866,64.02453822584648,72.61260353045196,5.233647428447437,10.56884,0.4186917942757949,5.384,16.371531794275793,5.110736441845919,2.0989166306154208,0.1552146880209196,1.9270455,9.29191326048226,-7.079618533793534,5000,-50.0,Low,269.2
102755.7,101.7,4846.2,500.0,10000.0,269.4,38390.5,500.0,300.0,17.9,6.99,34.92734092048385,produced,PR0009,2023-03-13 06:26:09.924812032,Permian_Basin,78.79040656080772,71.57677779785564,70.0560804497462,5.053676213122465,10.27557,0.4042940970497972,3.4080000000000004,14.0878640970498,5.685513298627874,3.665607055439869,0.1073651666967834,0.7258575,10.184343020764526,-3.903521076285273,5000,-28.495703856882493,Low,170.4
133846.6,10.0,3901.5,4780.0,15880.8,507.7,76712.2,771.6,1038.6,60.6,7.74,25.0,produced,PR0010,2021-12-21 20:27:04.060150376,Permian_Basin,68.16998761998684,69.11407852943688,56.08577312524507,5.612553210836477,13.384660000000002,0.4490042568669182,4.354,18.18766425686692,0.4475644695394556,2.5532659843140357,0.9910958861121248,1.388895,5.380821339965616,-12.806842916901305,5000,-50.0,Low,217.7
80180.0,10.0,2167.4,4441.3,41061.6,927.4,125810.3,3055.2,300.0,5.0,7.42,44.778784229747366,produced,PR0011,2022-12-04 11:18:29.774436096,Marcellus,74.65881169562847,78.09944203414851,58.11987663529833,6.247115965940917,8.018,0.4997692772752734,2.596,11.113769277275274,0.4637966155496807,1.5534288813034094,1.0405891557187916,2.5030785,5.560893152571881,-5.552876124703393,5000,-40.53599571033477,Low,129.8
50000.0,30.9,2733.4,500.0,43093.9,1328.5,39235.2,3491.6,1070.9,43.1,8.0,25.716516094333343,produced,PR0012,2020-11-03 08:50:31.578947368,Eagle_Ford,69.73402103202206,57.54030379253033,58.82396818648348,4.337706209279515,5.0,0.3470164967423612,0.7440000000000001,6.091016496742361,1.450493172335947,1.8298653416537196,0.0863104556887954,1.2349365,4.601605469678463,-1.4894110270638985,3000,-18.121167495944093,Low,37.2
127269.2,166.3,2361.9,2772.6,10000.0,907.7,74048.2,2026.8,1227.8,5.0,6.08,44.48742177698509,produced,PR0013,2022-06-08 04:09:01.353383456,Bakken,77.90999625908465,60.516020993919085,72.81846183577649,6.373376770630026,12.72692,0.5098701416504021,5.612000000000001,18.848790141650404,9.663548742225126,1.7665499535775877,0.5033601594232201,1.260723,13.194181855225937,-5.6546082864244696,5000,-41.278640490898624,Low,280.6
142443.6,100.1,1170.7,695.5,63964.1,1571.5,27638.2,5713.0,2094.8,10.8,7.05,70.0,produced,PR0014,2021-12-07 05:10:22.556390976,Ghawar,64.11687301292552,74.1586990957764,74.97334342761349,4.07886993962554,14.244360000000002,0.3263095951700432,5.018,19.58866959517005,5.988855678329079,0.7205915830678262,0.1547321256633375,1.3740345,8.238213887060242,-11.350455708109804,5000,-50.0,Low,250.9
120929.8,115.9,1224.1,1976.9,55630.6,403.0,46632.1,3236.2,300.0,5.0,8.0,37.35982355503937,produced,PR0015,2023-05-18 03:11:16.691729328,Ghawar,66.42312162628241,64.21967099737108,69.350107553886,5.329305707487544,12.09298,0.4263444565990035,2.518,15.037324456599006,6.414066617465322,0.78056201455423,0.3808676027841086,1.5339405,9.109436734803658,-5.927887721795347,5000,-43.27358036910603,Low,125.9
78454.7,124.3,5055.8,1810.5,47047.5,115.7,50886.9,1634.8,1926.8,19.0,8.0,47.92161008442101,produced,PR0016,2023-10-18 19:36:32.481203008,Eagle_Ford,70.65151049606874,59.144594655718095,62.10815756233767,5.762290860657646,7.84547,0.4609832688526116,3.548,11.85445326885261,6.160595100028861,3.429119104953834,0.3212438658725328,1.469016,11.379974070855228,-0.4744791979973826,5000,-3.4636981453808926,Low,177.4
126775.4,44.5,1000.0,1644.3,68918.2,984.9,44189.5,776.4,1278.5,60.2,5.5,58.59972578713925,produced,PR0017,2023-07-30 07:34:44.210526320,Ghawar,82.23536974803419,67.5830314811347,50.25434545168697,6.870996019419392,12.67754,0.5496796815535514,5.482,18.709219681553552,1.784582061334856,0.7894595495811283,0.3333803359932893,1.6966154999999998,4.604037446909273,-14.105182234644278,5000,-50.0,Low,274.1
200000.0,163.3,6234.7,6505.9,46307.2,753.7,123890.4,537.7,2023.1,35.3,6.8,49.20436937948861,produced,PR0018,2023-09-23 04:52:19.849624064,Permian_Basin,74.33314473376726,71.30355154028466,67.43720141494893,5.721769080608949,20.0,0.4577415264487159,4.692,25.149741526448715,8.787971002866808,4.44907063172754,1.3916813278978135,2.552964,17.18168696249216,-7.968054563956553,5000,-50.0,Low,234.6
89606.1,42.0,2314.0,1619.3,46214.5,1125.7,40802.2,2503.1,854.6,6.0,8.0,49.38726281913444,produced,PR0019,2022-08-24 00:21:39.248120304,Ghawar,84.1349029745353,56.12066785383747,59.73402911244462,4.476247579814165,8.96061,0.3580998063851332,0.2,9.518709806385134,2.0020457197326937,1.869006388637517,0.272628592367157,1.3052505,5.448931200737368,-4.069778605647766,5000,-29.7093838212287,Low,10.0
50000.0,164.4,1455.0,883.5,73942.0,783.6,67605.5,1266.8,300.0,50.3,8.0,39.5639634946788,produced,PR0020,2020-08-18 12:37:53.684210528,Permian_Basin,62.581942132027095,62.29054723418612,65.82466175571514,5.552625416031727,5.0,0.4442100332825381,3.488,8.932210033282539,8.635616365326378,0.8741445677001546,0.1651010954442103,2.1232125,11.798074528470742,2.8658644951882035,3000,34.86801802478981,High,174.4
61548.6,106.5,4479.5,974.8,62530.5,596.0,20000.0,4510.6,300.0,54.6,7.5,41.52183037408151,produced,PR0021,2021-05-08 23:38:20.751879696,Permian_Basin,71.50438534127338,75.23556344240107,65.16734908656072,5.187351841574248,6.15486,0.4149881473259398,2.664,9.23384814732594,5.538377496819536,3.074917383707847,0.2200188817309576,1.2379575,10.071271262258342,0.8374231149324025,5000,6.113188739006538,Medium,133.2
110019.0,10.0,5970.4,4587.6,13962.3,755.0,62959.9,4199.5,300.0,32.1,6.43,30.599842167182576,produced,PR0022,2022-04-03 07:23:54.586466168,Bakken,70.4769632511346,68.00611416525486,62.02080141435968,5.438066702800731,11.0019,0.4350453362240584,5.226,16.66294533622406,0.4949259952865902,4.039446349387911,0.9359545480335696,1.153833,6.62415989270807,-10.03878544351599,5000,-50.0,Low,261.3
50000.0,35.1,5235.3,500.0,50829.9,817.3,84261.6,2949.6,1582.3,70.7,5.79,57.69067513334112,produced,PR0023,2023-01-02 17:51:52.781954880,Ghawar,75.0051544101492,55.884480379333,73.60968494315807,4.591291043977262,5.0,0.367303283518181,5.062,10.42930328351818,2.0617925533208696,3.76967505488116,0.0838267205689995,2.0263725,7.941666828771028,-2.487636454747152,3000,-30.266243532757013,Low,253.1
91776.1,10.0,4003.7,974.8,18393.3,617.0,34172.1,500.0,2381.5,46.4,8.0,25.0,produced,PR0024,2020-09-09 11:32:55.939849624,Bakken,80.29911521768946,62.04877513186752,50.57865863388354,5.502481126933816,9.17761,0.4401984901547053,5.638,15.255808490154706,0.4036176958983906,3.0863382489318067,0.1814554379956333,0.7884809999999999,4.459892382825831,-10.795916107328877,5000,-50.0,Low,281.9
100213.5,149.8,5173.7,5393.6,47603.9,678.1,20000.0,991.7,748.0,43.7,7.53,59.56632507573303,produced,PR0025,2022-10-14 05:50:04.511278192,Ghawar,81.0362006395765,70.97851639948553,67.8033121118147,4.45011929287263,10.02135,0.3560095434298104,0.7640000000000001,11.14135954342981,8.105235051171176,4.024867115990178,1.1484891781567954,1.0140585,14.292649845318149,3.15129030188834,5000,23.00441920378488,High,38.2
146404.9,78.5,1000.0,2988.0,46915.3,557.8,48840.4,3883.5,1703.3,13.9,5.95,25.0,produced,PR0026,2023-11-13 10:20:45.112781952,Permian_Basin,76.7548652176377,59.98398673945062,60.24599670748865,6.2321292420726095,14.64049,0.4985703393658088,1.432,16.571060339365808,3.773989971747212,0.7368467060893221,0.5376964571324354,1.4363355000000002,6.48486863496897,-10.086191704396835,5000,-50.0,Low,71.6
137407.8,10.0,1956.3,2883.8,10000.0,1314.0,50515.5,1155.4,300.0,42.5,6.6,59.43910911114978,produced,PR0027,2020-11-28 23:34:44.210526316,Ghawar,76.03840910613884,75.68478515548536,67.84476126229028,5.781718780676794,13.74078,0.4625375024541435,5.228,19.431317502454142,0.5414011948730764,1.4280378214496583,0.654779350294166,0.9077325,3.5319508666169006,-15.89936663583724,5000,-50.0,Low,261.4
119583.4,102.5,1177.7,6764.3,31953.9,916.4,71722.3,3683.2,1344.3,34.3,7.11,39.69273710681728,produced,PR0028,2023-03-16 22:15:20.300751872,Bakken,83.72573855112019,71.91439767709161,66.8804911884908,4.23558307477535,11.95834,0.3388466459820279,1.816,14.113186645982028,5.470489776762606,0.9465965019998808,1.4593516806214526,1.555143,9.43158095938394,-4.681605686598088,5000,-34.17572151216604,Low,90.8
50000.0,47.8,5449.3,2992.7,41631.4,2154.1,110327.1,2711.9,1734.9,40.4,7.34,26.5219696780038,produced,PR0029,2022-08-16 16:43:18.496240608,Marcellus,69.59218504096062,66.78447652369482,50.25595006439988,6.668843403786939,5.0,0.5335074723029551,0.2,5.733507472302955,1.916983061636495,3.6405954618595846,0.5995977086773844,2.2793775,8.436553732173465,2.7030462598705096,3000,32.88706282842453,High,10.0
121842.1,10.0,2233.0,1083.6,24092.7,896.4,38598.4,2077.6,300.0,16.3,5.9,53.68947967619455,produced,PR0030,2023-04-15 04:48:43.308270672,Bakken,80.81958285471221,77.89059452666962,57.13346237936678,5.849138813846915,12.184210000000002,0.4679311051077532,4.066000000000001,16.718141105107755,0.4559250297873469,1.7325132337398947,0.2532067446872975,0.9403665,3.382011508214539,-13.336129596893215,5000,-50.0,Low,203.3
113220.5,180.7,4690.8,1935.8,42867.7,469.5,24311.4,945.8,1036.9,32.6,6.19,58.93151302613662,produced,PR0031,2023-08-13 22:51:25.714285712,Marcellus,83.03759317730736,64.79501927311654,54.727288012594514,4.948321165383494,11.32205,0.3958656932306795,1.906,13.62391569323068,7.891598313212911,3.739322323930689,0.3762905949266969,1.0076865,13.014897732070295,-0.609017961160383,5000,-4.445831116470796,Low,95.3
95237.8,86.4,4071.7,500.0,55147.4,2402.4,20000.0,1858.6,1772.7,13.7,5.5,38.42882027844695,produced,PR0032,2022-09-18 15:05:51.879699248,Eagle_Ford,72.28848110662992,60.87683526410213,54.17465882356231,4.136927198581931,9.52378,0.3309541758865545,6.58,16.434734175886554,3.735191036839917,2.825635281809904,0.0913152528961531,1.127211,7.779352571545973,-8.65538160434058,5000,-50.0,Low,329.0
50000.0,62.4,1275.4,5011.9,34235.2,1048.2,55942.4,2284.5,300.0,5.0,7.84,55.809158230184,produced,PR0033,2022-09-14 23:16:41.503759392,Bakken,78.22756446508251,71.53507481316753,68.21191710302833,5.896680087314899,5.0,0.4717344069851919,3.592,9.063734406985192,3.396626054528716,0.957805782900156,1.0755799243683428,1.3526640000000003,6.782675761797215,-2.281058645187977,3000,-27.752880183120396,Low,179.6
53929.0,56.0,1826.1,3649.1,40615.0,1394.1,64380.6,3548.8,2268.4,50.0,6.46,25.0,produced,PR0034,2021-12-25 12:16:14.436090224,Ghawar,69.42549641677266,69.33237968675371,55.98878372732811,5.120320784045011,5.3929,0.4096256627236008,3.3200000000000003,9.1225256627236,2.502026767206839,1.2170678304640183,0.7590023601447989,1.5749340000000005,6.053030957815656,-3.069494704907944,5000,-22.407311345827992,Low,166.0
50000.0,10.0,5587.6,4748.8,69585.6,1155.3,33630.3,671.4,1482.9,5.0,7.27,25.191055653800998,produced,PR0035,2022-06-15 11:47:22.105263152,Marcellus,63.9719753548851,63.38119752328063,61.86844037468252,6.722854314635463,5.0,0.537828345170837,2.262,7.799828345170837,0.4937101541899665,3.4315181711323786,0.9029538923956651,1.5482385,6.376420717718011,-1.423407627452827,3000,-17.31812613400939,Low,113.1
50000.0,10.0,1449.0,4926.0,46829.9,1173.8,73360.5,1605.8,1773.4,32.1,8.0,64.38613395703094,produced,PR0036,2023-05-21 19:00:27.067669168,Ghawar,74.66259703681064,63.59161403309943,56.17472488214199,4.104633498142523,5.0,0.3283706798514019,6.182,11.510370679851402,0.448274304559493,1.0385865898208508,0.9397568721811436,1.802856,4.229473766561487,-7.280896913289915,3000,-50.0,Low,309.1
84883.4,157.1,3249.7,1671.6,40020.6,1121.4,63961.5,2067.2,869.8,36.7,7.02,41.64496088703126,produced,PR0037,2020-04-30 18:02:42.406015038,Marcellus,64.9117912712383,64.95525771585254,64.50584558588325,4.11730730602673,8.488339999999999,0.3293845844821383,3.718,12.535724584482136,8.086826936550722,2.025060941703774,0.3257376263934572,1.5597315,11.997357004647952,-0.5383675798341852,5000,-3.930083332789552,Low,185.9
53087.1,51.6,1434.9,610.5,11048.0,138.7,51297.0,2994.0,300.0,36.5,6.69,25.0,produced,PR0038,2022-12-11 18:56:50.526315792,Bakken,71.43997827009673,62.27846418698423,68.0143442014992,6.847897860720806,5.3087100000000005,0.5478318288576646,2.184,8.040541828857666,2.800613048316292,0.9840885582697132,0.1140630071584616,0.935175,4.833939613744468,-3.2066022151131985,5000,-23.408196170326352,Low,109.2
190012.2,81.3,2372.1,2396.6,51775.7,1020.5,22927.6,637.3,1627.3,24.3,6.99,34.5170072933701,produced,PR0039,2022-01-23 18:49:37.443609024,Bakken,81.82198283320832,72.75603515902306,58.27686846745441,6.894621837038519,19.001220000000004,0.5515697469630816,1.412,20.964789746963085,3.7808517063104263,1.8632632845950727,0.5231013415863439,1.1205495,7.287765832491844,-13.677023914471242,5000,-50.0,Low,70.6
78249.1,10.0,2907.7,754.5,43253.7,100.0,35544.1,500.0,1133.9,35.4,6.86,31.148992912123788,produced,PR0040,2021-11-11 14:26:09.924812032,Ghawar,62.150454689092015,71.28396012628014,65.07552120717804,4.083226680317916,7.824910000000001,0.3266581344254332,2.854,11.005568134425433,0.5193026592332808,1.7348628201549392,0.1613512437458351,1.1819669999999998,3.597483723134055,-7.408084411291378,5000,-50.0,Low,142.7
136750.1,10.0,1434.3,2829.9,67093.5,695.4,20000.0,3010.9,1225.7,39.4,8.0,42.51057402790613,produced,PR0041,2023-10-07 20:09:01.353383456,Bakken,60.76071339161624,66.01944131365981,70.62136936034348,6.148099704823983,13.675010000000002,0.4918479763859186,1.044,15.21085797638592,0.5635585274955409,0.8366312756889137,0.5604852509205778,1.3064025,3.2670775541050325,-11.943780422280888,5000,-50.0,Low,52.2
50000.0,116.6,1079.1,4764.2,36172.0,364.6,57073.6,500.0,2070.1,44.7,7.11,39.438735242885286,produced,PR0042,2021-01-30 04:30:40.601503760,Ghawar,75.16194618454719,64.94636689448093,52.35560712911229,4.664484556986522,5.0,0.3731587645589217,5.058,10.431158764558925,4.8715217054210855,0.7786296588263508,0.928252443476058,1.3986840000000005,7.977087807723495,-2.4540709568354275,3000,-29.85786330816437,Low,252.9
63796.4,102.7,3572.5,2163.7,10000.0,1014.5,50790.2,3927.5,1809.7,64.7,6.26,47.683975934072414,produced,PR0043,2020-04-05 03:18:29.774436090,Permian_Basin,68.27653316487238,64.12628173399263,67.76676497603178,6.104178298858217,6.37964,0.4883342639086574,0.2,7.067974263908658,5.553798116904694,2.341611981422463,0.4162501073635195,0.911853,9.223513205690676,2.1555389417820194,5000,15.735434275008744,High,10.0
88875.9,185.2,1310.5,2800.0,10000.0,1000.5,55654.4,1766.1,2737.0,34.7,7.85,43.95800922581138,produced,PR0044,2021-08-30 10:02:42.406015040,Marcellus,70.44844267314788,62.086708034806335,58.078623610884506,6.606198389973951,8.88759,0.5284958711979161,2.72,12.136085871197915,8.583416552003177,0.8862977675823389,0.5215283474923732,0.9848159999999998,10.97605866707789,-1.160027204120027,5000,-8.468198590076197,Low,136.0
50000.0,160.6,1378.7,2312.3,53392.0,1088.7,65129.6,500.0,1323.1,31.3,8.0,65.39608882555528,produced,PR0045,2021-07-13 20:23:27.518796992,Ghawar,70.14276471645829,57.142416578926486,53.06624891312361,4.3024944365868265,5.0,0.3441995549269461,4.22,9.564199554926946,6.800906781207226,0.928375965259978,0.3963912295663551,1.7778240000000003,9.90349797603356,0.3392984211066139,3000,4.128130790130469,Low,211.0
68112.0,66.2,1121.9,4105.5,20745.2,972.4,61574.6,1279.4,647.0,11.9,5.5,51.36822899579504,produced,PR0046,2020-04-12 10:56:50.526315790,Marcellus,62.165505725239086,61.70511713806251,63.64135519035872,4.716299250286126,6.8112,0.3773039400228901,3.684,10.87250394002289,3.3620200554541944,0.6695374163821991,0.759991075230947,1.234797,6.02634554706734,-4.84615839295555,5000,-35.37695626857552,Low,184.2
76282.0,108.4,2844.2,1164.4,45919.2,435.9,46688.5,2568.7,1049.3,38.7,8.0,51.86507416790379,produced,PR0047,2023-07-01 01:01:21.203007520,Permian_Basin,60.08916081698986,63.030033717326624,55.6565579816933,4.072233004979484,7.6282,0.3257786403983587,1.566,9.51997864039836,4.814470366402012,1.6406936754785526,0.2201765137813653,1.3891155,8.06445605566193,-1.45552258473643,5000,-10.62531486857594,Low,78.3
75643.7,61.0,4887.4,500.0,37855.8,643.4,51460.0,1200.9,1532.5,43.3,7.16,62.47735685841783,produced,PR0048,2020-06-02 16:25:15.789473684,Marcellus,82.46058107160661,68.69210015663359,70.53404481672894,4.131489536333323,7.56437,0.3305191629066658,4.32,12.214889162906664,3.433456233588731,3.868971301721954,0.1030381502349503,1.3397370000000002,8.745202685545635,-3.46968647736103,5000,-25.328711284735515,Low,216.0
159204.7,203.3,6013.1,3441.7,30829.0,1352.2,20000.0,2030.0,2012.7,26.2,7.08,39.16846874355628,produced,PR0049,2023-08-21 06:29:46.466165408,Ghawar,65.44496402259367,74.34471272695124,51.072397738276905,4.0888535746533226,15.920470000000002,0.3271082859722658,1.228,17.47557828597227,8.285648731232973,3.777860286376877,0.7676165933770441,0.762435,13.593560610986891,-3.882017674985376,5000,-28.33872902739325,Low,61.4
100129.1,148.9,1548.2,4475.7,32591.0,1440.7,32488.4,3110.1,300.0,40.9,7.81,26.071838349622723,produced,PR0050,2023-10-11 11:58:11.729323312,Bakken,70.6519747966072,64.89255362085079,52.466322406772434,6.402047069279243,10.012910000000002,0.5121637655423394,2.9560000000000004,13.48107376554234,6.234163854281996,1.05008051884903,0.8713188067225257,0.976191,9.131754179853552,-4.349319585688789,5000,-31.75003297552816,Low,147.8
104180.4,90.2,7300.6,3392.7,13365.3,111.9,51514.1,1696.7,1206.8,24.1,6.23,63.104554869483735,produced,PR0051,2020-10-01 10:27:58.195488720,Marcellus,84.29814491677696,78.6189226463023,63.02490314964543,4.89487803529233,10.41804,0.3915902428233864,4.304,15.113630242823389,4.5365073187502185,5.908099553082451,0.8001912565863293,0.9731909999999998,12.217989128418996,-2.895641114404389,5000,-21.138180135152044,Low,215.2
106586.2,92.0,1000.0,1219.5,34605.6,100.0,27924.4,594.4,2487.6,43.4,7.75,47.037626221621686,produced,PR0052,2021-02-13 19:47:22.105263160,Marcellus,80.66906454959131,75.68374908602905,64.72354460192392,5.479634318715967,10.65862,0.4383707454972774,3.926,15.022990745497278,4.751743750494847,0.7744230196760766,0.2768889960312372,0.93795,6.741005766202161,-8.281984979295117,5000,-50.0,Low,196.3
109505.1,166.7,5167.1,500.0,20387.7,363.9,75804.5,1551.5,1007.8,48.3,6.42,47.09026811848393,produced,PR0053,2022-11-19 20:01:48.270676688,Permian_Basin,62.69827138156755,79.62004619709363,68.24716661306867,6.363532790791049,10.95051,0.5090826232632839,1.65,13.109592623263286,9.07868853417004,3.1100950853346983,0.1194300692956404,1.442883,13.75109668880038,0.6415040655370934,5000,4.682979678420781,Low,82.5
81684.5,114.8,1556.6,3489.0,25693.6,1427.1,30241.0,4122.3,1944.8,48.0,5.5,35.50005117704646,produced,PR0054,2021-08-01 03:29:19.398496240,Eagle_Ford,72.71297579031464,76.90507602603705,56.48151820630485,5.484830988120154,8.16845,0.4387864790496123,5.394,14.001236479049613,5.174294475486869,1.0865761739059565,0.8049654307645299,0.8390189999999998,7.904855080157355,-6.096381398892258,5000,-44.50358421191349,Low,269.7
72170.1,173.5,1258.2,2783.0,26908.8,1528.9,56489.2,4527.6,1594.5,32.4,5.8,35.74717000344634,produced,PR0055,2021-05-30 22:33:23.007518800,Bakken,78.2519756623754,70.41814873273448,71.0440102053323,5.287588187873788,7.217010000000001,0.423007055029903,3.174,10.814017055029904,9.836256344958874,0.945183703472647,0.5879211237696002,1.25097,12.620331172201125,1.806314117171219,5000,13.1860930553499,Medium,158.7
91672.6,10.0,1510.5,2248.4,29332.7,245.2,53497.0,500.0,1964.7,9.2,7.37,57.70083508156265,produced,PR0056,2021-07-10 04:34:17.142857144,Ghawar,77.45981962498031,69.96198219541797,73.82855849434458,4.034719619468376,9.16726,0.3227775695574701,4.486000000000001,13.976037569557471,0.5891518967848698,1.1232293524179144,0.4719075623045333,1.2424455,3.426734311507318,-10.549303258050154,5000,-50.0,Low,224.3
131272.2,107.7,2895.1,6144.9,58054.3,984.4,72388.3,3636.5,552.2,17.8,5.85,59.76983697206416,produced,PR0057,2022-01-31 02:27:58.195488720,Permian_Basin,79.02104631011176,58.23815316885543,62.47598258987159,5.704118507610269,13.12722,0.4563294806088215,6.058,19.641549480608823,5.369473333293478,2.196228779255084,1.073602882221899,1.956639,10.595943994770462,-9.045605485838362,5000,-50.0,Low,302.9
130049.5,49.1,4159.9,606.4,31755.2,1900.7,77023.7,2375.2,555.7,41.9,8.0,56.75735108619988,produced,PR0058,2021-06-07 06:11:43.759398496,Ghawar,71.43636637220088,73.0599812222892,69.01328412424503,4.374229234411259,13.00495,0.3499383387529007,5.236000000000001,18.590888338752904,2.704064695899344,2.852814148528497,0.1329107178395884,1.6316835,7.321473062267429,-11.269415276485477,5000,-50.0,Low,261.8
75384.1,185.4,4339.7,6050.1,60592.6,1049.2,70821.0,3386.0,1216.2,79.0,7.99,56.894424081682125,produced,PR0059,2022-10-06 22:11:43.759398496,Ghawar,64.39807323325705,70.00517143981678,63.121208863594816,6.2939447223730784,7.538410000000001,0.5035155777898462,5.24,13.281925577789847,9.338732354401763,2.68289585673951,1.2706148631841063,1.971204,15.26344707432538,1.9815214965355332,5000,14.465106924709396,Medium,262.0
115713.7,172.8,1112.0,2563.6,73446.4,1652.9,20000.0,1174.3,300.0,23.2,8.0,53.535443058896384,produced,PR0060,2023-11-02 10:53:13.984962400,Marcellus,71.62181109798432,67.67330258489962,51.73667573530526,4.773213171445059,11.57137,0.3818570537156047,3.386,15.339227053715604,7.134197858514478,0.7645771578332023,0.520461835519946,1.4016959999999998,9.820932851867626,-5.5182942018479775,5000,-40.28354767349023,Low,169.3
77216.6,82.0,1020.7,500.0,56373.6,1399.2,85824.4,500.0,984.2,39.1,6.92,46.97284095117235,produced,PR0061,2020-08-22 04:27:04.060150376,Permian_Basin,76.1971812293323,72.33217181393222,58.15278782106553,6.022562232425965,7.721660000000001,0.4818049785940772,4.588,12.791464978594078,3.805285823859244,0.746634843655483,0.1084982577208983,2.1329700000000003,6.793388925235625,-5.998076053358453,5000,-43.78595518951671,Low,229.4
86354.8,172.1,1166.7,2141.6,48361.7,253.9,95819.2,2876.7,1402.3,18.9,7.06,42.36930473518529,produced,PR0062,2022-06-26 11:14:53.233082704,Permian_Basin,75.2148021651292,66.10119607094984,52.18716724067538,5.938670583474038,8.635480000000001,0.475093646677923,3.4280000000000004,12.538573646677923,7.167166362731946,0.8424298529861398,0.4246869645166384,2.1627135,10.596996680234724,-1.9415769664432003,5000,-14.173511855035365,Low,171.4
66059.1,187.0,2777.3,4419.0,43170.8,686.0,35536.3,588.5,2627.7,10.5,5.61,63.154857749123295,produced,PR0063,2020-07-16 14:15:20.300751880,Bakken,61.76305134471519,68.09649156020716,74.72197798137533,5.85002680879006,6.605910000000001,0.4680021447032048,0.5820000000000001,7.655912144703206,11.150461886248715,1.646731415996904,0.9027551886136662,1.1806065,14.880554990859284,7.224642846156079,5000,52.73989277693938,High,29.1
77734.2,84.5,2579.7,1769.9,56634.0,820.9,57099.4,500.0,1522.2,16.5,7.8,39.39418694264349,produced,PR0064,2021-09-10 09:30:13.533834584,Eagle_Ford,61.6238108520548,64.95880762008142,55.72564780183443,4.800856022611578,7.77342,0.3840684818089262,3.606,11.763488481808926,3.757636156925497,1.5261210706084392,0.3449117808203463,1.706001,7.334670008354282,-4.428818473454644,5000,-32.3303748562189,Low,180.3
138653.2,228.3,1099.6,500.0,37234.0,862.5,23275.0,500.0,1700.2,5.0,7.18,50.54968820821121,produced,PR0065,2023-10-15 03:47:22.105263152,Ghawar,84.1314457788803,72.93427233426725,65.89751048539297,4.801269331526704,13.865320000000002,0.3841015465221363,3.512,17.76142154652214,12.005432511764544,0.888105002673185,0.1094014085014008,0.907635,13.91057392293913,-3.850847623583009,5000,-28.11118765215597,Low,175.6
88696.8,78.1,3539.2,2171.0,59614.2,1349.8,20000.0,2901.4,2131.6,57.1,7.37,32.9398050306863,produced,PR0066,2020-11-21 15:56:23.458646616,Bakken,63.79513637599428,76.9152742636972,57.10862754862343,6.58914413032399,8.86968,0.5271315304259192,4.168,13.56481153042592,3.5592266816148963,2.1675239679544216,0.5009491812794599,1.194213,7.421912830848779,-6.142898699577142,5000,-44.84316050691314,Low,208.4
90411.3,67.1,7525.1,785.7,50352.6,1045.2,27838.5,2209.2,428.3,5.0,8.0,35.11051444724325,produced,PR0067,2021-12-29 04:05:24.812030072,Bakken,67.36156160029304,76.02112347831506,66.33115538389815,4.038421997891281,9.04113,0.3230737598313025,2.744,12.108203759831303,3.551754779955134,4.866263877104306,0.1791893901507364,1.1728665,9.770074547210177,-2.338129212621128,5000,-17.068343252134234,Low,137.2
50000.0,132.0,1990.6,3483.6,26004.0,100.0,33795.8,3173.7,1067.9,24.7,6.19,41.4576814821416,produced,PR0068,2022-12-22 18:24:21.654135344,Ghawar,79.19086205390414,74.65063180123673,55.26004227176206,4.544567900361874,5.0,0.3635654320289499,1.4780000000000002,6.841565432028951,5.82087181273833,1.513318368043215,0.7801588228283647,0.8969969999999999,9.01134600360991,2.16978057158096,3000,26.39899695423501,High,73.9
72630.2,58.8,2133.0,4046.8,57396.3,100.0,39354.5,3003.6,3000.0,6.4,6.67,32.94092434909255,produced,PR0069,2021-02-24 19:14:53.233082704,Marcellus,70.24192689557937,55.34469261361377,69.63175164775186,5.830512752925955,7.26302,0.4664410202340764,4.314,12.043461020234076,3.267288903516472,1.4383298886553997,0.6719067062063165,1.4512620000000005,6.828787498378189,-5.214673521855888,5000,-38.06711670954798,Low,215.7
75347.4,85.1,4119.3,500.0,37287.0,100.0,21232.6,1368.6,1136.7,12.3,7.13,56.9677773821745,produced,PR0070,2021-05-19 23:05:51.879699248,Marcellus,64.53662133150081,77.79701159693649,52.77029007091589,6.451138763209509,7.53474,0.5160911010567607,0.374,8.424831101056762,3.583619844657884,2.552118760808173,0.1166955173954047,0.8777939999999999,7.130228122861461,-1.294602978195301,5000,-9.450601740825697,Low,18.7
51834.3,164.6,1882.4,1088.4,32346.7,905.2,27997.2,1894.3,2093.1,57.5,5.86,25.0,produced,PR0071,2023-12-09 01:04:57.744360896,Ghawar,71.68080955774454,61.87189301808485,72.37876000225701,5.075036526018576,5.18343,0.4060029220814861,5.917999999999999,11.507432922081485,9.507008029304462,1.2953467767503837,0.2020241050826506,0.9051585,11.909537411137496,0.4021044890560112,5000,2.9353627701088825,Low,295.9
85866.6,81.2,4337.9,4013.3,23095.0,944.3,49669.8,1232.8,1971.0,34.0,6.61,46.488444350716094,produced,PR0072,2022-08-13 00:54:08.120300752,Permian_Basin,74.22374926908415,77.1993485740844,71.01054231351986,5.960330375832401,8.58666,0.4768264300665921,2.5380000000000003,11.601486430066592,4.601312716614535,3.090961938761857,0.9294724368971188,1.091472,9.71321909227351,-1.8882673377930832,5000,-13.784351565889509,Low,126.9
67832.7,10.0,1562.9,782.3,39150.5,969.9,26893.2,1684.5,300.0,10.7,7.29,46.98762145263272,produced,PR0073,2023-03-27 21:42:51.428571424,Eagle_Ford,71.3191652319519,59.92420257723441,66.97018359095964,5.671469258860709,6.78327,0.4537175407088567,3.492,10.728987540708856,0.534422065055858,1.0700613440737694,0.1406361110285114,0.9906554999999998,2.7357750201581386,-7.993212520550719,5000,-50.0,Low,174.6
88199.8,102.0,6664.2,500.0,59911.6,224.6,66305.7,549.1,1448.4,18.2,6.47,25.0,produced,PR0074,2020-07-23 21:53:41.052631580,Marcellus,82.97365188680273,65.99114378561843,51.6853656785712,4.1936203134461065,8.819980000000001,0.3354896250756885,4.118,13.27346962507569,4.206982024772981,5.308348904678695,0.0989867156784276,1.8932595,11.507577145130105,-1.7658924799455864,5000,-12.891015103602784,Low,205.9
89860.1,38.2,3689.5,500.0,57223.5,1204.5,70449.8,2585.7,1317.4,14.7,8.0,38.38464269214587,produced,PR0075,2022-11-01 12:55:56.390977440,Eagle_Ford,67.1174823774876,73.73496985817285,55.21422570822321,5.8652505907920345,8.98601,0.4692200472633627,4.182,13.637230047263364,1.6831283707991933,2.3772475318247093,0.1106024547872592,1.9150995,6.086077857411162,-7.551152189852202,5000,-50.0,Low,209.1
50000.0,131.9,1760.0,3204.1,43834.8,1229.8,121411.6,3612.7,1464.0,29.1,5.5,48.83549307072214,produced,PR0076,2023-11-17 02:09:55.488721808,Bakken,76.53330401749177,71.00697363192931,71.4840398922769,6.441710416817481,5.0,0.5153368333453985,0.2,5.715336833345399,7.524138399709476,1.2931067046795408,0.682540332642194,2.478696,11.97848143703121,6.263144603685811,3000,76.20159267817736,High,10.0
69051.9,121.8,1822.6,3118.3,49991.1,100.0,83770.4,775.1,596.7,33.5,7.92,51.43091989941102,produced,PR0077,2021-04-06 01:15:47.368421056,Bakken,62.80736803524744,65.39804845073574,53.04936085756488,6.977344960898228,6.90519,0.5581875968718583,4.648000000000001,12.111377596871858,5.156206897656219,1.098938006218003,0.6117922034517879,2.0064225,8.873359607326009,-3.238017989545849,5000,-23.637531323684694,Low,232.4
88095.0,168.3,1972.4,1131.9,66792.4,100.0,57293.1,3921.9,306.5,67.9,7.46,41.93539187099751,produced,PR0078,2021-08-19 10:35:11.278195488,Ghawar,69.80713644160066,71.96559641850696,53.8983024077005,4.0889202179551685,8.8095,0.3271136174364135,3.606,12.742613617436414,7.238725267582365,1.3218009208071664,0.244373575758324,1.8612825,10.666182264147857,-2.0764313532885588,5000,-15.157948879006478,Low,180.3
132372.0,134.5,5745.5,2510.2,31250.8,799.9,31392.1,2170.3,819.2,5.0,6.23,55.153323067210735,produced,PR0079,2022-08-27 16:10:49.624060144,Ghawar,78.52483128962434,68.72373775116598,63.60008309388802,5.980174517751604,13.2372,0.4784139614201283,1.73,15.44561396142013,6.826260518550094,4.331178414475552,0.5175309795089305,0.9396435,12.614613412534576,-2.831000548885555,5000,-20.666304006864557,Low,86.5
95268.8,145.4,1000.0,5554.3,10000.0,1875.1,58812.4,2361.6,1121.8,29.3,5.88,43.36025614145939,produced,PR0080,2020-07-09 06:36:59.548872180,Ghawar,65.62042351473664,61.893407665888304,56.854435991858594,5.243648659443887,9.52688,0.4194918927555109,1.5,11.446371892755511,6.59677472458656,0.6299560657414718,1.03132366259593,1.0321859999999998,9.29024045292396,-2.156131439831551,5000,-15.739759510770323,Low,75.0
58522.6,39.9,1664.1,551.9,67528.2,1819.8,59797.9,500.0,2148.0,23.7,5.5,45.20479368112585,produced,PR0081,2021-01-26 12:41:30.225563908,Marcellus,74.74427614136032,71.1582361374285,55.55189249859824,4.029363666118616,5.85226,0.3223490932894893,2.332,8.506609093289489,1.7687833675338676,1.1940667192976415,0.1178166915727403,1.9098915,4.99055827840425,-3.516050814885239,5000,-25.66717094866225,Low,116.6
100960.2,128.2,1876.7,500.0,21755.5,1138.0,34600.6,500.0,2653.8,48.9,6.0,48.77480803479831,produced,PR0082,2023-03-02 06:58:38.796992480,Eagle_Ford,63.835925730226506,60.106177158613086,64.39533579620452,5.843082831125534,10.09602,0.4674466264900427,0.402,10.96546662649004,6.58787467516059,1.1500884654519945,0.0901592657379196,0.8453415,8.673463906350504,-2.292002720139537,5000,-16.73161985701862,Low,20.1
153302.0,198.1,2968.6,3410.2,17741.5,362.0,73511.9,2216.2,2317.3,37.1,7.85,58.90499443101253,produced,PR0083,2023-06-23 17:23:00.451127824,Bakken,62.56754228403428,72.34970710647914,59.31441691145073,4.367281895666906,15.3302,0.3493825516533525,6.444,22.123582551653357,9.376648420146394,1.783084857834088,0.7401809135235454,1.368801,13.268715191504027,-8.854867360149326,5000,-50.0,Low,322.2
121668.3,38.7,2457.8,2279.2,10000.0,1332.1,20000.0,3184.6,1888.1,41.8,6.74,34.86422996376702,produced,PR0084,2020-10-05 02:17:08.571428572,Eagle_Ford,73.08081872312607,55.07777194058107,53.51399741924172,5.13570055056741,12.16683,0.4108560440453928,5.972,18.549686044045394,1.6526513766994744,1.7243331480739132,0.376599773420917,0.45,4.203584298194305,-14.34610174585109,5000,-50.0,Low,298.6
106901.1,188.0,1000.0,1079.9,49282.1,528.5,42668.0,992.9,396.5,36.9,7.96,37.69767191222554,produced,PR0085,2020-05-26 08:46:55.037593984,Marcellus,76.87527490215072,68.71931284404424,63.37134418863661,4.784101277465207,10.69011,0.3827281021972166,3.904,14.976838102197217,9.507222540556018,0.7380026390606469,0.2226299578208501,1.3792515000000003,11.847106637437514,-3.1297314647597023,5000,-22.847039692745824,Low,195.2
114023.6,47.0,2200.4,3804.2,10000.0,339.5,66675.8,4505.1,872.9,11.4,6.18,34.96655262406178,produced,PR0086,2020-09-27 18:38:47.819548872,Eagle_Ford,62.83417665586209,65.02669068890353,59.67531008196557,5.083490206813298,11.402360000000002,0.4066792165450639,2.5540000000000003,14.363039216545063,2.2381821799342005,1.327299094210166,0.7421236101561804,1.1501370000000002,5.457741884300547,-8.905297332244519,5000,-50.0,Low,127.7
142598.2,28.9,2800.9,4178.5,16243.5,100.0,41372.5,3102.4,1367.9,54.2,7.51,40.017034257871,produced,PR0087,2021-09-28 16:36:05.413533832,Eagle_Ford,82.94440630932287,62.57759434504868,68.36291935684423,5.478086744502849,14.25982,0.4382469395602279,2.6060000000000003,17.30406693956023,1.5765993187914131,2.2302622812651114,0.7844414339123578,0.86424,5.455543033968882,-11.848523905591346,5000,-50.0,Low,130.3
128025.1,97.8,1743.8,500.0,49705.9,861.4,43797.4,637.5,694.0,46.0,6.08,66.39351387119646,produced,PR0088,2021-05-27 06:44:12.631578944,Ghawar,65.64430656743667,67.89269918086593,52.568886058014726,5.077628597468543,12.802510000000002,0.4062102877974834,4.516,17.724720287797485,4.1027071710661245,1.0989172012060422,0.1018390487712989,1.4025495,6.706012921043466,-11.018707366754018,5000,-50.0,Low,225.8
107670.4,123.0,4373.6,1194.8,53048.0,422.1,45866.4,2046.3,1661.8,48.3,5.83,53.59087978994734,produced,PR0089,2022-10-25 05:17:35.639097744,Eagle_Ford,62.9993827039825,71.13279081339721,65.51533109864934,5.658195611768617,10.76704,0.4526556489414894,6.516,17.735695648941487,6.4305918086568274,2.645127361863724,0.2549683753915409,1.4837159999999998,10.814403545912093,-6.921292103029394,5000,-50.0,Low,325.8
127745.7,134.7,4838.8,7135.0,18707.4,857.9,24932.0,5715.4,1776.4,55.3,6.69,28.03365382246737,produced,PR0090,2022-06-30 03:04:03.609022560,Eagle_Ford,65.06747270875526,79.13280665533662,60.91233317358119,4.715949070698561,12.77457,0.3772759256558848,1.86,15.011845925655884,6.547503240228146,3.0225454746539997,1.6938377264574802,0.654591,11.918477441339624,-3.09336848431626,5000,-22.581589935508696,Low,93.0
50000.0,22.3,2843.2,3666.8,31646.2,100.0,85217.0,500.0,1629.0,38.4,6.14,35.99329551616988,produced,PR0091,2023-09-15 21:13:59.097744368,Eagle_Ford,64.23931141329605,75.82661224720243,60.15154687631011,5.9060853022851445,5.0,0.4724868241828115,0.7640000000000001,6.236486824182812,1.070420837282689,1.75339401801872,0.8341230653641257,1.7529480000000002,5.410885920665534,-0.8256009035172776,3000,-10.044810992793543,Low,38.2
50000.0,106.1,3461.1,3852.2,13185.1,901.9,20000.0,2792.4,2020.1,59.6,5.5,50.59150836414603,produced,PR0092,2021-08-08 11:07:40.150375936,Permian_Basin,62.26686626532373,72.92874707709527,55.80719220020853,6.56128901237456,5.0,0.5249031209899648,6.096,11.620903120989963,4.725072187768816,2.0689137679767544,0.8428083584711592,0.4977764999999999,8.13457081421673,-3.4863323067732352,3000,-42.41704306574103,Low,304.8
91283.9,38.9,1000.0,4845.8,21290.1,100.0,59544.8,1515.9,476.3,37.6,6.62,31.402383286008444,produced,PR0093,2020-02-06 14:11:43.759398496,Bakken,79.94598086946769,66.97417279197866,50.760650705067775,4.672201140745637,9.12839,0.3737760912596509,0.2,9.70216609125965,1.5757222713168548,0.7674814163468898,0.9736303395461106,1.2125235,4.529357527209855,-5.172808564049795,5000,-37.76150251756351,Low,10.0
87747.2,10.0,2157.8,2534.1,41655.4,1452.8,62409.4,3060.3,1946.3,25.6,6.91,34.119899387778645,produced,PR0094,2020-01-22 22:55:02.255639097,Bakken,72.38844436860278,64.80360299160886,71.19222985911614,5.523631647566868,8.77472,0.4418905318053494,0.982,10.198610531805349,0.5681139942757468,1.4995179384822823,0.492656431023108,1.560972,4.121260363781138,-6.077350168024211,5000,-44.364656226576734,Low,49.1
63243.6,24.3,5009.6,4093.4,22458.8,1113.1,21541.3,3900.9,643.5,29.9,8.0,65.17439499261224,produced,PR0095,2020-03-14 04:23:27.518796992,Eagle_Ford,69.71298600946707,55.81324136464993,58.16025215086064,5.946069353649666,6.32436,0.4756855482919732,2.506,9.306045548291973,1.1278087135581991,3.3526480772450524,0.685397766606174,0.6600015,5.825856057409426,-3.4801894908825477,5000,-25.4053832834426,Low,125.3
118034.1,34.9,2153.1,3936.1,28894.6,632.8,52193.1,1420.6,447.3,29.5,7.74,35.7993655729022,produced,PR0096,2023-12-31 00:00:00.000000000,Ghawar,83.76569817460333,63.9774225764762,67.02727599324618,5.693878393640248,11.80341,0.4555102714912198,0.2,12.45892027149122,1.8667230418671048,1.7314168775014889,0.7554645990098039,1.2163155,5.569920018378399,-6.889000253112821,5000,-50.0,Low,10.0
50000.0,111.3,1525.5,3578.1,10000.0,1137.6,22711.0,3678.4,1625.7,19.6,8.0,59.3200022404408,produced,PR0097,2022-02-14 17:44:39.699248120,Ghawar,69.27520967661977,76.20942846681541,73.68968499441769,5.096948338576678,5.0,0.4077558670861342,5.224,10.631755867086136,6.5449262280231935,1.0145215906721612,0.8180548679913365,0.4906649999999999,8.868167686686691,-1.763588180399443,3000,-21.456989528193223,Low,261.2
63609.1,149.1,7555.4,1856.0,63323.9,213.2,91731.3,5331.8,2172.7,62.6,7.52,63.82984784296408,produced,PR0098,2023-09-19 13:03:09.473684208,Ghawar,64.17431815117973,64.60061454940725,64.12475745205329,5.926599124017245,6.3609100000000005,0.4741279299213796,4.714,11.54903792992138,7.6296790662087135,4.654681376250465,0.3596962218110996,2.3258280000000005,14.969884664270278,3.420846734348899,5000,24.972181160746963,High,235.7
65601.8,10.0,6638.2,2844.1,47751.7,843.4,20000.0,2099.4,1590.4,35.9,7.13,33.99806863246553,produced,PR0099,2020-10-08 18:06:18.947368420,Bakken,66.85107229816491,66.53962497655365,59.92867256299666,4.084738618630229,6.560180000000001,0.3267790894904183,1.85,8.73695908949042,0.4782308070527133,4.260199566044912,0.5677360421874487,1.0162755,6.322441915285073,-2.414517174205346,5000,-17.625975371699028,Low,92.5
50000.0,101.1,3935.1,1323.3,54822.6,1276.9,30383.1,3177.3,1216.6,31.9,5.57,31.65056165164288,produced,PR0100,2023-06-09 02:06:18.947368416,Marcellus,65.9741633397149,61.79586060062262,56.70683915871759,5.109718695989299,5.0,0.4087774956791439,5.5600000000000005,10.968777495679143,4.574983028279187,2.4923033295178767,0.2453233869984117,1.2780855000000002,8.590695244795475,-2.3780822508836703,3000,-28.93333405241799,Low,278.0
144789.2,10.0,5277.8,2525.6,67260.6,100.0,20000.0,1114.3,1448.1,37.8,6.95,40.85801870278252,produced,PR0101,2023-09-30 12:30:40.601503760,Eagle_Ford,72.46853198908262,61.85331897033417,73.35109481618733,5.59783664392301,14.478920000000002,0.4478269315138408,5.898,20.824746931513843,0.5853417366331749,3.6717544140670113,0.4686502271744279,1.308909,6.034655377874614,-14.790091553639227,5000,-50.0,Low,294.9
50000.0,117.7,1000.0,500.0,14369.7,531.7,20000.0,2028.9,1309.1,89.0,7.4,28.670584189895624,produced,PR0102,2022-02-18 09:33:50.075187968,Bakken,67.28762809886435,56.54679402229371,67.05192045127858,4.061839476507594,5.0,0.3249471581206075,2.774,8.098947158120607,6.297824807618161,0.6459612297490976,0.0848201910334405,0.5155455,7.544151728400699,-0.554795429719908,3000,-6.750011061592215,Low,138.7
61466.4,42.6,1424.9,918.8,26040.1,786.4,97736.5,1735.0,300.0,7.4,8.0,46.81550817754113,produced,PR0103,2022-01-01 19:54:35.187969928,Ghawar,72.90152930465905,70.34509814049503,66.63203483141399,5.5229464890529,6.1466400000000005,0.441835719124232,2.0980000000000003,8.686475719124234,2.2651426976869526,0.9972229354196036,0.1938992285144604,1.8566490000000004,5.312913861621016,-3.3735618575032174,5000,-24.627001559773483,Low,104.9
121319.2,16.9,2060.1,1935.4,10000.0,682.2,66283.2,3195.4,300.0,13.1,7.49,41.9152213221992,produced,PR0104,2020-11-25 07:45:33.834586468,Bakken,76.73233562366973,66.20173507613366,60.65395812863193,5.962763382296885,12.13192,0.4770210705837507,7.52,20.128941070583757,0.8179914101143558,1.5175323323358911,0.3843805141990472,1.1442480000000002,3.864152256649294,-16.26478881393446,5000,-50.0,Low,376.0
110841.8,128.0,2528.0,612.6,100000.0,1674.3,54208.8,3807.0,1136.9,5.0,8.0,50.40870023829452,produced,PR0105,2022-02-03 18:17:08.571428568,Bakken,79.43246964283145,70.14902018726987,71.12621782168577,6.277623093139136,11.084180000000002,0.5022098474511308,4.442,16.02838984745113,7.265116393178271,1.927730719267948,0.1289198693001645,2.3131319999999995,11.634898981746383,-4.393490865704747,5000,-32.072483319644654,Low,222.1
50000.0,44.8,2020.1,1490.0,31260.4,125.7,30302.7,1835.5,1263.9,25.3,5.77,65.95415184349231,produced,PR0106,2020-03-21 12:01:48.270676692,Bakken,77.75394453168077,68.67217250072132,67.84180467523717,4.340122244228291,5.0,0.3472097795382632,3.512,8.859209779538263,2.4253716538615997,1.507879136145104,0.3069646110782242,0.9234465,5.163661901084928,-3.6955478784533353,3000,-44.962499187848906,Low,175.6
112299.6,61.0,1000.0,2172.1,60968.2,427.3,77228.4,4300.4,1209.1,34.9,6.47,57.26227471155479,produced,PR0107,2023-09-08 13:35:38.345864656,Ghawar,65.13976791140902,74.97111468242937,57.0795817945254,6.971694624675084,11.229960000000002,0.5577355699740068,5.728,17.515695569974007,2.778519882593908,0.6253417719495266,0.4885342746051145,2.0729489999999995,5.965344929148548,-11.550350640825458,5000,-50.0,Low,286.4
96591.4,10.0,3772.0,3304.5,10000.0,100.0,25273.3,4295.1,1740.9,20.7,7.23,52.33859663118535,produced,PR0108,2023-03-24 05:53:41.052631584,Marcellus,62.89749298106885,73.77529780778681,64.98946650062621,5.818503104005287,9.65914,0.4654802483204229,3.604,13.728620248320423,0.5186159426749972,2.27759369783608,0.7313714148174947,0.5290995000000001,4.0566805553285725,-9.67193969299185,5000,-50.0,Low,180.2
178321.4,136.8,4087.3,4398.5,59909.7,1706.2,73809.2,3270.3,1027.6,19.2,7.96,25.0,produced,PR0109,2023-05-10 19:32:55.939849632,Permian_Basin,73.56125397753127,74.28634632844698,60.75484886503164,5.08958137783699,17.83214,0.4071665102269592,1.988,20.22730651022696,6.632388133139591,2.8864023684706903,0.980245482977022,2.0057835,12.504819484587305,-7.722487025639653,5000,-50.0,Low,99.4
101157.6,129.3,6203.8,1572.4,81439.8,652.2,23824.7,1226.0,1650.4,32.8,6.65,51.65063973153563,produced,PR0110,2023-09-04 21:46:27.969924816,Eagle_Ford,64.97279478020363,67.48097517354189,50.16475407074282,4.747278563370141,10.115760000000002,0.3797822850696113,3.16,13.655542285069613,5.176069555674943,3.8695509528713017,0.3183212560886318,1.5789675,10.942909264634878,-2.712633020434735,5000,-19.802221049173564,Low,158.0
79350.3,80.3,1423.4,5170.2,33493.0,537.0,30664.8,1082.3,1084.3,20.0,6.72,70.0,produced,PR0111,2021-08-23 02:24:21.654135336,Eagle_Ford,62.12334304428783,63.84703378384826,70.19058578754493,5.718690585050243,7.93503,0.4574952468040195,5.078,13.47052524680402,4.497770622914407,0.8488931182966972,0.9903058022077568,0.962367,7.299336543418861,-6.171188703385158,5000,-45.04967753471165,Low,253.9
50739.9,10.0,1259.7,4377.2,10000.0,768.5,72748.5,781.4,2658.7,36.2,7.49,25.0,produced,PR0112,2020-12-06 07:13:04.962406016,Bakken,73.17735857448542,78.33591476332381,53.07075872299252,6.6451349414997125,5.07399,0.531610795319977,0.2,5.805600795319977,0.4235046546094804,0.8849425785242812,1.0286758983060629,1.2412275,3.5783506314398243,-2.2272501638801527,5000,-16.258926196325117,Low,10.0
55230.3,152.6,1000.0,3508.2,31530.1,1181.7,75914.8,3423.7,1264.6,52.3,5.67,55.34073814463438,produced,PR0113,2021-10-02 08:25:15.789473688,Marcellus,68.16985462769489,56.35674434291385,62.74886265006536,5.561696188424095,5.52303,0.4449356950739275,2.424,8.391965695073928,7.641230199439179,0.654430604425871,0.593132191511431,1.6116735,10.500466495376482,2.1085008003025543,5000,15.392055842208649,High,121.2
51969.2,40.0,2412.9,2807.3,10000.0,1008.4,67924.2,500.0,3000.0,43.5,8.0,42.60962137865304,produced,PR0114,2022-05-06 05:46:27.969924816,Ghawar,78.9037252984626,58.81553269625576,58.40565482712039,5.9844161668148805,5.19692,0.4787532933451904,5.766,11.44167329334519,1.8643085020816828,1.82771326821754,0.4953385348145963,1.168863,5.356223305113819,-6.085449988231371,5000,-44.42378491408901,Low,288.3
139844.0,52.8,4802.2,3138.2,34052.8,2388.7,20000.0,3015.3,1481.6,47.6,5.92,32.25307495465583,produced,PR0115,2022-04-17 22:40:36.090225568,Permian_Basin,67.85479076371045,65.48997730441599,58.55222603001694,5.0730893186216806,13.9844,0.4058471454897344,1.976,16.366247145489734,2.467062912439146,3.128181851572708,0.6165619403301547,0.8107920000000001,7.022598704342009,-9.343648441147725,5000,-50.0,Low,98.8
85718.8,218.7,1776.5,4874.1,55524.2,1072.4,36598.2,500.0,1029.1,51.7,5.5,57.0169287586793,produced,PR0116,2022-07-07 10:42:24.360902256,Permian_Basin,84.46792842639535,70.34894131420027,61.9341220853452,5.164456864266918,8.57188,0.4131565491413534,6.0920000000000005,15.077036549141354,10.808904015051867,1.4405498385551168,1.028663324578631,1.381836,14.659953178185614,-0.4170833709557406,5000,-3.044708607976907,Low,304.6
107609.9,37.8,7286.9,4947.2,34106.1,520.9,54707.0,3235.3,480.4,35.7,6.81,70.0,produced,PR0117,2020-01-01 00:00:00.000000000,Bakken,78.9630797815177,55.20500937016804,74.92557760049363,4.858525317315676,10.76099,0.3886820253852541,5.83,16.979672025385256,2.260085092972329,5.523802234175436,0.819330667068286,1.3321965,9.935414494216053,-7.044257531169203,5000,-50.0,Low,291.5
145569.9,124.5,2486.8,5169.9,27896.5,463.2,24521.6,2025.8,300.0,26.8,8.0,56.62846093256631,produced,PR0118,2021-05-01 16:00:00.000000000,Bakken,61.44233053722155,72.98307048277854,60.20949201578689,6.116911883104719,14.55699,0.4893529506483775,2.8680000000000003,17.91434295064838,5.981873241260444,1.466829960767641,1.1319455282667503,0.7862714999999999,9.366920230294836,-8.547422720353543,5000,-50.0,Low,143.4
50000.0,113.7,3294.0,2582.7,48189.2,564.3,91128.9,4000.5,406.8,14.6,7.39,39.43212073107711,produced,PR0119,2021-07-24 19:50:58.646616544,Ghawar,72.7218185089069,68.96816356974787,54.55823074541431,5.077562660249695,5.0,0.4062050128199756,1.862,7.268205012819975,4.950210126931378,2.2996384336160576,0.5343722281547635,2.0897715,9.8739922887022,2.605787275882224,3000,31.703745189900395,High,93.1
136155.0,103.4,1000.0,3609.9,50100.6,100.0,20000.0,3712.2,496.3,22.2,7.55,30.847952633877654,produced,PR0120,2021-01-11 21:24:48.721804512,Ghawar,74.06551253035276,67.11756896692313,65.34015845123423,4.572149212123717,13.6155,0.3657719369698974,2.426,16.4072719369699,5.391425562318381,0.7110289202913865,0.7268631366410874,1.051509,7.880826619250856,-8.526445317719043,5000,-50.0,Low,121.3
87215.9,96.9,3574.4,5187.1,10000.0,823.9,26637.8,4152.6,1515.9,19.5,6.84,47.169414506843154,produced,PR0121,2023-07-15 16:18:02.706766912,Ghawar,77.38256776703994,65.58737597069671,55.907192700988034,5.108201713498714,8.721589999999999,0.4086561370798971,8.33,17.460246137079896,4.3230907642351415,2.655324002174473,1.020624833692803,0.549567,8.548606600102417,-8.911639536977479,5000,-50.0,Low,416.5
102401.9,102.6,1000.0,1252.6,37220.6,1270.1,34713.0,4191.2,779.1,44.6,6.65,58.09753938572382,produced,PR0122,2023-03-09 14:36:59.548872176,Bakken,72.44491992584395,67.98717579351562,52.63872841782376,6.561481623498269,10.24019,0.5249185298798615,6.747999999999999,17.51310852987986,4.3097853614636366,0.6954712312881018,0.255482209196873,1.079004,6.339742801948612,-11.17336572793125,5000,-50.0,Low,337.4
51863.9,96.3,4387.4,1863.2,95899.6,432.0,20000.0,2215.4,1349.5,36.9,5.5,39.19420460649408,produced,PR0123,2021-04-17 00:43:18.496240600,Marcellus,72.08608996036433,59.044643362043686,51.25435430164823,6.21475613073077,5.18639,0.4971804904584616,3.25,8.933570490458461,3.9387638667604814,3.036196906484183,0.3300359385364794,1.738494,9.043490711781144,0.1099202213226835,5000,0.8024176156555898,Low,162.5
54795.0,76.9,4448.9,2532.1,10000.0,315.6,20000.0,500.0,2225.6,43.9,5.5,40.64425512523805,produced,PR0124,2020-07-01 22:58:38.796992482,Bakken,69.19846529194032,57.71779348192456,50.572031850492095,5.003922533390692,5.479500000000001,0.4003138026712554,1.784,7.663813802671256,3.103413420943669,2.955427701478208,0.4384416746267434,0.45,6.94728279704862,-0.7165310056226364,5000,-5.230676341045245,Low,89.2
104553.8,170.7,5718.6,4299.2,32864.5,1709.6,68758.7,500.0,1129.8,6.8,7.0,70.0,produced,PR0125,2023-01-17 09:08:34.285714288,Bakken,66.78653459747935,62.24093696879597,60.7791162077766,6.720426894510107,10.455380000000002,0.5376341515608085,3.234,14.22701415156081,8.279246119060637,3.666484576791796,0.8027587086487428,1.524348,14.272837404501177,0.0458232529403641,5000,0.3345097464646583,Low,161.7
180383.9,10.0,1000.0,4330.3,83543.7,100.0,50908.5,500.0,2863.3,58.6,8.0,61.17977918939589,produced,PR0126,2023-12-16 08:43:18.496240608,Permian_Basin,83.65500529941836,72.73761979963311,60.66814449683484,4.2244979053524006,18.03839,0.337959832428192,3.488,21.864349832428196,0.4841317930847421,0.8030880508744163,0.9449271450550536,2.016783,4.248929989014212,-17.61541984341398,5000,-50.0,Low,174.4
125132.5,141.3,3321.1,2038.3,62604.4,100.0,97194.1,500.0,300.0,21.5,7.14,62.25193017590448,produced,PR0127,2021-09-17 17:08:34.285714288,Ghawar,67.9399167408593,69.70719709588741,54.63863500194883,4.14926137424093,12.51325,0.3319409099392744,0.514,13.359190909939274,6.160910422368746,2.166098471885451,0.4262525395216419,2.3969775,11.15023893377584,-2.2089519761634357,5000,-16.125349425993075,Low,25.7
135620.9,129.3,4127.6,500.0,22165.1,108.3,96356.8,2103.2,1079.5,8.0,7.42,25.0,produced,PR0128,2023-07-22 23:56:23.458646624,Eagle_Ford,61.585533114508266,67.00307544047531,69.60047634428022,4.382411064355724,13.56209,0.3505928851484579,3.16,17.07268288514846,7.181474589869715,2.440324286241066,0.1005046131607129,1.7778285,11.500131989271493,-5.572550895876967,5000,-40.67962153990186,Low,158.0
77319.9,121.9,3884.6,2992.4,40153.4,100.0,62991.4,1160.5,768.5,21.2,8.0,34.39216981059809,produced,PR0129,2021-06-25 13:17:35.639097744,Ghawar,64.18211848233531,69.28802414739901,53.23176569799697,4.349364267575809,7.73199,0.3479491414060647,5.644,13.723939141406063,5.178183886391493,2.393489831582205,0.6220124503760304,1.547172,9.740858168349728,-3.983080973056337,5000,-29.07649110331126,Low,282.2
60991.8,147.0,1269.4,663.4,34947.2,1031.7,59397.1,1729.8,1949.2,79.7,7.13,46.12022459181359,produced,PR0130,2022-02-25 17:12:10.827067672,Marcellus,81.43191590103224,68.98145032598359,72.88292981598256,4.263502945037022,6.0991800000000005,0.3410802356029617,0.2,6.6402602356029625,8.549604964993652,0.9923488708297952,0.1372868824387725,1.4151645,11.09440521826222,4.4541449826592565,5000,32.51525837341257,High,10.0
53767.8,74.4,1000.0,500.0,16298.2,583.6,51977.9,2739.1,300.0,22.2,6.68,29.98293663172276,produced,PR0131,2021-07-06 12:45:06.766917296,Marcellus,74.6658364780846,62.67604813724813,64.6893994410818,5.984027835993977,5.37678,0.4787222268795182,4.654,10.50950222687952,3.840687272096357,0.7167920301896121,0.0940140722058721,1.0241415000000005,5.675634874491841,-4.833867352387678,5000,-35.287231672430046,Low,232.7
65469.1,10.0,3693.9,500.0,33143.7,668.2,20000.0,1543.9,300.0,23.5,5.98,69.00595948333941,produced,PR0132,2023-12-23 16:21:39.248120304,Ghawar,79.46951373442664,57.43639868111815,50.69040940262324,5.802527138966272,6.5469100000000005,0.4642021711173018,5.75,12.761112171117302,0.4045094670329334,2.818103393122546,0.0861545980216772,0.7971554999999999,4.105922958177156,-8.655189212940147,5000,-50.0,Low,287.5
50000.0,75.7,2695.0,3152.8,28000.8,1491.8,20000.0,500.0,1114.1,26.2,8.0,66.15468459885969,produced,PR0133,2023-08-10 07:02:15.338345872,Ghawar,80.21953865349235,77.41955921657626,74.07431564356791,5.9428165317451445,5.0,0.4754253225396115,1.878,7.353425322539612,4.474725703986037,2.0754399040431544,0.7322651588940651,0.7200120000000001,8.002442766923256,0.6490174443836443,3000,7.896378906667673,Medium,93.9
56003.2,20.5,1866.7,5222.1,37818.7,385.2,53020.3,1920.1,2441.1,27.0,7.33,36.9968199392392,produced,PR0134,2023-04-04 05:21:12.180451136,Bakken,80.58091098027683,69.99778156559786,57.69853148864634,6.06509816248609,5.60032,0.4852078529988872,6.388,12.473527852998888,0.9438902766227656,1.4440357106580746,1.096606245341126,1.362585,4.847117232621966,-7.626410620376922,5000,-50.0,Low,319.4
62585.9,36.1,4527.9,2577.8,16290.4,1265.1,68480.8,652.3,1380.7,14.4,5.86,70.0,produced,PR0135,2023-02-01 00:25:15.789473680,Eagle_Ford,73.76534269361522,72.4436999920213,61.24937398944633,6.270639257442039,6.258590000000001,0.5016511405953632,1.62,8.380241140595363,1.764459716013172,3.206420113751236,0.5602361095182975,1.271568,6.802683939282705,-1.5775572013126578,5000,-11.516167569582402,Low,81.0
77985.7,10.0,2910.2,2922.8,10000.0,1706.8,58690.1,1593.8,300.0,32.9,5.63,44.93621854920087,produced,PR0136,2023-04-18 20:37:53.684210528,Bakken,64.42801489247762,66.59993060917388,57.1067173248638,4.621530782459232,7.79857,0.3697224625967385,3.882,12.050292462596738,0.4557116042524132,1.799984725824848,0.5839748315534803,1.0303515000000003,3.870022661630742,-8.180269800965997,5000,-50.0,Low,194.1
90270.0,51.4,1000.0,4865.8,33968.0,526.6,23226.1,4014.2,300.0,51.5,8.0,70.0,produced,PR0137,2023-10-26 03:14:53.233082704,Permian_Basin,63.70581880590355,73.91201449941406,68.21053245084444,5.866910539704399,9.027,0.4693528431763519,2.386,11.882352843176353,2.7978050516427766,0.6115758605366741,1.0789232404537468,0.8579115,5.346215652633198,-6.536137190543155,5000,-47.71380149096503,Low,119.3
99498.0,44.2,1000.0,500.0,77878.0,1242.2,78122.2,1594.2,2538.4,36.3,5.76,47.17029195787555,produced,PR0138,2022-09-11 07:27:31.127819552,Permian_Basin,74.34961050937781,69.61243159946667,62.14200551798847,5.74014597800912,9.9498,0.4592116782407296,2.386,12.79501167824073,2.191847961828282,0.7137562608900271,0.1044186473992,2.3400030000000003,5.350025870117509,-7.444985808123221,5000,-50.0,Low,119.3
84403.0,10.0,1000.0,3540.4,37055.1,654.9,94473.3,4656.4,703.1,7.8,8.0,53.642891254926326,produced,PR0139,2020-01-26 14:44:12.631578947,Marcellus,69.16285884214192,56.34502805242976,53.30932398506256,6.8309800774104215,8.4403,0.5464784061928337,1.766,10.752778406192837,0.4254084054007992,0.6639634448845624,0.5984518119504669,1.972926,3.660749662235829,-7.092028743957007,5000,-50.0,Low,88.3
61742.3,122.0,7786.0,2476.8,26710.2,1354.5,78139.7,4147.5,445.6,23.1,5.5,65.99855161754337,produced,PR0140,2020-07-27 13:42:51.428571428,Marcellus,73.95120603114418,77.25242588484228,52.60509880898634,4.697103172718946,6.1742300000000006,0.3757682538175157,4.398000000000001,10.947998253817516,5.121421999647676,5.527527265521489,0.5740164252947322,1.5727485,12.795714190463896,1.847715936646381,5000,13.48832633751858,Medium,219.9
50000.0,213.2,4445.6,3632.1,53852.1,100.0,79688.0,1131.0,2381.9,19.0,8.0,64.16450024711713,produced,PR0141,2021-10-20 15:31:07.669172936,Eagle_Ford,72.46194610594662,62.63840366969717,68.13438533311437,4.176168803122994,5.0,0.3340935042498396,4.698,10.03209350424984,11.591948260509948,3.092513545042525,0.6825268379061212,2.0031015,17.370090143458594,7.337996639208754,3000,89.27895911037317,High,234.9
61987.7,116.4,3377.2,1533.0,31042.0,100.0,33223.2,500.0,2008.9,31.1,7.29,52.6609809920384,produced,PR0142,2022-10-10 14:00:54.135338352,Marcellus,75.05495199243872,58.447269435533386,55.92703512328179,5.96048520914363,6.19877,0.4768388167314903,2.872,9.54760881673149,5.194905696903301,2.433365605141095,0.268798992134018,0.963978,8.861048294178413,-0.6865605225530764,5000,-5.011891814637457,Low,143.6
50000.0,67.8,2636.7,864.1,81700.8,565.2,82278.0,1921.2,2219.2,56.6,6.92,42.88289520834246,produced,PR0143,2021-11-04 06:47:49.172932328,Permian_Basin,60.80279476841413,57.20102519260789,53.44483436596181,6.220518520710136,5.0,0.4976414816568109,0.28,5.777641481656811,2.8916006964697445,1.5390597980724243,0.1482822176067974,2.459682,7.038624712148966,1.2609832304921549,3000,15.34196263765455,High,14.0
103642.7,76.7,2505.2,2781.0,34902.2,266.6,54372.8,3730.0,440.0,27.0,6.62,52.71199049989679,produced,PR0144,2022-12-26 10:13:32.030075184,Eagle_Ford,60.82091701575308,73.01100784605276,62.48568992494607,4.849588017422652,10.36427,0.3879670413938122,3.806000000000001,14.558237041393811,3.824536628960205,1.4627381885555002,0.6091308384596182,1.339125,7.235530655975324,-7.322706385418489,5000,-50.0,Low,190.3
121371.5,54.7,5334.4,5798.4,52512.4,490.0,65346.7,1264.7,300.0,28.2,8.0,32.75723742185828,produced,PR0145,2021-06-10 22:00:54.135338344,Permian_Basin,78.03987927121273,72.59920917010899,70.0691321884076,5.712545292819007,12.13715,0.4570036234255205,3.844,16.43815362342552,3.0585596615033053,3.996440947049829,1.26287776335588,1.7678865000000004,10.085764871909014,-6.352388751516507,5000,-46.3724378860705,Low,192.2
122542.8,85.4,2018.8,4221.8,16134.9,668.3,60963.0,3362.1,1306.5,65.6,7.51,47.28200578296174,produced,PR0146,2022-06-11 19:58:11.729323312,Ghawar,64.828181095568,72.50405312033178,56.96956864682826,4.178608196602452,12.25428,0.3342886557281961,2.5660000000000003,15.154568655728198,3.8824305276264295,1.2564012671590337,0.91829283439025,1.1564685,7.213593129175713,-7.940975526552485,5000,-50.0,Low,128.3
115278.1,77.8,4153.8,1484.6,47577.2,1232.0,46355.4,3812.7,1468.1,47.5,5.9,28.36038701253008,produced,PR0147,2020-10-30 17:01:21.203007520,Ghawar,76.30496155480141,77.89381931703915,56.9107902925202,6.880134523504867,11.52781,0.5504107618803894,6.734,18.81222076188039,3.5332722688369413,3.042773273340808,0.3469234924742289,1.4089890000000005,8.331958034651977,-10.480262727228412,5000,-50.0,Low,336.7
79659.0,29.5,2303.1,500.0,41877.3,555.4,24199.9,839.0,1491.7,41.5,5.5,25.0,produced,PR0148,2020-01-08 07:38:20.751879699,Eagle_Ford,73.66439776978636,63.72357554994129,70.84703150650942,4.329774919897506,7.9659,0.3463819935918005,0.2,8.5122819935918,1.6678099686947383,1.6287021552345118,0.0955853633249119,0.9911580000000002,4.3832554872541625,-4.129026506337638,5000,-30.141893496264757,Low,10.0
64121.8,181.0,6880.3,500.0,33587.3,305.7,47535.9,985.9,2382.5,69.2,6.98,45.756401462091645,produced,PR0149,2020-04-23 10:24:21.654135338,Bakken,84.54486178511559,69.02832640897307,53.695844864219566,4.202711608455987,6.41218,0.3362169286764789,0.2,6.94839692867648,7.755720440498147,5.584262520385255,0.1035424896134595,1.2168480000000002,14.66037345049686,7.711976521820381,5000,56.29742860928878,High,10.0
55115.9,10.0,4484.6,5132.2,22456.1,589.1,79602.8,3069.0,300.0,39.8,6.8,63.93416836007509,produced,PR0150,2022-03-08 16:39:41.954887216,Marcellus,80.88514697207656,70.48738957485874,65.41818979466368,4.1323304784838575,5.51159,0.3305864382787086,1.5380000000000005,7.380176438278709,0.5220371545614162,3.482280289065356,1.08526614232827,1.5308834999999998,6.620467085955042,-0.7597093523236671,5000,-5.54587827196277,Low,76.9
50000.0,123.1,5491.1,589.8,19049.2,338.5,36755.7,2227.8,1887.8,5.0,5.5,58.88706962394089,produced,PR0151,2022-01-16 11:11:16.691729320,Eagle_Ford,70.32836303328374,79.48704571416157,73.87533707456464,5.281815719510059,5.0,0.4225452575608047,4.42,9.842545257560804,7.257055087115368,3.707328712819818,0.1406443786866374,0.8370734999999999,11.942101678621825,2.0995564210610187,3000,25.54460312290906,High,221.0
124674.1,73.9,1831.2,1849.0,42058.8,239.6,76800.4,970.9,322.7,46.7,6.74,43.77131556411587,produced,PR0152,2023-06-05 10:17:08.571428576,Marcellus,75.41032050232913,62.8086535929648,71.0325787394327,4.29147923037157,12.46741,0.3433183384297256,0.888,13.698728338429726,4.188947439937574,1.325677237477105,0.3483996014801756,1.782888,7.645912278894855,-6.052816059534871,5000,-44.18555723460456,Low,44.4
78011.6,194.0,5116.3,5142.4,50723.5,100.0,72112.1,1471.7,1884.6,5.0,6.23,70.0,produced,PR0153,2023-02-04 16:14:26.165413536,Permian_Basin,62.9322364306368,78.90827999759851,51.54538084449323,6.233944722866726,7.801160000000001,0.498715577829338,1.038,9.33787557782934,7.979843499297686,3.091009932000644,1.2173338171789516,1.842534,14.130721248477284,4.792845670647942,5000,34.987773395729974,High,51.9
50000.0,100.5,2374.8,500.0,31820.9,841.7,41031.9,1894.2,820.0,39.0,6.81,36.4640791373014,produced,PR0154,2020-09-13 03:22:06.315789472,Bakken,69.65965107405952,58.71835832705953,57.99777191404064,6.696622481879217,5.0,0.5357297985503374,4.902,10.437729798550338,4.651363309734145,1.5881062979584952,0.0880775374905893,1.0927920000000002,7.420339145183229,-3.0173906533671087,3000,-36.71158628263315,Low,245.1
51940.3,58.4,3220.1,5484.5,42181.7,458.8,91664.0,500.0,548.8,5.0,7.53,25.0,produced,PR0155,2020-12-17 06:40:36.090225564,Marcellus,78.34719352724686,74.10003640069604,53.55936163981541,4.780656796974571,5.194030000000001,0.3824525437579657,3.926,9.502482543757967,2.496037642372645,2.4219436596200405,1.2192049489188523,2.0076855,8.144871750911538,-1.3576107928464296,5000,-9.910558787778935,Low,196.3
50321.1,65.1,6270.1,1992.7,34052.1,1379.8,39333.6,3148.5,712.1,20.7,8.0,25.0,produced,PR0156,2020-01-19 07:05:51.879699248,Ghawar,75.56678960321634,70.82214750051031,73.73101594217849,5.886319357754196,5.03211,0.4709055486203357,3.754,9.257015548620336,3.830311531992984,4.548588743914817,0.4233818799728007,1.1007855,9.903067655880603,0.6460521072602674,5000,4.716180382999951,Low,187.7
86721.0,82.4,1000.0,500.0,37463.2,100.0,95286.4,1282.0,300.0,22.7,7.71,27.282135891064243,produced,PR0157,2023-06-27 09:12:10.827067664,Ghawar,72.11178310943394,75.42240093179969,74.64853915555203,4.127015341035453,8.6721,0.3301612272828362,4.562,13.564261227282838,4.908529621881155,0.692273117850566,0.1131336013976995,1.991244,7.70518034112942,-5.859080886153418,5000,-42.77129046891995,Low,228.1
127698.7,11.4,3406.5,2005.3,29988.9,474.7,63023.8,500.0,1232.3,14.6,6.08,57.24937114893344,produced,PR0158,2022-11-30 19:29:19.398496240,Permian_Basin,64.41322760131672,55.71713934099618,55.87482551350095,5.159693415078387,12.76987,0.4127754732062709,2.15,15.332645473206272,0.5083044626614209,2.1064671343093,0.3351887385614989,1.3951905000000002,4.34515083553222,-10.987494637674052,5000,-50.0,Low,107.5
71080.4,34.0,3876.0,1054.8,35449.3,1887.7,49524.0,1964.2,581.9,23.0,7.17,35.4779597479892,produced,PR0159,2021-09-21 08:57:44.661654136,Eagle_Ford,80.07864815393862,56.9532760734764,66.7424761207188,4.878826340283185,7.10804,0.3903061072226548,2.242,9.740346107222654,1.8108568621073424,2.979694466348795,0.1802229468069086,1.2745995000000003,6.245373775263047,-3.494972331959607,5000,-25.513298023305133,Low,112.1
50000.0,10.0,4040.0,3381.6,100000.0,236.2,23366.0,887.6,1829.0,50.7,6.86,51.91437962785953,produced,PR0160,2021-10-16 23:41:57.293233080,Marcellus,66.82916511028942,56.74239448922864,71.04079330117796,4.685857289321077,5.0,0.3748685831456861,4.62,9.994868583145683,0.5669055305434,2.5919023396374645,0.5756402436143266,1.85049,5.584938113795191,-4.409930469350494,3000,-50.0,Low,231.0
77432.8,24.6,2098.4,1203.7,42790.9,658.1,47352.2,4533.2,1712.0,15.7,5.5,69.69425075375966,produced,PR0161,2020-06-10 00:03:36.541353384,Permian_Basin,80.51197704154774,69.8239863874322,55.84200711036191,5.934170468886097,7.74328,0.4747336375108877,0.31,8.528013637510888,1.096223273182093,1.6218847931902445,0.2521413972436564,1.3521465,4.322395963615993,-4.205617673894895,5000,-30.70100901943273,Low,15.5
78752.2,85.6,7172.5,500.0,51132.4,100.0,43887.2,1121.8,2550.5,40.9,7.2,28.498545561332907,produced,PR0162,2023-05-14 11:22:06.315789472,Ghawar,75.29022656987483,70.07340168938845,54.69201585802443,4.390683839075609,7.87522,0.3512547071260487,0.2,8.426474707126047,3.735945972842619,5.184183840695301,0.1051101025340826,1.425294,10.450533916072,2.0240592089459533,5000,14.775632225305458,Medium,10.0
76003.2,98.0,1000.0,2058.9,45950.6,100.0,20000.0,500.0,1493.1,10.7,8.0,52.177495976938346,produced,PR0163,2022-09-25 22:44:12.631578944,Ghawar,69.31828569871969,77.65262223387441,50.28027558118201,6.582131569890965,7.60032,0.5265705255912773,2.134,10.260890525591275,3.9321186715507577,0.665455542707709,0.479636951751972,0.989259,6.066470166010438,-4.194420359580839,5000,-30.619268624940123,Low,106.7
59901.6,10.0,5917.8,500.0,28429.6,1728.4,43471.5,2761.9,1616.5,26.2,6.83,53.08444608983584,produced,PR0164,2022-04-28 22:08:07.218045120,Ghawar,61.015130548999785,66.69008786296112,60.29906142353815,5.994507719106204,5.99016,0.4795606175284964,4.862,11.331720617528497,0.4811865101598344,3.466323259803561,0.1000351317944416,1.0785165,5.126061401757837,-6.20565921577066,5000,-45.301312275125824,Low,243.1
93697.6,71.8,5430.1,2908.6,67349.7,902.6,25885.9,1009.3,2320.1,36.5,5.5,32.08893017290345,produced,PR0165,2023-12-12 16:54:08.120300752,Bakken,65.81047110860942,56.7012263751241,72.48593655986791,6.132205536064174,9.36976,0.4905764428851339,3.512,13.372336442885135,4.153183215508816,3.4306314160018565,0.4947635611040578,1.3985340000000002,9.47711219261473,-3.895224250270406,5000,-28.43513702697396,Low,175.6
87645.6,113.8,6801.8,500.0,27720.9,880.2,67579.8,830.8,697.9,10.1,6.83,65.31316387867625,produced,PR0166,2020-03-25 03:50:58.646616541,Bakken,82.2267731372041,60.23823504056288,72.57449122640872,6.806032925973005,8.764560000000001,0.5444826340778404,4.714,14.02304263407784,6.590663727049119,5.369184629036495,0.0903573525608443,1.4295105000000004,13.479716208646458,-0.5433264254313812,5000,-3.966282905649083,Low,235.7
84006.8,70.2,1000.0,1524.0,61376.4,100.0,89188.4,2764.3,300.0,5.0,5.59,40.684394166757855,produced,PR0167,2022-03-26 23:45:33.834586464,Ghawar,80.44935859739294,55.20182737044608,53.19357818772541,6.827118614507544,8.400680000000001,0.5461694891606035,0.2,9.146849489160603,2.979882972645102,0.7723138425349722,0.2523827547376794,2.258472,6.263051569917753,-2.883797919242852,5000,-21.05172481047282,Low,10.0
101505.7,42.0,1262.3,2865.2,26644.8,1015.2,20000.0,500.0,1360.1,39.8,7.66,39.24370528630486,produced,PR0168,2020-08-29 12:05:24.812030076,Eagle_Ford,74.37133282335245,74.41786312821013,55.10881201320987,5.654956971457708,10.15057,0.4523965577166166,3.63,14.232966557716615,1.847026943434742,0.9012377608600108,0.6396661843048429,0.6996720000000001,4.087602888599596,-10.14536366911702,5000,-50.0,Low,181.5
67806.7,55.3,5983.9,2075.1,11000.7,1494.5,101369.2,500.0,300.0,52.5,7.32,70.0,produced,PR0169,2023-10-22 11:25:42.857142864,Bakken,71.65806159905317,75.38998592201936,60.20118327336334,5.486139451857941,6.78067,0.4388911561486353,4.308,11.527561156148636,2.65664209714356,4.1164288781047125,0.4693252793603471,1.6855485,8.92794475460862,-2.5996164015400165,5000,-18.97719973124212,Low,215.4
65536.6,47.6,1000.0,3000.9,44134.9,1489.7,46143.5,4589.0,3000.0,28.4,6.63,52.84150113550077,produced,PR0170,2023-04-11 12:59:32.932330832,Marcellus,76.17856698325272,79.9485104071034,69.51561362909254,5.00614482468073,6.553660000000001,0.4004915859744584,0.298,7.252151585974459,2.640536680578354,0.7313142430392261,0.7197524546420299,1.3541759999999998,5.445779378259609,-1.8063722077148492,5000,-13.1865171163184,Low,14.9
140204.9,41.8,1000.0,3860.6,10000.0,1201.0,20749.4,2869.2,2364.4,20.9,6.47,58.87935824528248,produced,PR0171,2022-10-03 06:22:33.383458640,Bakken,71.65620319608254,65.30486122632736,65.29628708829321,6.146714830607404,14.02049,0.4917371864485924,4.724,19.236227186448595,2.178049070631944,0.6878995506823924,0.7563478417510782,0.461241,4.083537463065414,-15.15268972338318,5000,-50.0,Low,236.2
107374.2,90.4,2023.4,500.0,48391.0,122.3,72732.6,1603.7,2931.2,33.1,6.59,65.32339397282757,produced,PR0172,2023-04-07 21:10:22.556390976,Marcellus,76.1076210179785,55.48245938503981,62.84624358800541,5.614626660939439,10.73742,0.4491701328751551,2.776,13.962590132875157,4.53367773544384,1.4783631395306662,0.0832236890775597,1.816854,7.912118564052066,-6.050471568823089,5000,-44.16844245240855,Low,138.8
118077.8,218.5,3384.0,2371.2,10000.0,987.9,36606.4,1994.8,1250.0,31.1,6.81,35.24289000811174,produced,PR0173,2020-12-13 14:51:25.714285716,Bakken,67.68510249150395,60.86824703725931,64.79829710556508,6.798625239220374,11.80778,0.5438900191376299,9.142,21.49367001913763,11.298425478217649,2.198845313579994,0.4329923621242477,0.699096,14.62935915392189,-6.864310865215742,5000,-50.0,Low,457.1
134044.2,35.4,6184.5,500.0,27024.8,1200.6,47547.9,2758.8,1640.5,34.9,6.03,63.74731645580519,produced,PR0174,2020-08-07 13:10:22.556390976,Ghawar,80.96243044778689,69.6942216915824,52.404992345057416,4.715877846137816,13.404420000000002,0.3772702276910252,0.2,13.981690227691026,1.480399109753996,4.806836650601645,0.1045413325373735,1.1185905,7.510367592893014,-6.471322634798011,5000,-47.24065523402548,Low,10.0
106037.8,60.9,2629.5,2994.7,10000.0,100.0,37871.7,3460.0,832.4,5.0,5.5,37.47158827503495,produced,PR0175,2020-05-11 17:30:13.533834586,Marcellus,77.54794733663167,79.04857417631841,61.94159105637267,4.930758058751472,10.60378,0.3944606447001177,5.738,16.736240644700118,3.0102498304758107,1.9575583442080609,0.7101802952574622,0.7180754999999999,6.396063969941334,-10.340176674758784,5000,-50.0,Low,286.9
122135.5,76.9,1783.5,1898.4,100000.0,127.2,25497.9,866.0,1906.3,8.6,7.94,36.83064915992554,produced,PR0176,2021-03-22 09:59:05.864661656,Eagle_Ford,68.2493907106923,57.589463786769855,74.8015822384782,4.948271342259906,12.21355,0.3958617073807924,2.212,14.821411707380792,4.590288855962902,1.1685387679921893,0.3279835141584117,1.8824685,7.969279638113502,-6.852132069267292,5000,-50.0,Low,110.6
50000.0,38.8,3622.8,533.1,10000.0,1332.9,71719.9,2549.2,300.0,13.1,6.41,40.92000041537796,produced,PR0177,2022-03-12 08:28:52.330827064,Bakken,80.76665287058603,58.03932550401857,52.2111536734772,6.417995363670121,5.0,0.5134396290936097,0.2,5.71343962909361,1.6165826244996704,2.808973728187768,0.0928222932785769,1.2257984999999998,5.744177145966014,0.0307375168724037,3000,0.3739731219475793,Low,10.0
93166.2,145.9,3939.2,3131.4,35245.3,1325.6,41411.0,1239.9,300.0,33.0,6.97,35.66902747582568,produced,PR0178,2022-10-28 21:06:46.015037600,Bakken,72.18356327132948,72.54397463197358,62.98116694087216,4.297120995526457,9.31662,0.3437696796421166,1.946,11.606389679642117,7.332783900825252,2.7297167274088423,0.6814926064876863,1.1498445,11.893837734721782,0.2874480550796647,5000,2.098370802081553,Low,97.3
77691.3,10.0,3882.5,4845.4,63582.6,100.0,20000.0,1716.5,567.4,33.7,7.09,57.33234648985744,produced,PR0179,2023-02-26 15:09:28.421052624,Ghawar,64.36597161843653,71.68017637553874,57.391231541434365,5.366947362966939,7.76913,0.4293557890373551,3.554,11.752485789037356,0.4579820277006463,2.3990484941623667,1.041957379830106,1.2537390000000002,5.152726901693119,-6.599758887344238,5000,-48.17823987761293,Low,177.7
152107.4,48.1,2644.0,1548.0,60909.6,1277.0,66531.8,2241.0,300.0,42.7,7.12,49.00815982717584,produced,PR0180,2022-07-18 10:09:55.488721808,Marcellus,61.942811550088166,61.26265888279583,63.49783242154898,5.282742210919142,15.21074,0.4226193768735314,5.074,20.70735937687353,2.437288100102252,1.5722572198889575,0.2845037878517038,1.911621,6.205670107842914,-14.501689269030615,5000,-50.0,Low,253.7
122105.8,129.1,1000.0,610.4,56283.6,857.2,20000.0,1990.0,2382.3,35.2,5.63,37.63163378074331,produced,PR0181,2022-09-22 06:55:02.255639104,Ghawar,77.49014369093051,75.32861977536297,64.34546900084366,4.219418863041276,12.21058,0.337553509043302,6.444,18.992133509043303,6.628986038311115,0.7439053794329328,0.1379417685326446,1.144254,8.655087186276692,-10.33704632276661,5000,-50.0,Low,322.2
59782.2,62.4,1164.8,2830.1,27069.3,1268.6,20000.0,3103.4,2652.5,5.0,5.5,55.11757549732233,produced,PR0182,2022-12-08 03:07:40.150375936,Marcellus,81.62802010520026,58.21946888693658,64.4368224529869,5.232390995633041,5.97822,0.4185912796506433,5.844,12.240811279650645,3.208644461410973,0.9127710510579576,0.4943007566907575,0.7060395,5.321755769159689,-6.919055510490954,5000,-50.0,Low,292.2
99911.8,30.7,5840.5,500.0,68777.2,419.3,85778.2,2730.6,300.0,58.9,6.21,40.87226343920481,produced,PR0183,2022-07-29 09:37:26.616541360,Bakken,80.18604971486359,78.143546119419,71.30521963277216,5.540133949851944,9.99118,0.4432107159881555,1.07,11.504390715988157,1.7468780536954325,4.495935584252744,0.1172153191791285,2.318331,8.678359957127304,-2.826030758860851,5000,-20.630024539684207,Low,53.5
91707.3,106.4,3374.1,1179.2,57834.8,1187.1,20000.0,500.0,2233.4,55.4,7.2,40.07894444452985,produced,PR0184,2023-08-28 14:08:07.218045120,Bakken,76.39127575555379,60.02579825831054,59.743685366841525,4.195314077514739,9.17073,0.3356251262011791,5.26,14.76635512620118,5.072669042179488,2.4744173138574146,0.2123472639185993,1.167522,8.926955619955502,-5.839399506245679,5000,-42.62761639559345,Low,263.0
103173.3,134.4,2355.0,4944.8,40307.5,1306.3,20000.0,500.0,1961.1,5.0,6.07,45.73025827352316,produced,PR0185,2022-12-15 10:46:00.902255632,Bakken,63.5343763901192,57.03380931807513,62.9088540666624,5.529586385334002,10.31733,0.4423669108267202,3.782,14.54169691082672,6.747050089274422,1.4363851814278148,0.8460623409480537,0.9046125,9.934110111650291,-4.607586799176429,5000,-33.635383633987935,Low,189.1
50000.0,92.6,5236.3,2624.4,41014.5,589.2,68685.8,1445.4,300.0,36.7,6.45,51.951905334993256,produced,PR0186,2023-05-29 02:38:47.819548880,Bakken,62.351101899416335,63.48805216184637,50.27320997419371,6.877713714050204,5.0,0.5502170971240163,1.69,7.240217097124017,3.71492879640105,3.1342951188087724,0.4998541322806488,1.6455045,8.994582547490472,1.7543654503664552,3000,21.344779646125208,High,84.5
99400.7,31.9,1000.0,500.0,27401.9,810.7,40884.1,4742.9,887.8,18.1,8.0,50.847714740661296,produced,PR0187,2021-03-15 02:20:45.112781952,Permian_Basin,68.62574057529314,59.69603221336362,69.73876503949417,6.936742969484596,9.94007,0.5549394375587677,2.576,13.071009437558768,1.7752839505983713,0.6588071095228142,0.0895440483200454,1.02429,3.5479251084412304,-9.523084329117538,5000,-50.0,Low,128.8
75873.9,107.4,2549.3,500.0,12258.7,410.9,43470.3,722.6,735.9,32.8,5.5,39.55126226620754,produced,PR0188,2021-07-02 20:55:56.390977440,Bakken,81.37277225996922,68.17353062590082,56.48719268439632,5.5950393357694335,7.58739,0.4476031468615546,1.58,9.614993146861554,4.841246146454724,1.99145863989446,0.1022602959388512,0.8359350000000001,7.770900082288035,-1.844093064573519,5000,-13.461879371386686,Low,79.0
96298.0,55.9,3275.5,2824.2,65928.8,1791.0,40565.0,1687.7,1798.4,51.1,6.04,57.70666811159104,produced,PR0189,2022-11-27 03:40:09.022556384,Bakken,84.0434067576666,72.17116343429315,70.4138756010129,5.545290797808876,9.6298,0.4436232638247101,3.074,13.147423263824711,3.1410362455851035,2.6427281168134744,0.611477399313392,1.5974070000000002,7.992648761711971,-5.1547745021127405,5000,-37.62985386542301,Low,153.7
56024.6,124.7,2117.2,4224.8,67805.2,727.8,56950.1,1195.5,300.0,72.6,8.0,41.66408773380516,produced,PR0190,2023-07-19 08:07:13.082706768,Marcellus,66.03402137117678,67.27303946195728,56.64096665950793,4.856524499249174,5.60246,0.3885219599399339,1.54,7.530981959939933,5.636376576867631,1.3421494084517325,0.8526454113566314,1.8713295,9.702500896675994,2.171518936736061,5000,15.852088238173245,High,77.0
61597.5,169.0,3201.5,500.0,12897.3,246.8,27418.4,1168.9,1120.9,45.0,6.76,35.175232670869214,produced,PR0191,2020-03-06 20:45:06.766917293,Bakken,79.052391764543,71.51518329527444,50.26971240656231,6.991346415136305,6.159750000000001,0.5593077132109044,0.944,7.663057713210905,6.779473954573806,2.429627829448171,0.1072727749429116,0.6047355,9.921110058964889,2.258052345753984,5000,16.483782124004083,High,47.2
131953.7,10.0,2624.6,3399.4,31155.4,370.5,94283.4,2267.4,651.3,35.9,6.09,25.0,produced,PR0192,2023-01-28 08:36:05.413533840,Bakken,74.34673042268014,64.1230128599996,53.870782954836166,4.822687513075678,13.195370000000002,0.3858150010460542,3.958,17.539185001046057,0.4298888479795926,1.8732521152067163,0.6539393097488481,1.881582,4.8386622729351565,-12.7005227281109,5000,-50.0,Low,197.9
50000.0,86.7,1000.0,5160.7,31414.4,876.1,20000.0,4101.2,1578.7,23.2,7.97,59.74767721498532,produced,PR0193,2023-05-25 10:49:37.443609024,Marcellus,60.79518417694857,55.698064930966,74.6420725643042,5.358703901319869,5.0,0.4286963121055895,4.258,9.686696312105587,5.1642312176774885,0.5836337680987063,0.8623230110677087,0.771216,7.381403996843903,-2.3052923152616858,3000,-28.04772316901717,Low,212.9
50000.0,10.0,3363.0,6275.7,34183.6,1252.0,63346.2,2684.0,1026.6,33.6,6.86,45.18585114291011,produced,PR0194,2021-05-23 14:55:02.255639096,Bakken,73.5729087483235,79.35160310562873,57.99503114869971,4.0088021734080295,5.0,0.3207041738726424,2.624,7.944704173872642,0.4628003485666238,2.3752866443578746,1.4939605668299825,1.462947,5.79499455975448,-2.149709614118162,3000,-26.15480030510431,Low,131.2
82936.7,226.5,1000.0,3162.4,36607.4,100.0,69263.6,794.7,771.8,57.2,6.45,48.16308537765772,produced,PR0195,2021-04-09 17:04:57.744360904,Bakken,80.14851007473388,75.48533761349988,52.72059755031868,5.0476968727274105,8.29367,0.4038157498181928,5.736000000000001,14.433485749818194,9.52908984542745,0.7694256967174452,0.7161444950067961,1.588065,12.602725037151693,-1.8307607126665035,5000,-13.364553202465473,Low,286.8
54124.4,51.9,3331.2,3513.6,58671.5,1908.6,27210.4,6129.0,1029.4,29.1,6.99,60.687043735492736,produced,PR0196,2022-07-11 02:31:34.736842112,Ghawar,66.90306958360067,56.8354706021157,52.968970090643765,4.214320901826472,5.41244,0.3371456721461178,2.48,8.229585672146118,2.19377345906812,2.1395280518101494,0.599091328522781,1.2882285,6.220621339401051,-2.008964332745068,5000,-14.665439629038996,Low,124.0
50000.0,124.8,5748.3,500.0,16319.6,985.2,20000.0,2117.9,2828.8,12.3,6.14,37.83890652603276,produced,PR0197,2022-11-08 20:34:17.142857136,Permian_Basin,82.43404059926152,66.22940990390836,57.7585678514306,6.231474311155397,5.0,0.4985179448924318,2.394,7.892517944892432,5.752198875751113,4.549013717536656,0.0993441148558625,0.544794,10.94535070814363,3.0528327632511987,3000,37.14279861955625,High,119.7
89203.0,77.9,2438.0,6699.5,13841.3,1079.9,80515.2,1134.2,866.5,5.0,5.78,25.0,produced,PR0198,2023-06-12 17:55:29.323308272,Marcellus,65.90651017186592,70.87547675179687,50.94112602791908,5.683043359089797,8.920300000000001,0.4546434687271837,4.32,13.694943468727184,3.166714346624768,1.5425286892704873,1.4244907694959896,1.4153475,7.549081305391245,-6.1458621633359405,5000,-44.864793792352366,Low,216.0
50000.0,31.8,1000.0,1349.0,65915.5,741.7,20274.2,4118.1,367.2,40.3,6.69,46.04671053322828,produced,PR0199,2022-03-16 00:18:02.706766920,Ghawar,61.91182831610136,59.76485676431595,62.787214703048846,5.716515631862969,5.0,0.4573212505490375,2.736,8.193321250549038,1.5933134751904487,0.594353551834573,0.2418683753251866,1.2928455,3.722380902350208,-4.47094034819883,3000,-50.0,Low,136.8
50000.0,24.7,2746.0,633.1,23433.9,811.6,31800.1,1296.4,1666.7,34.9,5.79,49.61942328120443,produced,PR0200,2022-11-16 04:12:37.894736848,Eagle_Ford,63.9984827359891,69.44971528406928,55.34352288723301,4.859533857699109,5.0,0.3887627086159287,3.17,8.558762708615928,1.0908540422210948,1.6871024024930503,0.1319058442390328,0.8285100000000001,3.738372288953178,-4.820390419662751,3000,-50.0,Low,158.5
167163.8,175.1,1336.1,1989.6,10000.0,711.0,76619.3,4494.4,1085.2,17.1,6.81,41.057264007594405,produced,PR0201,2023-12-27 08:10:49.624060144,Eagle_Ford,80.92507171802296,68.34121545294218,62.98276603492181,6.44468887075892,16.71638,0.5155751096607136,0.2,17.431955109660713,8.80056930150642,1.0379902878955245,0.4079150467955212,1.2992895,11.545764136197466,-5.886190973463247,5000,-42.9691941062817,Low,10.0
103379.0,137.4,4189.0,5523.3,22871.8,1410.7,51042.2,694.0,300.0,50.5,7.15,67.10606367114254,produced,PR0202,2020-12-20 22:29:46.466165412,Permian_Basin,70.4326479759882,60.20662971336762,53.51910546748051,4.00981277599375,10.3379,0.3207850220795,3.034,13.692685022079502,5.868113022802994,2.832406678765581,0.99761783368753,1.10871,10.806847535256106,-2.885837486823396,5000,-21.06661365381079,Low,151.7
55137.5,196.6,2704.0,6916.1,26748.7,795.2,20000.0,4145.0,2985.2,21.6,7.65,25.0,produced,PR0203,2020-08-03 21:21:12.180451128,Eagle_Ford,79.92363909054144,58.53025773193633,60.74643072543731,5.000803537492576,5.51375,0.4000642829994061,0.2,6.113814282999406,9.530313127935536,2.074689792967911,1.2144033464995347,0.7012305,13.520636767402982,7.406822484403576,5000,54.0698041361461,High,10.0
101728.6,83.3,6419.5,2750.8,73874.1,1260.2,102411.8,2301.6,918.0,27.3,7.93,61.80084956849674,produced,PR0204,2021-12-10 20:59:32.932330824,Permian_Basin,73.28082652473988,73.97405724046594,64.94792146003111,5.978492471376603,10.172860000000002,0.4782793977101282,0.5579999999999999,11.20913939771013,4.317309162381232,4.5160921524054505,0.6104635099712211,2.6442885000000005,12.088153324757904,0.8790139270477741,5000,6.416801667448752,Medium,27.9
107693.2,97.3,5326.0,4496.2,58120.7,539.7,34099.7,3936.6,897.7,29.7,6.39,56.86730475546339,produced,PR0205,2020-12-31 21:57:17.593984964,Eagle_Ford,72.01397811986078,63.06466115374084,51.5499984584527,6.723767612250763,10.76932,0.537901408980061,0.33,11.63722140898006,4.002620250305943,3.682045895677234,0.8506539884383485,1.383306,9.918626134421526,-1.718595274558535,5000,-12.545745504277305,Low,16.5
124776.6,64.0,2693.8,2586.4,63688.0,917.4,37917.3,4852.6,1327.9,23.0,7.3,51.85156166550689,produced,PR0206,2021-08-15 18:46:00.902255640,Eagle_Ford,80.17282878731163,61.101013346056085,59.96873273127646,4.703847870775699,12.477660000000002,0.3763078296620559,0.914,13.767967829662055,3.062723118051752,2.0733078353976966,0.4740949827547184,1.5240795,7.134205436204167,-6.63376239345789,5000,-48.4264654722426,Low,45.7
79913.8,62.8,4431.2,500.0,55499.3,317.6,57673.5,500.0,2584.1,34.7,7.29,25.0,produced,PR0207,2021-06-21 21:28:25.263157896,Ghawar,70.5871902928094,73.44695882014972,57.5630955247422,5.623300155182254,7.99138,0.4498640124145803,1.902,10.34324401241458,2.88473999436514,3.002745193204771,0.1101704382302245,1.6975919999999998,7.695247625800135,-2.6479963866144445,5000,-19.330373622285443,Low,95.1
124059.9,17.5,2213.5,5453.5,58656.1,1529.9,68752.3,3913.7,300.0,53.0,7.13,64.25833174905402,produced,PR0208,2023-02-15 15:41:57.293233088,Eagle_Ford,80.05081827665921,73.40171730057455,56.00899541221585,5.613974261599964,12.40599,0.4491179409279971,2.028,14.883107940927998,0.7821656209315945,1.7010478680516976,1.20088879589605,1.911126,5.595228284879342,-9.287879656048656,5000,-50.0,Low,101.4
50000.0,85.0,3067.9,1255.7,17797.9,299.8,108833.1,500.0,1420.8,7.2,6.32,29.603488340461723,produced,PR0209,2023-01-24 16:46:55.037593984,Permian_Basin,62.51655412408614,61.91004140840573,65.1133656521124,6.6225231071311,5.0,0.529801848570488,4.328,9.857801848570489,4.416639592182785,1.8412275494139247,0.2332213169896052,1.899465,8.390553458586314,-1.4672483899841744,3000,-17.85152207814079,Low,216.4
50000.0,32.6,2277.1,5571.1,30034.9,605.0,20000.0,500.0,2869.8,39.8,5.77,37.3846203242492,produced,PR0210,2023-07-04 16:50:31.578947376,Bakken,75.90777038848141,76.81421153129634,64.71354964413518,4.151550668679527,5.0,0.3321240534943622,3.444,8.776124053494362,1.683510051282248,1.659356005935466,1.2838189615860152,0.7505235,5.377208518803729,-3.398915534690633,3000,-41.35347233873603,Low,172.2
91554.9,106.5,4532.9,5097.1,10252.1,611.0,74778.6,794.9,1303.0,33.4,7.3,42.44111002814897,produced,PR0211,2020-07-12 22:26:09.924812030,Bakken,77.56467641379962,72.20625412680856,65.76749516694234,5.273426683212122,9.15549,0.4218741346569697,0.2,9.777364134656969,5.589382111752929,3.3752920484746776,1.1041274937292676,1.2754605,11.344262153956873,1.566898019299904,5000,11.4383555408893,Medium,10.0
98185.3,90.2,5866.0,3728.1,29737.8,587.6,72290.3,2755.5,300.0,33.1,5.5,51.11127051977963,produced,PR0212,2020-09-16 19:11:16.691729324,Bakken,82.47743490354357,63.64410544553845,53.97206676081304,4.547397024375795,9.81853,0.3637917619500636,3.1660000000000004,13.348321761950064,3.884887776616618,4.644601278184191,0.7118147685345356,1.5304215,10.771725323335346,-2.576596438614718,5000,-18.809154001887443,Low,158.3
50000.0,97.3,4597.3,6157.9,52102.6,1233.5,45885.1,2049.5,705.3,47.4,6.53,54.59142063288824,produced,PR0213,2022-12-30 02:02:42.406015040,Permian_Basin,65.60809796790487,65.68724125461647,57.14273112155819,4.064597800895794,5.0,0.3251678240716635,3.636,8.961167824071664,4.436870215025834,2.895553044363352,1.213486388765408,1.4698155,10.015725148154594,1.0545573240829302,3000,12.830447443008982,Medium,181.8
95376.8,180.5,4843.9,6964.7,38364.6,610.0,73618.2,1749.3,1365.5,31.0,5.5,58.39260831478945,produced,PR0214,2023-10-29 19:04:03.609022560,Permian_Basin,75.10549700232129,73.16774214826545,55.24196944987697,4.4410928215614485,9.53768,0.3552874257249159,2.342,12.234967425724916,7.95699803759083,3.492513762523623,1.528774121220073,1.679742,14.658027921334526,2.42306049560961,5000,17.68834161795015,High,117.1
60046.4,77.7,4846.1,2149.5,67787.0,1636.4,78028.2,2219.4,2264.6,39.6,5.5,57.23780265117775,produced,PR0215,2021-03-04 02:53:13.984962408,Bakken,70.83141409223057,60.2895958223873,63.51259012494605,6.929412018544597,6.00464,0.5543529614835678,2.878,9.436992961483568,3.938072745661229,3.2952587119906425,0.3887774586606645,2.1872280000000006,9.809336916312535,0.3723439548289686,5000,2.718110870251471,Low,143.9
73921.6,125.4,4102.5,882.4,10000.0,308.9,20000.0,2886.9,928.5,44.3,5.92,48.79390806319689,produced,PR0216,2020-08-14 20:48:43.308270676,Eagle_Ford,69.56929138860073,66.7190198118806,61.52664223024041,4.644545528560804,7.39216,0.3715636422848643,3.38,11.143723642284863,6.156921866666375,2.739916972048651,0.1766185892460103,0.45,9.523457427961034,-1.6202662143238309,5000,-11.827943364563964,Low,169.0
125991.0,203.1,1000.0,500.0,47506.0,901.6,102493.0,3002.4,1861.3,19.9,7.9,51.23883988586386,produced,PR0217,2020-11-18 00:07:13.082706768,Bakken,62.66783888029894,71.3389585564525,58.257343439818754,6.8050923200074,12.5991,0.544407385600592,4.53,17.673507385600594,9.441989029196495,0.6016112532508698,0.1070084378346787,2.249985,12.400593720282046,-5.272913665318548,5000,-38.4922697568254,Low,226.5
121357.5,158.4,6401.9,6989.4,10000.0,334.5,20000.0,3641.3,300.0,36.0,7.49,28.638694262666306,produced,PR0218,2023-02-19 07:31:07.669172928,Marcellus,63.35583326487355,68.48746370021783,69.65037022171083,4.615763027892825,12.13575,0.369261042231426,0.2,12.705011042231424,8.80402967720896,3.8937380061925824,1.4360588363589073,0.45,14.58382651976045,1.8788154775290256,5000,13.715352985961884,Medium,10.0
50000.0,149.2,6608.8,1620.6,37354.4,1052.6,20000.0,4730.1,300.0,25.0,6.25,33.734597897714664,produced,PR0219,2020-06-06 08:14:26.165413534,Permian_Basin,80.92471153619115,70.20820864761234,52.34934361020957,6.793885682153453,5.0,0.5435108545722763,2.512,8.055510854572276,6.232796609181328,5.134226242563649,0.3413382688029616,0.8603160000000001,12.56867712054794,4.513166265975663,3000,54.91018956937056,High,125.6
50000.0,61.6,2532.2,4770.1,53508.3,790.4,42146.4,1968.0,813.8,27.3,7.53,58.431903355122486,produced,PR0220,2022-02-22 01:23:00.451127816,Marcellus,78.74383580813905,68.65531248691948,74.37241721889106,5.963862805600943,5.0,0.4771090244480754,6.016,11.493109024448074,3.655910038745584,1.914193353920349,0.982478118281564,1.4348205000000005,7.987402010947497,-3.5057070135005777,3000,-42.65276866425703,Low,300.8
68553.1,93.8,2258.6,1017.5,29637.4,707.0,107748.2,1218.4,2350.4,23.6,7.69,57.55814230093021,produced,PR0221,2023-08-24 22:18:56.842105264,Marcellus,69.55852825727752,59.9806860947505,52.913601945382965,4.33965573250578,6.855310000000001,0.3471724586004624,5.834,13.036482458600464,3.960710098256584,1.508206962450115,0.1830910443042259,2.060784,7.712792105010925,-5.323690353589539,5000,-38.862939581203634,Low,291.7
83930.1,10.0,4224.8,5576.5,48778.2,1513.1,40752.3,2920.3,1255.1,39.4,6.64,55.85699124666631,produced,PR0222,2022-10-21 13:28:25.263157888,Permian_Basin,80.71216453474077,65.25513362431553,69.32677031420923,5.745745465379733,8.39301,0.4596596372303786,4.702,13.55466963723038,0.5532276271073897,3.273530426173179,1.0916857579679866,1.3429575,6.261401311248555,-7.293268325981824,5000,-50.0,Low,235.1
58684.1,109.9,4101.6,1099.8,11006.7,407.4,49042.0,500.0,1431.8,31.6,5.5,37.28374857515209,produced,PR0223,2023-12-05 09:15:47.368421056,Bakken,62.01915462058946,68.29963738693864,59.2057547290208,4.955542112620836,5.86841,0.3964433690096668,4.074,10.338853369009666,5.1923565308860695,2.4420265400813737,0.2253478235944652,0.9007305,8.760461394561908,-1.578391974447758,5000,-11.522261413468632,Low,203.7
126625.7,96.5,2596.1,500.0,10000.0,1151.9,92962.4,981.9,1422.5,37.9,6.59,58.65738197915544,produced,PR0224,2020-05-15 09:19:23.909774436,Ghawar,75.61934792582922,74.50156855864866,71.63155572829514,5.149459467934211,12.66257,0.4119567574347368,6.3100000000000005,19.384526757434735,5.516131211968824,1.8846277358423544,0.1117523528379729,1.544436,9.056947300649153,-10.327579456785587,5000,-50.0,Low,315.5
98895.6,81.4,1000.0,2083.0,48925.7,338.6,40990.5,3499.1,2087.4,29.6,6.7,27.58133321279463,produced,PR0225,2021-08-26 18:13:32.030075192,Marcellus,81.7044013178572,71.34760592923857,51.85424871960405,5.320512873504919,9.88956,0.4256410298803935,6.836,17.151201029880397,3.3683068049290648,0.7843622526514292,0.4458511894518118,1.348743,5.947263247032305,-11.203937782848092,5000,-50.0,Low,341.8
101243.4,141.6,3611.4,1436.4,78600.3,867.6,20000.0,1813.8,711.8,5.0,5.57,61.16039714793409,produced,PR0226,2020-07-05 14:47:49.172932330,Bakken,80.97160577578123,65.66477362964837,59.36804275480844,5.268121067591004,10.12434,0.4214496854072803,2.742,13.28778968540728,6.708398853556539,2.807240228147101,0.2829626425248808,1.4790045,11.27760622422852,-2.010183461178759,5000,-14.67433926660494,Low,137.1
50000.0,10.0,4102.9,3692.6,10098.9,100.0,37483.0,500.0,1750.6,30.6,7.17,41.08693798131165,produced,PR0227,2021-06-03 14:22:33.383458648,Ghawar,69.3195689985465,79.35999580397863,58.38608516250591,5.992326671449087,5.0,0.479386133715927,1.062,6.541386133715927,0.4659209595967971,2.7303480925837094,0.8791341615173145,0.7137285000000001,4.789131713697821,-1.7522544200181065,3000,-21.31909544355363,Low,53.1
131691.6,178.1,4451.6,2397.2,65554.9,402.5,91123.8,500.0,535.3,31.3,7.08,70.0,produced,PR0228,2020-06-28 07:09:28.421052632,Marcellus,78.63084632642473,57.69488804199313,74.82892595563838,6.30510420577229,13.169160000000002,0.5044083364617832,2.46,16.133568336461785,10.634971306733958,3.360317524864439,0.4149185568427977,2.3501805,16.760387888441194,0.6268195519794091,5000,4.575782729449686,Low,123.0
50000.0,134.1,3698.6,3755.4,36085.6,750.7,52125.9,2073.1,2786.6,34.9,7.25,25.0,produced,PR0229,2022-05-24 12:52:19.849624064,Bakken,70.68670363799694,60.17012171387421,74.63872487224064,4.987533067603364,5.0,0.3990026454082691,9.194,14.59300264540827,7.987224298283241,2.509841683924756,0.6778886252528497,1.3231725,12.498127107460848,-2.0948755379474218,3000,-25.4876523783603,Low,459.7
118362.2,75.8,2457.8,1918.0,10000.0,1888.8,107919.7,3712.8,559.7,18.1,7.08,70.0,produced,PR0230,2021-10-06 00:14:26.165413536,Marcellus,81.00345410974873,63.5328152507916,54.7450989666597,6.773091885057069,11.83622,0.5418473508045656,0.2,12.578067350804568,3.3114434443348983,1.9112667793050284,0.3655678189530548,1.7687955,7.357073542592982,-5.220993808211585,5000,-38.11325479994457,Low,10.0
122372.5,71.1,4988.0,1169.8,10000.0,860.5,72138.0,3692.8,494.1,6.1,7.53,39.57803506254808,produced,PR0231,2020-04-01 11:29:19.398496241,Bakken,73.26904875387558,60.71430192469775,65.74867401745847,6.815398942056629,12.23725,0.5452319153645303,2.0580000000000003,14.840481915364531,3.7304351166677554,3.5084737457695816,0.2130707711745343,1.23207,8.68404963361187,-6.156432281752661,5000,-44.94195565679443,Low,102.9
67704.0,108.8,3131.7,1332.9,35394.6,1792.8,30655.7,2166.3,1639.7,42.5,6.62,39.30781115982384,produced,PR0232,2020-04-16 02:46:00.902255640,Eagle_Ford,79.12142622762603,70.63604992015028,63.38798549777351,4.12207131145343,6.7704,0.3297657049162744,0.2,7.300165704916275,5.503497032081891,2.3787318769637413,0.2824523728157049,0.9907545,9.155435781861335,1.8552700769450616,5000,13.543471561698952,Medium,10.0
135916.4,171.3,2070.2,6589.9,24888.4,932.2,51532.3,5013.4,1263.8,24.5,7.0,47.92258228478396,produced,PR0233,2022-02-11 01:55:29.323308272,Eagle_Ford,61.96428955729179,55.98876823340638,53.85933728101847,4.044726366649056,13.59164,0.3235781093319245,3.25,17.165218109331924,7.362431372038294,1.2314733335184525,1.106881151343974,1.1463105000000002,10.84709635690072,-6.318121752431203,5000,-46.12228879274778,Low,162.5
82476.1,86.1,2638.7,2950.3,10000.0,567.7,24403.5,1842.8,1461.5,33.4,6.4,34.543816307989545,produced,PR0234,2023-05-03 11:54:35.187969920,Permian_Basin,74.75064929022157,59.4359196068354,54.19449265261058,5.275198990453183,8.247610000000002,0.4220159192362546,0.594,9.263625919236256,3.723584362277037,1.8935475675082332,0.5260613808481394,0.5160525,6.65924581063341,-2.604380108602846,5000,-19.011974792800785,Low,29.7
87497.3,88.6,1000.0,500.0,10000.0,1723.6,29947.0,1792.1,1381.9,24.4,6.22,43.9150649804654,produced,PR0235,2021-09-06 17:41:03.157894736,Ghawar,73.75710443673347,62.33368094146511,74.73129321198887,5.771935752962976,8.749730000000001,0.461754860237038,2.782,11.99348486023704,5.283711677708607,0.7080682025926414,0.0935005214121976,0.599205,6.684485401713445,-5.308999458523594,5000,-38.75569604722224,Low,139.1
98581.2,81.1,2635.5,1459.6,13832.0,1062.2,150000.0,500.0,327.7,29.9,8.0,33.935606020937186,produced,PR0236,2020-05-30 00:36:05.413533834,Marcellus,75.24941804337901,72.08364437698292,61.31824984052332,4.8337142423561845,9.85812,0.3866971393884947,0.2,10.444817139388494,3.96838222952902,1.903870476031924,0.3156398619979328,2.45748,8.645372567558876,-1.7994445718296177,5000,-13.13594537435621,Low,10.0
200000.0,186.9,4376.9,2693.7,39845.2,414.4,80558.7,1329.0,2490.7,21.0,5.5,34.484047035312194,produced,PR0237,2022-09-03 23:49:10.375939856,Marcellus,77.39104019788975,76.8966220645282,53.14503230000184,4.778241253257323,20.0,0.3822593002605858,4.236000000000001,24.618259300260583,7.926379616422535,3.2518353008845797,0.6214092925656588,1.8060585,13.605682709872774,-11.012576590387813,5000,-50.0,Low,211.8
138777.4,57.9,3679.6,6190.8,34840.0,1082.3,75832.9,3278.0,1914.8,10.6,7.68,52.30328925450858,produced,PR0238,2023-11-28 01:37:26.616541360,Bakken,82.95272425085355,74.96229426382637,55.36975096848136,6.035001489127572,13.87774,0.4828001191302057,5.444,19.80454011913021,2.558315047697906,2.9302353038730318,1.392229713985489,1.6600935,8.540873565556426,-11.26366655357378,5000,-50.0,Low,272.2
113045.2,78.2,6041.3,4557.4,22469.1,624.4,31304.6,4345.9,2287.2,39.5,6.18,31.476517570447257,produced,PR0239,2021-04-28 00:10:49.624060152,Ghawar,79.64205204440077,59.55202333125637,56.70870168121374,5.805112853966709,11.30452,0.4644090283173367,2.232,14.000929028317335,3.538827136233789,4.618958678552048,0.8142071733896032,0.8066055,9.77859848817544,-4.222330540141897,5000,-30.82301294303585,Low,111.6
50000.0,167.8,2474.1,656.6,40047.2,100.0,97087.5,754.6,777.3,17.9,6.05,33.47708647491777,produced,PR0240,2020-04-19 18:35:11.278195488,Marcellus,65.49094978587262,69.13514396102673,62.77293158296549,4.501440624979329,5.0,0.3601152499983464,2.73,8.090115249998346,8.405571739858045,1.5554991251061834,0.1361824065744304,2.0570205,12.15427377153866,4.064158521540312,3000,49.4472620120738,High,136.5
90743.6,88.8,3974.6,7336.0,61000.7,1361.6,82982.5,2693.4,1533.2,33.3,7.06,25.0,produced,PR0241,2023-06-01 18:27:58.195488720,Ghawar,80.6474067323024,55.750566133617184,58.38870323765774,6.653502889795476,9.07436,0.5322802311836381,2.674,12.280640231183638,4.137563644308198,3.077195354862808,1.2270755356575276,2.159748,10.601582534828534,-1.6790576963551036,5000,-12.257121183392256,Low,133.7
52475.0,148.2,4585.5,2437.7,44853.2,1457.0,106448.6,3570.3,1357.9,38.2,5.5,37.44103980057991,produced,PR0242,2023-06-20 01:33:50.075187968,Ghawar,63.05199194037739,62.76341938382153,61.375294647248026,6.039928210483209,5.2475000000000005,0.4831942568386567,3.362,9.09269425683866,7.258463296044281,2.7755991268089653,0.4589951622958251,2.269527,12.762584585149073,3.669890328310412,5000,26.790199396666008,High,168.1
117884.4,25.3,7685.7,4992.7,31967.3,1902.8,104993.4,2016.8,2102.4,18.3,5.98,64.67403044585883,produced,PR0243,2020-12-09 23:02:15.338345864,Eagle_Ford,75.55496464187674,75.14959487070817,54.16248877753407,5.087728747507025,11.78844,0.407018299800562,2.924,15.11945829980056,1.0935081509251463,5.574650800781491,1.125598146932954,2.0544104999999995,9.848167598639591,-5.27129070116097,5000,-38.48042211847508,Low,146.2
90618.7,67.7,3289.5,500.0,58201.8,1053.3,20000.0,500.0,2128.2,5.9,5.95,32.310995398455475,produced,PR0244,2021-02-21 03:25:42.857142856,Marcellus,82.06884520614858,66.41664284358349,58.168217264687655,6.05087406997345,9.06187,0.484069925597876,4.5360000000000005,14.081939925597876,3.142514670437845,2.591668476534007,0.0996249642653752,1.173027,7.006835111237227,-7.075104814360649,5000,-50.0,Low,226.8
50000.0,169.1,1000.0,500.0,11003.7,650.8,20000.0,2370.9,1354.4,78.5,6.58,34.02550102219138,produced,PR0245,2020-01-11 23:27:31.127819548,Marcellus,62.5280513553726,58.748533056895866,51.75791481794385,4.337959260303448,5.0,0.3470367408242758,5.466,10.813036740824275,6.984306189780015,0.600269293011577,0.0881227995853438,0.4650555,8.137753782376937,-2.6752829584473403,3000,-32.54927599444264,Low,273.3
88245.0,39.4,4695.9,500.0,29377.0,1301.0,20000.0,3142.1,300.0,19.4,6.0,47.90882919722304,produced,PR0246,2020-10-23 09:23:00.451127820,Permian_Basin,81.24231633275652,65.96383453720782,72.24275683689622,5.404768373722169,8.8245,0.4323814698977735,1.372,10.628881469897774,2.271398966260221,3.662455615363117,0.0989457518058117,0.740655,6.77345533342915,-3.855426136468624,5000,-28.14461079622095,Low,68.6
51023.3,70.9,6731.5,500.0,29972.8,1309.9,21681.8,578.9,2623.7,42.5,8.0,39.438053493007104,produced,PR0247,2022-04-06 23:13:04.962406016,Ghawar,79.96551835575613,59.950823136555705,54.96881192921445,4.506953228678678,5.10233,0.3605562582942942,2.382,7.844886258294295,3.110036435093481,5.167563713393015,0.0899262347048335,0.7748189999999999,9.14234538319133,1.2974591248970349,5000,9.471451611748355,Medium,119.1
91048.6,95.4,2354.9,6724.2,10000.0,1783.0,59703.6,1618.8,1644.8,68.8,8.0,70.0,produced,PR0248,2021-03-29 17:37:26.616541352,Bakken,72.59438584597677,64.82978644659907,68.92250338571847,4.12429373838531,9.10486,0.3299434990708248,4.804,14.238803499070826,5.24701504475204,1.6411441845954309,1.3077853500726644,1.045554,9.241498579420137,-4.997304919650691,5000,-36.480325913450045,Low,240.2
50636.9,20.7,4682.2,2929.1,24503.1,773.2,32995.9,500.0,713.3,45.8,5.5,42.56208052985615,produced,PR0249,2020-02-28 13:06:46.015037594,Eagle_Ford,67.7224400573851,67.19583681869608,58.73879470508365,5.0149788108649,5.06369,0.401198304869192,0.2,5.6648883048691925,0.9702826542153948,3.044064084832209,0.590469976876928,0.8624850000000002,5.467301715924532,-0.1975865889446604,5000,-1.442382099296021,Low,10.0
86099.5,55.2,5457.5,650.7,10000.0,700.7,112178.0,500.0,1525.2,24.0,7.34,50.028275193260576,produced,PR0250,2021-01-22 20:52:19.849624060,Permian_Basin,70.13595570178859,63.73895281277571,61.85993297349484,4.4522064504423495,8.60995,0.3561765160353879,0.2,9.166126516035389,2.7249053035092583,3.674562991128108,0.1244248097858194,1.83267,8.356563104423184,-0.8095634116122028,5000,-5.909812904769081,Low,10.0
115018.8,86.8,5034.1,3405.2,82804.5,370.7,107140.4,3540.5,300.0,28.7,7.66,59.15653177198983,produced,PR0251,2023-02-08 08:03:36.541353376,Eagle_Ford,84.21645339250529,78.42422376084653,57.28152598653067,5.900553870861474,11.501880000000002,0.4720443096689179,3.452,15.42592430966892,3.967685091593428,4.069958861022824,0.8011505002513039,2.8491735,11.687967952867556,-3.737956356801364,5000,-27.28708140464996,Low,172.6
82877.9,82.8,3251.1,2878.7,11564.7,1122.5,49806.2,1994.4,2044.3,13.3,7.34,58.86866798794276,produced,PR0252,2021-11-26 05:42:51.428571432,Bakken,65.04243890379615,69.06325743890955,67.41103177768424,6.022203682053131,8.28779,0.4817762945642505,3.992,12.76156629456425,4.45414347809142,2.030010941953264,0.5964371975681668,0.9205635,8.00115511761285,-4.760411176951401,5000,-34.75100159174522,Low,199.6
69364.5,156.8,1603.1,3741.9,74652.9,100.0,108659.8,4396.5,300.0,47.6,6.14,48.49931372336069,produced,PR0253,2021-10-24 07:20:18.045112784,Permian_Basin,74.49010719574738,76.07231684867241,71.11366048186768,4.44607691867981,6.936450000000001,0.3556861534943848,1.556,8.848136153494385,8.898196326918368,1.146384872116825,0.8539650072481418,2.7496905000000007,13.648236706283337,4.800100552788949,5000,35.04073403535933,High,77.8
93131.0,172.5,2837.4,4919.1,35952.1,1265.7,94644.0,3286.0,1023.3,41.3,6.56,42.58308769970999,produced,PR0254,2023-06-16 09:44:39.699248128,Eagle_Ford,62.0810186969671,74.01821367638951,57.1567546184897,4.073839016810279,9.3131,0.3259071213448223,1.842,11.481007121344824,7.8679130570082,1.6910273515274348,1.092308984686583,1.9589415,12.61019089322222,1.1291837718773952,5000,8.243041534704986,Medium,92.1
112887.3,28.6,3917.2,1920.2,49121.6,1152.7,36478.8,1468.7,1395.6,19.7,6.05,70.0,produced,PR0255,2022-06-22 19:25:42.857142864,Bakken,65.44732660472931,71.52915773169441,56.05544109158981,6.378431684905481,11.28873,0.5102745347924385,1.48,13.27900453479244,1.2793421209451363,2.461154570650038,0.4120508660291989,1.284006,5.436553557624373,-7.842450977168067,5000,-50.0,Low,74.0
50000.0,86.7,4816.4,740.3,22780.0,1151.0,20000.0,1875.2,2031.1,9.2,6.38,43.503595870286,produced,PR0256,2021-12-18 04:37:53.684210528,Permian_Basin,79.08290970186302,67.42221870756455,67.03600663659742,4.006171062185687,5.0,0.320493684974855,1.266,6.586493684974855,4.637993376763611,3.656591292365309,0.1497380055276301,0.6417,9.086022674656553,2.4995289896816963,3000,30.410936041127307,High,63.3
95426.2,120.5,3667.9,4155.6,40198.2,882.9,43460.9,2849.3,1285.2,5.0,5.59,38.37464843357279,produced,PR0257,2020-09-05 19:43:45.563909776,Bakken,67.56497600901318,55.054344594539685,54.87882651419302,5.031739267551366,9.54262,0.4025391414041093,4.386,14.331159141404108,5.277093078778287,2.3790871248332106,0.6863515031912074,1.2548865,9.597418206802704,-4.733740934601403,5000,-34.55630882259024,Low,219.3
137701.6,171.0,2240.2,4104.7,51262.2,1719.8,30661.3,3450.3,1708.0,49.7,6.69,35.31226517558972,produced,PR0258,2022-03-23 07:56:23.458646616,Permian_Basin,84.64415176406837,70.3366900138021,65.9959941402443,5.483749894137009,13.77016,0.4386999915309607,0.64,14.84885999153096,9.005681368389459,1.820350356305913,0.8661330344989602,1.2288525,12.921017259194333,-1.9278427323366287,5000,-14.073251946057388,Low,32.0
107946.3,123.1,4110.8,2701.5,51613.8,1323.2,56195.2,2484.0,1177.5,32.4,5.5,25.0,produced,PR0259,2022-07-25 17:48:16.240601504,Marcellus,72.520426077346,63.89893632506245,52.360701992340886,6.455926565615298,10.794630000000002,0.5164741252492239,2.468,13.779104125249225,5.143590727375217,2.8619228881800383,0.5178689294464686,1.617135,10.140517545001725,-3.6385865802475017,5000,-26.56168203580676,Low,123.4
87310.2,97.5,4720.2,6855.1,54369.3,435.8,52676.8,3658.4,1174.3,34.3,6.6,57.32423628355745,produced,PR0260,2020-03-28 19:40:09.022556391,Marcellus,72.91348313269357,57.94405417003297,65.50342899901717,6.515675928238422,8.731020000000001,0.5212540742590738,1.19,10.442274074259076,5.096494293268532,3.3039957415962258,1.1916368572229792,1.6056915,11.197818392087738,0.7555443178286634,5000,5.515473520149243,Medium,59.5
110589.5,120.0,3759.2,1624.4,25791.7,446.5,51890.5,1555.0,1268.4,13.5,5.55,25.0,produced,PR0261,2022-09-29 14:33:23.007518800,Eagle_Ford,60.90786848339338,66.11565659030194,62.83516835026083,6.174818321831366,11.05895,0.4939854657465093,0.2,11.75293546574651,6.017095721220977,2.198062648346615,0.3221948176958594,1.165233,9.702586187263451,-2.0503492784830595,5000,-14.967549732926331,Low,10.0
103099.9,120.4,1327.6,700.3,22991.0,272.2,65710.5,504.3,1048.8,5.0,7.01,44.91415738642619,produced,PR0262,2020-01-04 15:49:10.375939849,Ghawar,83.91316873943165,73.38883305708262,52.84764288940771,4.741592867619693,10.30999,0.3793274294095755,4.74,15.429317429409576,5.077559250699982,1.0694699790573068,0.1541825993696248,1.3305225,7.631734329126913,-7.7975831002826625,5000,-50.0,Low,237.0
115144.0,24.3,2637.2,3336.2,10000.0,1130.8,20000.0,1902.8,300.0,49.3,6.12,41.92709048592923,produced,PR0263,2021-01-04 13:46:27.969924812,Ghawar,64.35583602211045,79.0419448674676,66.22759087161499,6.160560802957512,11.5144,0.492844864236601,1.96,13.9672448642366,1.2842457056278354,1.6293044232720928,0.7910992094005362,0.45,4.154649338300464,-9.812595525936135,5000,-50.0,Low,98.0
50000.0,91.6,4895.6,1150.1,48080.5,199.9,62340.8,2307.8,585.3,30.8,7.09,70.0,produced,PR0264,2022-11-05 04:45:06.766917296,Bakken,73.45851497026106,64.35262227805205,61.16392892585189,4.739617593630825,5.0,0.379169407490466,3.3760000000000003,8.755169407490467,4.470887479907211,3.452385656528737,0.2220358526459629,1.6563195000000002,9.801628489081912,1.0464590815914452,3000,12.731918826029249,Medium,168.8
50000.0,167.5,1000.0,3491.0,62059.5,1450.0,36811.5,500.0,1395.8,48.1,7.88,25.0,produced,PR0265,2020-01-15 15:16:41.503759398,Permian_Basin,69.89186524896829,68.56808246762442,55.42787627042714,4.643824575195105,5.0,0.3715059660156084,0.2,5.571505966015609,7.408767081686644,0.6709619063900956,0.7181135276834305,1.483065,10.28090751576017,4.709401549744561,3000,57.29771885522549,High,10.0
125193.2,67.6,1000.0,834.0,75399.5,1593.8,55999.5,500.0,1000.7,22.3,8.0,31.483450695234644,produced,PR0266,2021-11-07 22:36:59.548872184,Marcellus,70.38961751861514,76.28110958408962,58.83460389255443,5.6413838626915975,12.51932,0.4513107090153278,1.516,14.486630709015328,3.17382094006307,0.6757403281787053,0.1908553361793922,1.970985,6.011401604421168,-8.47522910459416,5000,-50.0,Low,75.8
50000.0,87.8,6016.2,1699.5,42629.3,272.6,78722.3,2671.1,1075.4,25.3,5.5,42.95855311977526,produced,PR0267,2023-11-09 18:31:34.736842112,Ghawar,76.08250415090271,63.34998549875037,62.30255264097324,6.036563331502188,5.0,0.482925066520175,4.512,9.994925066520176,4.365190969258205,4.394184590137543,0.3229899010653788,1.8202740000000004,10.902639460461128,0.9077143939409532,3000,11.04385845961493,Medium,225.6
101061.5,65.4,4022.8,6281.7,15838.0,688.7,20000.0,1390.5,941.3,44.3,5.97,42.03705993796248,produced,PR0268,2022-07-14 18:20:45.112781952,Marcellus,76.55221692731193,58.55643112427038,52.28885568160955,4.159155297735042,10.10615,0.3327324238188033,8.174,18.612882423818803,2.7289135469386574,2.9563608792498286,1.1035018001799877,0.5375700000000001,7.326346226368473,-11.28653619745033,5000,-50.0,Low,408.7
70918.0,10.0,4213.5,1688.8,10000.0,810.0,41561.2,1751.2,509.1,44.6,6.5,36.75683113784933,produced,PR0269,2022-11-12 12:23:27.518796992,Bakken,63.85721537145242,62.04704578081723,73.94023707820885,4.180067803373825,7.0918,0.334405424269906,0.2,7.626205424269906,0.5900430918841068,2.5829988188891018,0.3143551527439324,0.773418,4.260815063517141,-3.365390360752765,5000,-24.567349633495187,Low,10.0
50000.0,81.2,1000.0,902.3,61041.7,1330.4,46444.0,1460.5,805.5,46.0,7.26,43.78518135896749,produced,PR0270,2020-11-07 00:39:41.954887220,Bakken,72.4896663280473,77.47807074520969,66.63905390530303,6.352512060450369,5.0,0.5082009648360295,2.5980000000000003,8.10620096483603,4.318050759334264,0.6959007967492541,0.2097253897002081,1.6122855,6.835962445783727,-1.2702385190523025,3000,-15.45456864846968,Low,129.9
98986.0,98.1,4475.1,4841.4,10000.0,1765.6,34571.9,4280.9,954.5,24.1,5.5,26.10655906695388,produced,PR0271,2022-11-23 11:50:58.646616544,Permian_Basin,79.76193622854642,58.98482771154595,52.5633745321924,6.57849175289644,9.8986,0.5262793402317152,3.824,14.248879340231715,4.114860699203244,3.426649351837134,0.8567074346480354,0.6685785000000001,9.066795985688412,-5.182083354543302,5000,-37.8292084881661,Low,191.2
93041.3,49.3,3550.5,500.0,26484.9,100.0,76994.9,3892.6,1204.1,42.3,5.82,50.35789318492409,produced,PR0272,2023-01-21 00:57:44.661654128,Ghawar,71.08216208880575,63.23052652516955,70.57155460821149,5.813322749025682,9.30413,0.4650658199220545,1.7680000000000002,11.537195819922056,2.776383758463492,2.4228212783645264,0.0948457897877543,1.5521969999999998,6.846247826615772,-4.690947993306284,5000,-34.24392035113587,Low,88.4
169413.7,10.7,1000.0,1114.1,29392.3,609.1,28388.3,500.0,1514.7,52.2,6.93,25.0,produced,PR0273,2020-05-08 01:41:03.157894736,Bakken,64.1451117706645,66.61600776250852,58.063873273653634,5.286484029120658,16.941370000000003,0.4229187223296526,4.7,22.064288722329653,0.4957841883344189,0.6157930729983794,0.2226506827446322,0.8667090000000001,2.2009369440774305,-19.863351778252223,5000,-50.0,Low,235.0
60007.6,27.2,5848.6,3653.1,33263.6,640.4,33338.0,1200.8,1055.6,27.9,6.88,44.61345966184114,produced,PR0274,2020-10-12 09:55:29.323308272,Bakken,67.83042357891726,76.17783058727301,64.9199884178296,6.535949438797558,6.0007600000000005,0.5228759551038047,1.266,7.789635955103805,1.4091273006020422,3.808444947299093,0.834855698755101,0.999024,7.051451946656236,-0.7381840084475693,5000,-5.388743261667256,Low,63.3
142604.4,125.9,3317.4,4376.8,35895.1,100.0,28702.4,3275.0,376.3,19.7,7.18,35.9946495860464,produced,PR0275,2022-03-01 09:01:21.203007520,Marcellus,65.30948910262676,78.44283209132436,56.92857103948933,6.186451098325991,14.26044,0.4949160878660792,3.3080000000000003,18.06335608786608,5.719511060909623,2.0799139118309182,1.0299857624919255,0.9689625,9.798373235232466,-8.264982852633613,5000,-50.0,Low,165.4
99096.9,198.4,2207.8,4941.0,38453.7,508.9,82761.7,2902.9,300.0,56.9,7.24,60.244319141349536,produced,PR0276,2020-02-10 06:00:54.135338346,Eagle_Ford,63.14543669787093,65.64525774083137,68.33514862286518,5.738782595293806,9.90969,0.4591026076235044,1.956,12.324792607623504,10.81903940244761,1.3383599533589707,0.9730596554923432,1.818231,14.948690011298924,2.62389740367542,5000,19.15445104683057,High,97.8
58559.1,162.9,2244.0,1005.6,10000.0,1056.7,35226.7,1937.8,3000.0,16.9,7.14,70.0,produced,PR0277,2022-04-14 06:51:25.714285712,Ghawar,69.43952818588384,78.29885120883789,68.07522437500256,4.95927136584629,5.85591,0.3967417092677032,5.438,11.6906517092677,8.84938433244896,1.4958940919915842,0.2362119743268221,0.6784005,11.259890898767368,-0.4307608105003346,5000,-3.144553916652443,Low,271.9
116969.9,10.0,1000.0,3692.0,35366.4,632.8,63801.4,500.0,300.0,42.6,6.99,40.03421746874464,produced,PR0278,2021-11-29 21:32:01.804511280,Permian_Basin,73.52340607995188,59.036477371443866,63.80108642181045,4.593985184970449,11.69699,0.3675188147976359,1.648,13.712508814797635,0.5091326696460474,0.705824698367538,0.6538880233661122,1.487517,3.3563623913796974,-10.356146423417938,5000,-50.0,Low,82.4
107629.5,131.3,4186.7,1567.8,10000.0,100.0,109271.2,976.2,785.1,28.8,6.86,65.86088893712146,produced,PR0279,2021-06-14 13:50:04.511278192,Permian_Basin,61.8187881319158,58.92130729740926,56.02313981178945,5.256019117814547,10.76295,0.4204815294251637,2.296,13.479431529425163,5.869958929315788,2.4846405146101613,0.2771304767426346,1.789068,10.420797920668583,-3.05863360875658,5000,-22.328025343923034,Low,114.8
86433.7,40.2,3523.7,1288.7,53305.5,2524.0,47755.4,1224.8,1613.6,5.0,7.46,40.25825579054384,produced,PR0280,2021-02-06 12:09:01.353383460,Marcellus,75.09558430570459,78.73127049086995,56.34259518780364,4.860467727880635,8.64337,0.3888374182304508,4.892,13.924207418230452,1.8074479165866653,2.5402973800129085,0.3043829648447523,1.5159135,6.168041761444326,-7.756165656786126,5000,-50.0,Low,244.6
95651.8,45.1,2611.8,4906.4,21121.9,959.7,83361.8,2415.5,1488.7,52.6,5.5,30.508102153063646,produced,PR0281,2020-03-10 12:34:17.142857143,Permian_Basin,84.82561100424019,67.74200333820828,59.57156991737357,5.017775763203383,9.565180000000002,0.4014220610562706,0.944,10.910602061056274,2.1439688870122917,2.126856295880396,0.997108095535755,1.5672555,6.835188778428441,-4.075413282627832,5000,-29.750516963183177,Low,47.2
61120.5,52.3,5557.0,1400.9,10000.0,867.0,100140.6,4555.6,1616.7,5.0,8.0,70.0,produced,PR0282,2021-12-14 12:48:43.308270680,Bakken,84.10312330050209,59.64769588384885,53.62530418490713,5.546893165936098,6.11205,0.4437514532748878,3.1380000000000003,9.693801453274888,2.238073520278773,4.4866661393365455,0.2506813714910516,1.652109,8.62753003110637,-1.0662714221685192,5000,-7.78378138183019,Low,156.9
51968.5,122.4,1000.0,3056.4,14644.9,141.2,80815.7,969.7,845.8,5.0,5.5,52.8116466710101,produced,PR0283,2021-09-14 01:19:23.909774440,Ghawar,80.72933704997897,67.19975926438904,58.44139282977309,4.507281870854829,5.19685,0.3605825496683863,0.2,5.757432549668387,5.708274732926653,0.7750016356797981,0.616168032647036,1.431909,8.531353401253487,2.7739208515851,5000,20.24962221657123,High,10.0
115377.7,137.6,1806.5,2811.2,20748.1,956.4,49496.0,500.0,1390.8,40.5,5.72,45.066577839147214,produced,PR0284,2020-09-02 03:54:35.187969924,Permian_Basin,66.65852782006007,74.58027888447629,67.10886503120781,6.418530040221476,11.53777,0.5134824032177181,0.8240000000000001,12.875252403217718,7.368875502978768,1.15601885286661,0.6289802400001191,1.0536615,10.207536095845498,-2.6677163073722205,5000,-19.47432904381721,Low,41.2
76042.4,74.1,1300.0,500.0,64767.5,701.5,69263.2,1837.1,1249.1,40.5,6.57,55.30766212647973,produced,PR0285,2020-06-13 15:52:46.917293234,Ghawar,60.56018991198418,75.6730091430881,70.77113200148554,4.436588385144303,7.60424,0.3549270708115442,3.764,11.723167070811543,4.184824423285442,0.7557911701015626,0.1135095137146321,2.0104605,7.0645856071016375,-4.658581463709906,5000,-34.00764468508232,Low,188.2
81796.7,75.1,2442.4,4432.2,39915.9,100.0,20000.0,3547.6,950.3,17.2,7.47,49.11322552695251,produced,PR0286,2021-03-07 18:42:24.360902256,Permian_Basin,80.83854257207128,76.59923141623105,58.314557262334034,5.442980918262857,8.17967,0.4354384734610286,1.018,9.633108473461029,3.494779753820226,1.8954245412290585,1.0185093404490575,0.8987385,7.307452135498343,-2.325656337962686,5000,-16.977291267127605,Low,50.9
96192.9,107.9,3134.9,3620.6,43611.1,157.8,26598.7,500.0,1396.3,33.0,5.5,43.96170888087723,produced,PR0287,2021-11-15 06:15:20.300751880,Eagle_Ford,61.39300579946783,69.23927257718546,55.8397564563591,6.23791401424131,9.61929,0.4990331211393048,1.91,12.028323121139303,4.808037557869636,1.847624965255216,0.7520631308788729,1.0531469999999998,8.460872654003724,-3.567450467135581,5000,-26.04238841008974,Low,95.5
95611.5,114.1,3860.0,500.0,64530.5,1277.0,31859.7,4180.5,2044.3,5.0,6.77,25.10347759038005,produced,PR0288,2020-12-28 06:08:07.218045112,Eagle_Ford,65.14070203676926,76.67365035919701,70.81606445837835,5.455062123068789,9.56115,0.4364049698455031,3.986,13.983554969845503,6.447930137851374,2.4138538546745214,0.1150104755387955,1.445853,10.42264746806469,-3.5609075017808127,5000,-25.994624762999933,Low,199.3
50000.0,150.6,2306.1,3054.8,32596.4,1966.4,117218.4,1742.0,1182.2,44.1,7.59,40.941948942581,produced,PR0289,2023-11-20 17:59:05.864661648,Ghawar,73.61133038616961,67.75075522008137,72.26760068464803,5.0830661907659165,5.0,0.4066452952612733,1.842,7.248645295261273,8.68503352916018,1.629648854434039,0.6208950211389138,2.247222,13.182799404733132,5.934154109471859,3000,72.19887499857427,High,92.1
136450.1,10.0,1245.3,954.1,53854.7,1020.3,25622.5,898.5,1187.6,35.0,7.79,54.348831351877095,produced,PR0290,2023-12-20 00:32:28.872180448,Eagle_Ford,64.4594509785911,70.17649755977693,60.25053808280161,5.424673917468253,13.64501,0.4339739133974602,4.646,18.724983913397462,0.4807992939007568,0.7706050013149391,0.2008661889653495,1.192158,2.644428484181045,-16.080555429216417,5000,-50.0,Low,232.3
89847.3,81.2,6372.0,4694.2,52096.5,1461.8,25175.7,500.0,2054.5,29.1,6.1,43.15842861469784,produced,PR0291,2022-04-21 14:29:46.466165408,Eagle_Ford,80.84470828246604,73.96799505679112,50.67260384624085,6.546012096622421,8.98473,0.5236809677297937,3.432,12.940410967729797,3.283463114987176,4.945367819288388,1.0416616871867668,1.159083,10.429575621462332,-2.510835346267463,5000,-18.32909802775248,Low,171.6
76893.9,15.9,7823.0,500.0,10000.0,706.5,20000.0,3059.8,1969.1,30.4,6.5,58.534886416955786,produced,PR0292,2020-02-13 21:50:04.511278195,Bakken,79.42899240649572,65.63588231776271,67.3740405223538,6.971295094851873,7.689389999999999,0.5577036075881499,3.872,12.11909360758815,0.8548553009557294,5.965409628419885,0.098453823476644,0.45,7.368718752852259,-4.750374854735891,5000,-34.677736439572,Low,193.6
102233.8,76.9,3286.6,1787.0,71824.6,748.1,66794.4,1743.2,2467.1,39.9,6.18,50.75482535800184,produced,PR0293,2021-10-13 07:52:46.917293232,Permian_Basin,78.89423764343124,56.83953717846937,69.60083090457823,5.893429867868306,10.22338,0.4714743894294645,5.482,16.176854389429465,4.271138509456529,2.489220493813451,0.3047167588137743,2.079285,9.144360762083757,-7.03249362734571,5000,-50.0,Low,274.1
94461.7,66.4,1486.4,3224.0,10000.0,1454.6,54278.6,2256.1,300.0,29.4,6.41,31.827955228718896,produced,PR0294,2021-04-02 09:26:36.992481200,Eagle_Ford,80.40319039743942,63.75415892144244,50.45060632911101,6.380332127946103,9.44617,0.5104265702356883,3.64,13.59659657023569,2.673236367681871,1.1473085011848378,0.6166302250881913,0.964179,5.401354093954899,-8.19524247628079,5000,-50.0,Low,182.0
115682.5,77.2,5950.9,2608.7,57934.2,1797.7,82602.8,648.8,1924.1,5.0,5.77,25.212420632518143,produced,PR0295,2022-05-09 21:35:38.345864656,Ghawar,65.4925445066153,70.598605419899,64.87577133353783,4.043466058477866,11.56825,0.3234772846782293,6.077999999999999,17.96972728467823,3.996710818465398,3.7414999978024026,0.5525117458766715,2.108055,10.398777562144472,-7.570949722533756,5000,-50.0,Low,303.9
106519.3,32.0,1000.0,4025.9,10000.0,1580.7,70137.8,1521.4,1681.3,73.9,5.91,42.64232250104748,produced,PR0296,2023-11-24 09:48:16.240601504,Bakken,78.22230940374374,59.80830924098692,64.70921895610438,6.641093228573718,10.65193,0.5312874582858974,4.822,16.005217458285898,1.6524146152630814,0.7509341702759399,0.7223468165198678,1.202067,4.327762602058889,-11.677454856227008,5000,-50.0,Low,241.1
113713.8,10.0,2330.5,500.0,50030.9,160.2,20000.0,1270.1,491.5,54.0,7.23,37.13657327843119,produced,PR0297,2021-10-27 23:09:28.421052632,Eagle_Ford,68.88203756479412,58.70963408749101,59.46769771869785,6.862149279783754,11.37138,0.5489719423827003,1.954,13.8743519423827,0.4745522277952089,1.541084050029626,0.0880644511312365,1.0504634999999998,3.154164228956071,-10.720187713426627,5000,-50.0,Low,97.7
139039.8,10.0,1607.8,5803.8,81547.9,759.8,25781.7,1849.1,1401.3,5.0,6.93,50.04482714432529,produced,PR0298,2021-06-18 05:39:14.887218048,Ghawar,76.67111898920999,62.32701361478594,68.74418314627094,5.725508025272712,13.90398,0.4580406420218169,5.586,19.948020642021817,0.5485785815072421,1.1834095210641773,1.0852005648524838,1.609944,4.427132667423903,-15.520887974597914,5000,-50.0,Low,279.3
120345.0,72.1,1000.0,3550.3,29675.5,966.5,90959.9,995.7,2040.9,23.1,7.29,34.22793511855905,produced,PR0299,2021-12-03 13:21:12.180451128,Permian_Basin,63.05054321577937,55.802786556945534,60.70447595285901,6.26141458618066,12.0345,0.5009131668944528,3.528,16.063413166894453,3.492680587528506,0.605285214871482,0.5943498993393713,1.809531,6.501846701739359,-9.561566465155094,5000,-50.0,Low,176.4
78580.6,54.1,2440.0,5219.4,28591.1,644.2,43901.1,500.0,536.7,25.3,7.01,35.76911511367685,produced,PR0300,2021-06-29 05:06:46.015037592,Eagle_Ford,77.63966450161287,73.585572452173,66.9193987947841,5.538234228880224,7.858060000000001,0.4430587383104179,2.21,10.51111873831042,2.8890309008886605,1.81863150128578,1.152217610570615,1.087383,6.947263012745055,-3.563855725565364,5000,-26.016146796627154,Low,110.5
50000.0,39.4,1271.7,4248.5,50261.0,1032.7,85627.8,6092.7,1554.0,51.6,7.5,60.796045763923686,produced,PR0301,2020-08-25 20:16:14.436090224,Ghawar,84.30269319751949,61.46789005470847,62.9279326158788,4.858611221366769,5.0,0.3886888977093415,3.5560000000000005,8.944688897709343,1.9785297149623684,1.0291942554171412,0.7834389926922868,2.038332,5.829494963071796,-3.1151939346375466,3000,-37.90152620475681,Low,177.8
151711.9,159.4,3025.3,2476.8,26765.1,1292.3,45509.6,500.0,1897.1,5.0,7.68,47.22304452941847,produced,PR0302,2022-05-17 05:13:59.097744368,Ghawar,61.09000913296791,58.10595991591499,56.2116151175711,6.556743915949038,15.17119,0.5245395132759231,5.224,20.919729513275925,7.150184896893185,1.7742298044476914,0.4317505245592147,1.0841205,10.44028572590009,-10.479443787375835,5000,-50.0,Low,261.2
75491.1,28.4,3054.4,500.0,80457.0,1401.7,20970.3,2272.2,343.2,20.0,5.5,34.459094018590605,produced,PR0303,2023-12-01 17:26:36.992481200,Marcellus,62.34572252917712,72.47823539908589,65.1625215752533,5.790510135987825,7.549110000000001,0.463240810879026,3.91,11.922350810879028,1.4767912589642809,1.8281162389739387,0.1087173530986288,1.5214095,4.935034351036848,-6.987316459842179,5000,-50.0,Low,195.5
66075.7,165.0,1757.3,1372.9,39804.8,1811.5,40902.2,500.0,1086.2,5.0,5.95,45.26462713102529,produced,PR0304,2020-03-03 04:55:56.390977444,Ghawar,63.090919183450346,76.07320031358219,68.42271237114605,5.738149251374221,6.60757,0.4590519401099376,6.644,13.710621940109938,9.0092185379088,1.064348853898342,0.313322690131551,1.210605,11.597495081938693,-2.113126858171245,5000,-15.425826064650092,Low,332.2
50000.0,177.4,2259.0,5679.1,26995.8,602.3,20958.5,500.0,1440.8,24.3,6.57,65.68366864502524,produced,PR0305,2022-01-20 03:00:27.067669176,Marcellus,70.76409762353254,55.49688989654446,74.34764183592509,5.977396611523619,5.0,0.4781917289218895,5.174,10.652191728921888,10.525038786031104,1.5346185267029762,0.9455171622343967,0.7193145000000001,13.724488974968478,3.07229724604659,3000,37.37961649356685,High,258.7
98538.9,10.0,2538.3,5270.9,21492.9,100.0,33033.4,2146.7,563.1,20.5,6.78,49.40680032412084,produced,PR0306,2022-08-20 08:32:28.872180448,Permian_Basin,67.26950462332634,60.83999426853062,59.502723670060334,6.568009497486545,9.85389,0.5254407597989237,4.046,14.425330759798925,0.4748317348870814,1.639201762419737,0.962044577369994,0.8178945,3.893972574676813,-10.531358185122112,5000,-50.0,Low,202.3
90955.5,85.5,4619.7,1260.8,11676.3,1014.9,56027.8,2261.6,496.7,31.6,6.13,53.89426214137694,produced,PR0307,2023-05-07 03:43:45.563909776,Permian_Basin,80.17300383851735,78.63080812173959,51.61181361665878,6.195718377312893,9.09555,0.4956574701850315,0.948,10.539207470185032,3.521422431251012,3.555602167994867,0.2974131686396677,1.0155615,8.389999267885548,-2.1492082022994854,5000,-15.689219876786243,Low,47.4
50000.0,56.0,2703.1,500.0,19306.1,1930.3,65348.2,3892.2,1092.0,17.9,7.71,33.71648195208836,produced,PR0308,2021-01-15 13:13:59.097744360,Bakken,71.84468098002404,64.63135339831938,74.6992805305338,4.633372582647236,5.0,0.3706698066117789,2.64,8.010669806611778,3.338161448348495,1.8643522287081884,0.096947030097479,1.2698144999999998,6.5692752071541625,-1.4413945994576158,3000,-17.536967626734327,Low,132.0
103131.0,10.0,4649.4,2074.6,26233.2,513.8,20000.0,2599.3,1841.3,15.0,8.0,60.39629065701901,produced,PR0309,2021-10-31 14:58:38.796992480,Marcellus,72.1134335672138,78.46480158454828,65.5951664856384,5.400470633221959,10.3131,0.4320376506577567,3.144,13.889137650657757,0.5234494285553944,3.218728301063077,0.4883492321019115,0.6934980000000001,4.924024961720384,-8.965112688937374,5000,-50.0,Low,157.2
65072.3,10.0,4171.6,1924.6,22809.0,1212.1,49479.0,1775.3,1715.0,42.4,6.99,70.0,produced,PR0310,2020-06-17 07:41:57.293233082,Ghawar,77.92595253313384,61.85531345926694,73.66126145401923,6.940894995958619,6.507230000000001,0.5552715996766895,4.394,11.45650159967669,0.5878168664030734,3.1207286744373235,0.3571402088511154,1.08432,5.150005749691513,-6.306495849985177,5000,-46.03741970489179,Low,219.7
192612.6,126.5,4143.1,2000.5,18545.6,1217.4,32401.5,575.6,510.9,39.1,6.88,33.1279853623072,produced,PR0311,2023-01-13 17:19:23.909774432,Bakken,69.04922456339364,60.4516908892983,52.59567715027799,5.663682141288324,19.26126,0.4530945713030659,4.274,23.988354571303063,5.309375821289112,2.746347285970523,0.3628008228721237,0.7642065,9.18273043013176,-14.805624141171307,5000,-50.0,Low,213.7
62225.6,201.2,5775.7,3557.1,87471.0,914.9,30547.6,4248.5,1721.7,41.0,7.65,27.27159038442016,produced,PR0312,2021-11-18 22:04:30.676691728,Bakken,68.83018118551159,60.3527102931999,58.55084599676144,6.814736060412396,6.2225600000000005,0.5451788848329917,3.34,10.107738884832992,9.400783311209626,3.816407783742329,0.644041877351824,1.7702790000000002,15.63151197230378,5.523773087470788,5000,40.323543538536754,High,167.0
67592.3,134.2,1000.0,4252.4,10000.0,804.2,53980.5,3393.3,531.2,26.5,5.5,47.633133657527225,produced,PR0313,2020-06-20 23:31:07.669172932,Permian_Basin,78.92315969068702,57.13071651062346,53.34841747181811,6.440108458939168,6.7592300000000005,0.5152086767151335,3.24,10.514438676715134,5.713167384524956,0.7576623330305953,0.7288279766693255,0.9597075,8.159365194224877,-2.3550734824902566,5000,-17.192036422178873,Low,162.0
50009.0,99.4,2053.6,4480.6,38665.8,245.9,33486.4,500.0,300.0,18.6,6.83,58.13257574766615,produced,PR0314,2022-10-17 21:39:14.887218048,Ghawar,79.50104364591911,77.41080721272814,70.88775386455148,5.998070325426276,5.000900000000001,0.4798456260341021,4.44,9.920745626034105,5.622901701840862,1.567328095020091,1.040540588392049,1.082283,9.313053385253005,-0.6076922407811001,5000,-4.43615335770203,Low,222.0
136115.1,78.7,6526.6,3391.4,49813.0,100.0,91464.1,2056.9,906.3,27.6,7.78,43.62915491924608,produced,PR0315,2022-04-10 15:02:15.338345864,Marcellus,60.35996931332049,79.49587556582253,72.0085685357329,5.048095607979265,13.61151,0.4038476486383412,1.2819999999999998,15.297357648638345,4.522325326322219,3.781875606915048,0.8088069371817914,2.1191565,11.23216437041906,-4.065193278219283,5000,-29.675910931000764,Low,64.1
70089.0,181.0,2485.4,500.0,50752.7,132.9,85641.9,2216.1,2098.4,40.0,6.16,29.20190405936006,produced,PR0316,2021-03-26 01:48:16.240601504,Permian_Basin,63.594761896018326,78.86272018179095,62.53279249687552,4.912958042576317,7.008900000000001,0.3930366434061054,6.392,13.793936643406106,9.032111482663703,1.517360843677094,0.1182940802726864,2.045919,12.713685406613486,-1.0802512367926198,5000,-7.885834028586124,Low,319.6
56003.4,208.9,1000.0,1817.6,33534.8,565.8,85454.8,1481.5,1724.8,5.0,5.57,43.37123757329415,produced,PR0317,2020-02-21 05:28:25.263157895,Bakken,65.327454528712,76.30070349568186,54.66515544155076,5.930263195892763,5.60034,0.474421055671421,0.2,6.274761055671421,9.112801675448484,0.6271435634756352,0.416052476021254,1.784844,11.940841714945371,5.66608065927395,5000,41.36238881269984,High,10.0
113278.2,44.8,2594.1,7108.2,28982.4,1458.5,35152.7,3157.8,1198.7,37.9,6.61,53.97138409166182,produced,PR0318,2023-07-26 15:45:33.834586464,Eagle_Ford,68.79001171894691,76.17219769127438,53.17797422599271,5.297683722539232,11.32782,0.4238146978031386,5.91,17.661634697803137,1.9011338497689296,1.7131024262411536,1.6243416468873495,0.9620265,6.200604422897433,-11.461030274905704,5000,-50.0,Low,295.5
50000.0,10.0,3269.9,3248.4,46288.7,738.1,21125.0,3247.6,866.6,36.2,6.74,38.89452259580911,produced,PR0319,2021-11-22 13:53:41.052631576,Bakken,67.28620208579882,71.5271366792247,64.70410275200517,6.396260868450181,5.0,0.5117008694760145,2.91,8.421700869476014,0.5163387399610012,2.1121838611233943,0.6970462523663807,1.0112055,4.336774353450776,-4.084926516025238,3000,-49.69993927830706,Low,145.5
110004.4,10.0,1000.0,3235.6,41663.0,488.6,52460.9,1714.3,888.2,31.2,5.89,54.10882526632383,produced,PR0320,2023-03-31 13:32:01.804511280,Eagle_Ford,76.71300120970692,75.65534279876533,62.65940811463251,6.281370218620587,11.00044,0.502509617489647,5.006,16.508949617489648,0.5000220767547675,0.7364448116131864,0.7343712814790553,1.4118585,3.382696669847009,-13.12625294764264,5000,-50.0,Low,250.3
156256.0,159.3,5667.9,3219.0,28526.0,265.4,45489.5,1578.7,1287.0,27.0,8.0,62.470661778598654,produced,PR0321,2022-05-31 20:30:40.601503760,Permian_Basin,80.70338084507395,60.2085591085762,67.36972755919169,4.936391460215543,15.6256,0.3949113168172434,3.728,19.748511316817247,8.564134084943031,4.391219446001228,0.5814340553115203,1.1102325,14.64702008625578,-5.101491230561466,5000,-37.24088598309871,Low,186.4
107664.3,77.2,1572.6,3330.8,10000.0,1194.1,31735.3,4248.4,345.3,5.0,6.32,48.60345938655672,produced,PR0322,2020-05-22 16:57:44.661654136,Marcellus,64.8021745589006,64.6978157596782,57.63018156549978,6.108186349185286,10.76643,0.4886549079348228,3.692,14.947084907934824,3.550341913451553,0.9783158372287402,0.6464864541970086,0.6260295000000001,5.801173704877303,-9.145911203057524,5000,-50.0,Low,184.6
110515.9,91.0,3657.1,500.0,23301.9,1615.0,20000.0,3399.3,921.5,21.2,5.65,44.58078343082561,produced,PR0323,2021-07-28 11:40:09.022556392,Ghawar,74.07450151504871,71.0209073323687,60.05919987560905,5.483650570291552,11.05159,0.4386920456233241,4.1080000000000005,15.598282045623325,4.361378976566978,2.600619451110573,0.106531360998553,0.6495285,7.718058288676103,-7.8802237569472195,5000,-50.0,Low,205.4
119802.4,10.0,2548.0,2021.0,10000.0,1438.1,48754.5,2108.5,1027.5,65.8,6.71,57.44015887839423,produced,PR0324,2023-08-06 15:13:04.962406016,Eagle_Ford,69.1954062770259,76.8692833140399,50.53402684627893,4.969876302441991,11.98024,0.3975901041953593,4.618,16.99583010419536,0.4032615342333059,1.6925749938610748,0.4660584647330239,0.8813175,3.4432124928274046,-13.552617611367957,5000,-50.0,Low,230.9
153388.3,34.8,1000.0,2424.2,18321.0,1163.7,37877.9,500.0,300.0,30.3,7.71,32.158487588441545,produced,PR0325,2023-03-20 14:04:30.676691728,Ghawar,72.64444687615155,71.5117365592196,65.25357612688822,5.23889977829392,15.33883,0.4191119822635136,2.342,18.099941982263516,1.8121179104741365,0.6973866900110548,0.5200762553005803,0.8429834999999999,3.872564355785771,-14.22737762647774,5000,-50.0,Low,117.1
133395.8,62.3,1000.0,5063.0,35830.6,100.0,70650.4,2516.0,529.2,23.9,6.82,30.67935249460616,produced,PR0326,2023-04-26 04:16:14.436090224,Permian_Basin,75.51894604458485,75.97554895835515,60.57858803366194,6.686055601636786,13.33958,0.5348844481309429,5.07,18.944464448130944,3.0116887355287165,0.7249818820280146,1.1539926131284566,1.597215,6.4878782306851885,-12.456586217445755,5000,-50.0,Low,253.5
102586.8,92.5,1129.8,2595.3,43968.4,589.0,69953.2,3047.1,1528.4,30.3,7.29,41.00141572606522,produced,PR0327,2021-03-11 10:31:34.736842104,Permian_Basin,82.33999546705027,66.84873789623244,72.9941158453362,5.078553076367621,10.25868,0.4062842461094096,0.8320000000000001,11.49696424610941,5.3880606611234905,0.8930661780352646,0.5204775883862761,1.7088240000000003,8.510428427545031,-2.986535818564379,5000,-21.80171147551996,Low,41.6
121155.7,56.1,5171.3,500.0,79511.3,1968.4,83024.0,500.0,1207.6,37.1,5.93,37.621808177783,produced,PR0328,2021-03-18 18:09:55.488721808,Permian_Basin,64.80731669568202,72.93259344262611,66.04465744262012,4.862197819958374,12.11557,0.3889758255966699,2.99,15.49454582559667,2.956674015459729,3.217325537552452,0.1093988901639391,2.4380295000000003,8.721427943176122,-6.773117882420548,5000,-49.44376054167,Low,149.5
50000.0,17.8,2704.9,3360.2,21564.8,1473.2,20000.0,2377.8,953.0,43.2,8.0,32.94987037064287,produced,PR0329,2021-07-21 04:01:48.270676688,Marcellus,62.17516467640151,79.49952015937717,59.96736228624235,5.0554216621304136,5.0,0.4044337329704331,4.672,10.076433732970433,0.8518004008587009,1.6145049881587057,0.8014028629186174,0.6234720000000001,3.891180251936024,-6.185253481034408,3000,-50.0,Low,233.6
116051.7,32.9,1956.3,892.4,54365.6,100.0,62031.7,1375.0,470.9,25.4,7.36,70.0,produced,PR0330,2023-09-26 20:41:30.225563904,Eagle_Ford,75.68029797613382,58.83721392824394,56.58972952183376,4.643855308626075,11.60517,0.371508424690086,4.99,16.966678424690087,1.485718076812128,1.4213123225348214,0.1575189891286946,1.7459595,4.810508888475644,-12.156169536214444,5000,-50.0,Low,249.5
50000.0,152.5,1130.8,500.0,42649.0,766.6,28176.0,1668.7,2461.5,38.5,7.85,70.0,produced,PR0331,2022-02-07 10:06:18.947368424,Ghawar,69.85327121931566,78.17301730789725,72.63212356519097,5.633904962188986,5.0,0.4507123969751188,3.922,9.37271239697512,8.838966277265916,0.7583047593101007,0.1172595259618459,1.062375,10.77690556253786,1.4041931655627415,3000,17.084350181013356,High,196.1
70319.1,94.7,5392.3,831.7,67399.9,1017.9,20000.0,638.9,529.6,63.5,7.17,39.69442436616627,produced,PR0332,2022-12-19 02:35:11.278195488,Bakken,64.07256733232471,68.05909869604757,50.40662685293608,4.442309308967596,7.031910000000001,0.3553847447174077,2.214,9.601294744717409,3.809259035252491,3.316785646330508,0.1698142571565083,1.3109985,8.606857438739507,-0.994437305977902,5000,-7.259392333638686,Low,110.7
50000.0,116.7,5928.4,3585.0,49405.7,342.7,37141.9,1777.7,1401.3,50.1,7.62,46.37578424622548,produced,PR0333,2023-02-11 23:52:46.917293232,Permian_Basin,62.92717918387112,71.08045076825145,58.1728116813098,6.452331359310749,5.0,0.5161865087448599,4.794,10.31018650874486,5.417436164320666,3.5813518951071504,0.7644702480125443,1.2982140000000002,11.06147230744036,0.7512857986955019,3000,9.140643884128606,Medium,239.7
101057.2,26.1,5369.5,5017.5,10000.0,100.0,82061.1,4088.0,809.7,76.8,5.93,42.18235769904314,produced,PR0334,2022-01-27 10:38:47.819548872,Ghawar,73.97274467185075,76.94672517276283,73.58763959470087,4.676740741736879,10.10572,0.3741392593389503,1.662,12.14185925933895,1.532668639950511,3.813087864148825,1.1582405806630125,1.3809165000000003,7.884913584762349,-4.256945674576602,5000,-31.075703424409195,Low,83.1
59245.1,10.0,3984.9,3465.9,10000.0,859.3,38830.4,1330.4,1229.0,16.9,6.31,61.61248860177234,produced,PR0335,2022-06-19 03:36:32.481203008,Ghawar,67.51176486320489,65.24135431380792,66.35082517453935,5.794165082618937,5.92451,0.4635332066095149,6.502000000000001,12.890043206609516,0.5294795848928241,2.5826652653124977,0.6783600297486805,0.7324560000000001,4.522960879954002,-8.367082326655513,5000,-50.0,Low,325.1
129445.8,48.6,3579.7,3764.0,42781.5,327.3,96963.6,3448.4,1566.1,63.5,8.0,64.58468342760071,produced,PR0336,2023-07-08 08:39:41.954887216,Marcellus,84.93565948964945,65.46731437225127,63.31797678208248,4.3750764967596805,12.94458,0.3500061197407744,2.83,16.124586119740776,2.455648429944149,2.9188241306409424,0.7392569138914612,2.0961765,8.209905974476552,-7.914680145264224,5000,-50.0,Low,141.5
100607.7,28.0,1000.0,3446.1,21788.7,329.7,66466.4,790.5,300.0,14.2,8.0,25.0,produced,PR0337,2021-02-17 11:36:32.481203008,Eagle_Ford,70.14752048326785,68.17954590867751,55.088367948010685,6.9353594446429785,10.06077,0.5548287555714383,0.2,10.815598755571438,1.2308944934303512,0.6734161966393715,0.7048605994676806,1.3238264999999998,3.932997789537403,-6.882600966034035,5000,-50.0,Low,10.0
129963.8,100.9,2508.4,2702.7,10492.2,587.2,38177.3,3138.1,1194.7,37.1,5.65,52.14016200098438,produced,PR0338,2020-05-19 01:08:34.285714286,Marcellus,65.30716521912957,55.477552112421264,70.83436935635967,5.363726376680941,12.99638,0.4290981101344753,0.61,14.035478110134475,5.70345591870924,1.5726383350623805,0.4498175402827228,0.7300425,8.455954294054344,-5.579523816080132,5000,-40.73052385738496,Low,30.5
50000.0,250.0,1632.3,3893.9,10000.0,719.8,84801.5,2002.5,2152.6,44.6,7.05,25.39767988258277,produced,PR0339,2022-01-09 03:32:55.939849624,Marcellus,75.72122612793194,67.41665452358377,55.1049765648194,6.466514022276444,5.0,0.5173211217821155,3.088,8.605321121782115,10.99344282468147,1.1865576711227837,0.7875411331481484,1.4220225,14.389564128952404,5.784243007170288,3000,70.3749565872385,High,154.4
126535.4,121.7,1000.0,500.0,39024.4,794.6,63361.9,2528.0,2609.2,19.8,6.37,70.0,produced,PR0340,2020-11-14 08:18:02.706766916,Ghawar,66.10637224226267,62.27718162485576,56.20633828803125,6.305943506949951,12.65354,0.5044754805559961,3.28,16.438015480555997,5.458568472983416,0.6346211735257216,0.0934157724372836,1.5357945,7.72239991894642,-8.715615561609576,5000,-50.0,Low,164.0
169234.3,244.2,5114.1,2722.2,72692.7,269.6,22023.2,2010.7,1096.0,31.8,6.1,51.60372045315597,produced,PR0341,2020-04-27 02:13:32.030075188,Eagle_Ford,72.35215108077902,78.19885455979454,54.79627857179638,6.141079141437037,16.92343,0.4912863313149629,6.94,24.354716331314965,10.678238479331675,3.552154904085235,0.638618765648018,1.4207385,16.289750649064928,-8.064965682250037,5000,-50.0,Low,347.0
115566.3,114.1,1608.3,500.0,24783.2,667.9,105764.1,2962.4,1233.3,48.2,7.08,32.64975692456046,produced,PR0342,2021-05-12 15:27:31.127819552,Eagle_Ford,72.06440459302519,57.19338246882578,53.953736514238045,6.482094613613829,11.55663,0.5185675690891063,0.924,12.999197569089104,4.9125848263471,1.1126513463068388,0.0857900737032386,1.9582095,8.069235746357178,-4.929961822731928,5000,-35.98872130594307,Low,46.2
116614.0,42.2,5391.9,4825.8,49756.8,100.0,57784.4,500.0,2969.1,15.8,7.94,41.3801791809322,produced,PR0343,2020-12-02 15:23:54.586466164,Eagle_Ford,71.33894074289343,66.48301155049505,73.83281239947007,4.301390825979118,11.6614,0.3441112660783294,3.0780000000000003,15.083511266078329,2.4863642572395945,3.6926633720794273,0.962501151421137,1.6131180000000005,8.754646780740158,-6.328864485338171,5000,-46.200710742968646,Low,153.9
91783.9,100.9,4763.5,2205.7,32443.3,986.6,50563.9,500.0,2107.9,63.4,7.25,40.665341126007625,produced,PR0344,2022-01-05 11:43:45.563909776,Permian_Basin,79.90214240673937,78.68670425943402,65.05078990353272,6.035491592415887,9.17839,0.4828393273932709,0.882,10.543229327393272,5.237772511610628,3.6538930114032286,0.5206777907551008,1.245108,10.657451313768956,0.1142219863756857,5000,0.8338205005425056,Low,44.1
64013.2,186.8,4113.4,2561.9,10000.0,100.0,24334.0,2625.6,706.2,5.0,6.48,52.87669414328724,produced,PR0345,2020-09-20 11:00:27.067669172,Eagle_Ford,65.4153250366546,77.52588125796194,65.94592830025235,4.797481705821344,6.40132,0.3837985364657075,2.014,8.79911853646571,9.830322126376736,2.5831622208554403,0.5958406655843181,0.51501,13.524335012816495,4.725216476350786,5000,34.49408027736073,High,100.7
115447.7,189.8,4225.8,500.0,53370.3,626.3,85386.1,500.0,704.8,68.8,7.31,60.628689062662176,produced,PR0346,2020-02-24 21:17:35.639097744,Ghawar,82.60768262676174,72.53371105936375,73.8581366419696,6.357614992199769,11.54477,0.5086091993759816,6.367999999999999,18.42137919937598,11.186582919047371,3.35120203434403,0.1088005665890456,2.0813460000000004,16.72793151998045,-1.693447679395529,5000,-12.36216805958736,Low,318.4
50000.0,45.5,1769.4,4533.7,10000.0,1351.5,65518.3,1204.1,1965.2,50.0,6.44,27.77689062042435,produced,PR0347,2022-06-04 12:19:50.977443616,Permian_Basin,79.78351258033835,69.73402629990187,55.76437637813907,6.870606279543667,5.0,0.5496485023634934,0.728,6.277648502363493,2.0247487419138515,1.3552218927326465,0.9484594651075952,1.1327745000000002,5.461204599754093,-0.8164439026094001,3000,-9.933400815081034,Low,36.4
68289.8,95.2,6715.7,3754.7,35540.7,164.4,68877.1,1918.5,391.2,28.2,7.21,70.0,produced,PR0348,2020-06-24 15:20:18.045112782,Bakken,68.32805910608309,62.018273428321,50.1479384649423,6.704468589528087,6.8289800000000005,0.536357487162247,4.174,11.539337487162246,3.80971882600628,4.405159166771733,0.6985800337239505,1.566267,10.479725026501963,-1.0596124606602828,5000,-7.735170962820065,Low,208.7
50000.0,10.0,3086.3,3613.9,26462.0,1229.9,34774.1,757.8,2070.2,21.9,8.0,69.08535161731265,produced,PR0349,2021-02-02 20:19:50.977443608,Marcellus,64.51506265700347,64.17392781881136,64.97209123925728,4.344856667420999,5.0,0.3475885333936799,3.786000000000001,9.13358853339368,0.5184772880892731,1.9114832436317744,0.6957544732332072,0.9185415,4.044256504954255,-5.089332028439426,3000,-50.0,Low,189.3
56853.7,129.5,3603.9,874.0,57326.9,1493.4,75023.0,962.7,1467.4,19.9,5.5,31.87014648613432,produced,PR0350,2020-07-20 06:04:30.676691730,Eagle_Ford,66.98837561266853,57.25337161885318,62.696121330603965,5.108657262018463,5.68537,0.408692580961477,2.952,9.046062580961475,6.479079874425944,2.3176263059567628,0.150118340384633,1.9852485,10.93207302076734,1.8860104398058617,5000,13.767876210582791,Medium,147.6
110681.8,173.2,1701.8,952.7,10000.0,100.0,77354.4,2407.4,1614.2,27.3,7.6,46.09202691543464,produced,PR0351,2022-05-28 04:41:30.225563904,Bakken,68.31590617272695,74.65270744395593,61.94125943495735,5.092968271592799,11.068180000000002,0.4074374617274239,4.038,15.513617461727426,8.561124455039423,1.1160960875975685,0.2133649031455704,1.3103159999999998,11.200901445782565,-4.312716015944863,5000,-31.482826916397507,Low,201.9
105215.7,82.4,1137.7,2947.2,44771.7,709.2,29936.7,3513.9,994.6,29.0,5.5,70.0,produced,PR0352,2023-04-29 20:05:24.812030080,Eagle_Ford,73.92332922017617,63.09674419759529,51.54700528115498,4.366888799078592,10.52157,0.3493511039262874,0.68,11.550921103926289,3.3894836416634027,0.8073846878764266,0.5578761734974584,1.120626,5.875370503037288,-5.675550600888999,5000,-41.4315193864897,Low,34.0
87036.5,40.0,3954.6,1111.0,14005.1,100.0,20000.0,562.3,696.1,55.1,8.0,63.49377880016225,produced,PR0353,2023-08-02 23:23:54.586466160,Marcellus,61.15920422034125,71.69454747575519,61.36087166436961,4.294378160040482,8.70365,0.3435502528032386,6.312,15.359200252803236,1.958639023526678,2.3218578144937103,0.238957926736692,0.5100764999999999,5.029531264757081,-10.329668988046157,5000,-50.0,Low,315.6
91816.0,101.6,3435.0,3369.8,22222.4,729.1,67441.2,1137.4,2369.6,69.4,6.16,39.94885454928156,produced,PR0354,2022-01-12 19:22:06.315789472,Ghawar,82.85897824630133,63.93986942996533,57.18898912726748,5.154670404907545,9.1816,0.4123736323926036,6.8500000000000005,16.443973632392606,4.63670023367364,2.732357666650033,0.6463937160152916,1.3449540000000002,9.360405616338964,-7.083568016053642,5000,-50.0,Low,342.5
50000.0,105.0,1421.3,500.0,10000.0,795.7,20000.0,903.1,1002.6,34.0,5.58,57.215097218518096,produced,PR0355,2022-08-31 08:00:00.000000000,Ghawar,62.46687141652777,66.60826103490656,56.86411693060783,6.976214651489534,5.0,0.5580971721191628,3.094,8.652097172119163,4.76464435761563,0.8523279777053848,0.0999123915523598,0.45,6.166884726873375,-2.4852124452457875,3000,-30.23675141715708,Low,154.7
70097.5,84.9,1000.0,1524.9,87302.5,100.0,54560.5,500.0,871.3,13.1,7.5,70.0,produced,PR0356,2020-11-10 16:28:52.330827068,Marcellus,66.98183485250087,68.87506180940987,55.55953950447732,5.706827953198825,7.00975,0.456546236255906,7.846,15.312296236255907,3.76416991333624,0.6430256145840083,0.3150827452595073,2.127945,6.850223273179756,-8.462072963076151,5000,-50.0,Low,392.3
57745.9,90.7,1000.0,6093.5,48763.9,1954.9,36582.6,2212.6,1135.9,19.1,7.16,46.57739972776818,produced,PR0357,2022-05-02 13:57:17.593984960,Bakken,62.73218594882417,75.0463102097651,58.313208993864265,5.865344885812769,5.774590000000001,0.4692275908650215,2.202,8.445817590865023,4.220628428483304,0.602228985108712,1.3718840737896107,1.2801975000000003,7.474938987381627,-0.9708786034833956,5000,-7.087413805428788,Low,110.1
58637.6,69.6,5392.3,3379.0,15816.3,971.6,86560.0,3402.1,1354.4,26.3,5.8,35.51027622839971,produced,PR0358,2020-02-02 22:22:33.383458646,Permian_Basin,66.41682066314151,60.27890943851701,58.82832687858531,5.413056730056047,5.86376,0.4330445384044837,3.8,10.096804538404484,3.2673723374981303,3.4381384517938365,0.6110473049782469,1.5356445,8.852202594270214,-1.2446019441342706,5000,-9.085594192180176,Low,190.0
108983.1,139.8,1773.5,2833.6,10000.0,290.6,38214.7,3525.0,375.3,9.4,5.55,47.58629778137099,produced,PR0359,2023-03-05 22:47:49.172932336,Permian_Basin,80.94184546522021,64.96913467074641,57.71939440904994,5.9869916569120685,10.89831,0.4789593325529654,5.864,17.241269332552967,6.439198728031376,1.3780834841526532,0.5522896200090811,0.7232204999999999,9.09279233219311,-8.148477000359858,5000,-50.0,Low,293.2
50579.7,124.2,2322.2,6470.5,22608.8,1679.2,83218.2,693.9,748.1,6.4,6.61,48.69828143245977,produced,PR0360,2020-08-11 04:59:32.932330828,Eagle_Ford,75.37939528458105,58.25203929729544,74.46881789298772,6.869986242234308,5.05797,0.5495988993787446,2.082,7.689568899378744,7.380723691482642,1.6804419046065997,1.1307594608194504,1.587405,11.779330056908696,4.08976115752995,5000,29.855256449968635,High,104.1
60812.8,21.0,5900.7,500.0,52922.0,100.0,34573.7,500.0,705.6,71.9,5.6,37.13194891499853,produced,PR0361,2021-09-03 01:51:52.781954888,Marcellus,65.68308062723702,56.894012623031486,73.31827713773718,5.766093860843176,6.0812800000000005,0.461287508867454,0.236,6.778567508867455,1.2286676882741996,3.72073107702852,0.0853410189345472,1.3124355,6.347175284237267,-0.431392224630188,5000,-3.1491632398003726,Low,11.8
50000.0,19.4,1000.0,869.4,10000.0,100.0,79999.7,2032.4,1876.2,36.1,5.74,51.62437601721325,produced,PR0362,2022-03-19 16:07:13.082706768,Marcellus,81.79396324498344,70.1168589042198,64.36275248812156,4.19511537916358,5.0,0.3356092303330864,0.2,5.535609230333087,0.9964126438191075,0.7852220471518411,0.182878791393986,1.3499955,3.3145089823649347,-2.221100247968152,3000,-27.023386350279186,Low,10.0
73235.1,64.7,1546.0,1697.7,31460.4,100.0,111810.2,3243.9,491.2,13.3,6.92,26.18398410408748,produced,PR0363,2022-05-13 13:24:48.721804512,Permian_Basin,80.01780148046211,59.72727610897257,74.52637096025775,5.478671707504596,7.323510000000001,0.4382937366003676,7.122000000000001,14.88380373660037,3.847841248500684,1.1875922024524264,0.3041969899506081,2.1490590000000003,7.488689440903719,-7.395114295696652,5000,-50.0,Low,356.1
50000.0,124.2,1462.5,4216.7,79266.0,1880.6,20000.0,2232.3,300.0,46.3,5.83,35.01699199486981,produced,PR0364,2022-03-05 00:50:31.578947368,Bakken,78.84123205803951,56.49498354815247,74.77995025797975,6.978253819755854,5.0,0.5582603055804684,1.942,7.500260305580468,7.411560517988787,1.1069308980948749,0.7146671913824835,1.48899,10.722148607466144,3.2218883018856754,3000,39.19964100627571,High,97.1
88168.1,88.9,6236.1,4251.3,10000.0,999.4,58761.1,2434.0,300.0,6.4,7.23,56.373671642321966,produced,PR0365,2020-12-24 14:18:56.842105264,Marcellus,81.19081745964283,77.42744828016014,58.89849275043257,5.1622081617827895,8.81681,0.4129766529426231,2.628,11.857786652942623,4.178388652399737,4.860614944896756,0.9875019326203344,1.0314165,11.057922029916828,-0.7998646230257958,5000,-5.839011748088309,Low,131.4
50000.0,41.4,6986.8,768.0,37009.6,1195.6,132463.5,3712.7,300.0,8.1,8.0,25.0,produced,PR0366,2022-04-25 06:18:56.842105264,Ghawar,75.49124203795787,68.35786049463489,61.12968864349361,5.781643711643417,5.0,0.4625314969314734,0.774,6.236531496931473,2.019553749652827,5.063445214759718,0.1574965105796387,2.5420965,9.782591974992185,3.546060478060712,3000,43.143735816405325,High,38.7
89181.7,95.7,4503.1,4495.9,90082.7,980.6,51997.7,891.3,2289.2,13.9,6.65,58.547513879921645,produced,PR0367,2020-01-30 06:33:23.007518797,Ghawar,72.53593400528081,58.36570518507462,73.97654442461663,4.319910290286451,8.91817,0.345592823222916,4.896,14.159762823222916,5.649485130545779,3.1357110184241286,0.7872191218247307,2.131206,11.703621270794638,-2.456141552428278,5000,-17.92983333272643,Low,244.8
79212.6,60.2,4566.8,1693.4,50803.8,1144.3,51853.6,1670.0,1213.0,63.1,6.93,25.0,produced,PR0368,2021-01-08 05:35:38.345864660,Marcellus,69.34837565428474,56.33565318618874,65.21565498246716,4.423541496209701,7.921260000000001,0.3538833196967761,1.436,9.711143319696776,3.13293397909573,3.0403215546046805,0.286196385316476,1.539861,7.999312919016886,-1.711830400679891,5000,-12.496361924963203,Low,71.8
151881.7,132.8,1839.3,4923.3,38148.1,846.8,73655.0,4451.9,1601.0,24.9,8.0,25.0,produced,PR0369,2021-05-16 07:16:41.503759400,Bakken,65.59410051019246,57.99650133534141,55.32322707093181,6.624044359461887,15.18817,0.529923548756951,2.018,17.73609354875695,5.862845794905757,1.158213399056611,0.8566025250728591,1.6770465,9.554708219035229,-8.181385329721724,5000,-50.0,Low,100.9
104888.7,100.0,6894.7,500.0,47665.9,962.6,51232.4,1704.8,1629.2,5.0,5.61,37.51531885416172,produced,PR0370,2023-02-22 23:20:18.045112784,Ghawar,73.93529144117237,66.78343100801536,67.23451670841251,4.901033884754835,10.48887,0.3920827107803868,3.6,14.480952710780388,5.365314433331319,4.893711877434731,0.100175146512023,1.4834745,11.842675957278072,-2.638276753502316,5000,-19.259420300566905,Low,180.0
50000.0,61.1,3535.4,2253.4,24978.4,864.6,20000.0,500.0,1244.9,54.2,7.99,49.30295764229025,produced,PR0371,2021-04-13 08:54:08.120300752,Bakken,82.23730864285221,71.71163137922244,55.14365455115219,4.916353820063779,5.0,0.3933083056051023,0.872,6.265308305605102,2.6886832798741684,2.7911210973690213,0.4847849704498195,0.674676,6.639265347693009,0.3739570420879063,3000,4.549810678736194,Low,43.6
50000.0,93.9,4706.2,1519.7,67490.8,434.8,83968.6,996.0,1140.2,23.9,7.87,64.87895404691082,produced,PR0372,2022-05-20 21:03:09.473684208,Permian_Basin,74.84954472480813,71.03200187465114,58.48394359179615,5.161638988006985,5.0,0.4129311190405588,2.642,8.054931119040559,4.382330558009188,3.381666502885364,0.323841999746722,2.2718910000000005,10.359730060641274,2.3047989416007155,3000,28.04172045614204,High,132.1
87208.3,158.9,2789.0,4612.1,25016.7,772.0,20000.0,592.7,2035.6,5.0,7.65,45.86434144739393,produced,PR0373,2020-09-24 02:49:37.443609024,Eagle_Ford,82.99017154301592,58.610577156612464,55.689004077383785,6.899436018713567,8.720830000000001,0.5519548814970854,5.804,15.076784881497089,7.061488232821235,2.222012048961325,0.8109535287120372,0.6752505,10.769704310494598,-4.307080571002489,5000,-31.441688168318173,Low,290.2
50000.0,45.8,2463.9,1454.4,10000.0,964.2,37496.3,2535.7,1316.8,23.7,8.0,41.30169588636015,produced,PR0374,2020-07-31 05:32:01.804511280,Permian_Basin,68.92293423982909,70.83722379594272,56.12450539834606,4.253171488110629,5.0,0.3402537190488503,3.856,9.196253719048851,2.0512608731009108,1.6302644896657432,0.3090769748664573,0.7124445,4.703046837633111,-4.49320688141574,3000,-50.0,Low,192.8
50000.0,104.2,6326.1,2415.1,25217.4,866.3,86222.8,656.1,2319.3,40.4,7.08,53.69371871977207,produced,PR0375,2023-09-01 05:57:17.593984960,Eagle_Ford,77.37844931318745,65.12164060543998,50.11638953916955,6.456292307654005,5.0,0.5165033846123204,3.262,8.778503384612321,4.167257976405212,4.699236558721489,0.4718258226785943,1.6716030000000004,11.009923357805295,2.231419973192976,3000,27.1489430071812,High,163.1
138981.9,75.8,4079.4,3513.6,10831.6,100.0,39303.7,2406.6,1696.7,38.1,6.22,31.936517692980985,produced,PR0376,2020-10-19 17:33:50.075187968,Ghawar,76.21663681156603,66.61859460748663,72.0177208049863,5.02467362939796,13.89819,0.4019738903518368,3.43,17.730163890351836,4.356236703140333,2.984814222807384,0.702213282038595,0.7520295,8.795293707986312,-8.934870182365524,5000,-50.0,Low,171.5
113809.0,105.6,5902.8,3590.5,27970.1,100.0,29189.1,895.9,705.8,66.0,7.89,47.091227390196096,produced,PR0377,2021-04-20 16:32:28.872180448,Eagle_Ford,76.76084610156855,75.03576015613292,57.399762381894845,6.548404077956425,11.3809,0.523872326236514,2.222,14.126772326236514,4.837009096207421,4.3497976547360535,0.8082476905217857,0.8573879999999999,10.85244244146526,-3.2743298847712534,5000,-23.902608158830148,Low,111.1
105839.1,40.7,3510.7,4273.9,28522.9,1449.7,76377.9,500.0,802.3,12.9,7.93,27.0083061306696,produced,PR0378,2021-05-05 07:49:10.375939848,Eagle_Ford,76.12605030601982,63.31248431699096,52.15935948806986,6.975266948513627,10.58391,0.5580213558810901,6.992000000000001,18.13393135588109,1.6940629730692256,2.5656549581697,0.8117736801671629,1.5735119999999998,6.645003611406088,-11.488927744475005,5000,-50.0,Low,349.6
60707.1,86.6,1303.3,2922.2,64935.6,615.8,24466.6,2459.9,618.0,30.9,7.91,46.2388577531312,produced,PR0379,2022-08-05 17:15:47.368421056,Marcellus,65.54136687342792,58.67497617908384,52.174685142027215,5.046002230635244,6.07071,0.4036801784508195,1.376,7.850390178450819,3.6056255311730463,0.8200326090829306,0.5143800461715564,1.341033,6.281071186427534,-1.5693189920232855,5000,-11.456028641769986,Low,68.8
102107.1,146.5,1833.3,1663.5,52382.3,1150.8,20000.0,2222.7,2174.0,16.0,6.84,43.05245511225895,produced,PR0380,2022-08-02 01:26:36.992481200,Eagle_Ford,63.58977245707872,76.83632833915851,63.90045691152381,4.388069098637065,10.21071,0.3510455278909652,3.422,13.983755527890969,7.470410716155514,1.1191596465173992,0.3834516965765705,1.0857345,10.05875655924948,-3.9249989686414857,5000,-28.652492471082848,Low,171.1
56825.6,23.8,3205.9,1800.6,41581.6,144.7,58235.4,2776.6,876.0,5.0,6.08,32.93598117825874,produced,PR0381,2020-05-04 09:51:52.781954888,Marcellus,84.46570640580147,60.30326439665845,74.82301376334843,4.433126493948785,5.6825600000000005,0.3546501195159028,3.23,9.267210119515903,1.421068606599019,2.599570638397046,0.3257461736178695,1.497255,5.843640418613935,-3.423569700901968,5000,-24.99205881658437,Low,161.5
93194.3,10.0,1747.0,2551.3,34926.4,100.0,44512.3,990.5,561.2,47.7,6.99,47.47560954806609,produced,PR0382,2021-07-17 12:12:37.894736840,Eagle_Ford,61.13237822106253,62.35074676386607,53.62556168175479,6.276222672847558,9.31943,0.5020978138278046,5.018,14.839527813827804,0.4279319822204032,1.025263341621084,0.4772263806559544,1.1915805000000002,3.122002204497442,-11.717525609330362,5000,-50.0,Low,250.9
50000.0,10.0,1000.0,2999.2,10000.0,293.8,20000.0,830.7,1455.8,39.3,7.74,47.37824479739464,produced,PR0383,2021-10-09 16:03:36.541353384,Marcellus,71.69341217570675,72.66475147256556,52.49054452374149,4.4347646570144095,5.0,0.3547811725611527,5.206,10.560781172561152,0.418874545299457,0.6882567568867849,0.6538083678495558,0.45,2.2109396700357977,-8.349841502525356,3000,-50.0,Low,260.3
145651.5,10.0,5402.8,2205.7,10000.0,666.5,69108.6,2602.2,1122.3,35.7,7.82,62.63181018508702,produced,PR0384,2021-08-04 19:18:29.774436088,Ghawar,70.62700792854655,72.08875792644018,60.95759701005227,4.78126470560391,14.56515,0.3825011764483128,2.9360000000000004,17.883651176448314,0.4864416241402171,3.663202544988973,0.4770185200750473,1.1866290000000002,5.813291689204237,-12.070359487244076,5000,-50.0,Low,146.8
50000.0,115.7,1910.3,2538.4,37829.0,400.9,63934.6,4278.5,1435.7,38.5,6.37,25.0,produced,PR0385,2023-10-04 04:19:50.977443616,Ghawar,69.0004739553769,75.01000053209572,64.08328134601989,4.61319503098624,5.0,0.3690556024788992,3.582,8.951055602478899,5.916719650084133,1.2653914118107823,0.5712161560520154,1.5264540000000002,9.27978121794693,0.3287256154680307,3000,3.999494988194373,Low,179.1
134291.4,10.0,3276.4,500.0,54866.0,1576.4,39207.3,2016.8,2711.9,16.3,7.12,43.85926638454436,produced,PR0386,2020-10-16 01:44:39.699248120,Eagle_Ford,79.54959633941775,59.59666603619853,57.359508971948514,5.067035692092947,13.42914,0.4053628553674357,3.658,17.492502855367437,0.4577288815961491,2.502108455486096,0.0893949990542977,1.4110995000000002,4.460331836136543,-13.032171019230894,5000,-50.0,Low,182.9
86556.6,62.1,3592.3,3834.7,32291.7,907.7,41260.0,2636.9,1930.5,9.9,5.5,33.59606400444781,produced,PR0387,2020-02-17 13:39:14.887218045,Bakken,78.63375720781289,63.80699733285508,57.56305231284666,4.223099725449062,8.655660000000001,0.337847978035925,0.2,9.193507978035925,2.852583107804967,2.711770041769212,0.7340420780168981,1.1032755,7.401670727591076,-1.791837250444848,5000,-13.08041192824739,Low,10.0
65421.3,117.1,1823.7,2862.2,21628.6,1909.4,64111.8,1517.6,1221.6,30.8,7.78,58.04643087264438,produced,PR0388,2023-07-12 00:28:52.330827072,Ghawar,82.63062308824851,58.147080973906526,60.611912546223735,6.570227447221774,6.54213,0.5256181957777419,0.2,7.267748195777743,5.663928657411914,1.4466572863299725,0.4992857254905457,1.286106,8.895977669232431,1.628229473454689,5000,11.886075156219228,Medium,10.0
91680.1,105.0,5901.6,4503.7,46612.6,1042.6,85710.8,500.0,300.0,53.2,6.02,56.30868097788199,produced,PR0389,2022-08-09 09:04:57.744360896,Permian_Basin,69.88718815467305,68.5259786792151,57.85364037876515,6.580438935402981,9.16801,0.5264351148322385,1.79,11.48444511483224,4.8475565273367325,3.959483804290738,0.9258613505327432,1.984851,11.717752682160214,0.2333075673279729,5000,1.7031452414942028,Low,89.5
114333.9,56.9,1000.0,2500.3,32916.7,100.0,41516.2,3451.1,800.0,62.2,7.59,52.61819767602932,produced,PR0390,2021-01-19 05:03:09.473684212,Permian_Basin,74.1044881982365,62.31426481346753,72.88328958921292,5.23879869544807,11.43339,0.4191038956358456,1.876,13.728493895635845,3.3093532237457204,0.7114030867030704,0.4674130689393387,1.1164935,5.604662879388129,-8.123831016247717,5000,-50.0,Low,93.8
139669.9,91.5,3523.3,500.0,77143.6,1433.6,69640.7,3362.6,1768.8,45.9,5.65,34.44250112895806,produced,PR0391,2023-09-12 05:24:48.721804512,Marcellus,82.30767618355301,72.22339102521407,51.048864282265725,5.836262707070426,13.96699,0.4669010165656341,0.6020000000000001,15.035891016565635,3.727434923298197,2.7839485007761184,0.1083350865378211,2.2017645,8.821483010612136,-6.2144080059535,5000,-45.36517844346054,Low,30.1
97525.7,86.4,3492.2,1783.1,65818.2,100.0,66956.0,3066.2,300.0,30.6,7.83,58.28205874410144,produced,PR0392,2022-07-03 18:53:13.984962400,Bakken,84.84620157138461,55.00860919961352,55.86425399675687,5.925854712712914,9.75257,0.4740683770170331,4.5,14.726638377017034,3.851683893165196,2.844479089224857,0.2942575531914925,1.9916130000000003,8.982033535581547,-5.744604841435487,5000,-41.93561534247906,Low,225.0
50000.0,66.5,2891.5,2100.1,58987.7,938.3,76379.2,1727.1,2912.8,35.4,7.12,25.0,produced,PR0393,2022-09-07 15:38:20.751879696,Marcellus,84.23235905913387,56.49207496148948,70.21381990568554,6.247774346037787,5.0,0.4998219476830229,3.004,8.503821947683022,3.726036780935015,2.338155515707062,0.3559170198798722,2.0305035,8.450612816521948,-0.0532091311610738,3000,-0.6473777624597319,Low,150.2
87225.2,67.3,1000.0,3985.8,53943.4,335.2,51179.3,2895.6,1211.5,30.2,6.02,25.0,produced,PR0394,2023-08-17 14:40:36.090225568,Eagle_Ford,77.94609678171835,65.81400751298358,70.84895311662392,5.562070262632153,8.72252,0.4449656210105722,2.57,11.737485621010572,3.8049713667095344,0.7482825291044963,0.7869644134357499,1.5768405000000003,6.917058809249781,-4.820426811760791,5000,-35.189115725853775,Low,128.5
157671.7,214.1,4741.6,500.0,10000.0,2085.6,22630.2,3340.6,1239.1,9.5,7.49,25.86193500147114,produced,PR0395,2023-11-06 02:42:24.360902256,Ghawar,63.580688945254494,78.95460389938921,52.78887697410503,5.531008136325058,15.767170000000002,0.4424806509060046,0.488,16.697650650906006,9.019074651004397,2.89415226914706,0.1184319058490838,0.4894529999999999,12.52111182600054,-4.176538824905466,5000,-30.4887334218099,Low,24.4
138907.1,128.6,4487.0,2582.4,51574.8,1663.8,36125.0,4430.2,666.7,30.5,6.21,44.49787784509641,produced,PR0396,2020-10-27 01:12:10.827067668,Bakken,60.57965029482566,77.27128468397957,74.34408625031791,5.893911331984633,13.890710000000002,0.4715129065587706,2.91,17.272222906558774,7.629398294449126,2.609480552379674,0.5986360967037265,1.315497,12.153011943532528,-5.119210963026246,5000,-37.3702400300916,Low,145.5
121350.5,228.8,1648.9,3527.4,44408.1,354.9,60285.6,3482.8,1597.4,5.0,7.55,55.12746601482441,produced,PR0397,2020-04-08 19:07:40.150375940,Marcellus,80.63045891007354,79.85022570154958,67.33387124747773,6.1091451870096325,12.13505,0.4887316149607706,0.2,12.82378161496077,12.29397981365548,1.2763350114894745,0.8449910584189378,1.5704055,15.98571138356389,3.16192976860312,5000,23.08208731080277,High,10.0
116827.5,50.2,4415.0,1177.0,50160.6,723.6,104553.9,2095.7,300.0,27.5,6.53,25.0,produced,PR0398,2021-04-24 08:21:39.248120304,Marcellus,81.02355061229564,65.42075562160112,56.81482639958989,5.040071131087755,11.68275,0.4032056904870204,2.674,14.75995569048702,2.275979219637012,3.4341021691515383,0.2310006880998735,2.3207175,8.261799576888425,-6.498156113598595,5000,-47.43653962926975,Low,133.7
112978.0,74.9,3749.8,2649.3,47315.2,946.8,35479.4,500.0,2931.9,62.7,5.5,64.8411424781968,produced,PR0399,2021-08-12 02:56:50.526315792,Permian_Basin,78.65902270658674,56.16421215684379,61.40094662036137,4.991111419806446,11.2978,0.3992889135845157,3.1260000000000003,14.823088913584517,3.669946859688323,2.831573792113526,0.4463875418013787,1.241919,8.189827193603227,-6.63326171998129,5000,-48.42281055586341,Low,156.3
131350.2,10.0,1000.0,1245.9,46319.1,1318.0,74143.6,2233.5,2253.9,46.5,5.82,46.96668294267651,produced,PR0400,2021-09-25 00:46:55.037593984,Eagle_Ford,66.9980871499805,62.64890355049406,57.428465489199176,4.809155212287728,13.135020000000004,0.3847324169830182,3.484,17.00375241698302,0.4582791546038094,0.6431816366398129,0.2341628068006816,1.8069405000000005,3.1425640980443044,-13.861188318938716,5000,-50.0,Low,174.2
