TDS_ppm,Li_ppm,Mg_ppm,Ca_ppm,Na_ppm,K_ppm,Cl_ppm,SO4_ppm,HCO3_ppm,B_ppm,pH,Temp_C,Source_Type,Sample_ID,Sampling_Date,Location,Mg_Recovery_%,Ca_Recovery_%,Li_Recovery_%,Energy_kWh_m3,Chemical_Cost_USD_m3,Energy_Cost_USD_m3,Treatment_Cost_USD_m3,Total_Cost_USD_m3,Li_Revenue_USD_m3,Mg_Revenue_USD_m3,Ca_Revenue_USD_m3,Salt_Revenue_USD_m3,Total_Revenue_USD_m3,Profit_USD_m3,CAPEX_USD_m3_day,ROI_%,Economic_Flag,Oil_ppm
36354.76862788831,0.1904573850521792,1384.6388794372658,457.3667506817913,10801.85981037119,372.2174365861367,20562.697252248654,2715.397053315045,131.25449986460123,4.599471682972499,7.342963352597709,19.297668293468412,seawater,SE0001,2020-10-14 14:42:16.227045072,Mediterranean,85.44553251403886,60.83982972698769,25.115348018985845,3.2393902320704515,3.57451,0.2577298294096937,0.0,3.8322398294096938,0.003868115209796,1.0766137096768895,0.0821337701314333,0.4356704999999999,1.598286095018119,-2.2339537343915747,3000,-27.17977043509749,Low,169.03427737389967
32137.417048991312,0.14097034667714653,1100.6694083543093,429.37509662645147,10961.389804626871,325.92920481170245,18805.22244750362,2463.1039242354486,125.16997534271005,4.304339385353299,7.690497912879093,25.084850951771475,seawater,SE0002,2020-04-07 11:53:59.398998330,Pacific,75.10172862238586,68.44607630917136,16.430994160254244,4.467727606050425,3.47926,0.3307005750452009,0.0,3.809960575045201,0.0018618945342633,0.9063396772915322,0.081519276884223,0.4433535,1.4330743487100186,-2.3768862263351824,3000,-28.918782420411382,Low,158.2871643385058
33489.90635768669,0.19306563270115037,1377.8522469248994,380.5593745208969,11877.233937129213,354.40514714887576,19486.595263993553,2906.118392056054,90.64921208394635,4.8164130601183865,7.697855623199449,30.53463441985324,seawater,SE0003,2021-08-15 06:53:29.348914856,Pacific,73.83968535121296,70.68805386400633,19.79346131033124,3.8635975122336474,3.59715,0.3058779178829843,0.0,3.903027917882985,0.0030958556966262,0.9301673771314718,0.0773185933164501,0.4534005,1.4639823261445484,-2.439045591738436,3000,-29.675054699484303,Low,160.48446244489065
34488.36376614619,0.2253315703004129,1332.1427255915985,345.8527762608507,9627.401802551809,396.60988789306447,18929.348992206717,2658.641501576708,119.48376998179178,4.290006764218237,7.7478429965997595,29.393129449627523,seawater,SE0004,2023-03-18 09:17:43.772954912,Pacific,77.5597850113847,61.54510598940217,28.91422729967317,3.3004160123181294,3.7,0.2722333967892553,0.0,3.972233396789256,0.0048685197642643,1.0083764816728158,0.0646223612888722,0.446469,1.5243363627259523,-2.4478970340633026,3000,-29.782747247770185,Low,169.72756117825148
34916.894127566375,0.1873350018920243,1369.5213096834852,383.1328823751907,11633.38114932437,428.48494626132174,21063.169268061665,3206.517046021445,117.17835393597255,4.242563736194631,7.889407152870873,24.350498377954036,seawater,SE0005,2020-07-01 19:18:43.873121868,Red_Sea,77.85004024540436,80.37418345049616,28.910871243519388,3.731039828513255,3.4648800000000004,0.2993404756750686,0.0,3.764220475675069,0.0041988992959237,0.9752305681557902,0.0843928926230209,0.4630395,1.526861860074735,-2.2373586156003338,3000,-27.22119648980406,Low,152.86487431309638
33129.724908101314,0.22948963156700505,1375.0237633999952,292.0610433666079,9990.111146151508,352.1500930521591,19409.286364477342,2494.7849573238263,103.26519181078588,4.135229430945497,7.936480736714581,16.14046527313915,seawater,SE0006,2022-03-12 21:40:34.056761264,Pacific,87.48202126033132,68.60193593775685,16.150055489268603,3.829845808546198,3.4648800000000004,0.3236332351007644,0.0,3.7885132351007647,0.0029126302073786,1.0952189176857416,0.0720320327346446,0.4488825,1.619046080627765,-2.169467154473,3000,-26.39518371275483,Low,142.93471311976717
38279.62555014659,0.1339219067899604,1368.2189759515036,472.78289748592795,10110.142597371154,401.97704137525955,19318.122804105016,2792.0942075862404,104.48429619928422,4.606169924948408,7.486728399988723,23.32019504442467,seawater,SE0007,2021-08-17 17:23:20.333889816,Atlantic,82.36886943867354,82.84081865446262,26.199757500341804,3.010532523963576,3.7,0.241426369061686,0.0,3.9414263690616864,0.003073388753335,0.9724534621025348,0.1027391832952645,0.4339814999999999,1.5122475341511346,-2.429178834910552,3000,-29.555009158078377,Low,158.9225072638736
28927.327440880752,0.12947542259068553,1350.5829035549195,374.59995007234363,11660.993023827587,335.5553145995649,21113.327948960054,2266.877991076587,133.17930098603898,5.461072956628204,7.725200047793323,27.09015378394197,seawater,SE0008,2021-10-17 15:49:34.958263768,Red_Sea,78.1192291267918,63.86025269605663,21.87888105613717,3.8573284823393648,3.61512,0.3164960470576956,0.0,3.931616047057695,0.002322093162012,0.9252066525477411,0.0814984544907074,0.4637235,1.4727507002004607,-2.4588653468572343,3000,-29.91619505342968,Low,161.55928836230493
32238.750586276503,0.12436010042317784,1313.112019659265,334.6362257930788,9323.834124507059,413.63157793108974,16100.815031264327,2394.738360135079,146.95859678124464,4.7031633051206905,8.09159802417368,20.359918071162593,seawater,SE0009,2021-08-12 20:23:38.363939896,Red_Sea,80.68775928571534,61.423373923432834,29.5096898670076,3.917080804139726,3.4295800000000005,0.3049908933927929,0.0,3.734570893392793,0.002755201704123,0.9295229869714408,0.0644945426196044,0.4455854999999999,1.4423582312951682,-2.292212662097625,3000,-27.88858738885444,Low,155.2401294130716
32990.82100583067,0.21556733342551504,1541.4796912782913,443.52599162416635,9856.547268030874,414.11094952094334,19566.56679274054,2832.8348010159375,119.55102211010892,4.513349847973567,7.512375047531743,26.830637365372787,seawater,SE0010,2023-09-07 10:37:03.706176960,Pacific,89.07930466650548,72.05790260965804,19.55227139422193,3.2755231014564097,3.5813800000000007,0.2664343401296079,0.0,3.847814340129609,0.0033545832031066,1.1972258547178336,0.0961540652423277,0.4372635,1.7339980031632678,-2.113816336966341,3000,-25.71809876642381,Low,174.46501185809223
33689.33810637496,0.19877176854553555,1224.4758347245395,371.946679475825,10479.30038092048,404.44860494853884,19717.528667463816,2561.54472035184,135.02501934845347,4.2603915015145795,7.979229121277359,27.713590504857013,seawater,SE0011,2020-05-04 07:22:20.233722870,Mediterranean,72.26429353219791,64.72823342064267,25.494137360311232,4.115006164932153,3.4304900000000003,0.3303577288771436,0.0,3.760847728877144,0.0038654211065703,0.83248466149092,0.0729746103584325,0.454947,1.364271692955923,-2.396576035921221,3000,-29.158341770374857,Low,130.62689301204074
33009.494603184845,0.18877417877185299,1233.4727130631368,435.99378516219707,10459.492880312755,397.7192323422194,21740.84472099452,2952.031635884716,105.36935152944898,4.555471401016117,8.0134345014101,29.113919798645124,seawater,SE0012,2022-04-01 09:39:21.936560928,Persian_Gulf,74.15431043449382,83.43498188944653,25.362742592297423,3.3893122558479285,3.43014,0.2764153181559841,0.0,3.706555318155985,0.0034002307228937,0.8761124145766229,0.1019492043707147,0.4570019999999999,1.438463849670231,-2.2680914684857534,3000,-27.595112866576667,Low,170.54958700986955
37337.88488628532,0.19094103162234183,1303.2395759091744,416.6781465137776,10269.648856581549,371.052848503031,17228.180144652473,2619.843335972709,129.1548056922606,4.270221249615671,7.9283831658122415,19.232046618285633,seawater,SE0013,2021-10-10 08:20:02.003338896,Mediterranean,89.2505741317311,60.25758496134348,19.948657352661524,3.593451919215927,3.53629,0.2732233117855878,0.0,3.809513311785588,0.0028335870850014,1.0523285294264844,0.0813477396978137,0.4393875,1.5758973562092995,-2.2336159555762887,3000,-27.175660792844848,Low,166.90846648635716
28704.932057465267,0.13688686737490155,1460.705853741133,452.9192356291527,10828.912052073141,366.334060380204,21778.047674530902,2315.6429190371764,105.32289356241549,4.556276577110616,8.454750351735163,27.130079633013302,seawater,SE0014,2022-08-30 12:30:03.005008336,Mediterranean,89.14649697054408,70.31549187647587,25.91260228594616,3.671103777683859,3.3000000000000003,0.2965462018799187,0.0,3.596546201879919,0.0028122429008891,1.1891429523894816,0.0938289923599693,0.4451805,1.7309646876503402,-1.8655815142295789,3000,-22.697908423126545,Low,163.20668089453292
33105.08531032404,0.23430807421497069,1243.013194235683,370.952424197977,10897.37538927355,381.3603367640275,19920.299927322274,2654.151073084065,119.00379512139861,3.9134230922264153,7.843472265442979,26.2500199740011,seawater,SE0015,2020-07-09 02:48:16.828046744,Red_Sea,73.54330842529545,83.16869428362921,15.22080666613993,4.234913380050434,3.3000000000000003,0.3211379614106838,0.0,3.621137961410684,0.0029515275038578,0.8969930242016436,0.0964590516301531,0.4622355,1.4586391033356545,-2.162498858075029,3000,-26.31040277324619,Low,121.21990189660237
35491.56117111511,0.14289776592003914,1439.6726940632102,362.74251728395626,10788.684439832008,431.13469410409147,20519.93604359439,2809.10817921985,124.79305227202377,4.648149457629986,7.679176019212186,24.14799793779322,seawater,SE0016,2022-10-08 12:27:38.764607680,Red_Sea,72.90217634250597,69.61045516824421,12.445060725804575,4.5005725938648515,3.41566,0.3514615171051505,0.0,3.767121517105151,0.0017280215718994,0.9798052500432802,0.0742186673003819,0.4571475,1.5128994389155617,-2.254222078189589,3000,-27.42636861797333,Low,172.36329077519352
37832.142904583045,0.17096085858885374,1229.6715609776243,348.413079634952,10861.92297812384,377.0597037440179,21015.006296172567,3087.3867203673763,137.8557582771105,4.118365211818929,8.458551968734563,28.480753319498366,seawater,SE0017,2020-02-13 20:57:17.729549248,Red_Sea,78.42170268677239,62.32773201501152,18.50327489310633,3.258488333219524,3.3480800000000004,0.2569628691758525,0.0,3.6050428691758527,0.0025544511120929,0.9280361558590496,0.065444118615762,0.443763,1.4397977255869043,-2.1652451435889484,3000,-26.343815913665537,Low,146.78686117820544
34275.176057306846,0.18761839205622155,1248.5243743599124,366.3680004303623,10671.64707677124,346.8846143765653,19984.32111621792,2696.069349365062,100.16827248742499,4.428058073998886,7.9002888418294885,30.471370998892912,seawater,SE0018,2022-05-15 06:36:39.666110176,Atlantic,70.99436584975938,67.57237357154467,28.87261313267169,3.6344667565950908,3.54714,0.287576174490208,0.0,3.834716174490208,0.0044237462937354,0.9050248167541968,0.0737890319401267,0.448497,1.4317345949880589,-2.4029815795021494,3000,-29.236275883942813,Low,152.5295959533067
34401.989697324694,0.18902791658381246,1326.3891844319032,374.41014891668686,9879.74075808144,387.66959922657765,20560.515605247587,2694.033675467724,129.67653745159504,3.6352221371859628,7.989270263961879,16.444363381433835,seawater,SE0019,2021-09-23 06:51:05.108514184,Atlantic,83.0980706457028,72.45025984586084,20.01489216405057,3.1371132600327116,3.3638000000000003,0.2480387511015156,0.0,3.611838751101516,0.0029388266462318,0.9704525082287756,0.0846363935519346,0.4604295,1.5184572284269422,-2.093381522674574,3000,-25.46947519254065,Low,156.26145390444154
28833.076949180937,0.17509311423778362,1405.4095257679487,338.08201053674196,10775.911221206024,380.5146920078564,20274.935763917252,2476.6697338593312,111.56555728750847,4.183657359104474,8.166175363443443,21.755231235540293,seawater,SE0020,2023-10-16 10:34:39.465776288,Persian_Gulf,71.54992043323485,64.62879218358333,22.70518277293854,3.8985349026490557,3.3000000000000003,0.331026089696609,0.0,3.6310260896966096,0.0032070162459464,0.9616309306226762,0.0679765636186929,0.4490519999999999,1.4818665104873157,-2.149159579209294,3000,-26.14810821371308,Low,162.66032135261472
30804.83343082927,0.14272566469255596,1372.0914936467034,401.31091049128725,11227.300433482304,374.15397290316383,18163.7427743474,2444.1639890376778,122.70712541096545,4.092924436897538,7.950744411857445,17.19847315338233,seawater,SE0021,2022-08-11 00:31:15.125208672,Red_Sea,71.16059254188562,71.66404262858154,22.483249118157502,3.6408808919908457,3.7,0.2937279467617633,0.0,3.993727946761764,0.0026194783882582,0.8197700260825224,0.0845779031102519,0.447,1.3539674075810326,-2.639760539180731,3000,-32.117086560032234,Low,165.22878814109262
36710.96846498975,0.161081341775067,1179.5528851854817,430.4750624857004,11304.058747301984,363.70690653323726,19571.79118396974,2694.669832719806,113.72208913727899,3.730849583513701,8.08087610059647,25.62459321251032,seawater,SE0022,2020-03-06 19:25:56.594323873,Pacific,79.70373872417699,80.90857989464594,12.65145734539061,4.163343925903869,3.4661300000000006,0.3248314962225822,0.0,3.790961496222583,0.0018576387849383,1.018422491922044,0.0980126536843741,0.4591635,1.5774562843913569,-2.213505211831226,3000,-26.93098007727992,Low,168.0341913565918
35087.63785251997,0.21112970894284597,1310.2621474773748,372.5172296404714,9798.990888477643,369.81478482282563,17858.385199782464,2540.521804072791,113.15995333691492,4.296593321595949,8.445257090568568,26.92826351665759,seawater,SE0023,2022-12-03 13:54:11.419031712,Red_Sea,89.15573272220203,81.81544925491532,17.805937647544205,3.478181941457904,3.5101300000000006,0.2786633308771544,0.0,3.788793330877155,0.0032112652428593,1.1669272895371223,0.0954295400109332,0.4377795,1.703347594790915,-2.08544573608624,3000,-25.37292312238259,Low,167.18190628332422
35722.36431343435,0.21700677029976817,1344.4647214875995,345.1509549158619,10141.470563262454,353.47573230301623,19367.59017552073,3108.660429960982,112.84199725331533,4.327047854184958,7.594118549899148,22.667067143466017,seawater,SE0024,2021-02-06 04:05:12.520868112,Atlantic,78.53591872126319,61.2315183677683,24.138779458437497,4.086619605217422,3.3000000000000003,0.3413180689687588,0.0,3.641318068968759,0.0040451766616449,1.0113415811779434,0.0675077490004645,0.4485975,1.5314920068400528,-2.1098260621287066,3000,-25.66955042256593,Low,160.95003061424143
30897.069377963402,0.24418475045108495,1383.5287713628018,425.93759921622643,9876.706061602456,371.0781477057096,16729.697024122866,2180.0711376127506,120.10735739775394,4.865305348674078,7.543278620896845,20.910758058220676,seawater,SE0025,2020-12-16 23:38:21.836393988,Red_Sea,77.12962317321102,64.02258395131433,29.439801971614525,3.7962644850864886,3.41834,0.3041793693888137,0.0,3.722519369388814,0.0051214657101899,0.9488794761261112,0.0784404698571503,0.45,1.4824414116934514,-2.2400779576953624,3000,-27.254281818626914,Low,162.75447179709707
36446.216061966676,0.15394184958635998,1322.9881957777309,421.1396074718245,9601.908708207095,300.1001034395171,19396.856096611435,3132.587316222727,118.02273359736512,4.888980945468165,7.5350465115936,15.1663838845648,seawater,SE0026,2022-08-06 03:31:33.155258752,Atlantic,89.95913431004573,66.8822533941701,13.360354765940524,4.641141557444295,3.51664,0.3532329386188386,0.0,3.869872938618839,0.0016525422809991,1.1114630962274767,0.0846929974730376,0.443826,1.6416346359815135,-2.228238302637325,3000,-27.110232682087453,Low,146.0748109889898
37626.24772921351,0.1432125485210264,1332.7486462387362,370.34720428265587,9511.500323789249,456.73627189623954,18738.346726208925,2830.372172202747,125.28626713438555,4.580573458550316,8.428431069491047,25.14117805092539,seawater,SE0027,2021-10-27 09:48:58.898163600,Red_Sea,80.63937921558367,74.87164627219005,18.208837806782327,3.234864512541696,3.32735,0.2494577566972841,0.0,3.576807756697284,0.0020342913597737,1.0097856599885506,0.0786152285857995,0.445281,1.535716179934124,-2.04109157676316,3000,-24.833280850618447,Low,149.83575773511004
36608.33402819695,0.1770677961837916,1183.878949320111,421.4673877788088,10028.658099225653,429.8961688132738,19391.047220104374,2642.818174322066,135.84815859918115,4.820401517429484,7.3345187451417475,30.563547027518506,seawater,SE0028,2021-09-28 03:50:47.078464104,Pacific,77.50482813780496,69.02486896981168,11.901875996054589,3.7643999508431154,3.55635,0.3017132189450489,0.0,3.858063218945049,0.0015766177094453,0.956322773812999,0.0931835731092457,0.4549095,1.5059924646316902,-2.3520707543133588,3000,-28.616860844145865,Low,168.06319240619223
34759.18069314044,0.16223683700814898,1283.3112923036138,345.88605763956417,11402.340990160641,363.04352816607553,19089.20163846523,2908.4959456595616,136.99667347664825,4.4533843236442126,7.466811956462134,21.143949686454633,seawater,SE0029,2021-03-19 14:32:39.265442400,Persian_Gulf,77.71721626683204,81.10102283615188,14.84752919298512,4.268129251968361,3.4099000000000004,0.3319746295197238,0.0,3.741874629519724,0.0020379124669123,1.041833479632041,0.0961290423676908,0.447,1.5870004344666442,-2.15487419505308,3000,-26.21763603981247,Low,167.41832762282985
34583.20036804442,0.20821242755508615,1431.6054567084104,385.94230645170757,9860.579194489774,380.951203082664,17111.62288812143,2993.6223267862215,108.31932476552466,4.029133014690944,7.578478005016662,26.762759020425808,seawater,SE0030,2023-08-01 21:09:18.931552576,Pacific,73.89918992067021,77.91679670707344,17.535186866523006,3.8573451331307815,3.4562500000000003,0.3120183177688337,0.0,3.768268317768834,0.0028405950612555,0.9932051125338076,0.0937105313995972,0.4402995,1.5300557389946603,-2.2382125787741733,3000,-27.231586375085776,Low,166.16282143974794
30347.991862265648,0.11283171741425312,1125.485003832427,412.0431051748208,10013.345570261234,357.42281090288844,22426.182656637055,2695.5856772806924,131.10653988419202,4.798216252496863,7.546111004671365,16.25671851455565,seawater,SE0031,2020-10-07 07:12:43.272120200,Atlantic,80.24446114895078,62.511400577837705,20.81286495904701,2.879664375167422,3.40974,0.2427832968512211,0.0,3.652523296851221,0.001976431282241,0.9585425568733388,0.0816523914347716,0.458103,1.5002743795903513,-2.15224891726087,3000,-26.185695160007256,Low,152.45514924008143
40510.93390348981,0.2290761455099841,1155.3222689756965,409.4293970980858,9429.720042733632,351.6727178779959,18882.579718008794,3001.875966020058,104.105606103326,4.441539852639637,7.792360581880894,30.064482595225975,seawater,SE0032,2022-04-06 06:39:03.906510848,Mediterranean,78.77710056336012,75.61393756280228,14.61133764478162,4.334855846915931,3.7,0.3566806414012657,0.0,4.0566806414012655,0.0025185270471557,0.9075121984899086,0.093390774283817,0.435291,1.4387124998208811,-2.617968141580384,3000,-31.851945722561343,Low,168.2296031466827
33484.062535180274,0.16674870520384252,1336.474911872096,427.7419078299803,10153.899431829714,394.3463677228254,19061.788870043387,2784.6809737091517,124.70557584566238,4.819814107348212,8.079071023253961,23.012842674169818,seawater,SE0033,2023-03-06 04:48:28.848080128,Pacific,75.41590592694827,62.825315633674464,14.551253223573717,3.6090324126978808,3.4979800000000005,0.2757916431691078,0.0,3.773771643169108,0.0019159635119479,0.934819370235606,0.0843806814275881,0.446199,1.4673150151751422,-2.306456627993966,3000,-28.061888973926585,Low,145.29444328881618
34593.355058717985,0.16027998543565602,1303.732221316876,435.89541972436774,10154.873617436277,356.7671685625425,18505.318488091787,2473.1567872284418,133.44436643508635,4.0581830091429465,7.442538384214659,19.601343853551576,seawater,SE0034,2023-07-10 22:40:40.066777952,Red_Sea,73.2108017320352,66.3758917409115,25.55659958280408,3.3461839036972454,3.34134,0.2699133439639659,0.0,3.6112533439639662,0.0032018841353311,0.9839531752785532,0.0825185086123011,0.4538895,1.5235630680261856,-2.0876902759377804,3000,-25.40023169057633,Low,170.0769117750803
32269.372927979097,0.13233053374529785,1356.6524492187523,361.94901051427854,12221.442066108277,378.6844268134089,19685.8431101746,2408.679655239574,91.63097270243587,5.01080589116877,7.474931742932038,22.431999162074128,seawater,SE0035,2022-08-13 11:01:06.110183632,Persian_Gulf,76.22477737335107,64.4467658383557,29.252833258937624,3.7012661727744613,3.623380000000001,0.2982791850727895,0.0,3.92165918507279,0.0032681265316885,0.892451889451574,0.0714199059020657,0.453984,1.4211239218853284,-2.5005352631874613,3000,-30.423179035447447,Low,155.26202979480738
30430.21993580885,0.12593907182073058,1519.9457617353132,422.50393715561574,11076.703589488068,393.8399145311334,21459.135190481407,2340.5452394956524,116.24674119056459,4.263736635615722,7.862386992573245,21.200676614878414,seawater,SE0036,2023-01-18 21:21:20.133555920,Red_Sea,80.17366655375459,64.32654873001762,16.472259355029124,3.7789365367127825,3.31687,0.3050589729028019,0.0,3.6219289729028015,0.0015773835558375,1.0775340784824616,0.080684790072061,0.4481295,1.6079257521103605,-2.014003220792441,3000,-24.503705852974697,Low,176.79460848339397
38860.73702984682,0.22345633137480336,1246.0008401628465,353.8620466818031,11182.796036384685,338.79459449038876,20588.517586005346,3148.6016624366807,109.96404854117486,4.663746135841373,8.022696331072469,27.225461970969814,seawater,SE0037,2022-10-13 09:27:20.734557584,Red_Sea,71.16666544569604,75.40988811942148,23.759840372713604,4.386464777088633,3.5313300000000005,0.331954576510779,0.0,3.86328457651078,0.0036972687603979,0.956479983590155,0.0791803825253925,0.4444619999999999,1.4838196348759454,-2.3794649416348346,3000,-28.950156789890485,Low,141.30687531978904
32197.731712507382,0.15986474318704438,1163.3699525514987,410.93243561247306,11805.69022607208,384.46197225629885,20795.6044287016,2569.6198403722033,118.1122662914821,4.760395033300534,7.741101836402999,15.499678808202749,seawater,SE0038,2023-01-26 04:50:53.088480800,Pacific,73.07488057167912,74.09012306385404,15.161609227158417,3.7650218953142156,3.3000000000000003,0.2871928389190787,0.0,3.587192838919079,0.0020810218360828,0.8731103650513135,0.0901084076702592,0.458025,1.4233247945576557,-2.163868044361424,3000,-26.32706120639732,Low,177.67176449034102
36365.549665139864,0.1278844098998722,1139.7900199861363,397.6272562714049,9562.736634489853,364.82689215434465,20064.971780209195,3071.617531026757,148.03727182703108,4.742144532954107,8.123646242745739,21.02214426881309,seawater,SE0039,2023-12-11 12:01:12.120200320,Persian_Gulf,88.9531453393819,64.40070381969318,28.55904509931264,3.903558678109416,3.30077,0.2927952451754655,0.0,3.5935652451754656,0.0029855054565919,1.15872501994567,0.0769524009941513,0.444111,1.6827739263964132,-1.9107913187790524,3000,-23.247961045145136,Low,154.1484091439959
35102.017779353235,0.1331238405381214,1323.3060464702828,403.52510202887004,9144.344769508933,379.29042008673815,19180.904833307475,2795.4669062088974,119.28188300763058,4.242688627432288,8.160231667907473,25.087932963807948,seawater,SE0040,2021-01-29 20:35:39.565943236,Mediterranean,80.85710702062678,84.7543201354608,23.458047203307967,3.7842970784074037,3.5295300000000003,0.3041951899120597,0.0,3.83372518991206,0.0024522573385394,1.086719518357224,0.0990608493743265,0.4451205,1.63335312507009,-2.20037206484197,3000,-26.771193455577304,Low,153.948974896322
31452.231544835864,0.16880774957435316,1329.8081227397417,371.67810975283135,10147.709875518776,386.2745824402558,17162.74912511288,2349.0962861713556,105.50241130046805,3.5687431626099864,8.189432190300112,20.61250374733382,seawater,SE0041,2022-07-07 21:33:21.335559264,Red_Sea,71.26898607320075,70.54591830920734,26.0535370927514,3.62343342541253,3.61077,0.2873264519689969,0.0,3.898096451968997,0.0033265156160024,0.863506438300672,0.083300620339512,0.451527,1.4016605742561865,-2.496435877712811,3000,-30.3733031788392,Low,160.30696314558006
37458.72015993509,0.21138298720654217,1242.5266022305564,384.2857392030201,12027.569722670136,413.6139319781707,19019.030309991467,2769.724093441315,118.20784850074064,4.493501543162045,8.3460210786228,30.257052421784955,seawater,SE0042,2020-12-02 08:39:15.926544240,Persian_Gulf,83.86175517539147,62.42673320387342,10.987080863983296,4.172907375342349,3.52571,0.3497457694921387,0.0,3.875455769492139,0.0019288919164809,1.0301712184553369,0.065548069864067,0.4543575,1.5520056802358846,-2.323450089256254,3000,-28.26864275261776,Low,150.4329878958399
33388.4280636979,0.12987343650978134,1281.8552611985617,366.4306319669819,9616.965747782257,359.18248348259874,18495.49408665858,2826.750281821424,148.1068376950199,3.6688143622551084,8.487153233805557,20.55905017611093,seawater,SE0043,2020-12-24 07:07:54.791318864,Mediterranean,71.2360574015807,63.01422542387788,21.970119364812494,4.466377998369059,3.48265,0.3421502359961103,0.0,3.8248002359961104,0.0028402091510055,0.849224986380316,0.0704373011788106,0.43209,1.354592496710132,-2.4702077392859785,3000,-30.054194161312743,Low,157.3492817910828
36237.99575152216,0.13689290807393523,1072.1239172643336,367.45430531643353,9894.94171374632,390.6184767821462,20801.72112124723,2695.0074967230817,120.78529257149033,4.23151282064603,7.495475207806623,21.201159888448615,seawater,SE0044,2020-06-29 08:48:52.888146910,Red_Sea,84.77748454092746,74.59734284316487,20.552246627167644,3.5534514790162492,3.4548300000000003,0.2945968434093454,0.0,3.7494268434093456,0.0020500866010599,0.9766366219114844,0.0905462547430335,0.4533585,1.522591463255578,-2.2268353801537675,3000,-27.09316379187084,Low,149.984108430319
33058.237104017586,0.17167737482445508,1304.0905465853875,413.3713750756851,9939.305480943307,430.10670923387903,19323.01376360937,2738.7310893176505,136.85285969176252,5.01421973040102,7.8899531927628965,17.89067726533637,seawater,SE0045,2022-12-30 09:22:32.253756256,Persian_Gulf,84.99925443440054,84.47673508458682,15.85993813823064,3.019803995107299,3.3000000000000003,0.240023383480478,0.0,3.540023383480478,0.0020629655933922,1.0078327598585095,0.1033995237435342,0.4374285,1.5507237491954362,-1.989299634285042,3000,-24.20314555046801,Low,150.38887618029491
30256.198475917256,0.14223497500428123,1153.3708248540186,329.1460781800366,10454.125229792873,348.05528456950236,20921.80197072107,2363.055274892872,134.9019642818375,4.500581408885822,7.5822964659312255,28.920233687407936,seawater,SE0046,2021-02-20 19:04:18.430717860,Pacific,83.02157951498505,74.29877754047995,15.24859970114636,4.208157619344049,3.39202,0.3481121394635136,0.0,3.7401321394635136,0.0019712779749653,0.9564085960126276,0.0780137164175039,0.4414755,1.4778690904050973,-2.2622630490584164,3000,-27.524200430210733,Low,163.5400709128025
34703.57523735692,0.09574701845754312,1304.510337472128,470.9580378370295,10847.147607644738,406.0049714890915,21194.398952870815,2682.6202382555944,97.95183675064672,3.92073785939249,7.7207074977375365,27.073567986557727,seawater,SE0047,2022-03-05 14:11:01.101836392,Red_Sea,84.644090892387,83.72603691541593,21.600496046339394,3.1302120499975166,3.4309000000000003,0.2549203888127358,0.0,3.685820388812736,0.0017237195844978,1.0591210374637174,0.1130301498358115,0.4530345,1.6269094068840269,-2.058910981928709,3000,-25.05008361346596,Low,148.16921918424242
42210.22527083017,0.18644182537124138,1215.0490139357407,411.87164162820216,10565.19019804943,370.7813730684554,18903.601543509347,2890.6291253740956,94.16797612572022,5.09492401634799,8.347954602813264,21.90272330811016,seawater,SE0048,2022-06-20 20:04:24.440734560,Red_Sea,71.75931562026115,71.10332126895067,24.129712700144506,3.2822025563340724,3.65857,0.2693414898232855,0.0,3.927911489823286,0.0032349258034321,0.8425117728343622,0.0760876640899041,0.4486559999999999,1.3704903627276983,-2.557421127095588,3000,-31.11529037966298,Low,149.64570572137183
36741.00278881071,0.17951935713460426,1205.6062881215807,423.8055691855413,9522.106762961714,422.1502715359621,17372.892498134555,2654.6868783424925,115.92837158096695,4.8549481659593186,7.685742460715045,30.51542743435269,seawater,SE0049,2020-08-09 19:16:19.632721200,Persian_Gulf,84.53561104710535,70.8960275913003,10.663455140703778,3.169665403592,3.55154,0.2582833541238478,0.0,3.809823354123848,0.0013870382639719,1.0739945055334967,0.0953906051240945,0.449667,1.620439148921563,-2.189384205202285,3000,-26.63750782996113,Low,142.95251446968237
32867.13399055738,0.20354961710321748,1103.1409161338584,431.20431908544106,10642.08444783413,392.78371227558375,20997.819785781085,2517.076372627215,139.53324175278357,4.205790148410555,7.543190736510409,23.35893323840029,seawater,SE0050,2023-09-26 22:35:51.585976624,Red_Sea,72.73376639447766,72.50018398289706,21.348031638474087,3.216839892161088,3.3000000000000003,0.2615778683977228,0.0,3.561577868397724,0.0032538242862729,0.8378929888643826,0.0916547325911784,0.43944,1.372241545741834,-2.189336322655889,3000,-26.63692525897999,Low,152.571235407488
38157.28204473278,0.22222622916513216,1423.4116764639925,322.51504165233155,9592.5897717404,384.2757576766275,21514.139558332634,2958.1134873658207,112.86559420994593,4.8217658431546635,8.256324951889846,26.7723930596497,seawater,SE0051,2022-06-25 17:04:06.410684464,Mediterranean,76.79011814543688,77.43563645388889,13.409190578932574,4.135163443783788,3.54861,0.3363453045467801,0.0,3.884955304546781,0.0024076201684473,0.9827415023969462,0.0854192505722848,0.4453004999999999,1.5158688731376782,-2.3690864314091025,3000,-28.82388491547741,Low,172.6700902700587
34930.01999236253,0.20518506034064263,1422.0376025481494,464.29801472740246,9973.786565512288,363.14752836966727,17843.577354399255,2589.3638724086063,154.43250876805024,4.6754105167824225,8.365332241695285,22.69999053561326,seawater,SE0052,2021-09-06 05:22:08.213689480,Red_Sea,88.85490507001265,69.19039916128332,12.807254627722012,3.965983533706075,3.4422400000000004,0.3095401729999109,0.0,3.751780172999912,0.0020849185953561,1.180050006469013,0.0934070388677325,0.447219,1.7227609639321018,-2.0290192090678096,3000,-24.686400376991685,Low,148.78509163724007
34483.065590125225,0.16051530136986972,1288.2041194904878,328.3000119049076,10969.563649206142,351.68731200400265,21744.645078216185,2595.7406030730976,128.32617045703748,5.022417095756195,7.726112976923286,20.23753706475619,seawater,SE0053,2020-05-26 05:50:59.098497496,Atlantic,80.0575095531828,81.59715081697392,22.46238976189369,4.287169164556006,3.39846,0.3547314195750418,0.0,3.753191419575042,0.0029038478988585,0.922262510052666,0.0856770083578226,0.4519995,1.4628428663093471,-2.290348553265695,3000,-27.86590739806596,Low,150.05045393774463
33172.90870152828,0.14781981952154816,1367.7938546912749,426.49266321247546,9686.440819733927,381.6246952228107,19410.26405842283,2335.6656998521553,130.18925896972962,3.7461158897019735,8.45025246712706,27.606344928534313,seawater,SE0054,2023-10-21 07:34:21.435726208,Mediterranean,89.34852864166028,60.73203461920365,16.21740234434946,3.369326025872109,3.59175,0.267774421478846,0.0,3.859524421478846,0.0017729837286983,1.147149333171422,0.0812594623204945,0.4357004999999999,1.665882279220615,-2.193642142258231,3000,-26.68931273080848,Low,160.29681290852383
37144.74288121636,0.23185668479169955,1414.0130822113033,415.3094755700454,10408.936285186983,391.4693006548416,19708.818725898876,2741.765616851168,152.14239431218564,5.152581213364767,7.984826446844732,23.821063133765975,seawater,SE0055,2020-01-27 19:28:20.834724541,Persian_Gulf,71.77844917773476,70.99410487571106,18.81760466269728,3.864685442551039,3.65465,0.2982761889757481,0.0,3.952926188975748,0.0037090627846456,0.9647023569487552,0.0958420415822099,0.4549589999999999,1.5192124613156104,-2.433713727660137,3000,-29.61018368653167,Low,154.04509807962233
39034.985133809016,0.16229817215519415,1055.0151080319915,385.28333970443424,11455.58439826371,378.66258433981596,21836.073769141585,3091.571431783168,167.20195242293244,5.233584086099199,7.985885586126628,31.396920178674296,seawater,SE0056,2020-04-19 16:23:14.323873122,Mediterranean,79.5511319912636,72.77479624949794,17.19997618879546,4.397382309966157,3.63969,0.3572914042898963,0.0,3.996981404289897,0.0023607999317693,0.9164290405393566,0.0800158884763229,0.4592774999999999,1.4580832289474488,-2.538898175342448,3000,-30.889927799999786,Low,182.8167836543973
31766.518179949384,0.18202226758334858,1373.5040637174054,481.73008726040774,9596.978098680393,298.4185905681144,21230.787215484317,2810.956071149038,136.97077152134696,4.143462863821202,7.9330012431656804,17.39471818895052,seawater,SE0057,2023-09-12 07:36:45.676126864,Atlantic,71.24804640553741,75.1758059565774,22.96672640305048,4.148353197748355,3.37412,0.3391732217129724,0.0,3.7132932217129726,0.0031156661038378,0.9575737436904228,0.1014873380413795,0.4442145,1.50639124783564,-2.206901973877333,3000,-26.850640682174216,Low,156.3507341670515
37979.96708072242,0.16847520398129825,1339.3277086315152,388.13432394761196,10333.653690285231,384.2399538765694,19657.15153282569,2752.6386285432627,137.3889165969173,4.567740651288684,8.167173757732415,29.536181436223178,seawater,SE0058,2020-06-02 13:20:32.053422370,Atlantic,82.6042052479857,66.90179780914659,19.40239532132938,4.064617928879676,3.45362,0.3274338814944589,0.0,3.7810538814944574,0.0026166458378251,1.0641271970138115,0.0777733399531329,0.4412955,1.5858126828047696,-2.195241198689689,3000,-26.708767917391214,Low,161.86103470179944
35269.0304302066,0.19298271781919088,1397.5941710193292,389.32471013162143,11167.988208586785,344.5466359549636,20142.118731613307,3096.8594093686734,116.45919778963231,3.9180954658061844,8.693462913112413,24.940300903116345,seawater,SE0059,2020-02-11 10:27:26.744574290,Red_Sea,71.57414002737033,70.68699927464588,29.26917324075895,3.399670317205199,3.5496900000000005,0.262677024164495,0.0,3.812367024164496,0.0041107968433181,0.8448038895710576,0.0878780774982397,0.4536915,1.3904842639126156,-2.42188276025188,3000,-29.466240249731207,Low,168.5979923321209
34197.329577894176,0.15819702815488607,1356.6437665211972,458.95311097376265,12279.691551587965,344.40530099191983,20862.952006742504,2354.2979787522277,121.60933895949356,4.6066657368433885,8.080977202690494,27.958746360789068,seawater,SE0060,2021-01-22 13:06:06.611018360,Red_Sea,73.50735605080754,72.11344375535141,17.047655182129304,4.178298423832975,3.64633,0.3323286481091659,0.0,3.978658648109166,0.0022582687866663,0.9134200480527868,0.0893485568128804,0.4610399999999999,1.4660668736523337,-2.5125917744568325,3000,-30.5698665892248,Low,168.3855392640347
36675.20173287228,0.15241332376077119,1501.5814225113245,372.6404587727866,10984.582686983289,371.33981006925,18646.770873187834,3119.9603502355576,98.52419599623448,4.787469728919369,7.789231602402434,28.447027476379237,seawater,SE0061,2023-05-18 07:43:58.397328880,Pacific,75.17660620138561,77.17274946708034,24.805686805256705,3.465229977114843,3.42812,0.2817078147115101,0.0,3.70982781471151,0.003028625524801,0.9784746498032506,0.091056127096208,0.44583,1.5183894024242597,-2.1914384122872503,3000,-26.66250068282821,Low,160.73261017163097
34024.445176066954,0.1440563880233822,1362.2938212959561,373.8337340317374,11230.974605877533,358.3085631364887,18890.057013190522,2518.5939590255043,109.1227530163893,5.101938963221443,7.836355264556595,21.570265059982095,seawater,SE0062,2020-06-26 22:19:01.903171952,Mediterranean,84.97487703328966,79.33860461839535,15.145851351660893,3.8509063929454204,3.47215,0.3036644276456109,0.0,3.775814427645611,0.0018613039643083,1.0666862324038038,0.1048459660032094,0.4475175,1.6209110023713216,-2.1549034252742896,3000,-26.21799167417052,Low,156.36623815864263
35113.082427436144,0.16908710052124082,1286.4876592723172,453.8087553374686,11140.1975023271,376.82995996768966,18384.50497107657,2687.4253285771315,110.67408114180333,5.041245514149455,7.658646511407096,27.661739462484142,seawater,SE0063,2021-12-17 14:15:49.582637728,Pacific,73.2792423763615,78.44568318359468,20.175061852522937,3.784319213033708,3.33405,0.3130993455647448,0.0,3.647149345564745,0.0027208491915549,0.952442556032216,0.1034777006874797,0.4554765,1.5141176059112509,-2.133031739653494,3000,-25.951886165784178,Low,180.55700791198657
32527.536526936885,0.13806126401915295,1217.8032038481183,322.93302049578284,9248.766808153065,334.0436723640936,19130.763168768404,2513.364320226936,104.09549141720859,3.801529140485906,8.372421931868605,13.205690063878993,seawater,SE0064,2023-06-01 22:43:04.307178624,Atlantic,86.93264106586136,68.53957630723963,21.05139503803914,3.9940517324337104,3.32057,0.3131236453829105,0.0,3.633693645382911,0.0025870480390147,1.008056996577158,0.0719665551226016,0.4438109999999999,1.5264215997387742,-2.1072720456441365,3000,-25.638476555337,Low,157.04560387213343
36067.121821090346,0.14391398341943973,1338.675804383576,481.14117699522404,11023.080286913852,357.74870761636294,19486.71256986349,2688.0947274442674,119.64657833678277,3.82866434526029,7.762921482529292,22.6188410674816,seawater,SE0065,2020-07-23 17:47:22.737896492,Red_Sea,72.63807877661601,84.9862630747991,16.582185621254645,4.139918691556266,3.62188,0.327182816629622,0.0,3.949062816629622,0.0019716550347384,0.918308025032886,0.1147314551509787,0.464019,1.4990301352186033,-2.450032681411019,3000,-29.808730957167395,Low,153.2602696989245
38278.32092922582,0.15560696569572047,1121.1109321392628,340.66212643150124,10920.797322076922,423.35337751024616,17963.93813357789,2922.7277485747472,110.73084773271759,4.687474557023689,7.8082867606630915,22.414046006150915,seawater,SE0066,2023-02-19 13:49:22.938230384,Red_Sea,70.70488898140313,81.21663279467948,19.435610578252582,3.9556848886339573,3.7,0.3194042511170646,0.0,4.019404251117065,0.00268316378277,0.814520321065764,0.0852774644344134,0.446154,1.3486349492829477,-2.670769301834117,3000,-32.494359838981765,Low,151.00012877509107
35602.49860934014,0.1698690894643889,1254.219417721657,469.01696707714217,10346.174470931539,407.86599791453915,20028.702056171966,2898.0030091769686,131.3566953713892,5.388517562448353,7.800485675652711,18.6244547557707,seawater,SE0067,2021-09-08 15:51:59.198664440,Red_Sea,77.90090837939336,66.50058432862423,15.585572757969842,3.0245035289268594,3.4892000000000003,0.2482045055172707,0.0,3.737404505517271,0.0020148405038593,0.9639022157779212,0.0897757888436427,0.4493579999999999,1.5050508451254232,-2.232353660391848,3000,-27.160302868100818,Low,139.03342514443486
31405.975958655265,0.22578466956338278,1192.1772971113664,494.14726091639295,10604.788374279558,401.94174868655006,19306.29895567039,2334.8026223141196,114.23029837482153,4.49028791156667,8.189200729473448,25.43052515644328,seawater,SE0068,2021-02-03 17:35:21.535893152,Persian_Gulf,89.5888328394259,64.8776451418207,10.12001563347964,3.587970816193403,3.65053,0.2948816431138928,0.0,3.945411643113893,0.0017362910822361,1.0403198611446676,0.0875848209414579,0.4540995,1.5837404731683618,-2.361671169945532,3000,-28.733665901003967,Low,167.24569718514152
32752.873605738652,0.08788816088660958,1364.2392513860502,320.38295781679227,11129.861299485718,413.96014846593033,19993.73590672276,2326.809624685528,117.83129263545115,4.43720714119483,7.880617540694723,27.471203878479933,seawater,SE0069,2020-08-26 20:45:16.527545908,Atlantic,72.20684455577555,67.85053126458476,14.312966032757576,4.060146832365296,3.55425,0.3196825928063975,0.0,3.8739325928063977,0.001142174689414,0.85012295196675,0.071243057827814,0.452346,1.374854184483978,-2.49907840832242,3000,-30.405453967922767,Low,132.1557088098953
36246.39715977776,0.22195451644356318,1196.087428511684,364.46588011784326,10168.654354820503,427.9937253194543,17377.012718743576,2710.0854205521955,102.8511425034829,4.420951076491632,7.716690400233022,27.545620360588842,seawater,SE0070,2022-06-30 14:03:48.380634384,Red_Sea,72.03436888079258,71.30862132499112,24.00128344986401,3.5709673506505957,3.4032300000000006,0.2755191578598874,0.0,3.678749157859888,0.0038880639111772,0.9681419177578524,0.0811848653785023,0.4499775,1.503192347047532,-2.175556810812356,3000,-26.469274531550337,Low,158.0866452897621
35213.35117005216,0.2431875451818237,1518.1702052301723,348.14605871990193,11045.12886637628,401.02058263321044,19841.30328824978,2662.681852803077,155.78847499414366,4.659111534512815,8.149494722996847,26.74647719426466,seawater,SE0071,2021-03-31 19:01:54.190317192,Atlantic,85.02333021591248,81.26998445799035,25.41926048970754,3.403249228250995,3.55421,0.2775668024659667,0.0,3.831776802465967,0.0041989059632528,1.1427135581018637,0.0853334836808898,0.465,1.6972459477460065,-2.1345308547199604,3000,-25.970125399092847,Low,155.88209034829865
35643.53592582201,0.10834780828372673,1271.6580755320642,431.1998109950049,10054.572004136116,386.02234404827396,20106.86691635386,2566.9737123081063,136.8945685555435,4.477492080883048,7.408532564352092,23.97858752523122,seawater,SE0072,2023-09-24 12:06:00.601001664,Red_Sea,76.24323387987131,79.45905659486337,15.6040573427784,3.23067562979287,3.7,0.2549481057305539,0.0,3.954948105730554,0.00134482007803,0.996090403076322,0.0928002321971409,0.463851,1.554086455351493,-2.4008616503790607,3000,-29.21048341294524,Low,182.94753466059825
31622.900542342544,0.15281952028548398,1084.7453482693525,366.8750204676073,9880.668799885718,364.68715047886917,18391.211920374666,2333.719294137786,107.58374500508347,3.6731759350124955,7.839897424999062,26.791343130460913,seawater,SE0073,2021-01-15 05:36:33.656093488,Mediterranean,84.34563234451434,81.2811530876469,18.16085997636144,3.4007753119126405,3.4946300000000003,0.2902337983169826,0.0,3.784863798316983,0.0023187786017818,0.9716616846088052,0.093782194432527,0.433605,1.501367657643114,-2.2834961406738685,3000,-27.78253637819873,Low,137.8727050725258
34203.48292789555,0.1904347994778639,1373.164701841855,420.730901423487,10973.58348372365,421.93703815309254,19652.05230232873,2547.180646461068,136.24823400854825,4.597909908494879,7.94220322920938,27.968393957975263,seawater,SE0074,2023-09-17 04:36:27.646076784,Atlantic,74.00021178886726,66.79892787275821,10.747313202772222,4.4016687200929745,3.7,0.3584196521167409,0.0,4.058419652116741,0.0013636405937941,0.9010739388767924,0.0879741880084225,0.4483814999999999,1.4387932674790092,-2.619626384637732,3000,-31.872121013092404,Low,148.17433606143967
28329.645141687903,0.11618204225520949,1471.7260107849693,465.061428130008,10889.614018702034,383.4110755028594,17212.741445593998,2895.9495414586804,101.1669432344999,3.713119882102299,8.192265253037665,25.750663183545463,seawater,SE0075,2021-04-03 05:31:45.175292152,Pacific,79.20143988396326,74.8365305612959,14.741258021953612,3.4247849608036693,3.3000000000000003,0.2742383233545645,0.0,3.5742383233545647,0.0015057310593944,1.0644673520404662,0.1010293162577494,0.4501964999999999,1.61719889935761,-1.9570394239969549,3000,-23.810646325296283,Low,156.6433441541648
35976.021409315144,0.14720689554408303,1429.6081935068553,431.81729514011704,10844.894655803291,421.7189083892393,19928.886371604356,2594.6726775611396,98.70116025785003,4.907660119359779,7.66724206507658,30.117537271220417,seawater,SE0076,2022-05-22 14:06:12.621035056,Persian_Gulf,75.30579755497835,67.08122655693435,25.584385667445986,3.693529061720582,3.62329,0.3037724271223317,0.0,3.927062427122332,0.0030012019451054,0.9500820398088246,0.0905596558518613,0.4545675,1.4982103976057914,-2.4288520295165403,3000,-29.551033025784573,Low,155.96325146954757
33658.95701121476,0.13872257759454015,1478.4687908594665,375.8707063094736,11762.933724221362,447.80478474591825,20325.33901751051,2511.6952030675543,100.1163468695369,4.037136608232183,7.481857777708833,25.282952671960402,seawater,SE0077,2023-03-30 13:46:58.697829712,Pacific,79.03056429758173,62.72557901798733,22.119725405301143,3.99924821630317,3.51306,0.3291884703334901,0.0,3.84224847033349,0.0024182610996599,1.0621707841594987,0.0699829285103684,0.4474275,1.581999473769527,-2.2602489965639627,3000,-27.499696124861543,Low,152.0662666074374
32213.70569392346,0.2439977543552622,1532.4125287578831,347.19733221730405,9952.157066708169,391.41127399317634,19977.010905814175,2615.2950191824734,136.55761641054792,4.221420232160906,7.592929866586054,20.06522394349492,seawater,SE0078,2023-12-09 01:31:21.135225360,Atlantic,85.38194185170607,77.10494358686702,14.115410439087428,2.9597401521737976,3.45515,0.2416196725061125,0.0,3.6967696725061128,0.0025118937492773,1.0977795333311031,0.0900971265812541,0.4546485,1.6450370536616348,-2.051732618844478,3000,-24.96274686260782,Low,157.2534233489633
34970.041443507296,0.2029859821952573,1370.7947939988017,404.2510835926367,9223.381111187646,396.17596999471215,21454.21788321906,2590.9245425672634,118.38638946154236,4.714333320581339,7.366876173329685,21.872890385642847,seawater,SE0079,2022-11-21 09:24:56.494156928,Red_Sea,85.24019880955323,63.57493877988597,15.148839902448644,4.3887962700693635,3.51376,0.3480527471517958,0.0,3.861812747151796,0.0023935772999464,1.0795091545878013,0.0667536857188802,0.45,1.598656417606628,-2.263156329545168,3000,-27.53506867613288,Low,144.20601081004753
33840.77215726983,0.20073989047732013,1255.199019337347,325.7660292900395,12146.884702568566,349.2648083985588,19622.769029617917,2913.1116051807753,122.95296523038843,5.070373446510987,8.134381254951487,19.269699829908493,seawater,SE0080,2020-08-24 10:15:25.542570952,Atlantic,80.31544575347448,76.69244404266179,26.336040459791203,3.559707122430715,3.3000000000000003,0.2863860221669926,0.0,3.5863860221669928,0.0043713613396779,0.9785119891750508,0.0827588163664363,0.4529445,1.518586666881165,-2.067799355285828,3000,-25.158225489310905,Low,162.10430376691346
39750.55532360794,0.17921608206198586,1344.9279652781697,438.1053306650112,10229.90677826892,459.7889914713268,19429.944433736633,2754.135830523855,136.7840562332612,4.662111344286405,8.368357203674165,23.094160498662454,seawater,SE0081,2021-08-27 11:22:44.273789648,Persian_Gulf,88.56743687442102,76.19910762263522,14.181684058898016,4.01469545445949,3.46705,0.3442939184053178,0.0,3.811343918405318,0.0021728609047681,1.1167149272723,0.1024573201093953,0.4349565,1.6563016082864634,-2.1550423101188545,3000,-26.2196814397794,Low,132.44999652053016
31774.891505719923,0.1327458562712568,1396.6326395269225,448.97684737097404,10813.211062056858,373.78194229128064,19373.29151118993,2820.620931326028,144.7533776183394,4.506048863408648,7.844075027186236,26.875920995216386,seawater,SE0082,2020-06-24 11:49:10.918196994,Atlantic,75.27568204896548,80.25621111060042,16.683154516942622,2.8638416408342806,3.55357,0.2446737190679373,0.0,3.798243719067937,0.0018105893934147,0.928456284446504,0.1083458849993105,0.4524585,1.4910712588392294,-2.307172460228708,3000,-28.070598266115944,Low,157.86472034576084
40002.79690214835,0.14314532304901134,1296.01426128934,396.86085929174146,10076.612669676355,342.44870976005967,20446.05325780643,2969.9893194362357,92.90117034626799,4.258873415560743,8.42904457768501,30.792713017752565,seawater,SE0083,2021-07-14 14:25:26.544240400,Red_Sea,74.80622702238466,63.48886511408911,23.287173833092886,3.1598995456094605,3.7,0.2574796262236411,0.0,3.957479626223641,0.0028618073666964,0.9844260096219348,0.0666633083697935,0.457608,1.511559125358425,-2.445920500865216,3000,-29.758699427193463,Low,151.5037512161551
36553.74458373961,0.18561933789121163,1332.0111373752666,336.0493985919759,10433.74461727669,349.0177294790446,17791.87850941503,2774.1353413374277,125.10247767500869,4.486283113295153,7.78005457215781,23.96700120751264,seawater,SE0084,2022-03-29 23:09:30.951585968,Pacific,82.27612802350868,79.58700371272027,21.22224771416157,3.5316287576826286,3.42226,0.2787035345373071,0.0,3.700963534537307,0.0031330404300416,1.1023948020711465,0.0884370785255747,0.4517505,1.6457154210267628,-2.0552481135105443,3000,-25.00551871437829,Low,169.40081567028736
31944.659192080035,0.1277473335654989,1194.9845366719082,454.06319871707643,10614.904774052457,359.3127981874495,18525.779958824078,2448.9454562850906,136.57055134146236,4.048409671740554,7.803702708862782,23.867883535162584,seawater,SE0085,2021-06-25 02:26:38.664440728,Mediterranean,82.42594068433579,84.98191314865593,19.217404104676284,3.228205118498596,3.3787300000000005,0.2814554127675934,0.0,3.6601854127675937,0.0020396199672457,0.9664804219377382,0.1016468663171073,0.4498065000000001,1.5199734082220917,-2.140212004545502,3000,-26.03924605530361,Low,177.582171207446
34734.62121217628,0.17102471470371605,1023.215044903712,435.9429842755366,10092.417687446272,366.48039882145264,20988.02409160206,2651.6719680140895,108.34441868653602,5.550182147217397,7.839888624780964,24.963895959623212,seawater,SE0086,2023-02-24 10:49:04.908180288,Pacific,70.93080079129948,81.27606121464756,27.99482181959489,4.207650542649742,3.4247400000000003,0.341735306763362,0.0,3.7664753067633625,0.004266914752099,0.81712282511577,0.1009448680285922,0.4472925,1.3696271078964612,-2.396848198866901,3000,-29.161653086213963,Low,154.48508696584918
35207.912204096254,0.17732121344535764,1211.598586307074,369.99620383911105,10205.198459355814,365.00979130492107,16555.389849065312,2870.118150075087,93.29028380345652,3.982951153348738,7.497245140060045,23.793576610891403,seawater,SE0087,2023-07-25 13:39:45.976627712,Red_Sea,82.15555424773795,78.79530190819166,14.394209254301034,2.96917411066242,3.63731,0.2413441338465882,0.0,3.878654133846588,0.0018723123745439,0.9464319849339412,0.0849807331079847,0.454596,1.48788103041647,-2.390773103430118,3000,-29.08773942506644,Low,173.5460313985602
35954.44643475622,0.1534609048142348,1172.4552142692066,392.1690603719626,10231.228998112796,361.75771401457354,19366.979172183735,2503.122987491296,180.17786832910411,4.688546748444634,7.235878678202884,20.866165376274747,seawater,SE0088,2022-02-01 21:42:58.297161936,Red_Sea,77.48872314698029,76.55413386736768,24.82839781726,4.126671651213003,3.54931,0.3169334131763615,0.0,3.866243413176362,0.0031502767718495,1.0048489653786332,0.0967338035548058,0.4505430000000001,1.5552760457052888,-2.310967367471073,3000,-28.11676963756472,Low,154.65043471528105
37818.830097613565,0.17404501091748006,1204.4569822863398,391.3444314565249,10701.070766300963,330.75971095355067,21641.184943451295,2764.4078408967207,126.81974009525442,4.009432072242592,7.651151552814485,15.428170207795892,seawater,SE0089,2022-03-20 05:10:07.011686136,Persian_Gulf,84.94885050641118,70.54453711713573,13.181276812363668,3.160041574370162,3.4205400000000004,0.255757492341426,0.0,3.676297492341426,0.0020090638491868,0.9786107578338568,0.0796377279515345,0.4576905,1.5179480496345783,-2.158349442706848,3000,-26.25991821959998,Low,147.4544963256994
37286.27320664192,0.1808446004872146,1272.684339515361,379.0778254167442,9216.524830445549,435.13805827613055,19182.946086633787,2719.79179581019,133.7375267745609,4.5849111068427515,7.979387615514077,22.294154359285674,seawater,SE0090,2022-11-28 16:54:29.449081792,Atlantic,86.16211329090547,78.26250419729006,22.314676669642903,4.283480198376248,3.5769900000000003,0.3387858780853259,0.0,3.9157758780853262,0.0032587014927746,0.992587545111231,0.0937506537779337,0.439635,1.5292319003819397,-2.3865439777033868,3000,-29.03628506205787,Low,177.47802616011091
36396.874250961926,0.15976097552922006,1294.2057074790778,465.1871047444177,11412.676688446641,368.0235510192135,19160.922716969457,2808.612310070866,95.63783801503777,4.406800253571697,7.937221278116133,27.511343590360998,seawater,SE0091,2022-05-10 09:36:57.696160256,Atlantic,81.04307639094073,78.10445087851133,27.412471268226263,4.18552209802514,3.51456,0.3334287919149494,0.0,3.8479887919149496,0.003478149179455,1.0416823198063732,0.1001220955811636,0.4531964999999999,1.598479064566992,-2.2495097273479576,3000,-27.369035016066817,Low,163.9152556314278
35354.97540517854,0.17993820248794085,1564.3573552783134,373.0898708823722,10806.11974591513,420.8142131449956,20084.017916018012,2574.104469422485,101.82494313379893,5.206626772840231,8.213729892850237,22.938410295601493,seawater,SE0092,2021-07-02 09:56:11.619365608,Pacific,70.0341006300453,75.7874570671822,19.15803570956276,3.510200383674264,3.6453,0.299990523289344,0.0,3.945290523289344,0.0031340630617273,0.9412583124678088,0.0910131571919791,0.450882,1.4862875327215153,-2.459002990567829,3000,-29.91786971857525,Low,158.19913666455193
30420.361376103607,0.1412037164644349,1166.5557591906932,375.2042420177696,9992.735100826225,409.25718497656345,19505.631747996573,2239.035129506669,107.35164681371656,4.403870941990539,7.665362860201392,22.757885172054273,seawater,SE0093,2022-09-16 13:58:59.899833056,Mediterranean,82.72731620333283,79.90695945744571,24.48589014382658,3.3955219415339988,3.39469,0.265522467061485,0.0,3.660212467061485,0.0026964841661987,1.0319603968762627,0.0906624362004179,0.453801,1.5791203172428794,-2.081092149818605,3000,-25.3199544894597,Low,165.7573982380796
34004.92523295964,0.17421940639603611,1499.192657186949,379.16613367451623,10833.357592038454,438.2664505358847,20043.189289859714,2593.6207193353553,101.96689493041578,4.673803106150761,7.567682695479555,26.84066321716493,seawater,SE0094,2022-02-04 08:12:49.282136888,Mediterranean,84.97762559331869,71.21909721067087,26.407867059979765,3.9772788359867945,3.45085,0.3161394469158667,0.0,3.766989446915866,0.0039618138478064,1.12888356764193,0.0842878015488289,0.465,1.6821331830385653,-2.0848562638773016,3000,-25.36575121050717,Low,161.18569754640853
37318.30909524823,0.21051713912895076,1370.0250008034075,368.2535141244717,9904.50449480567,317.72535284139224,18970.235621656895,2879.7912113134516,92.50821191989908,5.098506348346201,8.051316492885181,27.015285252415108,seawater,SE0095,2021-06-27 12:56:29.649415688,Persian_Gulf,74.97966532463029,63.03131780330977,12.720528497552056,3.283705608172098,3.441180000000001,0.2587509981189175,0.0,3.699930998118918,0.0019083845673167,0.941648622505741,0.074805567968968,0.4488495,1.467212075042026,-2.232718923076892,3000,-27.16474689743552,Low,157.38370654438341
29472.242251277916,0.16690503497110482,1135.1301854448066,401.29694571052585,10312.39099550455,365.56327277197687,20701.80433900292,2390.082878861038,126.46624958421368,4.2235813732923875,8.320913933223869,17.407063316971623,seawater,SE0096,2020-12-07 05:38:57.896494156,Red_Sea,79.29292002281578,73.97669319023093,24.1165379056422,3.6719706185501284,3.3000000000000003,0.2628028551111184,0.0,3.562802855111119,0.003098444557041,0.9820396427657724,0.0846663253562193,0.4517625,1.521566912679033,-2.0412359424320856,3000,-24.83503729959037,Low,143.46570324428683
32826.42409915301,0.1749612601246226,1656.0208209384164,401.6093256785589,10038.909465866314,377.4957374949488,20955.621172052382,2620.1857105833415,113.60812355000309,4.681983175851221,7.809225536495459,30.429477197865072,seawater,SE0097,2023-08-16 12:08:24.841402336,Persian_Gulf,89.31453246823577,66.62608821778356,28.396820479773524,3.6936905247405205,3.54442,0.3152027882670429,0.0,3.859622788267042,0.0040789192937146,1.1934422183283588,0.077372876247312,0.4412625,1.7161565138693855,-2.1434662743976567,3000,-26.07883967183816,Low,155.1550230512562
35704.417204959114,0.1251146498022677,1265.328581948712,488.0838212653814,10164.0980374698,378.8204787100517,19416.592212991873,2911.3400512618896,102.57015783530133,4.571630750129107,8.01125493458897,30.391582908269832,seawater,SE0098,2023-02-09 19:49:58.998330544,Atlantic,75.96231106788207,69.61082743572875,21.527412197110884,4.7189959447167,3.53916,0.358947413530635,0.0,3.898107413530635,0.0022676114911948,0.92686173472587,0.0939746170382338,0.4493954999999999,1.4724994632552983,-2.425607950275337,3000,-29.5115633950166,Low,165.04974916539703
32594.76504819517,0.19654514757316818,1245.2089363464288,374.67494175808326,12125.276643076983,369.4595578395189,18022.70668683614,2499.3104469437044,143.70059165270345,4.116949028182549,8.02360937887172,19.358420898870893,seawater,SE0099,2022-04-13 14:08:36.861435720,Red_Sea,74.46306502083482,60.43537259853065,13.72244489057512,4.299194983904149,3.50077,0.3469273004703055,0.0,3.847697300470305,0.0021682011824904,0.948385424286159,0.0775990184165133,0.4628265000000001,1.4909791438851627,-2.3567181565851425,3000,-28.67340423845257,Low,156.79085893193417
32725.93978464052,0.1710348377133762,1200.9834907376114,413.8942988179239,11377.029214492002,379.3474513224808,18559.91995604318,2592.675880119474,130.65973066153106,5.518347341441122,7.668879042380177,20.528934951731507,seawater,SE0100,2020-02-21 04:26:50.684474123,Persian_Gulf,74.2170958095602,69.56976469794708,12.53885063177886,3.923189397849234,3.46481,0.3111728829220412,0.0,3.775982882922041,0.0016409844598821,0.9491713443599626,0.0803948200849476,0.449046,1.4802531489047923,-2.2957297340172484,3000,-27.93137843054319,Low,168.13919733859393
32021.487276207914,0.15372517329385155,1214.2071637803062,511.05584288344244,11490.937199052638,371.5171591920513,19742.41587585585,2228.160578311127,111.52026645401455,5.029530373122818,7.7367541614249955,27.87694388692438,seawater,SE0101,2021-11-28 02:17:01.702838056,Pacific,81.17601668707992,80.22002765338637,15.194706609334958,3.8026061002854497,3.3000000000000003,0.3046244122520908,0.0,3.604624412252091,0.0018673078846343,0.9610201322736668,0.1046390040710771,0.4617795,1.5293059442293784,-2.0753184680227124,3000,-25.249708027609664,Low,162.39725294171728
31083.556680477213,0.19794457558358444,1386.7212612906378,371.1820179362934,11268.530994806106,398.08110597654485,20707.75442766449,2426.3070148716797,107.63685319333625,4.726396314423731,7.78732214255072,23.634764409575457,seawater,SE0102,2023-07-30 10:39:27.946577616,Atlantic,88.99574202616013,73.56805917345638,12.070265380333652,4.440336248669678,3.4369,0.359806185600973,0.0,3.796706185600973,0.0019360464264747,1.1954192855328314,0.0845959112435574,0.4647615,1.7467127432028635,-2.049993442398109,3000,-24.94158688251033,Low,148.42859189063552
32134.357199649687,0.14960880213323066,1291.7150023246486,509.69718128143256,9526.024524412134,379.760625735009,17520.112439841167,2692.112926337665,111.63944102425629,4.597873540824356,7.377270167486654,14.485928225209847,seawater,SE0103,2022-12-13 07:53:35.358931552,Mediterranean,82.17380258400709,60.24501317334928,20.26788143170095,3.755774136529793,3.4485900000000003,0.3056876577160672,0.0,3.754277657716068,0.0024098916379921,1.0117238574142955,0.0813307677840215,0.4377675,1.5332320168363094,-2.2210456408797583,3000,-27.02272196403706,Low,143.54610684081948
35460.74303527457,0.1225894239761169,1198.876487042357,410.7906905350074,10164.293068033405,339.084634244348,17880.316703433506,2766.2036532631582,122.74613646104177,3.9933237449218875,7.899493831388358,16.79817657250414,seawater,SE0104,2020-09-17 19:13:55.392320532,Persian_Gulf,76.0664624047532,71.74609550599618,11.394093654134693,3.6660600120182254,3.37966,0.2904139826351333,0.0,3.670073982635133,0.0011638383022079,0.8941034550564463,0.0900772229077782,0.4363754999999999,1.4217200162664323,-2.248353966368701,3000,-27.35497325748586,Low,156.40995541652308
31577.181726056653,0.12004499696988144,1413.7037971611962,356.6912982290816,10679.341921729367,340.0044042538237,20006.28827005572,2370.9792066314067,122.97962430969503,4.143663212050747,7.504472306621261,23.511223306638588,seawater,SE0105,2023-06-21 10:41:52.186978288,Atlantic,82.77139556134908,67.28629119113519,14.46809249272453,4.16568975290824,3.47581,0.349146664293041,0.0,3.824956664293041,0.0014201011505308,1.0756573264454232,0.0796535115120658,0.439737,1.59646793910802,-2.2284887251850214,3000,-27.11327948975109,Low,152.34652896525816
31623.520349437433,0.16055097150401015,1177.3623263557658,413.36305994291587,9198.825504292834,372.31343554061596,20871.770773837332,2898.5955620554128,137.95036484616148,5.459737874990987,8.052015792600908,19.790863033798797,seawater,SE0106,2022-10-03 15:27:56.794657760,Atlantic,82.49684595195575,71.93876638492928,18.79820887824429,3.426738392303702,3.56061,0.2681021155043145,0.0,3.8287121155043145,0.0028201824887497,0.9584417565221458,0.0911608047629823,0.4450785,1.4975012437738782,-2.3312108717304363,3000,-28.363065606053645,Low,161.87325059341688
35368.23530300721,0.14099723037307588,1126.339012364138,375.68099720804423,11490.145969292415,347.9756419998471,18254.868381879274,2913.034682162617,112.2388827432588,4.082962702341027,8.604458117118508,25.762159998633585,seawater,SE0107,2020-01-20 11:58:47.879799666,Mediterranean,81.93850271459308,70.11731803619692,19.47829500804043,3.1070049492883816,3.7,0.2517031188356171,0.0,3.951703118835617,0.0020517656829669,1.02479502083109,0.0736231839380067,0.4512795,1.5517494704520638,-2.399953648383553,3000,-29.199436055333223,Low,150.1998570486672
37068.609921376636,0.2276642333508227,1285.5175136701084,329.4646761828775,12788.40910345233,360.4493709498099,18133.496124468606,2949.8906686009823,98.1822542554473,4.026526773233214,7.683295781285577,25.42384778766565,seawater,SE0108,2021-09-01 08:22:26.243739560,Mediterranean,73.18852413776604,83.29948048893453,21.30796970293929,3.8171833542580624,3.52619,0.3160908041234196,0.0,3.84228080412342,0.0037918384405168,0.91276043239077,0.0874644545133812,0.465,1.4690167253446682,-2.373264078778752,3000,-28.874712958474813,Low,151.33729925773065
34898.51660779758,0.10215267381910727,1167.9871899694188,335.29170285434105,10743.271652192812,375.6353399173025,24172.716094277483,2883.510227531303,128.8046135161021,4.519588470517342,7.973261032943777,30.386325586084148,seawater,SE0109,2021-07-21 21:54:59.499165272,Mediterranean,82.69133598689989,61.02943247407539,24.11229925501453,3.1013322828901453,3.5386300000000004,0.2515019560522499,0.0,3.7901319560522495,0.0020780943989941,1.1113715556639348,0.0640809040977791,0.444816,1.6223465541607085,-2.167785401891542,3000,-26.37472238968043,Low,169.80800830863447
33753.70891806652,0.25037343016156555,1380.8694147588303,424.0140932020591,10989.82039489339,322.29080898210316,20488.726655695802,2209.315309236334,109.44507900054153,5.317795191155041,7.801629512158289,23.4360615452118,seawater,SE0110,2022-03-17 18:40:16.026711184,Persian_Gulf,78.60328905028999,77.08970028204831,10.944572793309352,3.693975887542244,3.4888300000000005,0.2847778244343552,0.0,3.773607824434356,0.0019301629686824,1.0168121471545513,0.0941496509544656,0.4413555,1.5542474610776995,-2.219360363356656,3000,-27.002217754172648,Low,159.79068096419513
33102.46882226105,0.17707204303843418,1208.5550565845797,450.09639367726504,10905.060827923695,353.65753587572885,18448.623049514586,2569.0108471652225,117.29355641699983,4.235584811270909,7.938746632879973,27.12184317705144,seawater,SE0111,2021-05-19 12:58:53.889816360,Mediterranean,70.37184117246066,81.27566490754353,11.612419043515663,3.5769819078955383,3.3000000000000003,0.2908292862698065,0.0,3.590829286269807,0.0016309410298236,0.87655165364417,0.1097221476251837,0.4431135,1.4310182422991775,-2.1598110439706293,3000,-26.277701034975987,Low,150.37046002218716
30688.080330401797,0.15488748164360996,1397.6011936895857,468.41562300333237,11503.567815025013,346.1839341055711,19943.645158598585,2417.7573721946983,163.78859841103173,4.610151790481318,7.470951081108042,29.960229186826176,seawater,SE0112,2022-04-30 15:37:33.756260432,Pacific,80.7952897429499,83.98096461626189,11.217183036095616,3.8623999412685746,3.49602,0.305704568045908,0.0,3.801724568045908,0.0014948691144883,1.0717721411213583,0.1133743022319535,0.443604,1.6302453124678002,-2.171479255578108,3000,-26.41966427620031,Low,158.34530364360103
36305.45588618635,0.16323562940345154,1528.7793481894112,439.09030050574677,10232.98936290847,351.7756760962213,19398.119059703924,2762.5008850204845,133.3521902443542,4.336128138137809,7.832476651909579,30.09034531491154,seawater,SE0113,2021-04-22 17:30:33.055091816,Atlantic,89.78533490436836,64.4409056636074,18.46300630929821,4.389084564232357,3.5090300000000005,0.3589991454897555,0.0,3.868029145489756,0.0022689557713622,1.2067149011147105,0.083496081468336,0.4551449999999999,1.747624938354409,-2.120404207135348,3000,-25.7982511868134,Low,173.41523691565015
37993.096731335434,0.18707113427832797,1265.7580563268953,439.26885325665927,10950.356817545657,323.2059130335845,19941.178466055844,2691.12710977263,111.43657798642575,4.525103045223774,7.260019507439041,30.11863613565577,seawater,SE0114,2020-10-21 22:11:49.181969948,Mediterranean,76.99479181687967,73.28262004915484,10.836958897658686,3.4072224609375565,3.7,0.2665178067999817,0.0,3.966517806799982,0.0015739165624603,1.0021395719551245,0.0934353405626724,0.4375875,1.5347363290802571,-2.431781477719725,3000,-29.586674645589987,Low,161.40236553254533
33716.96022309984,0.17366788122827834,1397.6486074626987,339.40862094766624,10915.403169014267,383.6330701180626,20223.150476886713,2158.979313228612,102.50764215810118,5.085931455164577,7.727597897123595,14.895012813633446,seawater,SE0115,2022-11-14 01:55:23.539232048,Atlantic,89.31118436637317,61.0897394329303,24.921625336626526,3.6369215399929686,3.47115,0.2850907654208294,0.0,3.75624076542083,0.0033609802361481,1.1154609682622545,0.0641442264045768,0.4565594999999999,1.6395256749029792,-2.1167150905178507,3000,-25.75336693463385,Low,164.7142619357409
37948.66362986921,0.19695001285790092,1163.595276398363,378.9488727798193,10880.310863817414,361.64923259978286,19428.440918492037,2978.362997597838,140.57785310512065,3.8697096948644982,7.4817378737425075,27.756445340519747,seawater,SE0116,2021-09-18 09:51:23.138564272,Red_Sea,71.92411483325189,72.47958811137721,14.460003620769555,3.3757356934072433,3.5452300000000005,0.255868814929279,0.0,3.80109881492928,0.0023424338265429,0.8285658028790617,0.0810829152201976,0.4495349999999999,1.3615261519258024,-2.439572663003477,3000,-29.68146739987564,Low,149.82238756337296
32189.64653583794,0.178455503214952,1347.2683633735091,337.19125059022326,11514.11742377451,399.97290938876404,19840.9853844769,2595.139472449106,136.5822317691944,4.6186517958210045,8.27701746148632,29.947932345442133,seawater,SE0117,2022-05-20 03:36:21.636060096,Red_Sea,84.64900231734612,63.13645223852455,28.78424986579917,3.890819157696314,3.4947900000000005,0.3129136231239882,0.0,3.807703623123989,0.003973780830973,0.9751565066958274,0.0683010140316358,0.4581435000000001,1.5055748015584365,-2.3021288215655527,3000,-28.00923399571423,Low,169.5129757145686
35871.9713209091,0.1717934609447916,1237.0507130281408,402.28024046926254,9622.850613506827,375.2666333621367,17973.666133151673,3225.185454692766,117.90891994437678,4.847848035187052,7.644621752683216,22.841647416393624,seawater,SE0118,2020-10-24 08:41:40.166944908,Mediterranean,72.2865998932567,80.94741686746784,19.728075101942228,4.173584003523924,3.3247,0.32732078187694,0.0,3.65202078187694,0.0027550256879862,0.8809712502190982,0.0896087904722868,0.45,1.4233350663793711,-2.2286857154975683,3000,-27.115676205220417,Low,183.81255107446452
37111.2477936178,0.16518762835681822,1166.1040433670046,374.21326146260384,10249.117228996856,398.044147690858,21908.258775957805,2589.6526195324814,154.1592242045435,3.8594098090476847,7.816371976350619,31.714234221772532,seawater,SE0119,2023-02-22 00:19:13.923205328,Atlantic,75.47143147110549,62.84675006513413,18.92651504884403,3.7340687373688803,3.67142,0.2978492187883054,0.0,3.9692692187883054,0.0024014340824274,0.8976873944899171,0.0738323619765195,0.4451429999999999,1.419064190548864,-2.550205028239441,3000,-31.02749451024654,Low,149.38805746356147
35276.774318169824,0.1455978532208349,1342.9391038544038,406.14287360195135,10141.619927027912,377.6704060743739,18061.80182676432,2481.7293876054537,147.8551976295305,4.086849231611195,7.978113884950129,30.42706735636745,seawater,SE0120,2021-04-25 04:00:24.040066776,Red_Sea,81.41681670644249,72.83220900966238,25.610773852790004,3.4997108239680736,3.61279,0.2694997521947965,0.0,3.8822897521947968,0.0034334827858004,1.0014659255612617,0.0822421304137107,0.4411575,1.5282990387607729,-2.353990713434024,3000,-28.640220346780627,Low,145.0658427567149
36136.15898856212,0.17356356550887075,1265.8692545021295,344.2766294559198,9824.52236177457,380.16346683410393,18093.52403762109,2198.3573386686103,150.072709570959,4.419785257515127,7.9531550543288025,29.027914806328493,seawater,SE0121,2020-11-10 10:10:37.061769616,Mediterranean,81.85559387953498,73.02740172481884,24.26307967785982,3.8465533320239977,3.61865,0.3145065923018097,0.0,3.9331565923018097,0.0034657868273448,1.0260369497136843,0.0766787718110597,0.4587735,1.5649550083520891,-2.3682015839497206,3000,-28.813119271388267,Low,160.093340410377
33383.34371445618,0.13334555196474226,1273.3063165168417,443.58480571136766,11174.73759672619,385.58278509716996,19701.99616414109,2633.252189187778,117.94889040109726,4.3990469581214375,7.927314655520292,28.63591881780789,seawater,SE0122,2020-02-18 17:56:59.699499165,Atlantic,85.50422634468342,84.29126244829013,22.146180818962858,3.893862454789717,3.3635900000000003,0.3046989268042619,0.0,3.668288926804262,0.0021030456229303,1.1105972951458238,0.1106069945846462,0.465,1.6883073353534004,-1.9799815914508616,3000,-24.08977602931882,Low,167.84227865430253
40160.53270172188,0.12301968615585727,1249.7507151128,337.87336850317786,9398.18242029875,393.69339601533363,17534.703093420172,3082.9256915556207,110.66535735435468,5.202187578077665,7.536027385172526,28.77104072270854,seawater,SE0123,2020-03-14 02:55:29.549248748,Mediterranean,82.30622814454878,76.37451735097221,28.7029341250074,3.2377560055684533,3.7,0.2605422868084461,0.0,3.960542286808447,0.0029776423861282,1.021650748712655,0.0801932432185208,0.4422555,1.5470771343173042,-2.4134651524911424,3000,-29.36382602197557,Low,157.13827063556758
30512.871215541956,0.18388441328169158,1344.488741903135,382.698691765114,11101.22020983485,414.650203620265,18731.945967622683,2392.940624116274,136.75787781412072,4.5192600129829765,7.716084114491478,12.897223405811578,seawater,SE0124,2023-10-04 06:05:24.540901488,Atlantic,81.87229408761121,67.19600732692005,18.44518521974154,3.60157411563787,3.3000000000000003,0.2886818280602556,0.0,3.588681828060256,0.0028260974986279,1.060043165145228,0.0830542650560731,0.437148,1.583071527699929,-2.005610300360327,3000,-24.40159198771732,Low,146.49047859260972
33965.140666055384,0.16951247360398777,1429.1396886420796,395.040047790433,10996.683125783504,389.3362637464474,19942.816163567055,2941.2302086397767,125.37828566256515,4.181171681954067,8.204168983589343,23.384590883348572,seawater,SE0125,2022-06-11 02:05:00.500834720,Red_Sea,88.24706173978277,66.01998274845346,26.17063351544573,3.662850229700346,3.5880300000000003,0.2922236509962234,0.0,3.880253650996224,0.0036547289704319,1.1067452299857812,0.0891269767104121,0.4498155,1.6493424356666253,-2.2309112153295985,3000,-27.142753119843448,Low,156.9479190370102
39684.024490467724,0.1500540255599984,1037.5366293813956,327.8490673500788,10349.645313590896,420.0484490647102,21125.578391500436,2847.9112483347267,118.45015469315484,4.153359538343328,7.733312292955628,33.28568343871497,seawater,SE0126,2021-12-27 08:15:13.522537560,Mediterranean,79.04321504418314,63.206205141126624,17.60185891491637,4.507781781464174,3.7,0.3579141304525719,0.0,4.057914130452572,0.0023035904799129,0.9105778373089898,0.0671249898598764,0.4573634999999999,1.437369917648779,-2.620544212803793,3000,-31.883287922446147,Low,164.7711805057828
32117.078615268274,0.14456687910854785,1208.0486307932072,342.06423309620993,10084.470102862348,353.27235268063146,20821.50530593032,2617.5589616554253,110.1986949555298,4.729711425190882,8.432687945890192,19.476238811812486,seawater,SE0127,2023-02-07 09:20:08.013355584,Red_Sea,74.5053155739011,78.91286810122648,26.766913485922096,4.259026108769925,3.35142,0.3419142998586627,0.0,3.693334299858663,0.0036525594804619,0.8626642666913483,0.0828585115062878,0.4561214999999999,1.405296837678098,-2.288037462180565,3000,-27.83778912319688,Low,153.64395415979365
36303.36214375041,0.17709461137860247,1341.8363242901064,391.420525949201,10626.002423798844,418.91860469119536,19572.115123300046,2614.3347050767793,120.26579131953105,4.376778878454748,8.48148652924083,23.033190879411148,seawater,SE0128,2021-01-24 23:35:57.595993320,Mediterranean,73.23577170047261,77.26891640455847,15.189492579319372,4.127975927926734,3.41506,0.3281244945928313,0.0,3.743184494592832,0.0021818187140934,0.9038583177420249,0.0894078631717145,0.462051,1.457498999627833,-2.2856854949649987,3000,-27.809173522074147,Low,164.87261667405588
39330.90275593353,0.15546456459160024,1216.2496802993107,481.82694836842273,11529.959977294759,360.2219571815697,18865.262845202647,2958.305730070582,93.76310190632599,4.238704855935517,7.486672586732059,19.925295478116105,seawater,SE0129,2022-08-28 02:00:12.020033376,Persian_Gulf,77.99989193619,75.24692818270265,15.78534145672065,4.538312941724185,3.51495,0.3466532430603537,0.0,3.8616032430603537,0.0019398921822993,0.8985587551049089,0.1015833530466485,0.447,1.449082000333857,-2.4125212427264966,3000,-29.352341786505708,Low,171.04393074799844
33281.64267629725,0.14645972284473727,1484.6991641300724,435.9586400163993,10383.417285116291,359.86972419902384,19336.7688309811,2265.2626467218747,122.48383737629221,4.6253550765992415,7.332057385006649,29.244786518825702,seawater,SE0130,2023-11-19 13:32:33.255425696,Red_Sea,84.25505510387391,61.02101107374971,23.55739068034908,4.224532309890888,3.4244800000000004,0.3282581286994457,0.0,3.752738128699446,0.002763423271149,1.100033999436178,0.0823783649495621,0.432,1.617175787656889,-2.135562341042557,3000,-25.98267514935111,Low,160.80947314259174
34573.94697438896,0.17421509611680203,1392.7141576836646,328.39196127545426,10206.534611736242,387.44905071489245,17464.381050677486,2984.513074254774,155.3925617341552,5.121373894107969,7.9111329370366805,27.674004853400803,seawater,SE0131,2021-02-28 02:33:51.385642736,Red_Sea,70.85086969859802,79.07072165985736,14.254265899035929,4.468660510219694,3.3000000000000003,0.3484082226150879,0.0,3.648408222615088,0.0020019831369877,0.9522356887491572,0.0830242577428502,0.459774,1.4970359296289957,-2.151372292986093,3000,-26.17502956466413,Low,157.84060419806366
32267.951941060826,0.14142481339529334,1381.9139586657775,381.89943312342336,9442.392830963967,388.2806886384591,19658.107375138497,2626.774930841197,107.44405005307223,4.299969506599004,7.3747340951655715,20.683499986505403,seawater,SE0132,2021-08-22 14:23:02.303839728,Pacific,72.58106773018812,76.04718942871199,14.583083740508576,3.0397128154728237,3.5102800000000003,0.2465463737855409,0.0,3.756826373785541,0.0016408594163145,0.9754895502937284,0.0969145382079505,0.4340985,1.5081434479179934,-2.248682925867548,3000,-27.358975598055167,Low,167.33125192421758
35171.40985453316,0.19503100034755674,1331.7188254236173,389.3587975405133,11273.394601388032,362.4364896621096,16882.19413753968,3133.1157785119026,156.36457184746394,4.593882100364947,8.408475157127716,24.143034431356263,seawater,SE0133,2022-10-23 03:26:44.674457424,Red_Sea,72.12226920207279,84.09722170276221,16.105248580348295,3.5858177681453296,3.34065,0.29472794511203,0.0,3.63537794511203,0.0023390618828154,0.8853383580354286,0.0950382702462915,0.443667,1.4263826901645358,-2.208995254947494,3000,-26.87610893519452,Low,148.67253578985614
36208.90572164273,0.11741358327120963,1409.7327538652323,432.9162812640344,9532.998849013731,430.81100098380443,22270.216392102353,2553.563161418251,127.69109214405485,5.061023333925627,7.7878596120551995,22.307918407132533,seawater,SE0134,2023-05-13 10:44:16.427378960,Atlantic,81.70500306102917,74.6800532469203,23.578575393207515,4.2384326109513,3.5710400000000004,0.32962780022902,0.0,3.90066780022902,0.0022390686764897,1.0981152411402322,0.0884286510496783,0.4429155,1.6316984608664002,-2.26896933936262,3000,-27.60579362891188,Low,147.5808847861025
34734.17809464763,0.19292265814038212,1278.9656085024508,489.88940344062314,10334.458462058907,342.8159684440884,19313.09290404191,2836.1218761883856,108.07241457250372,4.268490045575917,7.490094524719764,26.695586843806183,seawater,SE0135,2022-08-08 14:01:24.140233712,Mediterranean,74.85729301062533,67.59879766654271,27.78776184846464,3.9767826547699356,3.36209,0.3099954955932016,0.0,3.672085495593202,0.00445710142497,0.944926603964844,0.0912583768498326,0.452508,1.4931500822396466,-2.1789354133535555,3000,-26.510380862468256,Low,155.19891151969367
35327.968333428325,0.18037910375464145,1312.0515238129763,367.39335232960735,10442.18189557128,362.3724782964049,19076.68680977769,2682.7607910684437,148.74314864931608,4.614994175273869,7.2607945399099805,29.87331699373795,seawater,SE0136,2023-05-01 06:15:01.502504160,Persian_Gulf,73.32518856602793,69.53801380473301,23.49135302253973,3.406897900343557,3.7,0.2610199396980944,0.0,3.961019939698095,0.0034492823470055,0.8913761882991472,0.0730149144949696,0.4451894999999999,1.4130298851411225,-2.5479900545569723,3000,-31.000545663776496,Low,152.70464849547645
29892.058115206917,0.18521866062656941,1182.119924223478,431.14687789254367,11227.923524804017,405.4119638652039,18094.838457046237,2577.3992867078045,129.5322377855313,3.877019025849892,8.207040015985458,27.883647919561973,seawater,SE0137,2022-06-01 08:05:36.560934880,Atlantic,81.85541439486045,64.39601763445582,26.556284886882505,3.4471255953954123,3.38251,0.2808590503834241,0.0,3.663369050383424,0.0037721609304723,0.973385297384771,0.0797287094332197,0.451698,1.508584167748463,-2.154784882634961,3000,-26.216549405392023,Low,149.25660266254678
35732.84908356265,0.21866953441810746,1215.47490766561,473.71417358302546,11617.617010891443,341.3663186602433,18453.116456193155,2640.453232916493,129.03739242502812,5.04761356376884,7.550094874050713,26.17649996423092,seawater,SE0138,2022-11-18 22:55:05.509181968,Atlantic,85.22619830904759,78.07285455503462,20.8712117938894,3.4527196729353147,3.45169,0.2781329250032029,0.0,3.7298229250032033,0.0033143901752932,1.0389141754831548,0.0991681398558049,0.453954,1.595350705514253,-2.1344722194889503,3000,-25.969412003782228,Low,178.41420125247393
30988.704315737392,0.21032658641679466,1214.5865757824447,460.46056603462955,9115.925944192873,481.5948510987545,22230.531896867084,2081.4031693276756,139.1563802736343,3.891439277382361,7.634512474643456,31.220275826054504,seawater,SE0139,2021-02-01 07:05:30.550918196,Atlantic,76.64309832905329,77.69304150054313,11.378464426902903,3.225185459520137,3.622030000000001,0.2713616295821203,0.0,3.893391629582121,0.001997603214787,0.9279578458809792,0.1048856060257332,0.4376655,1.4725065551214995,-2.4208850744606214,3000,-29.454101739270893,Low,182.19505082570657
32417.205988973707,0.20138507301840436,1441.739445875741,423.2132534075531,9119.118914232415,388.1231998538794,20037.52651022826,2710.7761297993343,102.54168902862727,4.886216234985176,7.659160668007752,18.01408470029537,seawater,SE0140,2021-10-15 05:19:43.973288808,Atlantic,81.56409211353193,65.0162503869419,12.009324230170012,3.473320745165731,3.31537,0.2811762664216759,0.0,3.596546266421676,0.0019166881471351,1.0312311294098069,0.0789752393450183,0.4399125,1.5520355569019602,-2.044510709519716,3000,-24.87488029915654,Low,154.2343083297096
37669.5747604265,0.1177237774075845,1019.357426172104,406.07224686506754,9742.219368973749,394.72373402417344,16913.883940082793,2867.261780262553,124.67366112936126,4.932763361779614,7.645872764242405,16.78817312972362,seawater,SE0141,2023-11-12 06:03:00.300500832,Persian_Gulf,71.9624882639892,63.96223307955697,21.087839567338307,3.8850602208488163,3.53412,0.3017823946153345,0.0,3.835902394615334,0.0019352310370946,0.9092143757206672,0.0797097348637438,0.436746,1.4276053416215058,-2.408297052993828,3000,-29.300947478091576,Low,159.1653746331893
37457.18722523977,0.12282857921782568,1336.3078015389576,344.13150912087946,11261.069885482531,337.3710028094455,21788.457364803948,2639.3793779613347,97.16542777431002,4.94798286579899,8.055837739500461,24.99526312791633,seawater,SE0142,2020-02-23 14:56:41.669449082,Pacific,88.70382060915139,61.92512333005487,16.556019372842194,4.222373292798574,3.69607,0.3425842829739931,0.0,4.038654282973993,0.0017439448566577,1.107279148205564,0.0706689507442586,0.445692,1.6253840438064802,-2.4132702391675127,3000,-29.36145457653808,Low,156.0704860604838
37500.671509464475,0.15121580945744054,1346.9235725718586,393.70599357503977,11862.43955127406,365.294905986712,21229.543712779225,3055.0809088342394,122.54188203949498,4.7264833769695604,8.04918888218218,14.748833820356822,seawater,SE0143,2020-07-06 16:18:25.843071786,Red_Sea,76.73792370629546,82.79939359204397,14.411361472738854,4.192078736902611,3.3000000000000003,0.3290439194872507,0.0,3.629043919487251,0.001736540234742,0.9898823816078324,0.1027126477509305,0.4497675,1.5440990695935053,-2.0849448498937457,3000,-25.36682900704057,Low,170.41057033772807
37808.3942902939,0.15345588392761514,1235.2746949946643,382.5545744034254,11671.949468639628,368.67621245084973,19116.929241078597,2890.8813337546503,99.5879195752764,4.444109629627489,7.9314355615120595,17.81463943776849,seawater,SE0144,2020-01-13 04:29:14.924874791,Atlantic,89.95011386347002,65.82674584237128,19.32513854605241,4.2285689816540994,3.5277000000000003,0.340229964481948,0.0,3.867929964481948,0.0026370697557172,1.2089295303250371,0.0755954349253791,0.447699,1.7348610350061335,-2.1330689294758147,3000,-25.95233864195575,Low,172.60414919235023
33769.906677178486,0.16296696504531302,1425.2448199826306,432.93432018597184,10851.404346824269,391.6461325311635,19206.575435190498,2341.0272483930903,141.7696617396108,4.623754067367697,7.889668190945733,20.383250920382803,seawater,SE0145,2021-08-07 23:23:56.393989984,Red_Sea,89.57175511699565,68.6040881687951,23.32993481808603,4.367455959546055,3.5389800000000005,0.3460324493475704,0.0,3.885012449347571,0.0034628155651788,1.1995449445268054,0.0887256672287027,0.4470435,1.738776927320687,-2.146235522026884,3000,-26.11253218466042,Low,138.47480111660627
36241.85990867465,0.1517994927857638,1239.9631673138488,432.94146375391324,9379.637460673672,376.9512947139442,19270.919858863606,2348.359891627145,137.30427037252247,4.088001008334038,7.800316138411254,21.561789780507826,seawater,SE0146,2021-01-05 11:37:09.716193656,Red_Sea,85.57646898671624,67.01261270943726,17.69983895471717,3.4994409057731013,3.61727,0.2899380547317128,0.0,3.9072080547317127,0.0020904217799079,0.985840922726971,0.0766959352459509,0.4501139999999999,1.5147412797528297,-2.392466774978883,3000,-29.10834576224308,Low,163.4196775621265
33034.694190871196,0.17127066318680476,1249.5296954340217,421.2832903852729,8359.872628843712,358.8056635756114,21395.91515425216,2487.086429175552,104.21561056448196,4.611092145385005,7.670242184121757,18.371483423932577,seawater,SE0147,2021-12-20 00:45:40.567612680,Atlantic,70.40134190813933,70.34061506526977,26.05084514314684,3.5280350884221066,3.31446,0.2815231540832096,0.0,3.5959831540832097,0.0036587890986646,0.8110234587817652,0.0883970509525245,0.432,1.3350792988329545,-2.2609038552502554,3000,-27.50766357221144,Low,143.6828343426755
29362.334155863166,0.14908146539442232,1134.7459943867218,431.38383787109535,9778.420257638692,400.22175083345707,18419.768135801867,2918.777151584188,99.9364204413302,4.58671019727681,7.73526878497292,25.61040983260064,seawater,SE0148,2023-02-17 03:19:31.953255424,Pacific,80.86949840768726,77.85121998456208,24.77046493142788,2.8094766635077577,3.3019300000000005,0.2469148058020994,0.0,3.5488448058021,0.002905724159246,1.0817621671802058,0.0930711334915439,0.4458704999999999,1.6236095248309956,-1.9252352809711044,3000,-23.42369591848177,Low,177.6149519237583
33427.38597279324,0.15180959744463116,1314.7767105957728,436.29506689034605,10847.483304784993,414.4146182422693,20204.414853686016,2649.4939522326745,105.35095540457415,4.133990252569409,7.614912041757703,23.251967042998665,seawater,SE0149,2023-12-06 15:01:30.150250416,Red_Sea,71.73672840880023,81.7648908431571,24.69829764319133,4.371091039660194,3.5782900000000004,0.3516589946251721,0.0,3.929948994625173,0.0029958047109285,0.8264071112693787,0.110382602638262,0.465,1.4047855186185694,-2.525163476006603,3000,-30.72282229141367,Low,163.02376581844422
34054.14844901517,0.11925145556397238,1211.527895183558,388.7298002097827,12001.481558813088,368.48830528940937,18236.56074441347,2632.098399938788,126.71613234752658,5.01852881388218,8.064039983582646,24.54790413548738,seawater,SE0150,2023-09-29 09:05:42.570951584,Mediterranean,87.90276051923033,64.56496873821351,29.70379379354777,2.9471624148422606,3.54455,0.2478987621525772,0.0,3.792448762152577,0.0030340643132481,1.0780394550078407,0.0769743557296981,0.447,1.605047875050787,-2.1874008871017905,3000,-26.61337745973845,Low,149.03510893555645
30333.409204998345,0.14155017223847446,1257.6716907272667,317.43931288802554,10607.463821679712,359.54516981627233,17137.60112096741,2468.209337742484,109.44714943616152,4.3725264680374485,8.354976888528006,29.84690314802349,seawater,SE0151,2022-10-30 10:56:17.629382304,Red_Sea,85.79272505294806,77.16030859352912,15.904599547432696,4.260464021084888,3.53757,0.3289362618444564,0.0,3.866506261844456,0.0018022456023168,0.9883321926099616,0.0810183240232055,0.435726,1.506878762235484,-2.359627499608972,3000,-28.70880124524249,Low,155.478451574834
35637.78676209805,0.11786509521571586,1262.250197577312,426.616667594388,10159.183555294134,386.64523933145955,22604.04414924081,2672.405042986906,148.25922378694355,4.651017560109129,7.499448937473455,21.688059690338335,seawater,SE0152,2023-04-28 19:45:10.517529216,Atlantic,89.44680753191366,68.81405355606213,22.894511726817903,3.6503566063686663,3.55197,0.2853729965358705,0.0,3.8373429965358703,0.002356806826182,1.0304272227676456,0.0928989723006838,0.4439625,1.5696455018945117,-2.2676974946413586,3000,-27.59031951813653,Low,154.9508772623645
33387.557710308276,0.15472889717347382,1271.000513345404,367.7844209661706,10314.81952637532,388.0799198194701,18345.80678925662,2877.5482328452304,108.64824592077898,4.37284830038792,7.438302611986516,22.657233424108654,seawater,SE0153,2022-01-03 15:44:46.477462432,Persian_Gulf,82.16765906299591,84.51317920743232,27.10956680320627,4.4850961306325,3.398,0.3538536929399024,0.0,3.7518536929399033,0.0030503142375631,1.0681269805171465,0.0899304739946287,0.465,1.6261077687493384,-2.1257459241905643,3000,-25.863242077651865,Low,163.96326283421743
31209.011405321457,0.18282657932368013,1439.5108793908348,367.4943797981136,9975.525834633778,408.217042233669,19425.891944912313,2414.1457451668994,136.57515579512875,5.397288659123328,7.415967946894021,27.177180476206082,seawater,SE0154,2021-03-26 22:02:12.220367280,Red_Sea,80.44345608968676,67.47297898210192,21.59048867827822,3.7950133697501642,3.5348400000000004,0.2903522425120955,0.0,3.825192242512096,0.0034803004129837,1.0625486518444802,0.0743484755403781,0.4473884999999999,1.587765927797842,-2.237426314714254,3000,-27.22202016235676,Low,169.68449348454678
36442.35995821978,0.1400538944065723,1208.7771222770205,394.6353113960169,10244.961671970465,377.66640364304624,16671.34466876783,2903.5048637496407,134.6393933908094,4.776004887376573,7.986028166214771,15.731769706846913,seawater,SE0155,2021-11-13 11:17:55.792988312,Pacific,80.37947711888775,60.179823900196496,25.79004352230785,4.104639848153858,3.54396,0.337993002162566,0.0,3.8819530021625663,0.0029224245717738,0.9586120744780248,0.0668357124235582,0.4357575,1.4641277114733569,-2.4178252906892093,3000,-29.41687437005205,Low,145.43877117422718
35628.6941892773,0.23083320622033646,1026.004316935595,455.70949937286906,11292.674990312267,384.84936240450264,18274.82317035609,2783.6105760559617,92.58461518907622,4.16074275898983,7.985104826022426,13.928472872960448,seawater,SE0156,2021-02-13 11:34:45.475792984,Mediterranean,77.7289674890869,72.89099935049613,18.289043716798247,3.6034704653725265,3.39285,0.2739185798596412,0.0,3.6667685798596414,0.0036340695646152,0.895437705474281,0.0984028491231697,0.4435094999999999,1.440984124162066,-2.225784455697576,3000,-27.080377544320505,Low,178.50593170234757
37588.019300260064,0.19238695419502228,1347.201405583661,341.36488357487536,10274.31688357191,356.6277202408258,20036.967957973404,3129.6135308350836,121.92242826512367,5.116811458820059,7.887037693934987,29.529248410705744,seawater,SE0157,2021-03-22 01:02:30.250417360,Mediterranean,79.37380134458282,63.768277106898445,21.80982691309609,3.5450766757123127,3.7,0.2758906460692616,0.0,3.975890646069262,0.0032197847471803,0.9489804690676172,0.0669566909622433,0.4419315,1.461088444777041,-2.5148022012922207,3000,-30.596760115722017,Low,175.92579233863066
34900.610903089546,0.17191676550581186,1266.5441849870058,517.6713512092892,9741.147382531915,399.0042668549309,18845.37242869669,2782.645109217229,152.6232621266029,5.171433939177906,7.399523157397947,28.17082078420217,seawater,SE0158,2020-05-18 22:21:26.143572620,Persian_Gulf,82.708251662707,61.11236067045998,11.113327856086563,3.8656498420407748,3.57107,0.3114623291854121,0.0,3.882532329185412,0.0015608446707316,1.063323750016293,0.0825016869051209,0.4575255,1.6049117815921456,-2.277620547593266,3000,-27.711049995718067,Low,148.45973044498334
34588.0497730294,0.13877183946621818,1128.2225491300035,447.04203758553905,11149.605816867315,380.93828414289493,20370.111981256392,3074.896583727879,91.44519339569675,3.874243950277081,8.053903285343928,28.213044754196027,seawater,SE0159,2021-06-29 23:26:20.634390648,Persian_Gulf,88.65895215112555,77.45673079869272,29.715352116496263,4.650179577149636,3.3213000000000004,0.3597579160448969,0.0,3.681057916044897,0.0034146505424108,1.0213511287809662,0.1045665865782351,0.4534545,1.5827868659016124,-2.0982710501432846,3000,-25.52896444340996,Low,158.95595226448796
37698.23155393772,0.2024073046573393,1281.104678631703,444.67581991199745,11288.921502872368,394.2031501999066,19021.494557760172,2729.573884686609,128.7215380371357,5.1856043549529645,7.4593314598436145,26.775304792284796,seawater,SE0160,2020-05-21 08:51:17.128547578,Red_Sea,81.91768676512062,78.30648206271141,26.000369628968343,3.651025795482135,3.5984800000000003,0.3021086901575036,0.0,3.900588690157504,0.003962924338108,1.0367240300396017,0.0965988762725608,0.4552304999999999,1.5925163306502703,-2.308072359507233,3000,-28.08154704067134,Low,177.08950598761754
34259.67906448812,0.15331520163686657,1323.244957148633,386.141970756786,9250.533515666875,402.1394953849729,21184.281007734997,2976.7836965186425,90.73184970349996,3.554237632006778,7.836794905847735,27.636676080949492,seawater,SE0161,2023-12-31 00:00:00.000000000,Atlantic,87.14231884634734,71.51747532791256,27.37618143262899,4.295516692190433,3.3538,0.3523570363671948,0.0,3.7061570363671934,0.0033424674958354,1.0862812898110277,0.0852416788433389,0.4438979999999999,1.6187634361502017,-2.087393600216993,3000,-25.396622135973416,Low,171.79902521381308
34092.152380834406,0.18029272935150006,1352.456275640127,434.8790945016028,9963.974261202291,373.04587454133156,21241.932654447668,2489.412143623958,99.17254088100339,4.642381691103471,7.947918248127827,25.20326368768381,seawater,SE0162,2021-10-05 11:20:20.033388976,Pacific,87.25559822605001,76.92213791891443,23.885885562858924,4.103069006839817,3.61806,0.3343499793898474,0.0,3.9524099793898473,0.003316602982174,1.137450017579072,0.0956065252194187,0.4490415,1.685414645780665,-2.2669953336091826,3000,-27.58177655891172,Low,154.4220862858548
37449.221188429125,0.23003287455761304,1362.3344663651064,453.77992306551744,10521.044845182676,348.440374344825,18135.43560152853,2786.5995509035056,117.44101678967859,3.6961593892060036,7.136363960959059,28.224029476436538,seawater,SE0163,2021-01-17 16:06:24.641068444,Mediterranean,80.37665351696518,73.45598620617835,13.72100065617399,4.127243725902137,3.67379,0.3355037177012682,0.0,4.009293717701269,0.0027044915553358,1.0123600263768795,0.0938987871673577,0.4342425000000001,1.5432058050995734,-2.4660879126016955,3000,-30.004069603320627,Low,167.16514891717364
36594.9130268408,0.15057768992548745,1089.9297297213186,438.6091755215877,10453.240698811102,368.59834904036035,20000.856645333446,3231.91467713575,104.26920642846365,4.739868594232828,7.632606809454157,28.768976522472435,seawater,SE0164,2021-03-07 10:03:24.340567608,Persian_Gulf,76.94939282995243,75.74502769304829,10.620568848360644,3.538122037214398,3.3769,0.2923151986954517,0.0,3.669215198695452,0.0014153607281456,0.8884515336632045,0.0982337264151143,0.4578255,1.4459261208064644,-2.223289077888987,3000,-27.05001711431601,Low,191.33048368847673
34923.00560071927,0.2055309296979331,1327.246135697788,357.29265439692756,11170.52097941681,351.2372981643633,19786.370902887378,2401.59378623228,121.30356546344363,4.385407873172891,8.380526584563865,16.445064193866482,seawater,SE0165,2021-08-03 02:24:14.424040064,Pacific,82.79147746664162,74.91759932969903,27.293132154720272,3.7111656489384277,3.64451,0.2863850700207361,0.0,3.930895070020736,0.0044431035697312,1.1127174571516634,0.0961492469797357,0.443817,1.6571268077011303,-2.2737682623196056,3000,-27.664180524888536,Low,159.31417357908384
40850.08446358981,0.14567443251218995,1273.6733711602342,405.01681842914087,10657.070383940329,365.9041191662253,20252.135900377532,2941.259289454996,117.60843358341906,4.541239979970131,7.577800866432268,27.68725267826315,seawater,SE0166,2020-03-16 13:25:20.534223706,Atlantic,78.91754683829686,76.64556910138981,17.92661307472246,3.262350224898132,3.56192,0.2630306169708978,0.0,3.8249506169708978,0.0021315101478106,0.9728450101925472,0.0930093981045365,0.4455975,1.5135834184448944,-2.311367198526004,3000,-28.12163424873304,Low,151.14626753243328
34899.93332640699,0.17641072217513018,1469.6490429336295,423.7001725241817,9661.386633482847,360.39077631097575,18833.74160680556,2684.7671928540803,95.18551800713087,4.87790180098308,8.15004860758373,31.233090239991736,seawater,SE0167,2020-11-03 02:41:04.106844740,Mediterranean,71.62881734643865,64.99076621682929,15.2772975207984,4.492928081489318,3.62331,0.3556729520380384,0.0,3.9789829520380384,0.0020603268982499,0.8920710215379347,0.0760586937035553,0.4322535,1.40244354213974,-2.5765394098982988,3000,-31.34789615376264,Low,160.05877397257782
37083.934164550956,0.22175262905393758,1197.0863686927282,406.88884352160574,10817.866277668554,429.2954242489272,20266.295343079983,2815.3814330311784,157.00690213330523,5.146940738041146,7.827390882655615,29.25536057002764,seawater,SE0168,2021-12-05 09:46:34.657762936,Mediterranean,77.55618200864868,66.7176655009175,21.233459176778887,4.3631351800881335,3.7,0.3551272334932584,0.0,4.055127233493258,0.0037785789943445,0.8984356303664291,0.07854003582768,0.4623839999999999,1.4431382451884538,-2.6119889883048044,3000,-31.779199357708453,Low,160.87945497320308
33001.63822613677,0.15316764633571003,1351.0899517535938,402.48076391013825,10977.69108423713,343.96614271526477,19461.459072077847,2494.2303176626447,99.75843720672981,4.370107162284624,7.515618121467019,29.631917825995693,seawater,SE0169,2022-08-15 21:30:57.095158592,Atlantic,89.8814427609865,70.9990787376923,18.417970449514385,3.895542175189079,3.4631900000000004,0.329648128117222,0.0,3.7928381281172223,0.0022193286032255,1.0834956256797192,0.0831328212939639,0.46092,1.6297677755769089,-2.1630703525403137,3000,-26.31735595590715,Low,152.3431160308994
34398.74344750824,0.1985453619305213,1214.769671088754,395.74890658033814,9853.313932629371,404.32092540265126,19222.019178197712,3156.992220294721,136.27114192316932,4.152639446262952,7.850642098398056,20.723335005816555,seawater,SE0170,2023-04-23 22:45:28.547579296,Mediterranean,70.97023740052575,71.15320023547966,23.03331991375114,3.472284068965321,3.3869400000000005,0.2755502939823203,0.0,3.6624902939823207,0.0041172520012228,0.8254122490630746,0.0960568203178975,0.4417635,1.367349821382195,-2.2951404726001257,3000,-27.924209083301527,Low,163.03901031323727
29559.9821013574,0.2162484018826426,1239.2727746031183,408.0294319291649,9847.127543918481,341.7669060560561,21817.116270949187,2273.3869200654544,125.85571700146606,4.1958203635237,7.649139701943274,23.505490884743146,seawater,SE0171,2020-04-17 05:53:23.338898164,Atlantic,83.93333823801854,79.3602927896726,19.67586466109028,3.1745683019105635,3.36657,0.2694215448410739,0.0,3.635991544841074,0.002998955939914,1.0335484123959011,0.1023033534351669,0.4577865,1.5966372217709823,-2.0393543230700915,3000,-24.812144264019445,Low,144.2631530682867
32485.270987343876,0.15124096834030692,1375.821006436785,360.07826196321025,10490.97292566665,342.8930900047302,19965.381132240575,2866.3988383128735,133.327062588918,4.144287124540714,7.651856586524612,23.94390808449478,seawater,SE0172,2023-11-04 22:33:27.345575952,Mediterranean,86.82377410142495,69.1848414807383,23.94466280880541,4.473684944990607,3.3776300000000004,0.3586332290864355,0.0,3.736263229086436,0.0029234996609782,1.1669115239231511,0.0726440835547752,0.4365225,1.679001607138905,-2.057261621947532,3000,-25.03001640036163,Low,150.7822073252804
32217.448148747633,0.1982290756175876,1185.852744189574,445.2329717535357,10962.612337533157,359.58955099604157,19860.073118142216,2712.636480978537,102.32642460030404,4.397475619164562,7.734033689824995,14.884347435878844,seawater,SE0173,2023-11-07 09:03:18.330550912,Red_Sea,82.97451806950758,64.06262890147956,27.06846539018286,2.972568550108568,3.4884300000000006,0.2479851378129813,0.0,3.736415137812982,0.0040825200870781,0.9558664481607272,0.083178917365681,0.4392149999999999,1.4823428856134866,-2.254072252199496,3000,-27.42454573509385,Low,166.5441487944217
35848.126636619265,0.1873532430338406,1250.706242072702,444.53542858743145,10917.618536079419,388.45117790720565,19903.059218414248,3101.3045894216975,104.61581252893946,4.000044946597813,7.296512729306489,19.670838822973966,seawater,SE0174,2021-04-15 10:01:00.100166944,Atlantic,81.39496462326579,66.2866492622769,13.91114021911578,4.519639056363861,3.55117,0.3412277150569571,0.0,3.892397715056957,0.002209116889076,0.937669992460022,0.0814729206082645,0.4412864999999999,1.4626385299573623,-2.429759185099595,3000,-29.562070085378405,Low,138.72270223800152
37880.28476625536,0.19307497100633544,1534.7119042225024,395.0528574614836,12166.794932629327,332.03784392884364,18597.587648308556,2577.5898989623124,102.10700863742932,3.6327182787850067,7.969964497365029,19.9306608020751,seawater,SE0175,2022-07-27 09:32:09.215358928,Pacific,84.15108833957515,65.3683375596057,16.588657611309735,3.629787448411669,3.5415,0.282654960057897,0.0,3.824154960057897,0.0025019345182529,1.13099062728389,0.0782655105601159,0.447,1.658758072362259,-2.165396887695638,3000,-26.345662133630267,Low,168.14851682717818
37879.624671818674,0.11178250658605195,1311.30474405929,391.4119653171638,9620.758734791878,322.040820416675,20122.18085712501,2666.524954770847,104.01637432801209,4.137725882162089,7.714653777655378,30.351105263716676,seawater,SE0176,2020-01-03 10:29:50.984974958,Red_Sea,78.58685474599311,78.29150048140055,18.736311731412776,3.6398157885462132,3.6240800000000006,0.2902643663672665,0.0,3.914344366367267,0.001839043941685,0.964996280693758,0.0893932352496631,0.4452435,1.5014720598851063,-2.4128723064821607,3000,-29.35661306219962,Low,135.876360290955
29205.69725086814,0.1526834228043702,1335.564983995952,450.51578862083574,12289.18848987477,350.494751033273,17371.91143931016,2761.090035353287,148.40669893997335,4.530185637406149,7.507730227614173,29.380268366237143,seawater,SE0177,2023-10-01 19:35:33.555926544,Pacific,71.82723474617754,71.75849036564955,29.241168960552763,4.409011981079426,3.5019500000000003,0.3398373178498605,0.0,3.8417873178498607,0.0034534990189171,0.8502735663889107,0.0968739619936269,0.447,1.3976010274014548,-2.444186290448406,3000,-29.73759986712227,Low,138.98337124954975
42288.96040108321,0.15893833569715765,1305.4506057122908,416.49092737824424,10304.79164187858,395.27417549305693,20469.750875713118,2518.961051610047,124.6193576149184,4.574541063725066,7.674710903168576,28.80048332926864,seawater,SE0178,2023-06-09 06:12:37.262103504,Mediterranean,89.24743508606764,77.71576744927458,17.306672270949704,3.0562855409337844,3.7,0.2508723619206429,0.0,3.950872361920643,0.0022511480889715,1.199485527556749,0.1043101030704163,0.446976,1.753022778716137,-2.197849583204506,3000,-26.74050326232149,Low,152.6260558249998
35318.23002497128,0.16834328032628226,1203.4274863163125,304.33299090596506,9886.030526006314,415.8582244341624,15137.624071036322,2457.708825999029,128.76262034045052,3.8719523861641227,8.169811263480293,28.723529234421598,seawater,SE0179,2022-06-13 12:34:51.485809680,Pacific,78.64601539968392,70.40549201894068,17.62199699185259,3.588829438117863,3.4603,0.2825003614224308,0.0,3.742800361422431,0.0023624754047157,0.9357491662691352,0.0763336344469354,0.4416045,1.4560497761207862,-2.286750585301645,3000,-27.82213212117001,Low,161.32572617193165
34988.86722612313,0.19823419641862117,1329.0183516476486,433.08375322000387,9644.831660745078,391.84928235293756,19230.36726320161,2467.3764068101705,95.73985736101504,4.549037747121842,7.938462134447843,28.259506686275557,seawater,SE0180,2020-03-09 05:55:47.579298831,Red_Sea,83.30778474336034,82.24339006259763,23.069450459191224,4.454579452056985,3.7,0.3542429132603488,0.0,4.054242913260349,0.0034793806571561,1.119656626950763,0.1037253635469481,0.4552260000000001,1.6820873711548674,-2.372155542105481,3000,-28.86122576228336,Low,172.82133071842176
36333.785920165916,0.15990138118755154,1397.9068117979036,355.6787534325383,10352.63306878407,412.9943243180465,20851.933119770343,2778.243224049036,99.67362664349731,5.019417971567883,8.12008537958464,30.93850102164751,seawater,SE0181,2020-11-22 14:39:51.986644404,Atlantic,80.6262087377859,84.58800769306836,18.383994197798984,4.08066621123855,3.59385,0.3238879095325507,0.0,3.917737909532551,0.0025673247897226,1.058693071790818,0.0891726777100326,0.4499385,1.6003715742905733,-2.317366335241977,3000,-28.194623745444066,Low,158.7879127995583
34130.10815729618,0.12377112525142356,1219.7609887924464,334.8547114685459,10317.50237675806,389.6562921903779,17370.579614180748,3051.168339052643,140.3371780916693,5.085015889248938,7.882295602414307,23.758205878535936,seawater,SE0182,2022-02-23 20:11:37.161936560,Persian_Gulf,71.09346143955109,76.7460627175653,29.024474912792105,4.290145289210325,3.3714300000000006,0.3305926997767068,0.0,3.702022699776707,0.003010999027453,0.8539405339503968,0.0805833658534435,0.448479,1.3860138988312936,-2.3160088009454136,3000,-28.178107078169194,Low,155.42052828733
31834.901780051416,0.18679429864136932,1471.517747829351,326.910762584382,10858.984605771335,322.0811185393601,19326.110371583774,2543.1850690513306,126.6727217029392,4.1151142148902,7.347626727153241,23.682981490042113,seawater,SE0183,2021-04-10 13:01:18.130217024,Pacific,89.05493201985077,81.59531393090548,27.88937520950888,4.227151239967765,3.33937,0.3309006361146571,0.0,3.670270636114657,0.004028285576511,1.1968982863467943,0.0902525767389745,0.4391010000000001,1.73028014866228,-1.939990487452377,3000,-23.60321759733725,Low,164.56625420581577
36218.622095438965,0.21561259460503518,1158.6281535021928,462.63263051841585,11187.796025047746,336.2606730142296,17904.111356302,2632.530994693722,104.98670203274605,4.348264688206398,8.399251977477196,24.39574545655272,seawater,SE0184,2023-08-18 22:38:15.826377280,Persian_Gulf,85.85074452228646,72.69833167930156,20.26817555551346,3.117627215132261,3.57237,0.2472684099796733,0.0,3.819638409979673,0.0030407127695403,1.02147276250485,0.0966378923012955,0.447,1.568151367575686,-2.251487042403987,3000,-27.39309234924851,Low,148.50871460800974
33190.74662508697,0.1851925022392812,1378.3393214476673,439.3663307947856,10081.410504315265,359.21757716265876,19170.5727645958,2644.9222997609045,118.93822752882012,4.7041694630971005,7.844322475049586,28.087058210193362,seawater,SE0185,2022-09-09 06:29:26.944908176,Pacific,72.9819578893879,83.3655210088477,22.895504678957,3.140738664443621,3.4664800000000007,0.2643849111912517,0.0,3.7308649111912526,0.003416604581222,0.9628013427033298,0.1119682312669833,0.460179,1.538365178551535,-2.192499732639717,3000,-26.675413413783232,Low,159.6933955215444
35049.998099317476,0.2103586647074444,1393.841663509864,442.29430985184837,9907.145348473596,395.5017079817499,20332.416723597413,2715.5231279960517,161.36983505612213,4.143299009382818,7.683965841089472,23.96500665807358,seawater,SE0186,2020-05-09 04:22:02.203672788,Pacific,89.63297752576534,80.7896621418207,11.160611237672413,3.62926712144132,3.6071,0.2989515907297454,0.0,3.906051590729745,0.0017990458890678,1.1443478093905473,0.1031764775213192,0.4388535,1.6881768328009343,-2.217874757928811,3000,-26.984142888133867,Low,144.8715302013052
33994.412848306965,0.19353983943643174,1197.6003280460202,493.2299061673055,9739.97658523862,377.31244522713814,19861.392689669345,2652.1624383348217,113.1158041807115,4.254648097784947,7.956466233291583,30.592013322850658,seawater,SE0187,2021-12-02 23:16:43.672787976,Atlantic,84.73802744343416,84.79446429415097,23.91461056064796,3.5391486551800946,3.57099,0.284178027897045,0.0,3.855168027897045,0.0037213525493424,1.1388790888397553,0.1109874743146142,0.443847,1.697434915703712,-2.157733112193333,3000,-26.25241953168555,Low,159.06431831706925
31391.706679476625,0.20901612326046112,1607.91986811836,361.97251118119084,9105.771402347673,418.99319454479803,16181.875979513374,2468.852413608515,126.36899599911142,4.17813053683153,8.094945824137502,19.23001092743466,seawater,SE0188,2021-06-08 00:57:41.769616024,Mediterranean,79.44643300856617,75.57734338319452,24.144017458980645,3.6264985069234963,3.4890800000000004,0.2893094751759424,0.0,3.778389475175943,0.003545114371537,1.0677600596351295,0.0965424984376926,0.439011,1.6068586724443592,-2.171530802731584,3000,-26.420291433234265,Low,156.71264695468417
34074.132448114964,0.14745267319648858,1277.3697524537183,349.883180373488,9406.470664001547,414.75476988793395,18175.19133009145,2364.323968172878,114.42804402297766,5.090153612223652,7.665861466902692,18.235228149256425,seawater,SE0189,2022-09-01 22:59:53.989983296,Red_Sea,82.22740113119147,79.48016850670571,17.18398591286416,4.030708969509682,3.3729800000000005,0.3337736854350807,0.0,3.706753685435081,0.0023037538874222,1.02872399188002,0.087722261980851,0.444129,1.5628790077482932,-2.143874677686788,3000,-26.08380857852259,Low,149.24635197559422
34352.04169835274,0.12079481677522261,1051.0953532404553,415.42090689993887,9903.367812640392,392.15208403383895,21365.470028844262,2645.5065486038243,134.53196829521144,4.544742725364433,8.192921582456956,26.164862938603726,seawater,SE0190,2021-07-31 15:54:23.439065104,Red_Sea,72.13473364029196,73.57170349945534,14.393657672505451,3.240662824000929,3.3000000000000003,0.2417615082081282,0.0,3.5417615082081286,0.0013783366587191,0.8480967195769494,0.0930534905861111,0.4570229999999999,1.3995515468217796,-2.142209961386349,3000,-26.063554530200577,Low,159.97708236679105
35567.52397810147,0.16217678093007,1360.8956071239047,484.80864616371684,12103.891265262127,335.8671466207135,20372.416732085287,3092.6655794000158,94.09482371227801,4.625419357570007,7.959179148202158,23.887506498984404,seawater,SE0191,2022-04-18 11:08:18.831385632,Red_Sea,81.20823020031222,66.47800260678557,28.30156803634033,4.172283825832423,3.43302,0.3192590311585486,0.0,3.7522790311585488,0.0041329911866189,1.0493402673563543,0.0877509634409569,0.4612755,1.6024997219839303,-2.1497793091746185,3000,-26.155648261624524,Low,159.90522393530384
38367.14618752379,0.14511903825098765,1235.0846328865562,387.5622478945325,10408.951341716891,405.5706909561999,21496.293895643,2911.6345289421324,131.61701350265034,4.79175083745409,7.061797427475809,24.01514111071957,seawater,SE0192,2023-07-13 09:10:31.051752912,Mediterranean,71.47322144034119,68.86887927824394,18.53409801610256,3.0543589833044886,3.62846,0.2400132278162187,0.0,3.8684732278162186,0.0026030769981655,0.8454653132043688,0.0904317253802621,0.4413584999999999,1.3798586155827963,-2.4886146122334223,3000,-30.27814444883997,Low,171.16286364360042
36123.02370943693,0.18170637718184798,1391.9743508018958,510.9796223089391,10964.302105358,414.70474077134065,21857.509709332993,2712.252336018288,112.21990907419573,3.7388973777622723,7.66548397062365,29.7714292785726,seawater,SE0193,2022-09-26 07:58:23.839732880,Persian_Gulf,80.89710514238604,82.3501353682829,23.074122096034213,3.1012755201015882,3.53211,0.2475670230691492,0.0,3.779677023069149,0.003277540599009,1.0872570931136685,0.1111726827471819,0.4504935,1.6522008164598596,-2.1274762066092894,3000,-25.88429384707969,Low,140.3748354113934
31895.904089986358,0.13328895963640253,1404.8489435536235,439.5406161679374,9424.460679536116,306.1383084075242,18794.29052703618,2807.280627098415,143.19254301086463,4.809460041849106,8.225590226162929,20.095084761501596,seawater,SE0194,2020-08-14 16:16:01.602671116,Red_Sea,81.05391377525571,61.39869866496552,10.66657589952512,3.5894314835041268,3.31314,0.2889943343805149,0.0,3.6021343343805152,0.0011235744389523,1.0222130546549129,0.0801989801961779,0.446769,1.5503046092900432,-2.051829725090472,3000,-24.96392832193408,Low,157.3081005673399
37332.24659489496,0.13524847518141034,1329.607770497866,414.79370865619586,11837.408649873902,329.5587144287247,22804.920504522233,2650.234614059378,108.24337286540482,4.791601465164945,7.145560134668724,24.258765117274923,seawater,SE0195,2021-03-04 23:33:33.355592656,Persian_Gulf,87.48877570321488,74.7869971518602,18.281343331536725,4.139726969408354,3.525980000000001,0.3409138223765785,0.0,3.866893822376579,0.0020132146530421,1.061203853769715,0.0936931500318504,0.4549335,1.6118437184546075,-2.2550501039219712,3000,-27.436442931050653,Low,149.73351510408264
32197.156867725254,0.20049841556683792,1345.9924830505456,443.7611174586044,10910.771444116865,333.06916775384957,19237.50855873466,2460.564076600224,134.4016586926203,4.038881916976154,7.6085403942935095,30.577976069593255,seawater,SE0196,2021-06-22 15:56:47.679465776,Mediterranean,84.50115000544588,69.31210081260272,26.3451762202776,3.2249724406328424,3.5578000000000003,0.2573994918677352,0.0,3.815199491867736,0.0042467370260038,1.069581756308932,0.0935713360970136,0.438069,1.6054688294319497,-2.2097306624357858,3000,-26.885056392968725,Low,167.77870086504063
31551.142821169877,0.205652882305063,1237.8130732515185,386.52433503488754,8770.257299560917,397.56658390120793,18000.740468497035,2554.296049247486,137.99901019934688,5.046539082002176,7.59287313915078,28.6742138456983,seawater,SE0197,2022-04-20 21:38:09.816360592,Mediterranean,74.9910478443024,69.66731345013889,17.751520008014303,3.861562820771685,3.36742,0.3065545690954334,0.0,3.673974569095433,0.0023940054913208,0.8638968711663636,0.0833290736177111,0.44247,1.3920899502753956,-2.2818846188200377,3000,-27.762929528977125,Low,166.4961835177095
32852.74570746013,0.18656627066418194,1194.0134359911108,382.01173282367245,10081.978506698666,330.3176693972405,18661.170697248308,2439.4275184094727,124.668216411842,5.056072114026856,7.968624320456755,30.230587658918292,seawater,SE0198,2022-01-25 14:13:25.342237056,Atlantic,87.76852284375714,82.11428016034418,22.063223202737536,3.868085041604845,3.52306,0.3214206272192093,0.0,3.84448062721921,0.003345225901999,1.0134526010541225,0.0876734169271994,0.4519935,1.5564647438833208,-2.288015883335889,3000,-27.83752658058664,Low,163.7724838248322
37740.03756746871,0.17710618860416338,1573.9981032255248,362.49474979853505,11381.739491221942,371.60537417591576,15833.517878409644,2920.4548530490247,146.26830067597584,4.8419114210559195,7.713119056151311,23.676684192999442,seawater,SE0199,2021-04-08 02:31:27.145242064,Red_Sea,81.46485329696011,81.34555936365567,14.197116009690788,3.377826905269546,3.5087300000000003,0.2675439461006593,0.0,3.77627394610066,0.0019373100564503,1.094887628311144,0.0956135704760408,0.4470599999999999,1.6394985088436351,-2.1367754372570245,3000,-25.99743448662713,Low,150.358213916542
35482.183096118664,0.16322710310922184,1106.4959848178705,371.5721385570273,10716.529144180637,382.97155480793543,20914.837014856057,2860.516525926661,92.11613280199163,4.7970335278512355,7.58079955881563,28.285544553254066,seawater,SE0200,2023-02-14 16:49:40.968280464,Atlantic,82.12758957148067,74.97105938931172,18.33051297679119,3.7509425926448694,3.3285500000000003,0.3014796306323499,0.0,3.6300296306323503,0.0025013451397869,0.9731528045575544,0.0815985010393268,0.4358099999999999,1.4930626507366682,-2.136966979895682,3000,-25.99976492206413,Low,167.9526020884383
36748.90540121077,0.20209192349006275,1211.7307406341351,356.3518871812674,9525.053688658943,379.4254043439682,20898.706777581723,2532.4941075338807,113.29931527258451,4.295335080161045,7.602565533834274,20.791916901679034,seawater,SE0201,2021-05-07 08:29:38.964941568,Red_Sea,73.37962738444357,66.82297118510834,28.552754361063734,4.117162707859924,3.55367,0.3493688739765831,0.0,3.903038873976583,0.0045114494000655,0.84533330746879,0.07341171614396,0.432,1.3552564730128156,-2.547782400963768,3000,-30.99801921172584,Low,141.21068555334693
38530.547687952036,0.15241516462564655,1359.8616690268177,371.8443786996564,10578.730694803542,369.0176571828082,17463.592210521667,2936.840010021448,104.88612766035557,4.456097540271443,7.7062314628722275,21.306662415942046,seawater,SE0202,2023-07-28 00:09:36.961602656,Mediterranean,87.15547191938228,71.8864086540506,21.329034994020745,3.671076018538825,3.58412,0.3014674230438639,0.0,3.885587423043864,0.0026381883384104,1.1326306784377709,0.0847109439579332,0.4441485,1.6641283107341145,-2.2214591123097494,3000,-27.02775253310195,Low,138.93924285587622
34370.36338650917,0.16802862117414297,1479.7014797943302,425.6389817321533,9756.510077548402,367.2061901651738,18500.104276489412,2298.467660758907,114.9989772412493,4.818809743145121,8.39310537313132,16.624576864762915,seawater,SE0203,2023-06-28 18:11:25.141903168,Mediterranean,88.61930230033087,70.2073348447304,28.03862918185863,3.1958319586734647,3.66246,0.2588787674145177,0.0,3.9213387674145177,0.0038708449130723,1.1910434229164468,0.0759081704341225,0.4347344999999999,1.7055569382636415,-2.215781829150876,3000,-26.95867892133566,Low,144.02547009558575
37473.329745076895,0.17586237197162755,1290.8621805892546,395.88168388103264,10077.292632862285,369.7525223261406,19626.17551984289,2811.9252254261946,124.82752834794043,4.984351935134145,8.240121199002461,31.580703078052355,seawater,SE0204,2021-02-15 22:04:36.460767944,Pacific,85.49981298989816,68.84045073006239,28.040385989790867,4.16494361264508,3.65807,0.3153377156025053,0.0,3.973407715602505,0.003490691571097,1.1260530570320764,0.079428112052346,0.4424355,1.6514073606555193,-2.3220003549469856,3000,-28.251004318521662,Low,157.779417112276
32710.84707043489,0.1699372627453959,1228.7689077980065,365.025005844198,11041.563080997936,370.60430422330074,17596.152834293287,2943.268828149013,127.70537316939412,4.4084689377066235,7.427588471672695,18.61359670268397,seawater,SE0205,2023-02-26 21:18:55.893155248,Pacific,88.81504905290012,62.56963946393241,28.88295600848959,3.9532216399448035,3.3000000000000003,0.3110640216010217,0.0,3.611064021601022,0.0036186300264796,1.1933332094826143,0.065698121437129,0.4357815,1.698431460946223,-1.9126325606547991,3000,-23.27036282130005,Low,165.6244075011409
35584.7695206306,0.16254113471618933,1237.7398893026314,443.4099446674433,9845.965717878506,381.1516379365116,17286.90687031112,2822.757526403433,99.10849632315222,4.078459863303646,8.127000708761193,22.960599541392014,seawater,SE0206,2023-01-04 06:22:14.223706176,Mediterranean,76.04599808244691,73.57784716788301,27.907833201602102,2.9186189071572604,3.3593300000000004,0.2432345711757757,0.0,3.602564571175776,0.0035855425940754,0.8937899083424616,0.0906552654955486,0.4517385,1.4397692164320857,-2.1627953547436904,3000,-26.314010149381566,Low,125.20383249647756
35484.06907330223,0.14845081411365424,1223.6233613463628,360.29225208146346,10912.017697563024,344.83768300255196,19134.828093399854,2466.655738083757,143.41418294743778,4.14365340287487,7.698400547399219,21.22093119117157,seawater,SE0207,2020-07-31 01:16:55.692821368,Mediterranean,87.22238336725542,67.54578244686209,10.065622580206012,3.1816163222654565,3.57726,0.2508713286897079,0.0,3.828131328689708,0.0014217289269637,1.0048018563907823,0.0810752026709685,0.444276,1.531574787988715,-2.296556540700993,3000,-27.94143791186208,Low,172.79342452032517
34806.822639508464,0.15205777928208195,1545.9807421258697,403.1473617196005,9452.829549357179,438.8160103456252,18377.459470831633,2609.59487614819,137.6449802542088,4.374433725813949,8.083701768770434,29.246505168019013,seawater,SE0208,2022-06-03 18:35:27.545909840,Persian_Gulf,79.77786285727485,76.52019857318821,28.68029783163194,3.084998194978025,3.57707,0.2588137626169213,0.0,3.835883762616921,0.0035703529164641,1.072214476801774,0.0824352099228956,0.432,1.590220039641134,-2.245663722975787,3000,-27.32224196287208,Low,159.60147756779338
37127.07928497524,0.247356081337738,1154.9693423711583,356.95350791981423,10298.88274247845,389.23520367426454,19254.852341497644,2654.0737316249156,105.51487874574768,4.6784534965710325,7.828461890967405,23.89440322587237,seawater,SE0209,2020-09-29 23:43:10.317195324,Persian_Gulf,73.2783440588717,67.98009839563827,12.749188781707527,3.308515964618486,3.57726,0.2563546893074244,0.0,3.833614689307424,0.0021161613507429,0.8917915849289438,0.0883061478159341,0.4611224999999999,1.443336394095621,-2.390278295211804,3000,-29.08171925841028,Low,140.7939762260074
39269.278143025294,0.1406910767169365,1377.9483358231005,422.85068039476494,11630.317856124273,430.6669545359804,20196.533008523988,3005.2694162074617,108.79176224547938,4.823194449597799,7.562146974681056,24.255012783817335,seawater,SE0210,2023-02-12 06:19:49.983305504,Atlantic,83.37601198066803,70.77908732837004,10.79852502222301,3.341296604741153,3.7,0.271135892467312,0.0,3.971135892467312,0.0012322628843859,1.0204423456718752,0.0948935223811457,0.4632975,1.5798656309374068,-2.3912702615299057,3000,-29.09378818194719,Low,159.26753343459083
34178.79299330103,0.176664937727176,1632.0066076746577,338.75372400711694,11524.44891887244,382.0204391327151,20685.318116211765,2549.6115612829813,142.46563428839946,4.658282973565756,8.056228309662668,28.064648586970055,seawater,SE0211,2022-06-08 15:35:09.515859760,Pacific,83.68240541411758,61.30900935486019,11.107770691561056,3.670817296737899,3.5856300000000005,0.2944926387882681,0.0,3.880122638788269,0.0014536961659459,1.1246915287657402,0.0643744598226031,0.4444425000000001,1.6349621847542894,-2.245160454033979,3000,-27.31611885741341,Low,170.24480260319746
36546.38249181567,0.1728469469974591,1319.753134293217,376.6367980047978,10595.986955733859,305.8409376293973,19235.151409434235,3020.6819510238483,134.6577411419632,4.952874567861322,7.605521378695501,19.53469833621976,seawater,SE0212,2020-10-31 16:11:13.121869780,Pacific,75.7384902751338,84.81345174763695,16.978323903528672,3.699073055098881,3.67033,0.2846059557478781,0.0,3.95493595574788,0.0021271462885774,0.9856425352029252,0.0920819645624094,0.4447815,1.524633146053912,-2.4303028096939663,3000,-29.56868418460992,Low,164.78611175994794
33731.796449306064,0.2162647519854126,1224.003570461494,367.03466572471035,9441.463960890194,411.26153909754584,19111.430246270607,2703.5231792435343,130.58672101932612,4.9941675533457195,7.792466466572074,22.24397401866235,seawater,SE0213,2020-09-05 14:44:40.467445740,Mediterranean,70.5498666325514,72.69025958187939,22.41608170537588,4.168541571768235,3.6431,0.3468779869685516,0.0,3.989977986968552,0.0038101510717895,0.9113462451913072,0.0788325865165481,0.4392809999999999,1.433269982779645,-2.5567080041889065,3000,-31.10661405096503,Low,170.31728833900368
29685.990627728832,0.16562875749538436,1360.1165120954097,348.8780077573427,10154.333665792978,406.9592629433316,20448.67179413402,2473.2109117157543,118.65008450736265,4.389449886226502,7.488324420448079,15.977086876958698,seawater,SE0214,2022-02-09 05:12:31.252086808,Mediterranean,73.99694518171127,60.60593985410432,18.046223930379952,3.75393996402712,3.59771,0.3134531291287605,0.0,3.9111631291287607,0.002534556058574,0.9945189432421996,0.0641816903054964,0.4493295,1.51056468960627,-2.400598439522491,3000,-29.207281014190308,Low,143.0249666892593
35011.59028178495,0.16673515549181475,1236.8113176378854,441.1292220642802,11421.544810033647,395.6502661705532,19529.25209129078,2887.859754848296,114.92210604913929,4.269344329330374,7.502928012961406,17.40730557205145,seawater,SE0215,2023-06-04 09:12:55.292153584,Atlantic,77.99555095347773,73.5307664690286,10.511085692987589,4.238683309212743,3.45271,0.3451373219954212,0.0,3.797847321995421,0.0016859571229838,0.925164506477924,0.0973915001882284,0.4439909999999999,1.468232963789136,-2.3296143582062854,3000,-28.34364135817647,Low,153.56675504440028
37678.84483519056,0.13098642807532834,1447.7670626616741,363.5794329743399,10865.705082632616,382.0174906035683,17991.41864182664,2753.850319557286,114.78339316947745,4.32242424086124,7.978966135176729,27.03109967934229,seawater,SE0216,2020-07-28 14:47:04.707846408,Pacific,73.35125822119737,81.75884998264124,19.52965268349429,3.9086400759573836,3.61385,0.3032447189901118,0.0,3.917094718990112,0.0019480828551785,0.9807708715246436,0.0957314374446746,0.444513,1.5229633918244967,-2.394131327165616,3000,-29.12859781384832,Low,147.91319466198925
34461.59853310595,0.16784814020481859,1251.6471130875323,346.26093568694654,9371.3264431136,349.1529804755975,19299.63048542631,2768.9661749706183,97.29110612785288,4.048115575379526,7.844812936254852,14.018081987679018,seawater,SE0217,2020-08-17 02:45:52.587646076,Persian_Gulf,73.88059896479209,79.31380335665506,18.842614845407603,2.9919200636286543,3.3840800000000004,0.2507844564827208,0.0,3.634864456482721,0.002676480383101,0.9260726214559588,0.0920357374150625,0.439548,1.4603328392541224,-2.174531617228599,3000,-26.456801342947955,Low,177.16447165994313
29916.847694052045,0.1994291147315313,1471.3515054472077,367.79953474723345,10879.17905774249,356.2762741222047,20066.515153963617,2436.7490156386953,159.34928405446186,4.447044561680676,7.387231342485722,17.239043466781407,seawater,SE0218,2022-04-08 17:08:54.891485808,Red_Sea,77.8278132876454,77.52266710323636,25.136985310032937,3.3809925733613477,3.4644800000000004,0.2955944938879722,0.0,3.7600744938879727,0.003951684912649,0.9913893643332162,0.0813988004583981,0.4480019999999999,1.5247418497042635,-2.235332644183709,3000,-27.1965471709018,Low,165.22806635881875
33430.29818326933,0.15695216311134405,1290.7758331292098,452.76796095751877,10191.778318882887,357.5686192393308,17647.944607699468,2781.4303309967886,144.8752487747376,4.756640202300519,7.656046360569168,24.260110097592307,seawater,SE0219,2021-11-11 00:48:04.808013352,Atlantic,89.23573228617121,63.48661636497587,15.592257968508768,4.175755496063358,3.4272,0.3386439056210838,0.0,3.765843905621084,0.0021401309597256,1.1993282419261413,0.0822405628391897,0.44835,1.7320589357250566,-2.033784969896028,3000,-24.744383800401664,Low,189.66781965455556
29668.77907052945,0.19824954117775134,1186.3477176311487,388.8201121913479,12381.784133262003,417.6357833171622,20462.817338208206,2750.772948424176,124.7849157163458,4.44735925949977,8.382266856379514,22.40477672861422,seawater,SE0220,2021-05-31 17:28:08.814691152,Red_Sea,85.28487030815296,76.44342697468682,14.350623475887344,3.345631596291958,3.5122800000000005,0.263292452060053,0.0,3.775572452060053,0.0023132631018191,1.1059469069976289,0.0802655983234211,0.447,1.6355257684228692,-2.140046683637184,3000,-26.03723465091907,Low,152.9733286603046
40547.52586882434,0.15436349141183336,1458.6785200680117,380.713617698843,12025.855810182115,363.62937897809127,21080.157060795504,3062.1255860598017,125.4661485082845,4.562425215532101,8.176990561580665,33.471987850010265,seawater,SE0221,2023-03-25 16:47:16.727879792,Persian_Gulf,76.39496802453128,79.1574594503065,15.118779153532524,3.2497716210472265,3.7,0.2509457134503179,0.0,3.9509457134503183,0.0018579770077359,0.9928656740314604,0.0957013684754205,0.450186,1.5406110195146168,-2.410334693935701,3000,-29.3257387762177,Low,150.12749413957104
30491.213915307224,0.21598592874269734,1177.0871389417923,433.9729350880486,11355.193758800151,411.96942551944056,18571.88832285679,2661.338905224937,99.80570574954989,4.013803279060804,7.574258303252395,27.19910221111238,seawater,SE0222,2020-11-29 22:09:24.941569280,Persian_Gulf,89.03208137837096,74.31047659913742,16.07479645259696,3.4456014200239893,3.3000000000000003,0.2795321686005912,0.0,3.579532168600592,0.0027194697646645,1.1965911737253057,0.0922713187931489,0.4568415,1.7484234622831192,-1.8311087063174725,3000,-22.278489260195915,Low,156.5688376974324
39195.60071646721,0.2203490248055941,1245.4457425920525,441.06323805651095,11546.231760670873,393.50768181447785,19635.73920427226,3087.375787758853,115.38606067129564,4.134464193333597,7.90788434018628,21.689777971806002,seawater,SE0223,2022-06-28 03:33:57.395659424,Red_Sea,82.91293584517466,82.31872511300878,21.98329746734333,3.539118220145892,3.60294,0.2866677396768167,0.0,3.889607739676817,0.0041926984595666,1.0057007466276306,0.1111302789025618,0.448725,1.5697487239897592,-2.319859015687058,3000,-28.224951357525875,Low,173.40910361975835
35184.95887691038,0.17232161885971387,1481.4988414860932,379.1666371372403,11049.889339595002,384.4695557241249,20386.636935396644,3011.074081902295,100.2069360081047,4.935519463128908,8.25977838716915,25.36661428523293,seawater,SE0224,2020-07-11 13:18:07.813021702,Atlantic,79.1089928928028,66.92474454462213,19.4305097090416,3.5791401737873048,3.3000000000000003,0.2767509211687085,0.0,3.576750921168709,0.0024653819329026,0.9235626840666,0.0702709817718532,0.4576425,1.4539415477713558,-2.122809373397353,3000,-25.82751404300113,Low,154.09687197877022
32130.280590025868,0.15044012631579562,1198.9883415513657,375.0380880286145,11278.475228347457,354.5571251485375,18272.313377363742,2328.140396206976,147.966321569534,4.823472179866788,8.240994666432632,28.038514985713107,seawater,SE0225,2021-04-30 01:00:06.010016688,Red_Sea,79.36600397910294,66.05361749348127,16.737891303581158,3.0232054853270656,3.42921,0.2562288942749467,0.0,3.6854388942749465,0.0020970234498604,0.914296365839266,0.0693562983681553,0.445542,1.431291687657282,-2.254147206617665,3000,-27.42545768051492,Low,159.52758642762885
33728.55650363598,0.18891644748241038,1105.855517341515,415.24988203138537,11111.093315948097,350.86989685070546,20674.25938396333,2797.6700158978874,117.24109582142516,4.594242790156347,7.862007209857198,23.646031605329036,seawater,SE0226,2020-01-15 14:59:05.909849749,Atlantic,78.21488935670784,81.73924362356615,17.48628316567357,3.3369073774625364,3.66334,0.2701007831666057,0.0,3.933440783166606,0.0029861675487684,0.9010355253892744,0.1003430954722898,0.4510425,1.4554072884103326,-2.478033494756273,3000,-30.14940751953465,Low,159.22041442630854
35957.171328366705,0.215343934250755,1394.3750485488943,439.3048000650214,11189.033984981621,278.68723134059087,19014.84440420049,3131.2509777513,97.85384847725133,4.617490877227702,7.432901715651187,17.618712346152176,seawater,SE0227,2020-06-19 14:49:28.948247078,Atlantic,74.6598410509188,75.63495607478632,17.418473203179524,4.04640828612445,3.50964,0.3218738885522532,0.0,3.831513888552253,0.0030162873307017,1.0034282637243488,0.1021071907009615,0.447,1.555551741756012,-2.275962146796241,3000,-27.69087278602093,Low,158.58724889488886
31410.35150559719,0.15437056583130523,1195.7327337559593,480.2693636261602,10655.203206336908,383.47378494344224,17669.011490079356,2499.498197801428,115.76805237790141,4.953561377098036,8.112152454260267,23.32189058656576,seawater,SE0228,2022-12-18 04:53:17.328881456,Mediterranean,77.73264384427411,60.03618051302498,29.448133894206347,3.627123943512248,3.33834,0.2863114219551796,0.0,3.62465142195518,0.0036189400705268,0.8954800570860377,0.0810488436925837,0.4581224999999999,1.4382703408491482,-2.186381081106032,3000,-26.60096982012338,Low,150.92762284345014
34170.389751815106,0.15876487787055762,1292.2706191144073,429.0888014757774,9052.033024201355,393.3327402852313,20642.825842369984,2659.646653975155,126.10153341168505,4.007568379210719,8.060178326579111,23.062816062039495,seawater,SE0229,2021-04-27 14:30:15.025041736,Pacific,80.55792768086785,68.82828521277631,14.65993976105905,3.8884300572118216,3.3927,0.3159059333542267,0.0,3.7086059333542254,0.001836685212904,0.988271767520458,0.084762033239534,0.4541775,1.529047985972896,-2.1795579473813307,3000,-26.51795502647285,Low,156.6301192326983
34802.01879129825,0.1774465814577888,1331.281803454118,357.4142751139793,10200.591756022783,394.162153478947,18172.289222607338,2725.433362961033,123.93784306013549,4.854985452947877,7.737916051268333,23.840574138548916,seawater,SE0230,2023-08-28 16:37:39.766277120,Pacific,80.56054701460442,81.44639964536687,26.36123120544517,3.8083865489459168,3.6019400000000004,0.3043564535902479,0.0,3.906296453590248,0.0034078745253151,0.9839729660801396,0.0917249352806121,0.4492319999999999,1.5283377758860666,-2.3779586777041817,3000,-28.93183057873421,Low,156.15617415173978
29677.250017572496,0.1278483155857037,1233.9078337777134,399.46662249397605,11262.06399673224,364.6111510498208,20545.949552303675,2596.3922461571133,107.99438214646572,4.123432031488239,7.962709922594171,26.116034393246718,seawater,SE0231,2021-02-08 14:35:03.505843068,Persian_Gulf,85.23473804425036,60.68298779104358,24.16421675176374,3.5381498927869504,3.39045,0.3058863527829202,0.0,3.69633635278292,0.0025067958458279,1.0888499127886462,0.0801743634695267,0.4489019999999999,1.6204330721040008,-2.0759032806789195,3000,-25.25682324826019,Low,158.0662554350718
29809.357045538392,0.1408109809337744,1544.8061475180607,344.20468743933395,11441.971178389935,358.51800178500247,18186.3895337254,2464.659437968222,139.74119379142456,5.03532860377062,7.563046501751369,21.57103984934497,seawater,SE0232,2023-03-28 03:17:07.712854752,Mediterranean,77.17595714314706,60.08119820653772,10.111400112071012,3.306219648975904,3.53247,0.2698259469537355,0.0,3.802295946953736,0.0011457834150994,1.0236125029341308,0.0633195747898701,0.447219,1.5352968611391002,-2.266999085814635,3000,-27.58182221074473,Low,168.59520293535957
35624.86177299356,0.1291887930639157,1409.7809878698315,468.75626624612,10972.78945098662,303.88294502178206,19774.200392874398,2514.2063017811633,110.94868698711723,4.594359409147569,7.6434675251523805,19.30837002196001,seawater,SE0233,2022-12-08 10:53:53.388981632,Pacific,84.33596058607905,67.03148226312824,29.86352436250976,3.833773927202135,3.5068400000000004,0.3025851639321818,0.0,3.809425163932182,0.0033363529417795,1.1221405571741334,0.0852238265493412,0.458979,1.6696797366652545,-2.139745427266928,3000,-26.03356936508096,Low,177.64103265731046
32685.204179378416,0.15544349554471645,1304.8722117191985,459.4320692026413,10251.945546366762,398.4085681382054,20605.919050095694,2653.2883988247486,130.44610440461702,4.083473033984555,7.654494122637174,24.568014330340436,seawater,SE0234,2022-01-20 17:13:43.372287144,Atlantic,81.56183677537369,82.85000092523194,25.12878741267147,2.945942645111832,3.40226,0.2428313656635842,0.0,3.645091365663584,0.0029477575362308,0.9722431941502224,0.1057083161805034,0.4418355,1.522734767866957,-2.122356597796627,3000,-25.8220052731923,Low,148.84596695986502
35567.4973741924,0.171180376228044,1226.8727112705508,414.96168470537674,9477.847391910354,312.73489471340423,19471.76021303506,2699.738289613346,134.46154537747438,4.109002735420615,7.67978370018402,30.14576659683236,seawater,SE0235,2020-04-26 23:52:47.278797996,Atlantic,89.23690809053669,82.53693953675041,23.648991727015822,3.654070166515977,3.7,0.2918092490789911,0.0,3.991809249078991,0.0031893503222888,1.099370151864823,0.111424868374613,0.4472685,1.6612528705617249,-2.330556378517266,3000,-28.355102605293403,Low,153.8104345767876
37702.08519050138,0.17179585645882534,1447.9090974799815,413.21564139915245,10618.684374536353,351.33771774829637,17713.596234305063,2993.9606730494497,157.60278803281517,4.921793518618789,8.0294527305137,20.067653813976747,seawater,SE0236,2020-05-31 02:50:41.068447412,Red_Sea,77.70569852067965,72.9690486450377,18.106494153532747,3.9106677825428173,3.5950900000000003,0.3087147387827898,0.0,3.90380473878279,0.0025574698732098,0.9908782017121802,0.0985082156708009,0.4524224999999999,1.544366387256191,-2.359438351526599,3000,-28.706499943573625,Low,149.0167057786943
35710.65165902095,0.1880679914062596,1252.1562731465722,457.0400140327859,10369.576235140543,394.7593646598119,18579.116800881282,2970.906432787904,171.11448187184106,5.084908578003711,7.466731613097598,26.602739174968995,seawater,SE0237,2021-11-18 08:17:37.762938224,Red_Sea,88.0243292852158,73.83092177849056,21.1040617782858,3.2393585934945146,3.3000000000000003,0.2618394745624931,0.0,3.5618394745624933,0.0036545059618986,1.077502293807155,0.0929383643347639,0.4589295,1.6330246641038175,-1.928814810458676,3000,-23.46724686058056,Low,160.22130756781917
34606.62927956402,0.15415523951153987,1427.2001463223662,344.82135530544025,10730.386512575396,386.60622625074274,18804.486135662068,2605.1037606467467,103.47202078588312,3.8337558257679922,7.883539859839019,16.427275783273753,seawater,SE0238,2023-12-21 06:00:36.060100160,Atlantic,86.41285094596579,68.30020028292972,15.065417913349403,3.402147525633658,3.52797,0.2707870207498741,0.0,3.798757020749874,0.0016831084892793,1.1613887167137802,0.0767557650779564,0.458979,1.698806590281016,-2.0999504304688577,3000,-25.54939690403777,Low,152.19020233062474
33196.5010316153,0.18281248049761523,1260.980261388681,412.9139231875248,10432.989449884546,393.67024246004235,19339.082015345408,2825.7237791720145,141.00897470156704,3.9401636152836805,7.879378737886472,21.116753009269203,seawater,SE0239,2021-05-24 09:58:35.859766272,Atlantic,82.75328569178913,66.09341655069525,10.70966810291395,3.233139864063815,3.4007300000000003,0.2663437223778743,0.0,3.667073722377874,0.001709263029225,1.07176759417721,0.0790543355362865,0.432288,1.5848191927427215,-2.0822545296351533,3000,-25.3340967772277,Low,160.80467084794068
37548.81773388001,0.1572121284524358,1277.6500087795675,334.90625522426006,12186.132634501344,399.30893651607977,19695.701068890863,2822.952399471216,117.26892177354067,4.801123339655956,7.749870062861859,24.988607321206295,seawater,SE0240,2022-01-30 11:13:07.312186976,Red_Sea,83.09028933484234,80.38054635530295,26.720433168919456,3.0865859046011366,3.62787,0.2484669546318509,0.0,3.87633695463185,0.0034969565296828,1.0955953190534973,0.0843995736730681,0.448692,1.632183849256248,-2.2441531053756028,3000,-27.30386278206983,Low,170.36770171207903
30599.626604604156,0.17323921556602914,1432.1206437144601,406.6494557649439,11095.11748541764,379.6802182147225,17908.220795932735,2418.638472486174,131.80251541498754,4.80615295110878,7.743632918500914,20.6301003290913,seawater,SE0241,2023-05-28 01:43:22.337228704,Pacific,71.69299869212821,62.65737151249104,27.929689873623435,3.5862575042663,3.38112,0.2817428785368108,0.0,3.6628628785368105,0.0037666538357366,0.9403597834853258,0.0686662134405389,0.450471,1.4632636507616017,-2.199599227775209,3000,-26.76179060459837,Low,130.18778032230009
35371.93665928131,0.17408577954939808,1356.5265306396761,359.03366521090226,10233.355798521265,380.01839099027495,17423.82753493032,2719.76605356718,103.35547981172952,4.250345750019388,7.731833083312314,22.002592970043693,seawater,SE0242,2021-03-09 20:33:15.325542568,Persian_Gulf,89.00449211186864,72.1838592719659,13.249412732284798,4.48949141814217,3.4827900000000005,0.3574758919742327,0.0,3.840265891974233,0.002008875958469,1.1962203739835144,0.0821813237811331,0.4404765,1.7208870737231166,-2.119378818251117,3000,-25.78577562205525,Low,163.59424926782444
37138.88438462015,0.12178178691103009,1239.3203051852336,403.7171977993657,9893.362041746572,336.67240637236927,20381.26643947305,2475.6968258565294,112.14636067121258,3.921191177631277,8.188053791313141,30.757480918470687,seawater,SE0243,2022-01-01 05:14:55.492487472,Red_Sea,72.13872126991488,75.8599314874271,25.741121916914658,3.468692508851201,3.57575,0.2824656487756332,0.0,3.8582156487756336,0.0027936324793989,0.9128260656563982,0.0850693271700007,0.4509525,1.451641525305798,-2.406574123469836,3000,-29.279985168883,Low,153.05549927517603
38026.99829702877,0.15408958412718257,1145.9725992697295,412.8743871176504,10262.584343296336,411.9665292731823,18560.672153420146,2809.6937837871515,109.35245805122351,4.997878360979242,8.14785576943746,22.04421234606069,seawater,SE0244,2020-12-04 19:09:06.911519196,Pacific,81.26466617487014,62.59200725927573,24.823053465713173,3.7156311030842986,3.62986,0.2952643946204371,0.0,3.925124394620437,0.0035853921964806,0.936168954334504,0.0765375064766423,0.4346099999999999,1.450901853007627,-2.47422254161281,3000,-30.10304092295585,Low,163.2471047177212
28698.640948459943,0.18383221267309402,1405.561798127094,365.23589132292796,9420.194367756121,339.98882353639533,23020.10224242683,2620.4763909780672,141.05000254254495,4.745895125658018,7.460640970777968,28.199555389416336,seawater,SE0245,2020-03-01 22:26:14.624373956,Pacific,76.6014160089831,72.99017738680865,13.567500038721809,4.06494737205716,3.31996,0.318370470114765,0.0,3.638330470114765,0.0018947013804075,0.9854006155395584,0.0785885239923768,0.45,1.5158838409123427,-2.1224466292024227,3000,-25.823100655296145,Low,148.2256350893864
32659.622954175404,0.17793983813079411,1180.5240801639764,387.93527968743086,10192.644326666714,411.8145500037334,19947.880950598897,2618.5344125007855,141.82790726410514,3.728936595036928,8.014246064581148,26.683882044893828,seawater,SE0246,2022-01-10 23:14:19.432387312,Pacific,78.59703956579703,74.43803219781108,18.43657605149588,3.7284297077683077,3.44982,0.3178197301402928,0.0,3.7676397301402926,0.0027217917224823,0.9317710479341064,0.1004913434670449,0.4500675,1.4850516831236338,-2.282588047016658,3000,-27.771487905369348,Low,171.39320727105127
32179.652262474305,0.21567869425869082,1236.8290774359257,338.3184261102399,10640.199580389313,378.2263916612933,22539.953958780385,2804.0673449510355,93.68309695479113,4.339277108265986,7.931928360249318,24.747857719818526,seawater,SE0247,2022-02-18 23:11:55.191986640,Mediterranean,82.20366021673634,78.56240151268412,18.455158416682067,4.57870407448368,3.42876,0.3539873976022349,0.0,3.7827473976022334,0.0026361717385556,0.984155372700402,0.0942748818152209,0.4547205,1.5357869262541788,-2.246960471348056,3000,-27.33801906806801,Low,168.26047308201495
34257.8707932301,0.22701641547902468,1360.0291691078035,393.3318734804246,10146.780244502143,386.4103199614897,17555.578353223045,2679.745493931599,115.5658319507619,4.788907969120858,8.137859499351979,26.401207918077763,seawater,SE0248,2021-05-09 18:59:29.949916528,Mediterranean,88.17702755764643,65.87090122868833,25.19928516610497,4.243107083850444,3.402,0.342907696847895,0.0,3.744907696847896,0.0049066032132626,1.1500541725422568,0.0789462751225829,0.436833,1.6707400508781023,-2.0741676459697933,3000,-25.235706359299154,Low,164.44194246044134
38245.12846159908,0.1412602626823563,1212.0998091709907,390.2299216148629,10844.34313938948,410.47455805560213,17183.48806959444,2901.8214626790736,118.18019919270039,5.057383018313184,7.678107907734713,32.648181360421646,seawater,SE0249,2020-07-04 05:48:34.858096828,Pacific,79.15134247144603,67.33318758226896,26.753218115521108,4.244421935767707,3.7,0.3352740824526182,0.0,4.035274082452618,0.003223709276484,1.063794042816235,0.0774870322696751,0.447267,1.5917717843623935,-2.443502298090225,3000,-29.729277960097733,Low,166.9314053090167
39338.0881083193,0.14790506378032336,1168.01124152942,375.680102809399,11283.600941131574,309.00944169360935,17325.967965596396,3060.926255790072,118.21954248963618,5.143661077665728,8.488434546302791,20.639507546784195,seawater,SE0250,2023-04-26 09:15:19.532554256,Atlantic,89.75459110612883,74.23802866582584,11.89550242782742,4.586463036378943,3.56075,0.3541952670933972,0.0,3.9149452670933975,0.0014618620843605,1.1219467495611872,0.0908228042697713,0.4462665,1.660497915915319,-2.2544473511780785,3000,-27.42910943933329,Low,149.89560861817046
31961.563548009628,0.15356993330481383,1362.2286569959708,407.6691718569753,8800.05441183388,376.13735279170254,20673.8345793497,3039.2039754046896,134.84818762257834,4.219261683594251,7.716944975982036,17.506584473815483,seawater,SE0251,2022-04-25 18:37:51.786310512,Mediterranean,81.85624130702999,84.57816024954036,21.25938469808406,3.2084533790465817,3.31087,0.2676918462579806,0.0,3.5785618462579807,0.0025617133373497,1.045847726933052,0.1119730263543665,0.4369695000000001,1.5973519666247684,-1.9812098796332125,3000,-24.10472020220408,Low,151.29045522371223
35109.79333204538,0.14796412224160932,1327.7711226070357,370.6154797857199,11490.39002196446,362.88364187184436,22117.39696916453,2636.953722019382,128.67557823078553,4.12077602517251,7.738869447487326,22.602461937722566,seawater,SE0252,2022-05-27 11:05:54.590984976,Red_Sea,73.21107885284349,65.43732957050287,25.234969938577706,3.842032242126902,3.637680000000001,0.3140465033546151,0.0,3.951726503354616,0.0030810384196807,0.9839568997822166,0.0700048551745239,0.460443,1.5174857933764212,-2.4342407099781944,3000,-29.61659530473469,Low,166.47984496114992
39977.65052889596,0.15747235150200653,1422.044661851848,381.56367158430686,10250.207685027342,342.95723187234887,18904.948764466313,2688.0300026906034,131.27633558215103,5.147234369066741,8.5291576452366,28.343950030341755,seawater,SE0253,2023-03-11 01:48:10.818030048,Mediterranean,73.80018589662505,84.6475956780866,25.72381188130317,4.2933057913033945,3.7,0.3464636120066588,0.0,4.046463612006659,0.0030996678840732,0.9381007309989238,0.0932223971202768,0.461331,1.4957537960032736,-2.550709816003385,3000,-31.03363609470785,Low,149.65085452498008
37307.46510872838,0.19188875541636358,1494.7470962165532,381.0898067973908,10156.203844486952,371.08906826613645,18193.89510483642,2933.671836766675,117.69505996415928,4.815279843419101,7.837025056078397,17.919842266763855,seawater,SE0254,2020-04-02 14:54:17.429048414,Atlantic,84.32222071178502,77.85856332636203,12.959870488608178,3.843656748951118,3.65487,0.3148965789933722,0.0,3.969766578993372,0.0021304471898813,1.1332906463663908,0.0898799255039523,0.447,1.6723010190602243,-2.297465559933148,3000,-27.95249764585329,Low,174.15390278402836
35928.27499084422,0.192400467477708,1424.893694894445,369.11494216905885,9384.755700959284,453.60197601190544,17611.168949884097,3278.742653261597,99.22731773547775,4.278920724518533,7.730772576519254,22.83264124766202,seawater,SE0255,2021-12-29 18:45:04.507512520,Persian_Gulf,71.00795588486764,80.65205174075058,20.51010286301588,4.698584317647143,3.3000000000000003,0.3572904569528243,0.0,3.6572904569528246,0.0034861842240382,0.9247621723527496,0.0846846543277881,0.440277,1.453210010904576,-2.2040804460482484,3000,-26.81631209358702,Low,154.56768504538334
34966.302365877054,0.13374112014092845,1352.8608301342583,329.4922963085527,11258.920746808151,399.3409603174555,16860.507870481513,2705.209735429404,100.34067630213927,4.656626038726626,7.4556897884791455,29.273648890700624,seawater,SE0256,2021-06-17 18:57:05.709515856,Mediterranean,79.60683152444454,62.24103170590848,27.15117412725406,3.069550509198493,3.42736,0.2520423256687655,0.0,3.679402325668766,0.0033149954538929,0.9170706991616012,0.0670335911472634,0.4535474999999999,1.4409667857627575,-2.238435539906008,3000,-27.234299068856423,Low,163.70622184295203
33911.5353745983,0.12243072219543744,1367.300907328836,366.8268098934317,9844.197550942603,411.0377611875908,19745.42979427404,2647.1892692561228,121.00785158155617,5.276467711398862,8.245269146440442,27.657403676903822,seawater,SE0257,2023-08-31 03:07:30.751252080,Pacific,72.96438219607033,67.51050468576581,16.370371531705683,3.598013454967912,3.69004,0.292719660335184,0.0,3.982759660335185,0.0018942156899336,0.9633399824088532,0.0761923555883552,0.432,1.473426553687142,-2.509333106648042,3000,-30.530219464217843,Low,181.38974180291348
30771.393633196138,0.17732727102916127,1398.878823353635,494.88143055803516,9656.44784236809,387.02989465510956,20063.200503666987,2715.027409665061,115.48040239812953,4.405360515219321,7.697639630341194,22.47506850669544,seawater,SE0258,2020-09-12 22:14:13.422370616,Pacific,78.6643727035569,61.44340699127453,18.502337978235943,4.493428676329467,3.39385,0.3572835489490363,0.0,3.751133548949036,0.0027167352900203,1.0105036523004427,0.0817873190460855,0.4604985,1.5555062066365486,-2.195627342312488,3000,-26.713465998135263,Low,150.33175435878937
31792.196070511724,0.14977650085426858,1342.7287042935889,415.0756710314697,10940.13223554908,379.2283914917627,18979.523761893972,2677.9864701947768,117.6140645244191,4.976509264362711,7.349018615208053,22.574926898801202,seawater,SE0259,2021-10-20 02:19:25.943238728,Pacific,84.99834844143439,69.28867487507938,26.08717022672665,3.4406251968533867,3.56657,0.2855481634283911,0.0,3.852118163428391,0.0031850869616619,1.1423778030528784,0.0858694547726858,0.4432724999999999,1.674704844787226,-2.177413318641165,3000,-26.491862043467503,Low,158.91122696272717
37837.878291397516,0.18064608812639749,1602.0187767305783,413.3225166058406,9690.614331234336,389.3104064931268,17393.009286363016,2867.382128099523,105.75666284000403,3.9552134773967786,7.870981784169357,30.654509602901825,seawater,SE0260,2020-06-07 10:20:14.023372286,Persian_Gulf,79.17625856482869,84.5322414980013,11.786390423675249,4.06055502991115,3.6162,0.3287467650119165,0.0,3.9449467650119168,0.0017776469764795,1.0392739040226266,0.1038985780251933,0.450891,1.5958411290242998,-2.349105635987617,3000,-28.580785237849344,Low,169.82033472411732
36405.97846496575,0.19131875942134582,1464.7944722634245,513.9266955003508,10097.874950962749,390.65468783783143,21324.728236275485,2758.2098270827314,120.7579822954918,4.777734374491689,8.41756726010098,19.480440426442637,seawater,SE0261,2023-11-22 00:02:24.240400656,Atlantic,73.26902217961855,62.63182655515846,27.189865797779564,3.0746094626349394,3.36096,0.2436483481294379,0.0,3.604608348129438,0.0038187622715665,0.9046907167432836,0.0831437497519728,0.436932,1.428585228766823,-2.1760231193626147,3000,-26.47494795224514,Low,168.68111633355767
39430.07688365083,0.1357452643340712,1200.9979564994946,354.5943016223394,10220.325731522986,392.5652279032015,18259.52883230863,2883.500251753242,134.40391178554054,4.158555798256433,8.012289720951337,29.9107119659073,seawater,SE0262,2021-09-03 18:52:17.228714520,Red_Sea,75.03850740713285,74.05931955927998,16.22313433461618,4.001890466218032,3.49107,0.3233804537556376,0.0,3.814450453755637,0.0016182576498779,0.8644436053301705,0.0873381555562589,0.4346835,1.3880835185363074,-2.4263669352193302,3000,-29.520797711835183,Low,154.5209206079952
34947.57331766669,0.21093777882983913,1313.713771267021,442.8871777164456,11468.009487207448,347.2741947160607,20120.307798731876,2971.0089086572507,115.0155182166104,4.337955867247551,7.431721765148711,25.138098989896392,seawater,SE0263,2023-03-20 19:47:34.757929872,Atlantic,77.35079177304365,60.1517655703453,10.029006331822544,4.389607598024613,3.3000000000000003,0.3521552079033094,0.0,3.6521552079033097,0.0017286797634035,0.9498182184662411,0.0757009969702795,0.452916,1.4801638951999243,-2.171991312703385,3000,-26.425894304557858,Low,152.42953569141432
36187.2772718839,0.19587131694515,1330.4987457427812,440.7859248287766,11276.197073251155,357.7201912237822,17308.48102888637,3084.369172390621,100.81595959770735,3.7081910540124357,7.798826701935835,24.747172531307495,seawater,SE0264,2023-11-09 19:33:09.315525872,Persian_Gulf,71.39122366972829,77.81707040110157,14.683182901127164,3.5173034949772406,3.34634,0.2859247542228003,0.0,3.6322647542228,0.0026246483099422,0.832638697308988,0.0921665381830647,0.4394459999999999,1.366875883801995,-2.2653888704208054,3000,-27.56223125678647,Low,155.56906865876
33215.443758189445,0.14597025765029423,1229.1087214279953,403.9015353284706,9706.438767867603,483.81535324999936,18921.142224382285,2654.637741815666,141.9470993164631,3.9023086449632287,7.814549181984167,24.56357233252703,seawater,SE0265,2020-02-28 11:56:23.639398998,Pacific,81.68675272162244,64.92981730930103,11.79001281791013,2.894195820318244,3.46211,0.2425559805512315,0.0,3.704665980551232,0.0014300813947612,0.973889070767836,0.0805064804818023,0.4486275,1.5044531326443995,-2.2002128479068324,3000,-26.76925631619979,Low,174.17850940017868
30446.59369287152,0.1513659753832773,1296.4399485133197,393.2185941191123,9963.268300755866,396.04780917440144,19349.67132733447,2433.516105855399,123.2081187948916,4.276223921065176,7.836569790655168,28.128325227052727,seawater,SE0266,2023-04-06 21:16:31.652754592,Atlantic,82.15067582556101,63.23961342811907,11.847698139924884,3.0712119977768095,3.3128300000000004,0.243349176527458,0.0,3.556179176527458,0.0014938051722742,1.0716917124418066,0.070366717861468,0.4344435000000001,1.577995735475549,-1.9781834410519097,3000,-24.06789853279823,Low,155.06015861716722
39201.70547096147,0.17076609892265593,1485.6509955986744,325.94052231833285,10712.789992238524,354.13665575774326,20040.25716846745,2991.964538679794,126.45902330179135,4.840445371329069,7.670104665155764,32.44861695589745,seawater,SE0267,2021-08-29 21:52:35.258764608,Red_Sea,71.24303854265135,68.42544530401969,23.85671468285183,4.566423789009147,3.7,0.3470427966853306,0.0,4.04704279668533,0.0034077408387279,0.9575064380132342,0.0718467175692206,0.457737,1.4904978964211828,-2.5565449002641474,3000,-31.104629619880463,Low,159.0147797736382
33964.842537673016,0.1712087418108821,1346.8548559090355,374.39357041763526,10303.624780172673,375.3544028050834,20216.507960531275,2961.68533457177,127.88693488547709,4.973739695962134,8.014283761815767,18.82482927776197,seawater,SE0268,2021-10-03 00:50:29.048414016,Pacific,78.04622642348323,79.27610744847453,14.279526712781296,4.086028603773607,3.3000000000000003,0.3267019328515514,0.0,3.626701932851552,0.0020511112170239,1.0036120348248556,0.093537879178455,0.45,1.5492010252203343,-2.077500907631217,3000,-25.27626104284647,Low,153.42526037364223
34598.174034930016,0.18130894348686008,1215.3715337702017,462.12644210550053,10938.784776972045,378.0652609185685,20158.365874798037,2804.0833408367307,129.59740829516588,3.76957438475854,8.216093003975683,21.707157604271014,seawater,SE0269,2020-12-29 04:07:36.761268780,Red_Sea,78.2800136576945,62.66532715778027,28.69484725953965,3.18138481452958,3.43399,0.2528023661071896,0.0,3.6867923661071895,0.0043507127414914,0.9017857573366406,0.0845981916630033,0.4539,1.4446346617411352,-2.242157704366054,3000,-27.27958540312033,Low,165.960775386574
36150.47757586547,0.22377667998404607,1265.9825525471585,471.248021434648,10545.959159057624,396.27541314862384,18415.153375347276,2624.338989275709,139.24947622225764,4.4877739138434585,8.032010035230208,18.584373692512656,seawater,SE0270,2021-03-29 08:32:03.205342232,Mediterranean,76.67639137105202,65.74597489496739,20.32889093182608,3.14593218025778,3.51961,0.2465508332461436,0.0,3.766160833246144,0.0037311646416273,0.9896775187044426,0.0880272857868718,0.4621575,1.5435934691329418,-2.222567364113202,3000,-27.041236263377293,Low,159.8717399285699
37837.05039956675,0.1576595003086803,1231.6681294603873,483.47610869582047,9838.289613946863,409.5454266775757,19059.742348758595,2739.366957125158,96.62513000974971,5.336914751149071,7.654160185124546,29.207234625269457,seawater,SE0271,2020-05-06 17:52:11.218697828,Red_Sea,81.15479480662223,60.21161054043274,19.20196515909837,4.047026778704603,3.7,0.3365790436338575,0.0,4.036579043633858,0.0025283227524984,1.0907204422010026,0.0809785950158279,0.434274,1.6085013599693292,-2.4280776836645286,3000,-29.54161181791843,Low,147.04148599800104
35965.616946261725,0.14812905603815354,1259.4806312088144,499.4433004885941,9947.666517519625,359.339582327957,19649.93703385001,3092.407617611731,117.5149468173487,4.513242296654128,7.964976338227796,26.179346190515293,seawater,SE0272,2023-01-06 16:52:05.208681136,Pacific,76.91914980120224,84.21037156739045,18.68567036440304,4.430063250367399,3.3000000000000003,0.3371832759366431,0.0,3.637183275936644,0.0021770300828158,0.9149071353954198,0.1136840016159771,0.4542854999999999,1.4850536670942127,-2.152129608842431,3000,-26.18424357424957,Low,147.4246326455756
40075.56997728965,0.1322541295046209,1368.1026913810506,402.4907228204199,11365.281633530838,365.2394430526298,19104.8812524007,2619.247384824872,123.95624363206973,4.466726990056941,7.711236277643426,19.99511743892608,seawater,SE0273,2021-09-15 23:21:32.153589312,Mediterranean,78.32818558955611,74.8036399997216,23.85175279343264,3.2000896781115764,3.67447,0.2544626207750459,0.0,3.9289326207750457,0.0024553471360615,0.9674596183634198,0.0907517760476622,0.441453,1.5021197415471437,-2.426812879227902,3000,-29.52622336393948,Low,136.02443707544728
36349.22272323121,0.1385657168967894,1280.9278761254272,444.14830209116707,10559.455401019051,389.9373381220345,18895.20630599204,2405.782485333866,86.36135045287494,4.864923405719552,7.361638472325224,22.739355067448585,seawater,SE0274,2020-05-11 14:51:53.188647746,Pacific,85.9504709488321,77.99749090961748,19.045255250472167,3.6212894435595566,3.5015300000000003,0.2761824484666364,0.0,3.777712448466637,0.0022493208261017,1.073899564223088,0.0959135145715566,0.4354589999999999,1.6075213996207465,-2.17019104884589,3000,-26.403991094291666,Low,148.94685634027488
35512.74774792996,0.1840367028066632,1344.321906069881,360.2558697598044,10642.437738456596,349.94181129648246,17266.912856081166,3183.1450499494263,117.58795149509208,3.9336910039496797,7.922306353420416,16.791467435521326,seawater,SE0275,2020-09-08 01:14:31.452420700,Pacific,73.24218710860403,76.28457927890037,12.572007124503838,4.0783358093421125,3.35277,0.3336031277488667,0.0,3.6863731277488654,0.0016954860248248,0.8588671829103344,0.0844699146355263,0.434346,1.3793785835706855,-2.306994544178181,3000,-28.068433620834536,Low,166.93937701910997
36977.59762473455,0.20863262310713918,1297.5506499351004,408.46084373385486,9782.72270446714,439.8691702429119,18155.080347047435,2913.4956180527884,117.38721260298077,4.7246889256354985,7.781651929618299,21.199156160175715,seawater,SE0276,2021-11-25 15:47:10.717863104,Mediterranean,82.38229390606841,63.60911397174186,27.60344361281513,3.9947291050546316,3.56932,0.3030494485144808,0.0,3.8723694485144806,0.0049341707526779,1.0793794053408208,0.0733158647638296,0.45,1.6076294408573284,-2.264740007657152,3000,-27.554336759828686,Low,172.8046910360648
34159.09478677619,0.13656010938307067,1192.8152292714574,437.05703218803046,10183.988891714647,432.79133381265194,16874.674502951984,2728.9808460418,117.79938221568904,4.835816081647469,8.252573778123825,28.053674844491702,seawater,SE0277,2020-05-01 20:52:29.248747912,Red_Sea,80.11188803381691,74.87349847484985,18.56790697851317,4.538008876014656,3.52986,0.3547901832870359,0.0,3.884650183287036,0.0022818472244034,0.990490565748027,0.0967665094288959,0.4596719999999999,1.5492109224013264,-2.335439260885709,3000,-28.4145110074428,Low,165.73947385999585
35905.60399115949,0.18171784030421298,1335.6843849419954,464.0388540730806,9245.17945335954,385.58048723654065,20664.355621577393,2645.6232515352635,131.255655127531,5.279147967940085,7.9681974077883675,20.43226435087041,seawater,SE0278,2020-12-14 13:08:30.851419028,Persian_Gulf,76.10143274958698,63.285389878531554,11.48009151399005,3.783339687446434,3.40997,0.2977275174415206,0.0,3.70769751744152,0.001621517005985,0.9804299783994788,0.0854352763360176,0.443187,1.5106737717414815,-2.1970237457000388,3000,-26.7304555726838,Low,164.2900557771927
31677.96682693514,0.16027284320046936,1204.2968929433887,404.65070161434625,10812.702849861496,347.442407846068,19889.19728281152,2629.067411106644,120.1952521954979,4.602878787729213,7.649746634722194,23.600573347323536,seawater,SE0279,2021-08-20 03:53:11.318864768,Persian_Gulf,84.55069312980821,70.0309113490782,20.58731974995522,4.043628219278198,3.51047,0.3212349525078615,0.0,3.831704952507861,0.0027928757972789,0.9831960440461122,0.0825664444805631,0.4402155,1.5087708643239544,-2.322934088183907,3000,-28.262364739570867,Low,156.7492933686931
36961.39385091903,0.2106330230083215,1324.0118202023507,335.09567011609283,9613.637833708673,357.53874750380464,20420.785379778223,2955.875483576378,149.4847417999073,4.484978718532911,7.755256953092293,16.28547096497078,seawater,SE0280,2022-02-26 06:41:28.146911512,Persian_Gulf,81.02376719082295,74.22407839813232,22.94693716911407,3.736606163992446,3.4422,0.3011740038889901,0.0,3.74337400388899,0.0037722011073563,0.9771855237295765,0.0840587687858848,0.4447575,1.5097739936228176,-2.233600010266173,3000,-27.17546679157177,Low,166.72869158017528
32229.478889608265,0.20460882668904884,1297.761720897358,368.52458795189835,12242.313774165888,363.1840703512014,20001.507797847036,2222.7426738765303,94.70301952934723,4.3105478503334815,7.890559513550492,26.10522706650019,seawater,SE0281,2020-05-16 11:51:35.158597662,Persian_Gulf,79.5472305392139,73.9720278525539,15.51164928315517,4.573438789659044,3.5170300000000005,0.3531558594822054,0.0,3.870185859482206,0.0030450608474776,1.0478852135607295,0.0887664334230646,0.4563089999999999,1.5960057078312715,-2.2741801516509343,3000,-27.669191845086367,Low,161.319243068628
36713.28824035821,0.16901067504918746,1383.6244814978322,433.18721512858616,9401.704484978478,389.56031654865757,16592.800880585004,3043.0893944785034,127.3683304922722,4.268463624483858,7.856370659041363,25.771829412558326,seawater,SE0282,2020-11-07 23:40:46.076794656,Atlantic,83.353386295424,62.97683564956852,26.006808153476847,3.613139034610173,3.59932,0.287839091048113,0.0,3.887159091048113,0.003196028667597,1.0104030804022262,0.0812590110386382,0.4478144999999999,1.5426726201084615,-2.344486470939652,3000,-28.52458539643243,Low,178.12615234438346
34811.051247676245,0.16229438347723837,1592.757862325809,308.66166254879136,10533.285160106787,340.82174092651167,17448.848992810592,2569.225002772063,127.5070670892548,3.856223258143265,7.9444447208904805,23.73422897405222,seawater,SE0283,2020-08-29 07:15:07.512520868,Persian_Gulf,86.04580615962722,60.860899241163054,23.39551692074728,3.147317255421247,3.7,0.267575574621432,0.0,3.967575574621432,0.0028937914879272,1.15645563478539,0.0639039442032212,0.4370295,1.6602828704765384,-2.307292704144894,3000,-28.07206123376288,Low,157.0601611494063
34427.17959579115,0.17988829495327657,1256.5474968213923,370.364672028394,12057.670059417998,384.13928131943374,19090.85162296597,2742.493616981614,116.66271422315143,4.922965495044782,8.15865389225824,22.198205263347354,seawater,SE0284,2021-02-18 08:34:27.445742904,Mediterranean,89.45337580067152,79.95585784684535,23.00682338528867,3.372983017169014,3.3143300000000004,0.2791960632337192,0.0,3.59352606323372,0.0036902484573535,1.0820280336849226,0.0839536507391876,0.4459754999999999,1.6156474328814636,-1.977878630352256,3000,-24.06419000261912,Low,173.01777099100084
36912.13366484671,0.17033226425284442,1438.1919421485634,395.22582182096335,11114.855300486268,335.4764187871231,19545.269175399753,2631.675268305693,150.06074549908615,4.007592954335916,7.44314403132603,29.101024464501624,seawater,SE0285,2022-12-15 18:23:26.343906512,Persian_Gulf,82.58700736752746,78.14806092490014,18.416499057355885,4.255304879333373,3.7,0.3423330244998275,0.0,4.042333024499827,0.0027923095870762,1.0485246455381287,0.0873304580835759,0.4504365,1.589083913208781,-2.453249111291046,3000,-29.847864187374395,Low,167.8268799427646
29316.1137366427,0.25133818798953605,1290.2587842048476,358.01567854550586,10789.164359657605,399.3449691131695,19414.290300290093,2147.336166549334,152.55258211244833,4.1762534191920535,7.798151908269235,17.997527556169526,seawater,SE0286,2021-06-12 21:57:23.739565944,Pacific,87.48879970800766,62.04547261411845,29.23830602822576,3.781753973929646,3.3000000000000003,0.299752627621456,0.0,3.599752627621456,0.0052497378473679,1.170222188478404,0.0651477462448243,0.4556984999999999,1.6963181725705962,-1.90343445505086,3000,-23.158452536452128,Low,166.29172489992317
35796.30856457647,0.17829608046996687,1290.3186094592809,345.20162391746175,10006.860081032599,311.1193576415142,19285.495039027253,2910.1489255120996,114.50280545822153,4.9795521913180485,7.430307405405241,17.39100963743773,seawater,SE0287,2023-05-15 21:14:07.412353920,Persian_Gulf,70.02183082045914,63.18538797003884,15.483783358984953,3.5253833941378656,3.4772300000000005,0.2825102764202687,0.0,3.759740276420269,0.0023229391146483,0.8066514910516894,0.0710077390007296,0.443019,1.3230011691670671,-2.436739107253202,3000,-29.646992471580624,Low,135.88178528147492
34430.893040771014,0.1497155226336059,1287.971218318995,430.5289783179846,9032.761568002608,346.82850170358404,19318.44365925552,2641.955363693482,132.7751571316951,3.745688749438147,8.040173948380925,30.882475809726866,seawater,SE0288,2020-11-27 11:39:33.956594320,Red_Sea,80.60471385451783,82.31459440974051,21.554110020309054,3.955952071884374,3.5882500000000004,0.3053112026171379,0.0,3.893561202617138,0.0027348285875968,0.9285663036040456,0.0969501292957923,0.4395405,1.4677917614874345,-2.425769441129704,3000,-29.5135282004114,Low,168.43659304111395
37606.30769999036,0.15817875444099544,1272.5287315359496,431.10477020560154,11464.783917339435,351.273506356785,19650.53163963485,2846.9892145442154,124.48227098252745,4.316006338894002,8.27249318073192,22.255124278051184,seawater,SE0289,2023-07-03 15:11:07.111853088,Mediterranean,74.29295097540395,79.2282225405445,16.18110314945235,3.0125478802921952,3.5421500000000004,0.2559875648732211,0.0,3.7981375648732216,0.0024275538188934,0.8558547952366535,0.0896784250936423,0.4554629999999999,1.4034237741491893,-2.3947137907240323,3000,-29.13568445380906,Low,156.73842291948623
34069.16126386984,0.19801544169840193,1398.4748172907111,454.6329200645482,11945.500981928359,405.8293386885706,19019.143592546676,2952.8554920429387,101.90199645444712,3.5505810820994106,7.671164253944388,23.582150204334663,seawater,SE0290,2023-01-16 10:51:29.148580960,Mediterranean,71.88384914166275,84.90400740541685,24.89609505943108,3.020996500141012,3.4066,0.2406431165550715,0.0,3.647243116555072,0.0040330180230574,0.9661189324639474,0.1146204099973127,0.46074,1.5455123604843175,-2.1017307560707543,3000,-25.57105753219418,Low,153.23551174335853
35647.93988398603,0.19189162725749198,987.3785642559344,431.1775114634475,9692.805006665281,377.21321802599,21177.846456838273,2518.919516708308,105.48611977727013,3.874999658971353,7.818004070221292,29.687816624464087,seawater,SE0291,2022-07-15 05:02:54.290484128,Atlantic,80.63942034128785,66.34968623012554,10.955829677402429,3.2343045245891453,3.4687800000000006,0.2736701620432188,0.0,3.74245016204322,0.0017048366561005,0.9636475242320168,0.0828641231328037,0.4472355,1.4954519840209213,-2.2469981780222983,3000,-27.338477832604628,Low,141.7334111776399
31964.024617169092,0.19426563560316482,1337.1107399220914,420.86050792182505,9550.517377177026,354.4214694748646,19153.973328005675,2413.2919962787714,95.53589941716325,4.147652422254588,8.168764451506622,29.26049859801175,seawater,SE0292,2022-12-27 22:52:41.268781296,Pacific,84.93653012298188,72.19507472172037,10.917877357500984,3.9965660490559904,3.42605,0.3126006863740251,0.0,3.738650686374025,0.0016118062342878,1.1415469648528764,0.0898828680285418,0.4519125,1.6849541391157064,-2.053696547258318,3000,-24.98664132497621,Low,158.08814763340524
32708.603911483686,0.18221703102547154,1189.1127588285199,447.1049510164168,8676.935284191197,406.34319702606786,17157.688354447484,2437.868552198492,98.28920115123742,4.8734064243651005,8.080694594618587,17.893520615139355,seawater,SE0293,2022-03-10 11:10:43.071786304,Mediterranean,78.24545044948759,65.9114894015589,26.217219390375828,4.055994769915511,3.4116,0.3254016923593664,0.0,3.737001692359368,0.004226110896851,0.9341380049182344,0.0852433292430361,0.4410045,1.4646119450581216,-2.272389747301245,3000,-27.647408592165142,Low,158.52143295257636
35109.82110610304,0.18318388453134724,1228.2119604917082,347.0708104626533,9716.551357732624,421.94238730727085,17785.365299130553,2567.20217731249,155.83651382283279,3.8214776397942902,7.728103047962987,28.523539214164085,seawater,SE0294,2022-01-23 03:43:34.357262096,Red_Sea,83.4021489868887,75.57000346193274,18.68536322127342,4.293289786211081,3.62744,0.339193315962236,0.0,3.9666333159622367,0.0030567385693681,1.0556710410164425,0.0793485036350293,0.438492,1.5765682832208396,-2.390065032741397,3000,-29.07912456502033,Low,143.72511722454922
37666.534569066156,0.21766071811564855,1411.9798144456124,448.9112264449202,10582.03436787229,387.35459093969786,18696.73469508505,2894.908096864155,115.33059420798872,5.051737731606137,7.5189569369319615,21.99776180247704,seawater,SE0295,2020-10-09 17:42:34.257095156,Persian_Gulf,79.794385076819,62.88535597728295,16.823601092007117,4.2762220739764105,3.55355,0.3511996271273364,0.0,3.904749627127337,0.0028327243046699,1.0724365354324472,0.0848952305693319,0.4474665,1.6076309903064492,-2.297118636820888,3000,-27.94827674798746,Low,141.84005184598038
37948.1312629689,0.20231903884233407,1358.941582338919,421.3191719321939,12231.324895444284,357.05696299809154,21391.603903716386,2987.2927453337047,111.46312538805044,3.9494395046185904,8.290839349858743,21.266684084225464,seawater,SE0296,2022-09-06 19:59:35.959933216,Mediterranean,78.74171731918852,63.18107931857583,22.15053724350677,3.7570481126093562,3.39606,0.2894534816357721,0.0,3.685513481635772,0.0033407883281401,1.0582886807698937,0.0750970308780592,0.465,1.6017264999760932,-2.083786981659679,3000,-25.35274161019276,Low,163.53712095475825
34300.67429490383,0.14685319034458846,1319.188023043028,504.6779651927475,11518.312943019386,386.68642724669564,19940.82480219129,2487.089526762454,136.47091758293928,4.51279961480565,7.369950301309164,22.748339708115925,seawater,SE0297,2023-08-09 04:38:51.886477456,Red_Sea,75.80513280871722,61.797197285128064,24.03798687737947,4.23924407674268,3.63494,0.3288620159468945,0.0,3.963802015946895,0.0031650817321445,1.0188209849491594,0.080367255069309,0.465,1.567353321750613,-2.3964486941962817,3000,-29.15679244605476,Low,167.800211653415
38133.92030610241,0.18717284157113084,1296.2375854717136,315.6982547571574,10213.559783294728,344.32029065987507,19567.955869642494,2721.8967857635566,94.15079131518578,4.171671214784382,7.398338254421272,19.832674442311994,seawater,SE0298,2021-03-24 11:32:21.235392320,Persian_Gulf,77.65187029002009,77.33965205660417,14.024026936888133,3.1664892559034463,3.5460900000000004,0.2489607516237675,0.0,3.795050751623768,0.0019472641882407,1.04364113669787,0.0812066346594343,0.4473945,1.574189535545545,-2.220861216078223,3000,-27.020478128951712,Low,160.25652695429616
30718.406189291723,0.20654135335423998,1329.8797274224476,347.4565941321273,10508.201443917143,350.8775175131374,17939.39917029703,2795.051216209828,113.30351992750738,4.385942001173191,7.777086177448838,26.012836369335133,seawater,SE0299,2022-03-15 08:10:25.041736224,Atlantic,76.99591261588856,72.35181443583016,13.708624828094631,3.0743031452230247,3.62193,0.2469035998526496,0.0,3.8688335998526497,0.0022535334182408,1.0348250655575424,0.0759694051576216,0.457029,1.570077004133405,-2.298756595719245,3000,-27.96820524791748,Low,170.89031498933076
32939.690494396484,0.15608182419160763,1466.0117715067324,404.4674480442822,10550.962397712914,387.84706607893924,20707.010662365985,2922.0370335629996,112.74871586399993,4.807002737998291,7.64693726729094,18.57192982764424,seawater,SE0300,2023-12-01 18:01:48.180300496,Mediterranean,82.92374368029763,75.44328040886575,29.16301495519763,3.242640569773749,3.5944400000000005,0.2549757590383388,0.0,3.8494157590383393,0.0033744524604659,1.0820951499324345,0.0997888269968067,0.459417,1.644675429389707,-2.204740329648632,3000,-26.82434067739169,Low,157.19367503073676
31490.94965306118,0.18011030801957179,1314.0467775813968,465.47180192665644,11745.580641343417,401.7900157357835,18196.17792520207,2543.457714799332,143.73132410036806,4.655375065500806,7.782594514891034,28.490545316176245,seawater,SE0301,2020-04-12 08:53:41.368948246,Mediterranean,72.32037022558279,81.98252616473397,21.79328612769139,3.5949642583604415,3.3756500000000003,0.2938282917396915,0.0,3.669478291739692,0.0031477786617114,0.9565728585293564,0.1030028458733717,0.4463954999999999,1.5091189830644396,-2.160359308675252,3000,-26.28437158888224,Low,157.54830421675257
30925.609624491823,0.13010360623258327,1200.0266963052854,340.29882562818574,11154.56867638396,371.8271134252959,19186.708319667483,2367.5634357713484,133.7641958743696,4.391098330762659,7.57337806952215,24.434743119871424,seawater,SE0302,2023-08-23 19:37:57.796327200,Red_Sea,71.85272737375612,78.50821211888396,17.802329545885364,3.4020565034259027,3.41597,0.26535377261985,0.0,3.6813237726198498,0.0022445889184634,0.8587148189528544,0.0835876934429757,0.45483,1.3993771013142935,-2.281946671305556,3000,-27.763684500884267,Low,147.99804120782508
32116.85534919253,0.169180950433677,1179.2555675765077,320.4849241910755,9380.997467220812,400.22004384299214,22072.256307634612,2758.2044729324016,116.69955836442155,3.9096725166396658,8.185208220284265,28.23311527219209,seawater,SE0303,2022-01-06 02:14:37.462437392,Pacific,83.20025988416921,71.54307295416727,26.02883389339013,3.600138167838291,3.61209,0.2744309930325379,0.0,3.886520993032538,0.0035518426154242,0.9730037432725914,0.0765153165244818,0.465,1.5180709024124976,-2.3684500906200405,3000,-28.816142769210494,Low,140.87734118749157
36953.917261014336,0.2234356939998537,1330.5412908928672,470.10289046373003,10481.374471119123,391.18987459829117,19505.261207105366,2509.785027340699,122.22226341328889,4.845721676949622,8.306454976293434,23.58461233841908,seawater,SE0304,2023-06-19 00:12:01.202003328,Atlantic,80.92596139757761,84.60889970985566,20.503179175558344,4.0993884416579345,3.59156,0.3177456208214763,0.0,3.909305620821476,0.0034031996922758,1.0097229314729437,0.1142220146083051,0.4475175,1.5748656457735246,-2.3344399750479514,3000,-28.40235302975008,Low,178.68203715289255
34444.60466136634,0.16498904904488865,1323.9757665647476,392.7356223112062,9986.41984890652,452.160335399205,17720.444333198753,2604.6964811843095,119.84969573220746,4.661441046647964,7.561472798539277,23.132627937995036,seawater,SE0305,2021-05-17 02:29:02.904841400,Pacific,78.60400193485316,71.40640252854934,14.833256207491628,3.4603480059005136,3.49686,0.2830226614563415,0.0,3.779882661456341,0.0020833011678297,0.9681497710311994,0.0749767226549768,0.4593705,1.504580294854006,-2.2753023666023355,3000,-27.682845460328416,Low,170.67404613578984
36110.21749863101,0.1663560593221778,987.2908608148123,470.903332859664,10579.376712933352,403.4905750154116,16827.735955469772,2650.148125465804,136.0742486834856,3.640215494652648,8.053811351807218,26.613810600799813,seawater,SE0306,2020-12-09 16:08:48.881469112,Mediterranean,73.04885768815807,62.81126683083833,14.134706112831475,3.8776498631217775,3.5176000000000003,0.3068845869261626,0.0,3.8244845869261614,0.0019287937267447,0.8798822567167864,0.0847952102216317,0.4531019999999999,1.4197082606651628,-2.404776326261,3000,-29.258111969508832,Low,142.73418962549349
38700.78844420434,0.12740951446293466,1467.5462112200805,360.0892272504557,10988.992166535862,420.6615384375,19909.965369833055,2616.9268759133374,92.02851944116651,4.879201969333193,7.660886055180409,21.09624418165351,seawater,SE0307,2022-01-13 09:44:10.417362264,Pacific,78.22054223738623,84.8163686813179,17.937185323396434,3.4782245567878896,3.69165,0.2894884508083911,0.0,3.981138450808391,0.001846489731561,1.028456204623912,0.0903294326456035,0.458586,1.5792181270010763,-2.401920323807315,3000,-29.223363939655663,Low,159.8742514956462
34746.862036890816,0.1530305334545676,1535.811611425101,444.2695575182866,10432.93775818052,377.6686023773574,17204.033350824757,2708.93855294097,115.36606889151489,4.523996990769755,8.344982290234283,22.322690744679576,seawater,SE0308,2022-07-24 23:02:18.230383968,Persian_Gulf,85.79463526640023,60.57051825037118,27.19791720519759,3.309321247699115,3.41126,0.2602763106623783,0.0,3.671536310662378,0.0041671560825115,1.1493735697369107,0.0784812204970059,0.43968,1.6717019463164284,-1.9998343643459493,3000,-24.33131809954239,Low,157.04243731292686
37469.903013932846,0.2111119284230378,1212.5861101930732,421.59130147819184,10268.749293493047,433.1801955403244,20648.18397601112,2669.705803387348,91.43042494151094,4.4096298255880715,7.760104938042614,21.522578502362787,seawater,SE0309,2023-07-18 06:10:13.021702832,Atlantic,87.79242471578513,73.7470889871938,11.228958320885178,3.1530852072517903,3.58206,0.2488823988307072,0.0,3.8309423988307074,0.0016935739518725,1.103066164492988,0.0848681500064626,0.451137,1.640764888451323,-2.1901775103793844,3000,-26.64715970961584,Low,155.11676632584854
34527.82213867565,0.22017237006569146,1304.7147720159862,403.8743631827939,12011.374334220433,408.23614358087747,19013.98532715097,2698.488239055383,110.04326843690339,4.244255872638082,7.663820604299404,20.243866968394087,seawater,SE0310,2023-01-31 01:50:35.058430704,Pacific,84.0515313992844,67.72738721749273,14.370520015095265,3.166186844464023,3.46967,0.2683477794371866,0.0,3.7380177794371865,0.0026949036184308,1.1296525820063823,0.0874089659428961,0.4493685,1.6691249515677091,-2.0688928278694774,3000,-25.171529405745307,Low,153.6219679157647
31792.494932540652,0.16669963832396845,1162.178715426625,369.8812379717636,9598.850530462634,381.5579616181377,19017.646356035406,2504.7560043426815,122.69691176793836,4.342812396704616,7.906062100393046,14.67347819515917,seawater,SE0311,2020-07-13 23:47:58.797996660,Persian_Gulf,71.19824351761761,72.58880377542462,27.863036377051827,2.9789735619886155,3.46735,0.2469240563389253,0.0,3.7142740563389256,0.0035797871876508,0.820203765322955,0.0811833181424349,0.433362,1.3383288706530407,-2.375945185685885,3000,-28.9073330925116,Low,162.37084009150902
39361.88899630897,0.1759257729231237,1212.8302876878709,379.48135115593794,12435.43363493326,391.56152177564513,18564.85697715175,2773.869660125038,155.6991340760819,3.507021795865499,8.14194282540696,31.648165277980784,seawater,SE0312,2023-07-15 19:40:22.036727872,Red_Sea,83.40819553202238,73.96782381486304,12.43469137938501,3.894553549275165,3.66482,0.3142334351867768,0.0,3.979053435186777,0.0017563504185726,1.025400337903755,0.0869639704591344,0.4579665,1.5720871587814622,-2.4069662764053144,3000,-29.28475636293133,Low,167.20761215473195
34743.7186934745,0.19258190010829243,1247.553456548803,369.13627025281124,10244.745736646397,381.28597140825514,22437.93711740139,2524.968869392616,120.37060834404534,4.80221223807088,7.174099568097895,22.805430757713207,seawater,SE0313,2023-04-21 12:15:37.562604336,Pacific,74.8197117909259,66.00239740696219,22.592514365283368,4.15572605211971,3.62381,0.335486112175932,0.0,3.959296112175932,0.0031911022840388,0.8822500991308251,0.0795988912727963,0.4612485,1.4262885926876605,-2.533007519488272,3000,-30.81825815377397,Low,162.60467143672673
33848.169496595474,0.22316799249968255,1036.4918759458553,341.95480614428834,10062.4387376288,324.5871684629852,22652.358631231113,2482.131379721301,95.40396125657155,4.544547206175067,8.107113251572564,31.220264454000958,seawater,SE0314,2020-07-16 10:17:49.782971618,Atlantic,76.3050248605281,73.92146889343155,14.270227362420504,3.382267340124202,3.622030000000001,0.2807688921884881,0.0,3.9027988921884886,0.0024711181914409,0.8790338863932836,0.0776175423381031,0.433395,1.3925175469228277,-2.510281345265661,3000,-30.541756367398875,Low,156.81580133643513
36497.91328937121,0.1642537352659198,1190.618103608926,470.88518832610316,10473.497391920513,371.7551890325294,18433.382503536166,2826.0096614100457,124.75240058050501,4.726219348168913,8.049700772106913,31.958218210731495,seawater,SE0315,2020-01-10 17:59:23.939899833,Persian_Gulf,73.9174641591997,78.90152780013844,22.117336950237767,3.622450677159545,3.69582,0.286453326642283,0.0,3.9822733266422814,0.0029474890260103,0.9166002091626072,0.1034399029459814,0.442257,1.4652446011345992,-2.5170287255076835,3000,-30.62384949367681,Low,156.40942163065685
32793.10049964649,0.16686680194720976,1426.5524708069672,389.1455428900378,10086.393393450673,429.96881391087504,19822.965626966437,2501.1401672225265,122.87649757345389,4.117932805898236,7.996420007654375,18.601507229866673,seawater,SE0316,2021-10-22 12:49:16.928213688,Pacific,85.51511581240409,66.66274593109996,17.662083336884642,4.256155491989774,3.50315,0.3379429275311167,0.0,3.841092927531117,0.0025087929655044,1.0572131149748545,0.0748555974060321,0.4401735,1.574751005346391,-2.266341922184726,3000,-27.57382671991417,Low,168.5210028954924
34970.306296484305,0.19849971523018894,1309.0344431998942,406.1265342239433,11149.30990270287,370.6819836811207,19479.434743145575,2778.125538552228,158.33321259046608,4.452913304232518,8.549797049585353,20.580873278578217,seawater,SE0317,2020-08-07 08:46:28.647746244,Red_Sea,82.97204245274558,69.58565333284767,12.033537928619838,3.3144890399058426,3.6022900000000004,0.2667135494848272,0.0,3.869003549484828,0.0018053194942032,1.1151442505649007,0.0811229546554338,0.4524045,1.650477024714538,-2.2185265247702897,3000,-26.992072718038525,Low,163.28056718741388
35366.3235191738,0.15291920313527912,1481.7441960117467,353.891728473351,11274.909984873759,380.2071734979862,19370.36465098198,2892.7499983091175,101.5915995909889,4.59085426106305,7.66857495196686,29.534599865109815,seawater,SE0318,2022-11-09 04:55:41.569282128,Pacific,82.23670109198362,66.70606732910144,21.64950135108213,3.106666448576468,3.45346,0.2542992318233849,0.0,3.707759231823385,0.0030406291657567,1.0761297336814355,0.0701014061561527,0.460074,1.6093457690033453,-2.09841346282004,3000,-25.53069713097716,Low,158.95470870053379
36351.49272390651,0.16409833571883206,1229.8484084295715,362.8214326768504,9665.87389672696,423.6306392145301,18806.660342142874,2890.9078714722496,95.4884460868703,4.952770040956707,8.196417772570856,30.486249528732664,seawater,SE0319,2023-12-18 19:30:45.075125200,Persian_Gulf,83.35945219338552,80.51399327470506,23.66085494169172,3.869709493711091,3.54862,0.3001341740797303,0.0,3.84875417407973,0.0029643738722247,0.9603008892678012,0.0845396929384403,0.452604,1.5004089560784664,-2.348345218001264,3000,-28.571533485682043,Low,157.752554684918
32617.38428728485,0.16245976866084397,1222.6917639703506,368.52146712431096,9731.599983181397,392.0567858140392,17893.717213226315,2776.2263810354416,143.5347722459511,4.154391535977908,7.704677044414523,24.647192851807954,seawater,SE0320,2022-04-16 00:38:27.846410672,Pacific,74.73544522807806,78.12455648023992,23.605452379316056,4.16640874561519,3.4804800000000005,0.3175428203439885,0.0,3.7980228203439887,0.0033153385757701,1.0044443838653692,0.091499480549657,0.448893,1.5481522029907964,-2.249870617353192,3000,-27.37342584446384,Low,161.97231717666287
33945.65455705209,0.21970729098006692,1462.262261131188,440.25043859329224,12927.442278997398,419.27413481866205,18410.163828264267,2407.7913928664666,106.04679140909037,4.246753072762257,8.246965869726413,26.432359479575823,seawater,SE0321,2020-01-18 01:28:56.894824707,Atlantic,78.89288828650723,81.77991093046018,22.7406881814542,3.842912463762853,3.5145500000000003,0.3119585310055775,0.0,3.8265085310055778,0.0036657079720976,1.0603204185706572,0.1104028797561212,0.465,1.639389006298876,-2.1871195247067017,3000,-26.60995421726487,Low,152.96514584330262
38591.94985682218,0.14056944455010803,1347.0128989113166,445.10297826136497,9899.939485157542,288.2148973600754,20088.631289536286,2803.943829419656,115.95491162798967,4.799891496221184,7.761067998362412,22.73850352341943,seawater,SE0322,2022-02-14 02:12:13.222036720,Mediterranean,82.66507443097979,64.25124732254149,20.00449561871092,3.9960491196058947,3.58927,0.3256647654329017,0.0,3.9149347654329016,0.0022189386630186,1.0778467592847047,0.0846574434721806,0.446724,1.6114471414199043,-2.3034876240129973,3000,-28.025766092158133,Low,167.24484547701056
34946.23405793351,0.1818454274924143,1236.6730467642608,406.7510179385712,10489.44870707039,320.0426181709147,18493.94488128076,3156.054472377711,106.3648188057784,4.065889337660039,7.790821572133125,25.93443254615149,seawater,SE0323,2021-07-24 08:24:50.484140232,Persian_Gulf,82.73188055236601,61.83949095399379,20.389452337186512,3.130589910853322,3.37727,0.2468101418607628,0.0,3.6240801418607616,0.002831116235923,1.0145443604888866,0.0740218706719305,0.4378815,1.5292788473967402,-2.0948012944640224,3000,-25.48674908264561,Low,146.2397077911739
42374.41845191273,0.14985514332819183,1224.7466985121887,395.57164767484903,9762.116190897139,360.5108907609905,15406.966609215062,2847.7647503803787,114.89127356076906,4.347341648600126,8.282305122601958,24.552671409915835,seawater,SE0324,2021-03-14 17:32:57.295492488,Persian_Gulf,85.83703725510262,62.98458759646683,22.712802196159192,3.603180880858316,3.7,0.2913841935310047,0.0,3.991384193531005,0.0027005976067277,0.9922212149651428,0.073106210823219,0.447,1.5150280233950897,-2.476356170135916,3000,-30.12900006998697,Low,153.59497070863017
36257.65708667443,0.1807307222880668,1304.7557015901623,397.2159602868262,10784.6982056734,377.0479793597131,19841.60978768288,2328.5298909491125,135.2695136100653,3.6447893100074733,7.509684194693311,13.490973927750447,seawater,SE0325,2021-03-12 07:03:06.310517528,Persian_Gulf,75.7420793337622,64.0254583206059,23.80518723493282,3.343813515014903,3.3491,0.2686284628734832,0.0,3.617728462873483,0.0039132871191761,0.9182121387136792,0.077041833997185,0.453636,1.4528032598300404,-2.1649252030434427,3000,-26.33992330369522,Low,164.91525002963522
35836.33095036807,0.11652887086172846,1469.3439985535128,416.10824668498276,10408.292425650521,398.66820936408345,19146.781657289765,2858.797426340979,99.98050036242701,4.11035134050384,7.662897317426255,16.570938148263146,seawater,SE0326,2021-12-24 21:45:22.537562600,Persian_Gulf,85.40672243393645,73.32706651687006,23.097534776627704,4.230517562421655,3.31787,0.3310945511455229,0.0,3.6489645511455215,0.0022855472612168,1.147866349512106,0.0940199646879307,0.4455,1.6896718614612536,-1.9592926896842688,3000,-23.83806105782527,Low,145.60842081476153
33168.15168417366,0.1602012898058179,1515.4687790597043,427.3653964345853,11364.06760384443,387.7150055612338,21859.298644741273,2523.6144177785686,125.48826652243629,4.086558692453743,7.559605483232892,26.84263004950304,seawater,SE0327,2020-01-01 00:00:00.000000000,Pacific,78.80368961233872,84.27280175906913,21.738911298269034,4.062267781402646,3.67372,0.3447276580872419,0.0,4.018447658087242,0.0026541906360508,1.0591215883898322,0.0884864418470225,0.464643,1.6149052208729056,-2.403542437214336,3000,-29.243099652774426,Low,140.7360089285987
38122.45375323141,0.1831115292059492,1439.997319452279,478.5637990973705,8903.710311436207,378.3547130072387,20191.448117813085,2338.340999719255,99.57408655663838,4.419142479074404,8.111208669742172,20.532157863431465,seawater,SE0328,2023-03-15 22:47:52.787979968,Atlantic,83.4034538411787,68.93088541541955,13.116779696082368,3.557340670698978,3.61875,0.2737602888967698,0.0,3.89251028889677,0.0018945614257427,1.1209424196254418,0.0930566953108164,0.4601625,1.676056176362001,-2.216454112534769,3000,-26.966858369173025,Low,158.84830140583944
35802.60803470016,0.23493923666159316,1130.6260934063566,448.40347690141067,10246.596352922345,373.146147383878,16854.06554725565,2951.4578106419467,116.2950527726716,4.55192107815732,8.275093097010203,25.59979240101056,seawater,SE0329,2021-12-15 03:45:58.597662768,Red_Sea,79.11438760130574,83.96270673400512,14.212330769857235,3.1496797882898107,3.59362,0.2514261694883289,0.0,3.845046169488329,0.002461092470093,0.9502080991487386,0.1097728427840382,0.433932,1.49637403440287,-2.348672135085459,3000,-28.57551097687308,Low,139.36936000120036
34556.243556842855,0.17274250886131715,1160.2137815573,428.78410909422826,9431.772987889843,370.31654621939447,16459.360722363082,2469.9143235509546,117.64830206549163,3.6916723934312894,8.10572755151927,20.569213066732107,seawater,SE0330,2021-12-12 17:16:07.612687808,Atlantic,88.97220339581887,60.95501987472949,15.204480420706968,3.3384147858715068,3.59425,0.2704113554389676,0.0,3.864661355438968,0.0020383734631216,1.0249597831198334,0.0797108794901837,0.4464104999999999,1.553119536073139,-2.311541819365829,3000,-28.123758802284254,Low,143.77159525486886
35393.02118054609,0.14264662275057452,1584.8221872163547,408.57415438386647,11249.74619762009,364.33603308134514,18805.5652224136,2806.7012033979927,103.07891152407115,4.264525194965075,8.166480102644222,21.06986022821966,seawater,SE0331,2023-05-25 15:13:31.352253744,Persian_Gulf,73.58604529483289,83.17180507036646,28.393233141750045,3.147564009778563,3.49816,0.2524810186870703,0.0,3.7506410186870704,0.0034666434072088,0.928314452370623,0.1052705536775628,0.4620435,1.4990951494553948,-2.251545869231676,3000,-27.393808075652053,Low,166.52587518892545
35880.81704548778,0.21340626534125956,1260.857249072065,397.3284273340844,10202.026518434615,359.7098322091926,19124.849611028887,2853.1415650033296,123.51993624494658,5.063673193989373,7.447602480582271,27.919944974837215,seawater,SE0332,2023-10-18 21:04:30.450751248,Pacific,83.50010177164714,64.52881518262429,25.18790183593933,3.479706778728882,3.36541,0.2786906599336144,0.0,3.644100659933615,0.0045425877203079,0.961921172409375,0.077628164664697,0.465,1.50909192479438,-2.135008735139235,3000,-25.97593961086069,Low,155.8829248056757
36344.72351659312,0.1279149356017516,1553.262102960981,442.487941060543,10135.768920350354,382.3535019378997,21248.466454175505,2556.763238922696,133.49821700578914,5.0045154534489065,7.66708705911684,26.351109575491108,seawater,SE0333,2022-12-25 12:22:50.283806336,Pacific,81.53070001536318,82.81187464298372,21.057336390737564,3.609561896559062,3.51137,0.3045838293986191,0.0,3.815953829398619,0.0021340768138556,1.0427841756524965,0.1077216865355932,0.4607085,1.613348439001945,-2.2026053903966742,3000,-26.79836558315954,Low,172.38098327675334
31894.497795513576,0.08715375919951922,1410.7388317709676,373.05154231893505,9867.409521367788,348.46113138169073,19844.169803309447,2344.390786407542,129.37367322352915,4.3053547296881876,7.664523032574858,23.935935326165097,seawater,SE0334,2021-09-30 14:20:38.063439064,Persian_Gulf,73.4546208189549,61.40568575288653,15.041138570880936,4.660567551671387,3.3984300000000003,0.3568417145277848,0.0,3.755271714527785,0.0012482941722745,0.9062772352946,0.0791396477983201,0.448749,1.4354141772651947,-2.3198575372625903,3000,-28.22493337002817,Low,144.81210283865192
38357.74396400575,0.20443679055483044,1274.6152301541583,340.3015650381781,10189.706308405539,427.1976399671614,20978.513811252466,2671.39459984503,111.0119521543003,4.204970421503494,7.889991285291307,30.857499465479883,seawater,SE0335,2023-12-28 13:30:09.015025040,Pacific,71.32012671623336,83.70548618737581,12.217830464883424,3.603517378703595,3.64627,0.287924430522163,0.0,3.934194430522163,0.0017842186541087,0.8581694095308182,0.0960018221083013,0.4565415,1.4124969502932283,-2.5216974802289345,3000,-30.680652676118704,Low,157.1099003362678
33227.15614873863,0.1597929520896965,1225.3181938616137,354.74678982908756,9893.819989342092,387.6924995363628,17812.268683217313,2778.762339382672,134.08806799664444,4.509270043537427,7.587553408734512,27.182456894483522,seawater,SE0336,2021-11-06 03:48:22.838063432,Persian_Gulf,85.98288777943327,65.01995660797152,27.97518451959949,3.3743165944994944,3.4779400000000003,0.2664047908625545,0.0,3.744344790862555,0.0034602505732292,0.9905228672190712,0.0724257296656194,0.4480125,1.5144213474579202,-2.2299234434046347,3000,-27.13073522808972,Low,162.5736007962865
34273.892848809395,0.15093904662928556,1347.9396013877304,410.9738530087299,9469.269494637212,391.1447452057702,21351.37013813263,2724.86481746927,133.528596746695,5.0213636022156605,7.851947637128046,28.761754204811233,seawater,SE0337,2022-02-21 09:41:46.176961600,Atlantic,73.1490266729253,67.56785150182901,27.85332031645834,3.342984497008071,3.3761800000000006,0.2600162088445002,0.0,3.636196208844501,0.0030895459961421,0.9489945085995962,0.0821152099301728,0.454986,1.4891852645259114,-2.1470109443185894,3000,-26.121966489209505,Low,145.1918144660079
33784.929489408176,0.1698673253113814,1095.043528979692,442.4628958647167,9301.851003308278,381.9351337697179,19748.821725915088,2552.5195180899623,137.55133078208468,4.91989194289472,7.509829561763121,22.218624925944802,seawater,SE0338,2021-11-15 21:47:46.777963272,Mediterranean,73.73013365571552,72.27355860257396,12.213911913913831,3.1597034509495248,3.4517900000000004,0.2607647719366411,0.0,3.7125547719366416,0.0018616200260949,0.8824258332343732,0.0975693041134748,0.442068,1.423924757373943,-2.2886300145626985,3000,-27.84499851051283,Low,169.57212016376312
35073.688080304964,0.1924201623368016,1201.515969207331,386.21397003943736,11783.826930370606,407.1923277447321,16479.163735198134,2491.7702002076344,106.69013186117554,4.324926363103743,7.982546138796036,23.471222288775895,seawater,SE0339,2020-08-19 13:15:43.572621032,Pacific,89.56868447978079,69.51802203088688,25.94433332192992,3.335612527393321,3.5619400000000003,0.2631117219913751,0.0,3.8250517219913753,0.0036645333043893,1.0318312452070748,0.0729939231324312,0.4528545,1.5613442016438954,-2.26370752034748,3000,-27.54177483089434,Low,163.80347057608964
35986.33983467065,0.1768993533371072,1301.6966624135446,313.68127871860366,9935.665315345905,438.3563102541335,20689.702692572424,3102.937211999152,86.95060683433293,5.028145002869828,8.04659200588729,17.648866838837318,seawater,SE0340,2023-03-01 07:48:46.878130208,Persian_Gulf,84.34521702953262,76.68819923157875,18.932901386198253,4.110132206639215,3.4154400000000003,0.3314720427044936,0.0,3.7469120427044937,0.0023115936618464,0.9716569001802158,0.0805226091931577,0.4479525,1.50244360303522,-2.244468439669274,3000,-27.30769934930949,Low,140.33438730682676
31308.026350476473,0.11979508399631358,1242.7502899102553,386.73105455155326,10573.475458481838,376.40526260062353,19755.904958300085,2758.440210869781,97.90832049628845,5.031056513013364,7.5043326172193785,21.62176581978825,seawater,SE0341,2020-08-31 17:44:58.497495824,Persian_Gulf,75.00973683202444,84.37019418125193,16.479338656610803,3.1700763786314834,3.37667,0.2473233253718904,0.0,3.6239933253718895,0.0017358676167327,0.9341052539376204,0.1033197397943611,0.4550235,1.4941843613487142,-2.129808964023176,3000,-25.91267572894864,Low,157.7321794450727
40180.99574795386,0.20658363262607968,1440.3713939080574,445.32858480242425,11297.18081511111,404.2630639502083,20548.86230541591,3140.503011437456,131.62108017785215,4.655284060439954,7.744676741521498,30.189380288750097,seawater,SE0342,2023-09-05 00:07:12.721202000,Pacific,81.81897920303203,75.16066227012352,24.782090724174143,4.209176985152526,3.53655,0.3596883248331641,0.0,3.896238324833164,0.0038761172459866,1.0996470804887504,0.0907564996911741,0.460974,1.655253697425911,-2.2409846274072533,3000,-27.26531296678825,Low,162.4227340487512
30858.904438698366,0.19001476226434103,1483.4559224975335,412.4511927596312,10068.877679950268,366.4303462322138,17888.957484445233,2586.176534351979,146.7672372054558,4.2931173371192095,7.770507824466977,30.367449856663086,seawater,SE0343,2022-08-03 17:01:42.170283808,Red_Sea,80.68223676805027,78.03713523591372,22.28659082121461,3.7727803138296565,3.5367400000000004,0.3027223669399513,0.0,3.839462366939952,0.0033790929003125,1.0843692621625955,0.0956813315127538,0.443454,1.626883686575662,-2.21257868036429,3000,-26.919707277765525,Low,151.61777759570765
32807.12683146989,0.14894556831397804,1174.4291477479253,437.7312478841446,10156.481797503702,425.58392626559254,20478.225069005315,2643.0563306426257,114.16898363847807,4.4693330621005645,7.924281745391228,29.041111077376645,seawater,SE0344,2022-09-19 00:28:50.884808000,Persian_Gulf,86.88946535027695,62.20013125764254,25.600602151866745,3.7473895571195577,3.42396,0.3053126273160991,0.0,3.729272627316099,0.0034116898463706,1.0462603813329827,0.0769166823132007,0.4436865,1.5702752534925544,-2.158997373823545,3000,-26.2678013815198,Low,141.76715556356467
35182.10770985697,0.23276292255666695,1200.6332296150706,444.62673680802175,10158.366662067196,365.3986626840965,17562.84082656507,2547.038038032856,129.5662939023187,3.7786113808216735,7.670897029871414,15.322483208825334,seawater,SE0345,2020-12-26 17:37:45.776293820,Pacific,84.58641495665249,75.69531072675014,11.48657721265874,3.582204756382591,3.4293400000000003,0.2829076654439525,0.0,3.712247665443953,0.0020624149385328,1.0067542777272744,0.0882910104316813,0.4372905,1.5343982030974888,-2.1778494623464644,3000,-26.497168458548654,Low,161.23267802857757
36793.907691060034,0.1460526069587288,1250.9282509433422,428.1451608360926,11161.776088690725,436.295187872944,21110.005835420772,2778.256573749036,130.53825887217593,4.816323262277613,7.855755347410218,30.348074906036455,seawater,SE0346,2023-03-03 18:18:37.863105168,Persian_Gulf,86.63442250986371,71.34624442616033,16.37174039914913,4.092287289358432,3.53481,0.3228306431294544,0.0,3.857640643129455,0.0018029215397158,1.1202038753139405,0.0963174299753164,0.454497,1.6728212268289726,-2.184819416300482,3000,-26.5819695649892,Low,182.62956508110312
32767.90108547936,0.11878222152283441,1131.1265787195962,347.56679872409524,9751.37373548673,380.15654610235083,20855.51591030494,2561.1339107312897,129.6931021365069,4.520475435300668,7.816279644467365,13.635280371393662,seawater,SE0347,2023-08-26 06:07:48.781302160,Red_Sea,74.23013175954725,82.1445589479907,16.386337008334714,3.628485518608376,3.3000000000000003,0.2965747609056957,0.0,3.596574760905696,0.0016214608196487,0.8552736397229628,0.0862517868953902,0.4551495,1.398296387438002,-2.1982783734676943,3000,-26.74572021052361,Low,153.8658925302748
32867.427476066434,0.16116050930626197,1210.305921617929,351.7615399328333,9894.896517587793,358.4485863349123,18316.462179681304,2353.669890173333,123.40334369996161,4.43552974420676,8.255164125490976,27.379390959046905,seawater,SE0348,2023-12-04 04:31:39.165275456,Mediterranean,82.80438408734011,69.70527749107755,16.59506184575531,3.418950581562104,3.3000000000000003,0.279487354195746,0.0,3.5794873541957464,0.0019731860435839,1.0574053604446063,0.0749889375249012,0.4448535,1.5792209840130915,-2.000266370182654,3000,-24.33657417055563,Low,175.5222844974124
34897.17622116564,0.1492821888976838,1289.8309853646904,340.7828677281002,9396.386215796676,433.60348257353525,21902.096874486648,2998.6959651456127,144.24478646932283,4.527708747404397,7.528437242489812,22.08341103526607,seawater,SE0349,2023-05-23 04:43:40.367278784,Red_Sea,70.8048171683676,76.98635360124797,20.049597452876107,3.386427348629477,3.3922300000000005,0.2718166084449651,0.0,3.664046608444965,0.0027039288116897,0.9357111486141584,0.091182637205318,0.448878,1.4784757146311662,-2.185570893813799,3000,-26.591112541401223,Low,149.82178659868967
34118.85897149642,0.15847997134548888,1539.1066567181883,342.39527830797874,10111.610222273932,352.27476560018556,19104.691479966255,2534.051373216018,121.5480555591066,4.2549291086865155,7.730156913885072,28.192495842101508,seawater,SE0350,2021-07-12 03:55:35.559265440,Atlantic,71.3788122455844,65.70384320647698,15.660276061618948,4.270430001745947,3.4679800000000003,0.3510781448319911,0.0,3.819058144831992,0.0022119513525994,0.9593312365806544,0.0689890353668008,0.437967,1.468499223300055,-2.3505589215319365,3000,-28.59846687863856,Low,160.53619795237768
38925.17866364958,0.16455857628366768,1207.3324242731464,415.32700693923215,11026.337607094318,402.0191220154305,20611.339016404756,3142.7762072093674,161.29730828835838,4.276264667031749,8.094515156050115,18.80411960892418,seawater,SE0351,2022-07-03 00:33:39.365609344,Pacific,84.27054065409195,66.4843133381049,18.887672201750394,3.5232881843942967,3.5466400000000005,0.2749187418062904,0.0,3.821558741806291,0.0024567950739704,1.043606375460275,0.0780259901335999,0.460638,1.5847271606678457,-2.2368315811384454,3000,-27.214784237184418,Low,166.69114017806407
39173.91420585985,0.18132163147190866,1290.927205169704,467.02857056708564,10341.9390258486,370.842494965253,16879.0833268442,3055.530457672307,104.05091978955241,4.4674273686733414,7.601681297929636,32.21303432542433,seawater,SE0352,2022-08-01 06:31:51.185308848,Red_Sea,70.48840205287863,69.40306077305684,17.355551862308317,3.6141108620921227,3.7,0.292367191131581,0.0,3.992367191131581,0.002506801199888,0.8658908089618894,0.0936941320436267,0.448491,1.4105827422054042,-2.581784448926177,3000,-31.411710795268487,Low,158.056856510864
38503.52185689362,0.12537886096696127,1169.5295747760047,418.37766456472144,9938.661340005308,420.58985081934804,22964.82200421199,2997.0136072777736,135.06947886434887,4.515391181345428,7.401888647530886,18.961615704278586,seawater,SE0353,2022-03-25 02:09:48.981636056,Mediterranean,81.59530017801018,67.60158843766257,24.705920960410225,3.218053438644561,3.62865,0.2820409682539762,0.0,3.9106909682539768,0.0026024228902857,0.9495342996075258,0.081324710890508,0.4540065,1.4874679333883196,-2.423223034865657,3000,-29.482546924198832,Low,154.85391749906032
32409.240697598038,0.2250710530403408,1317.7523453608546,400.6834638126792,9396.98594617715,411.803995860017,18050.010066329593,2624.7754642269506,112.19847705235162,4.543113603963947,7.745405065471531,21.417817650788972,seawater,SE0354,2022-12-23 01:52:59.298831376,Persian_Gulf,86.8081019688906,66.34697098475188,22.070015913501003,3.094080678406069,3.47601,0.2503414592913643,0.0,3.726351459291364,0.0037513288848814,1.0144464242566131,0.0819053356806762,0.4525035,1.552606588822171,-2.1737448704691933,3000,-26.447229257375188,Low,166.1885947251093
34777.15674011272,0.1742433171351796,1394.6415102377023,333.92561771786177,10519.45314576192,379.1834940191842,20418.400845373835,2578.0598009213654,101.72747960872697,4.708408449518275,7.576680389928747,19.981002549300793,seawater,SE0355,2022-09-14 03:29:08.914858096,Pacific,77.59883616836058,61.24171764752023,23.072588646346308,3.1767431021062067,3.49715,0.262312127337872,0.0,3.759462127337872,0.0030932035242837,0.9515976318860526,0.0643038035298962,0.442719,1.4617136389402328,-2.297748488397639,3000,-27.95593994217128,Low,179.08935385358794
32791.68727419231,0.21625422593293775,1417.5501641587593,402.0026435845479,11033.448969631268,390.1095677905098,17707.84176567837,2994.518198113359,112.58801924362437,3.974876838628222,7.936048781774444,14.72478168893079,seawater,SE0356,2023-12-16 09:00:54.090150240,Red_Sea,70.89680873679825,80.91865829381148,14.21167788165289,3.1235272900781474,3.34962,0.2627402370391658,0.0,3.612360237039166,0.00231354746571,0.9097705366893908,0.0896255059262256,0.439611,1.4413205900813264,-2.17103964695784,3000,-26.41431570465372,Low,161.4776475492175
32510.433529837897,0.17844848091456142,1421.2168932031022,367.92958926659196,9783.611248807525,392.8892556224478,18506.03097599677,2516.4738175602674,121.99452819673431,4.664703481024458,8.419382722805846,25.444868133953754,seawater,SE0357,2021-07-29 05:24:32.454090144,Mediterranean,84.27694899257453,61.607538272282106,16.51004330653779,3.8904805567431353,3.49722,0.3232379417267586,0.0,3.820457941726759,0.002371502620551,1.1257242895513746,0.0704543807681818,0.4491255,1.6476756729401076,-2.172782268786651,3000,-26.43551760357092,Low,152.43695581572078
35438.48567425174,0.19176123385156102,1199.972367804061,392.00698377703316,9679.760092252998,300.6612934711136,20319.493914668994,2840.7981763600164,160.36099698356963,4.147384492899902,7.64293118208044,29.567012041619794,seawater,SE0358,2020-10-02 10:13:01.302170284,Red_Sea,88.59372904928301,82.1841378900742,10.423308952241486,3.6217266523905085,3.4567,0.2887902491958971,0.0,3.745490249195897,0.0015304753000755,1.0373546046855409,0.0947007820907325,0.4406579999999999,1.5742438620763486,-2.1712463871195484,3000,-26.41683104328784,Low,156.04935538535668
34148.64869164556,0.1811664375333374,1283.1962789892575,455.14504244134247,10351.782372517928,392.42378848366263,21438.573799145222,2484.254518932498,112.7059454689476,4.160076081764438,7.741841738698297,30.484077840507133,seawater,SE0359,2021-07-07 06:55:53.589315520,Atlantic,84.34342784116535,63.13663472670151,12.167494145863396,4.339281950528094,3.54841,0.333836107568479,0.0,3.882246107568479,0.0018157064814106,1.1335756701852624,0.085234456881047,0.45,1.67062583354772,-2.211620274020759,3000,-26.908046667252567,Low,186.04442349111713
35308.01362808761,0.2093094174200093,1446.0742538946313,471.68280978794945,11728.707832202008,332.24393296605825,17775.44691916948,2655.9126464324604,106.25343083825702,4.883365919488753,7.697237168037607,24.244932520102758,seawater,SE0360,2021-09-11 02:21:50.183639392,Pacific,81.56894486005551,61.63154342656647,15.301084639777748,4.101604448149598,3.37592,0.3250741109200988,0.0,3.7009941109200986,0.0022344785942853,0.9967594551587008,0.0791164122966833,0.454848,1.5329583460496694,-2.168035764870429,3000,-26.37776847259022,Low,159.64348923142123
33098.673124984256,0.17825001946128613,1228.8814273181274,373.79960276297277,9684.401557324598,361.1767684121979,20408.350995824276,2583.526801541649,131.97516584137625,4.895396267689893,8.315994679405708,30.77901977136176,seawater,SE0361,2023-10-23 18:04:12.420701168,Persian_Gulf,74.6005765975812,74.07511909951742,11.30927442604042,3.228247797123504,3.5779,0.2630459719675245,0.0,3.8409459719675247,0.0017056873874842,0.929511248313606,0.0777788750544933,0.446637,1.4556328107555836,-2.385313161211941,3000,-29.02131012807862,Low,151.56954314989255
41452.31518726031,0.24094787221303718,1282.221610831354,374.9175409489262,9978.495183496485,321.99790761361123,21462.97269318647,2944.1552396755737,97.90743822086118,5.46146777772922,8.251319123660785,28.459581559146553,seawater,SE0362,2022-07-29 20:02:00.200333888,Mediterranean,70.30751248088994,72.56104481436805,22.05264800709405,3.896955386089204,3.7,0.3075500304144121,0.0,4.0075500304144125,0.0036955827530288,0.8270188324112107,0.0897507563308918,0.451467,1.3719321714951314,-2.6356178589192814,3000,-32.06668395018459,Low,145.47352563058004
32651.118416412595,0.17642981950814152,1289.0035081003655,389.57860616061,11164.674191245524,320.96867743996114,18153.91583132551,2390.8670177327244,129.69093205734836,4.055826377783122,7.66131504583524,27.33127575115578,seawater,SE0363,2020-04-14 19:23:32.353923204,Red_Sea,83.89344216958106,72.28086422079713,29.962602318476502,4.057697339786631,3.48369,0.3291490615258563,0.0,3.8128390615258567,0.0042081875704253,0.966452453793574,0.0921364176222501,0.4556595,1.518456558986249,-2.2943825025396074,3000,-27.91498711423189,Low,137.9363619376264
36149.14133732885,0.1726094194064659,1334.4333990667649,468.2356592691777,10111.44461145904,392.54669699682665,22083.885361541375,2476.610166141509,117.30594148190306,3.763224023362967,7.759705128215424,23.891824327512218,seawater,SE0364,2020-01-08 07:29:32.954924874,Pacific,74.62052351688585,74.36260818753495,12.01630428130777,3.867263318813495,3.56026,0.3159651508170867,0.0,3.876225150817087,0.0018315010659483,0.9945900945681057,0.1003895210531721,0.4506825,1.547493616687226,-2.3287315341298607,3000,-28.3329003319133,Low,162.17505970361424
38032.636603518724,0.18299284760721174,1473.5142466141756,447.9733641075563,8784.208499548677,393.18426982030803,17093.8998552375,2613.4146831416765,150.26031930403397,4.424276214915145,8.183090626780508,27.010600614679678,seawater,SE0365,2020-03-26 07:24:44.474123539,Red_Sea,87.16325354364716,67.17641515297889,26.4246042533853,3.7649634724142906,3.60352,0.3120019809705577,0.0,3.9155219809705577,0.0035215013104316,1.149467149371918,0.0906881604565214,0.4449254999999999,1.688602311138871,-2.2269196698316867,3000,-27.09418931628552,Low,165.39721418156367
33024.16974477233,0.21487718970096886,1339.9401941328686,338.8482912931328,11292.889455369239,399.8840076215637,18759.92917638289,2813.2530461337765,143.7392499747476,4.244889673832003,8.21351301070257,27.085562815203392,seawater,SE0366,2021-07-19 11:25:08.514190312,Pacific,79.32728237665222,76.57373183574028,12.376324945302944,3.8934465138683834,3.43982,0.3287533064880922,0.0,3.768573306488092,0.0021036534562529,0.968605156366694,0.0804024184275272,0.4579215,1.5090327282504743,-2.259540578237617,3000,-27.491077035224343,Low,153.7583749396952
37444.704206184775,0.15893680303299249,1464.7551240585349,385.05827570072086,11598.125478502741,374.279041138691,20243.44564881118,2756.846567083033,109.77794348933712,4.453878972620283,8.055641407624673,22.443840078333967,seawater,SE0367,2023-04-14 04:46:04.607679456,Atlantic,80.61271164744912,72.56005549267958,23.39828037592872,3.04908166826007,3.53361,0.2468136887107568,0.0,3.7804236887107567,0.0028007741609986,1.0112316509733288,0.0782560198488549,0.4510484999999999,1.5433369449831824,-2.2370867437275743,3000,-27.21788871535215,Low,157.98426998718833
32005.773975489094,0.24319006080274788,1307.194192118436,354.5927548611784,10815.003408864703,376.9429588767488,17676.70676933137,2440.691004506729,109.72890669503461,4.128633458336176,7.47361712813515,24.63141710170775,seawater,SE0368,2022-12-10 21:23:44.373956592,Red_Sea,85.07873088532733,68.36858667393314,22.863152061180344,4.116559905747271,3.5018900000000004,0.3277706336833719,0.0,3.829660633683373,0.0040868341572401,1.1039271615802408,0.0717870160076298,0.442911,1.6227120117451108,-2.206948621938261,3000,-26.85120823358218,Low,145.1924036473203
38719.079830002396,0.17299801420553568,1091.987422548504,389.725844233042,9502.573261635956,403.47784237160386,20369.346719951074,3194.4190725280896,104.05314077334029,5.275274962384114,7.568480721017672,24.854363552835807,seawater,SE0369,2020-10-19 11:41:58.196994992,Atlantic,85.58861215606686,80.6625166745182,28.054338696223983,3.399101241580938,3.51465,0.2727186315784114,0.0,3.787368631578412,0.0037834642252501,0.9859808120378902,0.0939637656741462,0.4536269999999999,1.5373550419372866,-2.2500135896411253,3000,-27.37516534063369,Low,159.62158456987288
33874.017274075166,0.12173497888961408,1202.9722608189604,446.4071024542129,10028.17871061376,364.4939119550899,20337.506510324612,2499.708096975976,98.57368340553906,4.084731787264952,7.75272280640607,27.972501910869426,seawater,SE0370,2023-06-11 16:42:28.247078464,Mediterranean,82.85301666161136,78.19302740816775,12.278912273610247,3.8096667607288732,3.38405,0.3086246705411225,0.0,3.692674670541123,0.0012444186432813,0.9919295719554768,0.0992973255056322,0.4560269999999999,1.5484983161043904,-2.1441763544367323,3000,-26.087478978980243,Low,163.48039394633835
33574.05569468932,0.18588418894001146,1399.5664803600303,437.5998212370653,11685.237420900537,404.8291482646865,18910.773727341526,2458.8602153510374,115.0842097326935,4.708403403211879,7.726540366955867,19.706604403250015,seawater,SE0371,2023-03-08 15:18:19.833055088,Atlantic,88.76863630825486,69.84025854861555,16.308889321637956,3.268028191842089,3.503680000000001,0.2690765993635809,0.0,3.7727565993635817,0.002264521900088,1.1754955864666248,0.0941586365752435,0.443382,1.7153007449419566,-2.057455854421625,3000,-25.03237956212977,Low,152.22546398032068
34998.36044267256,0.15000793282827324,1204.8898690751448,439.7013055430958,10771.744236377284,349.79130431404127,19895.439108785176,2507.5829905663913,98.47669204097633,4.651513899670176,7.9942576560646135,25.489286393829918,seawater,SE0372,2023-04-11 18:16:13.622704496,Pacific,89.64596872640838,81.19044463072183,11.815595207093716,4.335927857283499,3.5747,0.3406581086648205,0.0,3.9153581086648206,0.0014143267462891,1.0327215597282244,0.0965029624880759,0.4339005,1.5645393489625896,-2.350818759702231,3000,-28.60162824304381,Low,176.86415627865003
39095.100907727145,0.2043619592240049,1292.7874562484828,362.81727988749674,10878.059079797918,388.2442841167256,19295.05311780209,3197.073834494884,105.41506293482088,4.404075702064899,8.046602595739833,32.17671541169256,seawater,SE0373,2022-09-23 21:28:32.854757920,Mediterranean,88.93770888749233,83.00645625279435,18.14766651608868,3.573813955731911,3.7,0.2976671225160907,0.0,3.997667122516091,0.0028239583865685,1.1350443858723105,0.095623437603219,0.4503014999999999,1.683793281862098,-2.3138738406539927,3000,-28.15213172795692,Low,148.8828144097483
34948.11644460537,0.12738582897518966,1039.6274134459115,426.3435001208725,10249.488808474063,400.6079645175756,19767.275580939633,2954.932992875218,104.20604432523432,3.7854445422610072,8.209191118285586,31.43890623912781,seawater,SE0374,2022-04-28 05:07:42.771285472,Red_Sea,86.48358370687887,73.42165667710907,28.2318634711489,4.056706645020516,3.64389,0.317152945442998,0.0,3.961042945443,0.0033793540574965,0.9962908843032448,0.0897800017847689,0.44178,1.5312302401455105,-2.429812705297488,3000,-29.562721247786104,Low,161.28822774479215
35059.163584395006,0.1619123290699383,1390.9486681811218,394.1519245965569,9779.830491772422,335.51690266682255,21187.43480653449,2694.785390934647,142.9785919624276,4.435799050049863,7.638629412145293,33.229773686267336,seawater,SE0375,2022-03-27 12:39:39.966611016,Red_Sea,84.11250440488503,65.37381125392302,25.630463021237123,4.065110619283845,3.7,0.3352898452172074,0.0,4.035289845217208,0.0032111381900787,1.0873526249435346,0.0702506975734656,0.448017,1.608831460707079,-2.426458384510129,3000,-29.52191034487324,Low,167.54129578073986
33324.084539587166,0.10794878612310282,1475.3863167877516,406.61519208792885,10212.179475746787,367.77129132507895,20595.011362402332,2811.8788061424566,137.11738539889998,4.463263718642209,7.931996623316895,23.971137856558094,seawater,SE0376,2023-03-13 12:18:01.803005008,Pacific,83.26651715763334,82.89480391367468,24.458002008906384,4.2449387076547795,3.3849,0.3474378306085637,0.0,3.732337830608564,0.0022054758731511,1.0362884432942965,0.1119079852834608,0.4480875,1.5984894044509084,-2.133848426157656,3000,-25.96182251825147,Low,157.29436658859626
33317.138978994415,0.17405414123798957,1238.9971040023324,341.588288191615,10315.32552244712,360.3168012592744,20787.82142251112,2398.437874500772,111.98615409856846,4.616802458358915,7.818234636364207,27.91346877351113,seawater,SE0377,2023-08-14 01:38:33.856427376,Persian_Gulf,72.07500353841068,64.73699050238793,20.66055009725404,3.9177624755319433,3.63085,0.3278474516483209,0.0,3.958697451648321,0.0025719905605069,0.8303040407624912,0.0679738400275073,0.451134,1.3519838713505057,-2.606713580297815,3000,-31.715015226956755,Low,156.06346737642855
39770.37804468533,0.10436161143522367,1459.6952808672445,441.91738856181394,10778.593768910938,372.5297524475727,18391.148556896507,3295.3076828415697,99.10014275930409,3.565046196942351,7.814444480442739,30.275013008607527,seawater,SE0378,2023-08-11 15:08:42.871452416,Persian_Gulf,75.42968693638225,61.21058066043173,27.66971484671046,3.174669991308807,3.5275000000000003,0.2578522291428487,0.0,3.785352229142849,0.0022080432447674,1.0137749924249777,0.0751421088187459,0.4556894999999999,1.546814644488491,-2.2385375846543583,3000,-27.23554061329469,Low,142.331737281447
35533.038008753865,0.12404838514955298,1275.6472917599463,486.4532032535273,11574.891595717876,423.30549055805574,20466.091442759986,2645.3588804585193,109.48044910888072,4.881170768950311,8.00560466632241,33.28470439982651,seawater,SE0379,2023-06-14 03:12:19.232053408,Red_Sea,70.11376447058754,68.18717522182827,18.988835964826567,4.407081298622036,3.7,0.3425438843502944,0.0,4.042543884350295,0.0018486771141916,0.825547508382486,0.0920526865494681,0.45315,1.372598872046146,-2.6699450123041486,3000,-32.48433098303381,Low,173.17644902832714
35754.48347273243,0.19957004801016148,1252.8799923410652,395.49452178152114,11580.4431261402,347.0011898948205,17643.895591084132,3048.0660737545754,126.6810530041331,4.697055861641448,7.716136853018922,14.02953800755284,seawater,SE0380,2020-04-24 13:22:56.293823038,Pacific,72.74819740467984,78.174158611526,12.993713342012764,3.9886264284322275,3.37876,0.3142293499038607,0.0,3.692989349903861,0.0020012137666567,0.8513285053085253,0.0938793470765815,0.4430955,1.3903045661517637,-2.302684783752097,3000,-28.01599820231718,Low,156.2691973109389
34235.13230872165,0.18044117321793415,1406.19245700038,370.41776565434304,9850.603723974637,396.3438871957352,18206.019028310762,2731.5724144697347,120.51227440335505,3.4821657583540464,8.209052380449226,17.163210701479606,seawater,SE0381,2020-11-15 07:10:19.031719532,Persian_Gulf,78.78458954338376,83.08185215883873,26.751704462415585,4.029066088042556,3.3740400000000004,0.3131339710056328,0.0,3.687173971005633,0.0041414848712354,0.9984339518997206,0.0973303898040795,0.4640594999999999,1.5639653265750355,-2.1232086444305978,3000,-25.83237184057227,Low,164.098903936741
31750.755195854363,0.2037939182056644,1438.7466207561954,407.6684154398809,10334.641984564554,412.9172599649918,19899.611115201045,2465.9485113350884,110.46433387050305,4.106895054538758,7.487534164105695,29.100911031833967,seawater,SE0382,2020-09-10 11:44:22.437395656,Atlantic,72.93073101578146,75.93214117036099,15.592766561034535,4.45065186859203,3.4100900000000003,0.3505608671765906,0.0,3.760650867176591,0.0022770740719741,0.9801890248521028,0.0870410134235848,0.4526265,1.522133612347662,-2.2385172548289294,3000,-27.235293267085307,Low,165.5973521608557
32986.24462171859,0.16065482602977482,1173.7351177491248,423.3937389376585,10515.734341617528,372.5750012936452,18733.986738687774,3024.1394210955773,112.71726065699792,4.871410281983013,7.42429194389535,20.42970963469127,seawater,SE0383,2020-05-14 01:21:44.173622704,Red_Sea,88.03326829353516,83.7959636741665,11.07267082048896,3.2615587943142295,3.3000000000000003,0.2698597866799059,0.0,3.569859786679906,0.0012458747753797,1.014143250741525,0.0982926653897972,0.45,1.563681790906702,-2.0061779957732044,3000,-24.40849894857399,Low,151.19442154411746
36088.92828788782,0.17364816682978543,1233.4195500022597,413.3131045218596,10433.202231101244,413.00097570314665,19840.452917993407,2975.1095891551645,120.11633112362883,5.14141720828654,7.8740083945534405,20.85276352118847,seawater,SE0384,2022-05-17 17:06:30.651085136,Atlantic,86.11398370670564,62.30927098189741,12.520760613375828,3.326044012439964,3.4211400000000003,0.268750514219284,0.0,3.689890514219284,0.001688574817841,1.0798280209699096,0.0841175158255615,0.432,1.597634111613312,-2.092256402605972,3000,-25.455786231706,Low,155.9632595861941
33415.06585179694,0.1889258024660263,1319.4957294826506,320.5041156003237,9804.642878043529,415.5511680982487,20660.14660141968,2943.795745123287,147.93571475135317,4.9539118135827644,7.942365962940175,17.590496072691433,seawater,SE0385,2022-03-22 15:39:57.996661096,Pacific,71.43223824179036,61.5188432397005,22.181178323882964,3.6815547180219945,3.3861300000000005,0.3015832265633954,0.0,3.687713226563396,0.0030090986514179,0.9208929862550428,0.0645947854016855,0.4470314999999999,1.435528370308146,-2.25218485625525,3000,-27.401582417772207,Low,172.92338686390596
38167.56835697589,0.12962154952254457,1399.4096263642928,457.0955854824834,12429.96844805148,396.6579031843797,16296.143872856223,2951.831618864244,97.99589017974068,4.513469998176503,7.96136727508026,22.450507171993763,seawater,SE0386,2020-02-06 13:27:44.774624374,Atlantic,74.97827430934532,75.1047987685916,22.14163927842345,4.291004921037361,3.52256,0.3301035679841839,0.0,3.852663567984184,0.0023853187994645,0.9856104097131508,0.1013914783375986,0.4368599999999999,1.5262472068502142,-2.32641636113397,3000,-28.30473239379664,Low,145.78206324142042
38051.96672763937,0.20300344082831404,1288.4470363297057,365.41933551900786,9210.76027564145,348.2720994167242,18587.821198352594,2727.7815931061127,101.27631057404318,4.414389797041611,7.743618638442521,18.500787546546615,seawater,SE0387,2022-07-20 02:02:36.260434048,Persian_Gulf,86.38143769223018,84.15290806231887,15.20366342164069,3.5390637170821564,3.55126,0.2936688849874211,0.0,3.844928884987421,0.0026084925332508,1.0926353501115118,0.0883605534654348,0.4477035,1.6313078961101974,-2.213620988877224,3000,-26.93238869800622,Low,181.70711704660022
39379.989473565074,0.19656148755256084,1291.0972840879954,378.60449893190764,9241.768087333765,356.4165877829636,17122.318368082924,2775.6345554585364,129.09477414080283,4.755150752497553,7.387176539161413,32.81425625882383,seawater,SE0388,2020-06-14 17:49:46.978297160,Persian_Gulf,86.06092253119746,72.5680327238681,24.543602958919585,4.056762704054796,3.7,0.3160669667870883,0.0,4.016066966787088,0.0038388158515986,1.0437193289631528,0.0841861747629593,0.4360665,1.5678108195777107,-2.4482561472093773,3000,-29.78711645771409,Low,149.90388583059902
35253.57083931249,0.16796267724777772,1254.6173479918104,396.4978897604323,10439.862572064754,388.6481182605697,19352.319012769953,2636.9701310907617,93.02589831951904,3.5681859896275774,8.097876176562878,26.313455497376204,seawater,SE0389,2020-06-22 01:19:19.933222036,Mediterranean,88.90901100235578,61.28788064848263,25.47280310799069,3.777336701315524,3.64256,0.2943029669067262,0.0,3.9368629669067263,0.0033133493914687,1.0389124626438475,0.069592388476352,0.4540785,1.5658967005116686,-2.3709662663950577,3000,-28.84675624113987,Low,145.0921519962612
31554.400698737063,0.16628397942551987,1384.9209022632112,408.05471387168194,12159.9898279944,356.86810830949594,19538.518964087012,2390.3624621924178,137.89076818690978,4.778941122276375,8.231067566903471,23.844891807692807,seawater,SE0390,2020-04-29 10:22:38.263772954,Red_Sea,89.95095523234721,65.53046640193641,28.41005252267237,4.130501541117837,3.41346,0.3132464616584362,0.0,3.726706461658437,0.0038767789471388,1.1300142721636757,0.0844163468189744,0.4428885,1.661195897929789,-2.0655105637286475,3000,-25.13037852536521,Low,159.61472701353244
32206.991312850238,0.18262530410533973,1307.7547773824745,298.1900068226935,10165.48302696652,363.8302059991637,18481.148862797243,2386.7265568220305,116.25766520558463,4.129715479361305,7.218724129553138,26.592761368816625,seawater,SE0391,2022-10-25 13:56:35.659432384,Pacific,89.52540126482243,66.11982266039426,21.698749973564738,4.181362517738664,3.3652400000000005,0.3386714763136453,0.0,3.7039114763136456,0.0030475460362872,1.0313326225707544,0.0694258137934139,0.4439625,1.5477684824004558,-2.15614299391319,3000,-26.233073092610475,Low,182.59751946037457
36228.82673794172,0.11133775174822015,1206.552623152224,410.5453219407255,10031.102196834867,334.30670913060624,18327.981825102277,2980.4054992652223,109.21773988098998,4.079429965915679,7.817253911872112,30.549604603592606,seawater,SE0392,2022-02-16 12:42:04.207011680,Red_Sea,78.20275971442882,68.44642822842376,25.588467282951456,3.3406091282447017,3.57379,0.2616572035309107,0.0,3.835447203530911,0.0022257360612056,0.90089579191022,0.0868790513503382,0.4400775,1.430078079321764,-2.405369124209148,3000,-29.265324344544624,Low,136.9946516100265
34281.2199481377,0.15160931969392907,1220.6918440587763,451.9918126151627,11069.738569623092,440.31327000160496,20511.03230928609,2711.6731607434044,109.8419855479764,4.7374264422292836,7.475980080665004,27.749090972242236,seawater,SE0393,2023-04-16 15:15:55.592654416,Atlantic,75.00656887604065,61.09008458965532,25.061993595432675,4.319813993211672,3.30197,0.3234454240807181,0.0,3.625415424080718,0.0032599137549323,0.9675487353478638,0.0824716141960346,0.4364024999999999,1.4896827632988308,-2.135732660781887,3000,-25.984747372846297,Low,156.58888548845988
31375.63006167044,0.15544732668324307,1356.811708464782,343.24192098253684,10024.150603702681,412.83560869239653,16647.988020676003,2524.1837308634813,112.91755288709838,4.379277741434328,7.70070101146757,32.74718814878153,seawater,SE0394,2023-12-23 16:30:27.045075120,Pacific,85.16820380854125,82.6223175124479,15.156180969343858,4.10366524514849,3.7,0.334491088720582,0.0,4.034491088720582,0.0018141948620304,1.1368115575237994,0.0867534333880703,0.4483109999999999,1.6736901857739002,-2.360800902946682,3000,-28.72307765251797,Low,163.42249187353872
36748.31788471081,0.14846257677671093,1203.7012556621542,376.28863744720087,10238.733896556361,400.3521215488088,20427.72341186998,2764.543375039232,97.87295599363208,4.0902459131059965,7.561979494235653,23.61493242712765,seawater,SE0395,2023-01-01 19:52:23.238731216,Pacific,75.98545785488062,72.88909861803738,16.204518558753186,3.5016284586920694,3.67692,0.2936533688978139,0.0,3.970573368897814,0.0018103688133839,0.8753524744882247,0.0895442576522589,0.4392645,1.4059716009538676,-2.5646017679439463,3000,-31.20265484331801,Low,158.52252186596763
34675.730178267026,0.16394446206147503,1045.7954244811244,320.2686873525043,10474.744279498114,373.6908155918231,18677.304984807943,2628.726357413479,109.70272536536497,4.411595390628164,7.927204600239176,22.806902497058633,seawater,SE0396,2023-02-02 12:20:26.043405664,Persian_Gulf,86.12800720262659,76.77326982385273,19.56964791505743,3.2883037559818264,3.42962,0.2787880292481425,0.0,3.708408029248144,0.0025298858038669,0.9921946429742584,0.0845043380951146,0.4423934999999999,1.5216223668732398,-2.186785662374903,3000,-26.60589222556132,Low,162.37806384776832
32358.872767911074,0.24207352225914336,1494.2855546949302,406.13900707038636,10992.36797873874,345.40385149126524,18697.20854269157,2924.0803028321584,137.50468712864733,5.406423990844065,7.792141909650007,26.275456483575063,seawater,SE0397,2021-05-26 20:28:26.844741232,Atlantic,80.67909460795849,61.679320922375226,10.38077935058497,3.0848949626003903,3.3000000000000003,0.2416253188709282,0.0,3.541625318870929,0.0018555850704757,1.0548178458871555,0.07795649371379,0.443799,1.5784289246714214,-1.9631963941995072,3000,-23.88555612942734,Low,150.20101476381186
40344.39924305113,0.17289374781203534,1413.9530354260257,426.1971975102083,10721.307149945753,470.65445327918763,18498.735733721776,2673.2202224754637,115.13737428635753,4.895287757719693,7.380596121479477,24.393863253050018,seawater,SE0398,2020-11-05 13:10:55.091819696,Persian_Gulf,85.87854550469908,61.35288669509124,15.947955463154472,3.9586259327864837,3.7,0.3356526026800913,0.0,4.035652602680091,0.0024053025388638,1.1542076515831554,0.0738075226941947,0.438117,1.6685374768162142,-2.367115125863877,3000,-28.799900698010504,Low,151.51077930461665
35856.48885474169,0.15801174902103213,1336.8591668134893,400.25085265722055,11253.175206025266,383.4739908583863,22160.043347754767,2845.575994558508,97.66762523118555,5.067265389487297,8.22140107078979,24.802657071984953,seawater,SE0399,2023-07-06 01:40:58.096828032,Persian_Gulf,75.5175975943402,74.66169430101368,19.47765746688476,3.4529048722966387,3.48282,0.2793526390843185,0.0,3.7621726390843184,0.0023781051107618,0.9439820527448676,0.0824041120000288,0.454803,1.483567269855658,-2.2786053692286603,3000,-27.72303199228203,Low,156.50688708462408
40236.954506899565,0.1716810255532662,1344.5041852368563,459.6845892159852,10879.483675362517,368.76309082395795,17926.084339068853,2949.961894394446,152.8109337089151,4.20857728146982,7.503196747300791,28.85054329008427,seawater,SE0400,2021-10-07 21:50:11.018363936,Mediterranean,80.16054631107642,82.1824002626052,12.161385905622875,3.582353917372754,3.68567,0.282877136328966,0.0,3.968547136328966,0.0018147949731524,0.9443810153563488,0.1046346320143489,0.454005,1.50483544234385,-2.463711693985116,3000,-29.97515894348557,Low,145.6415739228726
32501.131197990966,0.19546703264382098,1225.1642154224587,424.2988496428206,10808.200269775414,339.1590043257763,18897.412347161684,2656.6719677557326,101.681682447304,4.686870425266779,8.185178602862951,26.53428392336033,seawater,SE0401,2023-01-14 00:21:38.163606000,Persian_Gulf,81.28047587204364,73.21205002398868,12.52551775550251,3.52347494843626,3.3000000000000003,0.2803207395718575,0.0,3.580320739571858,0.0021190169918048,1.000100984881904,0.0988362675323847,0.4421070000000001,1.5431632694060935,-2.037157470165764,3000,-24.7854158870168,Low,157.6552991928564
36338.71783569606,0.18925529864439422,1456.2561092266349,358.963437643564,11164.865456360321,404.72329957529104,20096.87127203059,2634.45369921311,113.21930860958037,4.403570908672215,7.550900877927806,15.212532653718338,seawater,SE0402,2020-02-04 02:57:53.789649415,Red_Sea,88.86216135440264,81.94547931425178,19.264734714746822,3.795947407903817,3.4100900000000003,0.2998487196974805,0.0,3.709938719697481,0.0030439051438688,1.1943074486031715,0.0959991290166459,0.4557195,1.7490699827636864,-1.9608687369337945,3000,-23.85723629936117,Low,153.84639522640964
39014.716858308595,0.16065759538976607,1225.8991703623908,451.15728844918635,11040.399384542283,354.16921346686684,17221.84032311942,3076.775963028283,128.5286618433774,3.991191054750472,7.583738984963431,28.581593799022002,seawater,SE0403,2021-06-20 05:26:56.694490816,Pacific,75.33195153660834,80.27478182638099,24.619300631718623,4.080782580648089,3.5007900000000003,0.3242999487862892,0.0,3.8250899487862897,0.0033791467275071,0.8934248921119292,0.1049994146289063,0.4512854999999999,1.4530889534683429,-2.372000995317947,3000,-28.85934544303502,Low,152.946364777743
38290.622157890175,0.14520768419590616,1204.3776929487713,365.5599502841492,10038.619446510023,380.6898114510371,18416.116466054424,3050.932666077923,128.20002061082124,5.00862658237369,7.722942841108076,23.901850601388485,seawater,SE0404,2021-06-05 14:27:50.784641064,Persian_Gulf,88.7337647856979,61.89634464487302,26.67497861841366,4.317312541384683,3.50705,0.3326235757200613,0.0,3.839673575720061,0.0032142815735616,1.0393350375842878,0.0649911618771166,0.445254,1.552794481034966,-2.286879094685095,3000,-27.823695652001994,Low,161.69816624067323
31700.764431380267,0.1881368103457914,1184.0412751729682,362.065781446613,10451.85479721559,373.8908369545562,18604.997049916332,2381.775507496537,139.2507883245829,4.532810613844028,7.689529048561608,27.862190347103038,seawater,SE0405,2022-06-23 06:34:15.425709504,Red_Sea,86.09717830931432,65.04893685964225,20.92627795009497,3.4863242875945195,3.4324900000000005,0.287108486448379,0.0,3.7195984864483793,0.0031895414325975,1.0345712456617795,0.068730706685898,0.4387844999999999,1.5452759937802751,-2.174322492668104,3000,-26.4542569941286,Low,137.9943890805371
35296.202940873816,0.1926653481558618,1345.158653406971,363.87899579230185,10837.638984579069,323.59527359420656,18529.3442235105,2790.9994511084856,146.21909961639585,4.5600471331948205,7.962379608549176,29.818933360295393,seawater,SE0406,2023-11-24 10:32:15.225375616,Atlantic,84.61788108173391,76.44276672888356,19.494979750934625,3.9135222316752465,3.593430000000001,0.3195722442054203,0.0,3.913002244205421,0.0028313728791067,0.9786159488559826,0.0971434679590652,0.4463324999999999,1.5249232896941545,-2.3880789545112666,3000,-29.05496061322041,Low,155.61385801049678
32591.638744799508,0.19257121685624837,1277.8061908186178,422.6931355761708,11569.768428816176,371.4382319034364,17726.6812290756,2710.309183966425,133.26761180173642,4.458109430966969,7.820068997651723,28.398569355926107,seawater,SE0407,2023-10-09 03:05:06.510851408,Pacific,85.73740538370251,71.08753456375103,17.685611369195104,3.9864290681462458,3.33986,0.3264821100325578,0.0,3.6663421100325575,0.0027802842209056,1.0801266920163148,0.0959681716610638,0.4388955,1.6177706478982845,-2.048571462134273,3000,-24.924286122633653,Low,183.8042648622393
35977.75827712854,0.1680221718994383,1468.5474961957789,416.93172163929626,9019.401291795222,388.54547461263985,18556.241420568556,2556.191840992838,105.23293430380589,4.547680626057789,7.96630875348449,29.78643077246806,seawater,SE0408,2023-11-29 07:31:57.195325536,Atlantic,82.10850091760113,67.26749534117302,13.858979848752124,3.531185685773847,3.4786400000000004,0.2756300798012858,0.0,3.754270079801286,0.0020902390587484,1.103538252332559,0.0843130786606262,0.4365839999999999,1.6265255700519337,-2.1277445097493524,3000,-25.88755820195045,Low,146.1262227175322
36870.63348247833,0.2170407546001869,1157.4349360369797,397.4066566537531,10965.386614209936,341.9070393413329,19975.80853526344,2677.1025741078683,106.21116273721822,4.676908285517214,7.43282139469518,30.18044344756785,seawater,SE0409,2020-07-18 20:47:40.767946576,Red_Sea,74.88160020924971,70.46584640119949,12.931240056287294,3.229882979826289,3.5180400000000005,0.2515945763444512,0.0,3.769634576344452,0.0020741450425483,0.9577416572043204,0.0812400743159429,0.4509705,1.4920263765628117,-2.27760819978164,3000,-27.710899764009955,Low,172.38113324633073
33671.09680527875,0.14497616835962987,1380.0974564353978,421.4846061528697,9732.257317539506,379.03327321133986,19305.47296613452,2744.76173624388,121.49474462534509,4.377691846550177,7.984255747111417,30.771658251088123,seawater,SE0410,2020-03-31 04:24:26.444073455,Atlantic,73.78989937679705,71.12999115676585,25.83792903323616,4.40077517185201,3.57717,0.3473598864773355,0.0,3.9245298864773352,0.0031752747747524,0.9030466917651924,0.085355989388119,0.450078,1.441655955928064,-2.482873930549271,3000,-30.208299488349468,Low,158.75507058656402
36238.67311717934,0.20913680972156196,1364.400495589316,353.5342112959099,10214.307223487733,383.51627859634016,20879.129433831396,2782.590814529702,106.73981307277403,4.707968290885842,7.8575408422474835,27.524317241213065,seawater,SE0411,2021-05-29 06:58:17.829716192,Atlantic,87.32682871700781,82.76380627053992,19.300132644246723,4.158249698588392,3.60674,0.3212539166137911,0.0,3.927993916613792,0.0032343162285228,1.065359365762306,0.0869019965840669,0.4478279999999999,1.6033236785748957,-2.3246702380388955,3000,-28.283487896139896,Low,151.47495557677826
28602.711254871785,0.18150132976550956,1208.1844652649736,440.1612235500925,10469.095038553689,439.65035858260296,17486.950758020288,2401.2469844831403,112.22941401187461,4.978120181137976,7.792018951797832,23.4739622974274,seawater,SE0412,2020-08-04 22:16:37.662771284,Atlantic,84.50278805191667,62.586457092623824,25.80640490959509,3.8317844105802896,3.3313,0.317773249065155,0.0,3.649073249065155,0.0036244579567428,0.97347211835808,0.0807740815237403,0.434733,1.492603657838563,-2.156469591226592,3000,-26.237046693256872,Low,143.52983650817526
36330.892963402366,0.23524167319486122,1366.2455041982503,446.7382125040717,11515.4675460877,413.37248694748416,17160.681594192836,2725.7293940919535,112.17776226214939,4.935236716920909,7.741833094238314,27.06291415978824,seawater,SE0413,2020-10-04 20:42:52.287145240,Persian_Gulf,74.26408565521898,66.99326867019037,24.0816607180126,3.242823109069228,3.3000000000000003,0.2470683018254373,0.0,3.547068301825438,0.0044583823386899,0.9897679691053488,0.0892551318492946,0.447135,1.5306164832933336,-2.0164518185321043,3000,-24.533497125473936,Low,159.69634919669016
35592.44554408412,0.160412292680649,1328.3816005077697,395.5126926281039,10258.24758942474,340.0666983462942,22151.25048703464,2513.427746998983,124.3912946824385,4.287413278294942,8.03452589737983,30.576919990012875,seawater,SE0414,2020-03-11 16:25:38.564273789,Persian_Gulf,82.30186731748803,73.43912041456785,13.877918287667576,4.4199627745081465,3.69165,0.3381447669004712,0.0,4.029794766900471,0.0016501122402402,1.0209645402975172,0.0831477721333737,0.447879,1.553641424671131,-2.47615334222934,3000,-30.126532330456968,Low,174.23983265992138
35637.3160247999,0.2294437088483235,1487.396073907397,384.745574245043,9526.727942263442,359.5174409870322,18461.275967697828,2636.5337612307753,129.47750298271396,4.695560342608694,7.869720402814125,23.953139834278087,seawater,SE0415,2022-10-01 04:58:05.809682800,Persian_Gulf,78.95092962828448,77.4571731657648,20.206145284224515,3.934025298879415,3.54985,0.3079264987303264,0.0,3.857776498730327,0.003579639873972,0.9716648811212228,0.0874878770907313,0.455289,1.518021398085926,-2.3397551006444006,3000,-28.46702039117354,Low,153.84123801709922
33142.99326210186,0.16538866597813162,1227.2028035074584,415.20185624282806,10170.290594366828,377.93385499540966,17304.169428968038,2491.2863705306136,135.79257439031608,5.2006724072425445,7.466321166187707,25.90138723920651,seawater,SE0416,2022-10-15 19:57:11.719532544,Pacific,73.17310339926188,75.7659322239811,18.88033260845361,4.500172706595063,3.3877300000000004,0.3417461300781079,0.0,3.729476130078108,0.002651704954192,0.9834465096860796,0.0939421793645141,0.449394,1.529434394004786,-2.2000417360733224,3000,-26.76717445555876,Low,157.25371654745157
39968.211419284744,0.17287490282691245,1402.7012755914382,371.0952044116369,11415.051207033399,387.09437257114257,16780.971526427937,2546.4218851861897,143.06948438911266,4.158548109369297,7.177227689800604,27.15124562936081,seawater,SE0417,2020-09-25 02:43:28.347245408,Red_Sea,80.63714218714328,83.54106844343487,18.477470121813937,4.240094056571533,3.7,0.3569473420484114,0.0,4.056947342048412,0.0022117531735811,1.0294976197889456,0.0947856962559211,0.4477875,1.574282569218448,-2.482664772829964,3000,-30.20575473609789,Low,169.33531049703205
28187.14770284565,0.15710851807721984,1146.641578982533,398.9573815820046,8634.813155548698,408.48684633622304,21309.12544015846,2699.502325120138,97.12909572662198,4.8180422916709205,8.132127002113638,20.903847409139008,seawater,SE0418,2021-11-08 14:18:13.823038392,Persian_Gulf,75.63038184932834,79.89022312048684,20.85142098407628,4.365862422479133,3.51735,0.354852038505629,0.0,3.872202038505629,0.0025791122615203,0.8892680802149506,0.0950773545356913,0.4575315,1.4444560470121623,-2.4277459914934667,3000,-29.537576229837185,Low,161.923610095599
36726.147918883704,0.15834978946183914,1255.6468225944905,465.26462843343717,11586.025264917902,359.4905152234736,18633.32911184938,2890.6049913160177,116.04248701234235,3.943315911228666,7.918330464175846,31.76894577609574,seawater,SE0419,2023-10-06 16:35:15.525876448,Atlantic,71.92488248315144,73.92692104936076,29.64163802150876,4.18962986246652,3.67689,0.3427307215668249,0.0,4.019620721566825,0.0037846443425862,0.8682081334494204,0.099801343416637,0.4467945000000001,1.4185886212086438,-2.601032100358181,3000,-31.64589055435787,Low,140.74412098055905
34841.29368332122,0.19534788466934186,1375.707748330291,394.8571422515822,10364.860993451179,392.8752469689994,19003.50166692878,2449.15295188272,105.20106785835056,4.052728691897359,7.581923070927322,25.37727393476561,seawater,SE0420,2022-02-06 18:42:40.267111848,Atlantic,79.33916597090821,65.36706729183769,26.258011953414908,3.0817096235593096,3.5101300000000006,0.2413136848597643,0.0,3.751443684859765,0.0038345625176049,1.0663183906490064,0.0760088258469488,0.4402065,1.5863682790135605,-2.1650754058462045,3000,-26.341750771128822,Low,159.24473092312482
35825.081756137544,0.18924785131600952,1271.984238798486,392.2859642114805,11315.146173720997,359.8021290684651,19777.117603778705,2644.2928123528945,148.55976843582178,4.911319622160569,7.480311454936154,33.091121887322984,seawater,SE0421,2021-07-17 00:55:17.529215352,Atlantic,81.80217104187123,71.27185578505599,28.07424863260784,4.192221925641775,3.7,0.3462872649884347,0.0,4.046287264988435,0.0041670045760407,1.0297649941171751,0.0816989282864096,0.4554089999999999,1.5710399269796254,-2.47524733800881,3000,-30.11550927910719,Low,174.8911965785235
41470.92675319629,0.1572757339463802,1199.1209291595708,402.1509189362887,10770.777573956182,413.61912832151467,20133.032836225433,2716.8456448489023,126.9296317840474,4.92489525557199,7.561527782443815,19.505549912665643,seawater,SE0422,2022-04-23 08:08:00.801335552,Atlantic,70.93812820762301,77.33455610486193,10.592791663520751,3.183326704419854,3.7,0.2490074776593174,0.0,3.949007477659318,0.0012933163053659,0.8172072369518171,0.0852845484724417,0.4458389999999999,1.3496241017296249,-2.599383375929693,3000,-31.625831073811263,Low,157.74104259521155
32475.835843198933,0.19848253670344615,1281.394302802149,445.3150766917365,8963.987893807396,383.97242453546335,18563.73873848769,2486.130670502516,123.05360543259148,3.93250481991369,8.156271602728788,21.84265991306456,seawater,SE0423,2020-02-01 16:28:02.804674457,Mediterranean,78.04185498821994,80.94905437090212,12.80672733585012,4.452635852800424,3.46266,0.342143276421212,0.0,3.804803276421212,0.0017271408619674,1.042813996397792,0.1061727797128752,0.4391339999999999,1.5898479169726347,-2.2149553594485774,3000,-26.94862353995769,Low,127.80034127097069
38427.0377366366,0.22949351100518237,1322.0429719683107,373.141453484293,10301.253849054548,361.99528983787627,23130.577217731203,2795.271542602693,91.59082815216225,5.095877507925969,7.742499612876481,26.620550609885896,seawater,SE0424,2022-12-06 00:24:02.404006672,Pacific,75.15323839673371,83.99340561055968,11.69527320449127,3.4915943660512165,3.64574,0.2736208882333948,0.0,3.919360888233396,0.002183881756021,0.8897181464721795,0.0984990667595033,0.448053,1.4384540949877038,-2.4809067932456914,3000,-30.184365984489247,Low,162.447734064409
36865.061515062145,0.21706199570696968,1224.173935902537,390.2307845697,11408.332332338694,403.34434933553445,19170.6341481628,2698.004528707672,168.37254831174872,4.564836121091133,7.655298200795009,30.96806392437772,seawater,SE0425,2020-03-28 17:54:35.459098497,Red_Sea,70.61301181414464,75.13631915344794,15.264620101305532,3.94842993812989,3.59681,0.3132082006240041,0.0,3.910018200624004,0.0027042190386668,0.949038878782104,0.0828377918666763,0.441999,1.4765798896874471,-2.433438310936557,3000,-29.60683278306144,Low,155.95298798602775
40267.33486406699,0.18449337073887967,1452.8969222571777,406.9647523634291,11712.035790245334,348.90062308508874,20636.815083688536,3306.5982580674863,89.08866422803301,4.236978399337685,8.016291097435412,29.050294199309448,seawater,SE0426,2023-05-08 13:44:34.457429040,Red_Sea,72.51325099223011,73.1729841826108,18.83784983933301,2.966501449462782,3.7,0.2445681877379855,0.0,3.944568187737986,0.0027509665634371,0.9745780933355728,0.0987835286465245,0.4531365,1.5292490885455343,-2.415319099192452,3000,-29.38638237350816,Low,137.90101029068518
31985.5850059866,0.18382604574890504,1226.6069681019346,415.93547850671246,10489.727557714214,365.1858201819551,19998.3966125362,2497.181978860433,102.54680363890004,3.9493648146150933,7.396440138383572,25.104978580033602,seawater,SE0427,2023-10-31 01:33:45.375626032,Persian_Gulf,72.78068317636755,60.44229807802871,22.84106495311779,4.051167538827342,3.35526,0.3325418035341873,0.0,3.687801803534187,0.0031168460413725,0.877071279276424,0.0815971024053387,0.4489694999999999,1.4107547277231354,-2.277047075811052,3000,-27.70407275570113,Low,139.5603268390596
34180.52531656061,0.15565041551228093,1285.2493604068695,378.69844415624976,10532.581118931292,382.443220148749,19195.00228869556,2418.366755757641,125.94888490318199,4.576740306769295,8.461639856961941,20.39275822722692,seawater,SE0428,2021-01-20 02:36:15.626043404,Mediterranean,73.65748496235942,61.8024767287545,20.01662532573204,3.2863064385242438,3.60291,0.2534047346679566,0.0,3.856314734667957,0.0027793484597285,0.9899565978941108,0.0686007491689175,0.4456964999999999,1.5070331955227567,-2.3492815391452,3000,-28.582925392933262,Low,168.94492362977877
39394.77971427741,0.1621332844681692,1325.3132212088863,362.65171836077116,10566.322427532654,457.1836216714188,19178.240619571352,2745.1959698120995,149.7864503418484,4.546022648792746,8.195211780157361,20.802929744127027,seawater,SE0429,2020-12-19 10:08:12.821368948,Red_Sea,86.06755142875842,63.902624940935006,28.0636782982628,3.700576791653143,3.65876,0.2892825806010926,0.0,3.9480425806010926,0.0042102252730185,1.0797415315881744,0.0670977561879817,0.4646355,1.615685013049175,-2.332357567551918,3000,-28.377017071881667,Low,150.04215681488967
33982.49222224255,0.13328736841686598,1234.320896170986,410.7808864596242,9725.051156822827,450.5920487561023,20343.29121171071,2999.3222679586984,136.196347399683,5.389550244698538,7.662827443441727,23.974414071814852,seawater,SE0430,2022-09-11 16:59:17.929883136,Pacific,78.78983732956279,61.3689982797407,28.79711917787728,4.221221910988221,3.3000000000000003,0.3380935202790361,0.0,3.638093520279036,0.0031942340534485,1.047816591865376,0.0828481476776499,0.45297,1.586828973596475,-2.0512645466825616,3000,-24.95705198463784,Low,148.1035613170622
29631.9511514051,0.14347131364426768,1352.248786201225,355.99757558185325,10668.771999825896,430.01103584239354,20628.485262135226,2210.8820919537366,149.66469415446647,4.71756116354506,7.716232163488484,16.404582261909546,seawater,SE0431,2023-12-13 22:31:03.105175280,Atlantic,72.94171984540773,70.02158097012317,13.270419023949175,3.9923349513959923,3.32251,0.3234418795810002,0.0,3.645951879581,0.00171554668974,0.9442743284307104,0.0768416829566131,0.4487594999999999,1.4715910580770637,-2.174360821503937,3000,-26.454723328297906,Low,157.75546331120597
31754.205416589848,0.11643141668078463,1094.3444784372086,420.8538309017622,9196.358711618777,390.74155745346275,18046.47676066549,2463.1905236400194,143.14193984575886,4.806131211078838,7.534982419689525,19.281762981913207,seawater,SE0432,2021-06-03 03:57:59.799666104,Persian_Gulf,72.00593933855778,68.4219636284718,27.0582584052957,2.826190476277931,3.3000000000000003,0.240725123622968,0.0,3.5407251236229684,0.0025910988248911,0.8401537792519981,0.09021435904414,0.432567,1.3655262371210295,-2.175198886501939,3000,-26.46491978577359,Low,151.0183507070991
35531.607895798355,0.18840184612868716,1275.4963451168178,338.0764300894009,10311.761348452159,456.702592488988,19018.90194759106,3069.591051157002,97.89777300204169,3.686989585158342,7.642970495086987,27.100476393762452,seawater,SE0433,2023-06-26 07:41:34.156928208,Pacific,75.95880917458078,75.93385394670982,19.63444408026602,3.488750317370842,3.4595900000000004,0.2883638801451059,0.0,3.7479538801451056,0.0028516281204415,0.9010051643146754,0.0797305466440453,0.447,1.430587339079162,-2.3173665410659443,3000,-28.194626249635657,Low,159.25758833381354
38191.94033700469,0.17721539253520358,1309.4129813042232,473.9666499931667,9562.128765222797,387.74659402163206,20426.84575138963,2926.7466258207414,105.42183351789859,4.631049743818711,7.543068624780274,21.164692022310064,seawater,SE0434,2020-03-23 20:54:53.489148580,Red_Sea,85.96031037408905,73.39162769833507,19.066589426347686,3.238525340818442,3.60763,0.2450313020357409,0.0,3.852661302035741,0.0028756611504606,1.1553065714277566,0.0978897530240393,0.437445,1.6935169856022565,-2.1591443164334847,3000,-26.26958918327406,Low,155.90578791412136
35240.792608230244,0.14041905378154776,1226.5171254202667,367.3093838569077,9295.663489026185,427.36337436848737,21655.027366110167,2608.7831937754772,122.51414746550473,4.95873454443561,7.748134393803934,32.25353557814404,seawater,SE0435,2022-04-11 03:38:45.876460760,Mediterranean,77.28919695879287,74.89926898469649,25.69878696969136,3.856201390639034,3.7,0.3208199832982163,0.0,4.0208199832982165,0.0031991905922829,0.9397129723037873,0.0786442324339313,0.4393904999999999,1.460946895330001,-2.5598730879682154,3000,-31.145122570279955,Low,144.86544893057334
27948.508656115686,0.21805323148645614,1285.5181054337245,435.91572179456995,10456.178179340008,402.80379758228344,21168.562096326157,2873.1256305251477,164.39331425496064,4.121914609581924,7.754225528780916,30.111142170629662,seawater,SE0436,2020-01-30 05:58:11.819699499,Persian_Gulf,73.19794720587876,71.79943007344136,11.862810180897531,4.478737749954423,3.51111,0.3562738190103985,0.0,3.8673838190103984,0.0020542353877853,0.885121289285039,0.0940213536811714,0.4548615,1.4360583783539955,-2.4313254406564027,3000,-29.581126194652903,Low,152.4907847710262
38355.14805105891,0.14103027984176725,1139.363111840022,385.3863139063534,11894.357347331123,390.1443686128863,22280.275617934487,2863.135966385819,100.49605497938596,3.573998765343994,7.328441068901901,19.585823326665434,seawater,SE0437,2023-05-06 03:14:43.472454080,Red_Sea,78.0823236309232,66.94342871385643,27.64986254838293,4.103268106469499,3.7,0.3186313514760911,0.0,4.018631351476091,0.00293459051171,0.9028815246090912,0.0804726956569268,0.460653,1.446941810777728,-2.571689540698362,3000,-31.28888941183008,Low,163.05150064355243
30181.059206229413,0.11105033427228347,1336.953238879169,319.01628948270115,10857.644897691145,348.2521122065169,18418.264889468486,2376.067421762073,163.5745498591005,5.186408770664923,7.736283955866479,18.26799159676773,seawater,SE0438,2021-08-05 12:54:05.409015024,Persian_Gulf,81.10623114574115,83.82063287366192,23.417267090952294,3.2109449543113375,3.3000000000000003,0.2669246917341067,0.0,3.566924691734107,0.002354559371461,1.0452192450244122,0.0885900268841732,0.4540065,1.5901703312800466,-1.9767543604540605,3000,-24.0505113855244,Low,158.6140536644617
28339.94737633723,0.18716267941501114,1251.6446108780044,417.33715419331395,9840.574193565591,349.00218600316526,20339.09773274409,2450.636515046639,129.98461298202017,3.8467788367255276,7.945015501403331,12.444926340967267,seawater,SE0439,2023-10-28 15:03:54.390651072,Red_Sea,70.59168367276028,62.16022899400348,27.50523215315996,3.552426177620599,3.3000000000000003,0.2826279638479848,0.0,3.582627963847985,0.0038850040207052,0.948752228561898,0.0707880687783711,0.4557989999999999,1.4792243013609745,-2.1034036624870107,3000,-25.5914112269253,Low,157.24285574868125
27994.016776257435,0.21249949828659825,1252.993550702077,452.30085468256175,11033.184945346728,402.3371849057409,20765.684784750603,2301.2993459196505,130.625309625096,4.72619848647067,7.928782471409119,21.003721638914406,seawater,SE0440,2021-11-03 17:18:31.853088480,Atlantic,82.55283602880345,83.47227498663268,29.88955155415245,4.5906089397528325,3.49167,0.3571980666790161,0.0,3.848868066679016,0.0047942242901829,0.9510086710518156,0.1087560270800837,0.441108,1.5056669224220824,-2.3432011442569336,3000,-28.50894725512602,Low,179.59781224197638
37603.178513633655,0.23575969653036302,1463.3036618244528,385.25109084834094,11904.231059562948,392.7420562065767,18297.968178160474,3125.3639149989967,118.42189027488155,4.797444718262205,7.480719373284161,29.40804055627096,seawater,SE0441,2021-01-10 08:36:51.686143572,Mediterranean,77.90201506029578,67.78095117161837,20.360089047145067,3.337329579665171,3.55761,0.266886289443882,0.0,3.824496289443882,0.0035906645841764,0.9740120103794808,0.0824148585295707,0.4525605,1.512578033493228,-2.311918255950654,3000,-28.12833878073296,Low,166.24295092478056
35265.67159563728,0.1693058039463988,1673.6364690551763,450.81964730664225,9547.630373097383,366.88995840232735,19184.44962188895,2845.7279943465633,97.03635231454305,4.044872600259667,7.477722643175354,22.881483166484582,seawater,SE0442,2022-07-12 18:33:03.305509184,Atlantic,70.19451750262388,72.81653613418243,11.86524395817858,4.172931011496453,3.4951000000000003,0.3073834887665331,0.0,3.8024834887665335,0.0014770804898657,0.9434143152352648,0.0937585719263733,0.4478925,1.486542467651504,-2.3159410211150293,3000,-28.17728242356619,Low,167.58695102220466
32478.7337605547,0.23313647689468697,1300.2452471845127,447.7879559518993,10631.513214627357,423.24920490835854,21087.08266657519,2874.6515887780197,128.68330786036913,3.896611710347588,7.417691263838856,24.202823068020024,seawater,SE0443,2022-05-05 12:37:15.726210352,Red_Sea,83.47778797892762,62.721058070688656,13.33047725861773,3.4204379179464204,3.3000000000000003,0.2880544570418094,0.0,3.58805445704181,0.0021488196121801,1.035391699860235,0.0846734283954296,0.447,1.5692139478678448,-2.018840509173965,3000,-24.56255952828324,Low,156.31264674150628
38256.4098102458,0.1647874310648366,1419.4204547140262,342.9658171308726,10360.962441058376,316.9309140752596,18243.3431596424,3146.2357374955222,174.83162796680696,4.445433893499552,8.083926735171168,17.254648349322096,seawater,SE0444,2022-08-18 08:00:48.080133552,Pacific,84.24775271125296,61.77327670927523,16.472364851086198,4.284363194245709,3.4866300000000003,0.3321978357513866,0.0,3.818827835751387,0.0022214960685471,1.0879687386929038,0.064861940544739,0.4436969999999999,1.59874917530619,-2.220078660445197,3000,-27.010957035416567,Low,160.5871173297838
34517.45174889754,0.1662655517498993,1050.4274434757708,463.7091631411225,11812.783982620205,407.9591210869311,18085.720057924584,2755.2273836382687,149.33973796890993,5.022984179742209,8.063978458799609,27.033172022152247,seawater,SE0445,2021-11-01 06:48:40.868113520,Atlantic,82.57679577117366,70.73863621796508,12.07105884269419,4.278786864810276,3.3043300000000007,0.3440867126375865,0.0,3.6484167126375873,0.0015893963178175,0.9512846872839208,0.0954971588942528,0.4585185,1.506889742495991,-2.141526970141596,3000,-26.05524480338942,Low,153.37750756595582
40078.08524217269,0.19125731400550972,1484.05101573542,384.1681436394755,9636.116097992342,375.1463386213011,21199.255562302904,2708.2151710421954,126.91514004988693,4.079901141662075,7.375848728861106,23.22896268360331,seawater,SE0446,2023-06-16 13:42:10.217028368,Pacific,76.83860435196844,78.54243440949196,26.3068365227554,3.5925681877323226,3.6004500000000004,0.2809004729220356,0.0,3.881350472922036,0.0041355925423962,0.990517228068703,0.0954761832681784,0.4372635,1.5273925038792775,-2.3539579690427583,3000,-28.63982195668689,Low,166.75786467923487
32084.087526660736,0.1900262920352523,1350.9207108172097,346.55524419453724,9253.708536053131,408.1325800138762,21480.822807708162,2490.950205521092,103.28875681627103,4.722070702688094,7.759856176129706,25.610745780559803,seawater,SE0447,2022-10-28 00:26:26.644407344,Red_Sea,80.59209708131922,66.73411943871372,15.93735702065537,4.0434268829235585,3.55499,0.3192475636439259,0.0,3.874237563643926,0.0024164220714717,0.9913214783068256,0.0710918574380617,0.45039,1.515219757816359,-2.359017805827567,3000,-28.7013833042354,Low,156.92781786167154
33508.96063418831,0.13619803959202864,1351.2219478723844,352.9757960728889,10526.990847609226,362.2475297820477,20604.968341577278,2537.9587684686053,110.98708846396757,3.979427544722019,7.530073772767825,23.125807813543698,seawater,SE0448,2023-09-02 13:37:21.736227040,Mediterranean,77.74315412266871,74.058697223383,29.517723760397303,3.739473291049207,3.35902,0.3058857237021273,0.0,3.664905723702127,0.002897282657978,1.0438231234172588,0.0777616320845521,0.451221,1.575703038159789,-2.089202685542338,3000,-25.418632674098447,Low,160.61183286953573
30355.48361823606,0.1938516830307186,1521.2437184283228,376.84750164248265,10766.416458639633,377.6171494356216,19275.525099717826,2528.8674531965794,146.89722016591898,3.7262588855966543,7.645418580079011,17.871457019533537,seawater,SE0449,2022-11-01 21:26:08.614357264,Pacific,84.0124346031939,66.96625851307046,24.05182863863711,3.44114573567202,3.42292,0.273413338806652,0.0,3.696333338806652,0.0041073788802773,1.1291271210669258,0.078450971848062,0.4430025,1.6546879717952652,-2.041645367011387,3000,-24.84001863197188,Low,159.9280474205088
32874.72427237374,0.19828229634211444,1375.0613444887565,466.99352386102396,10234.790903337278,397.35339098546575,19033.23929655584,2875.2213510162183,145.42518349777316,4.502489967853609,7.964079154280753,17.64575805846766,seawater,SE0450,2021-04-17 20:30:51.085141904,Red_Sea,81.67160372467377,69.71532652232602,13.468607405111152,3.2179643090428254,3.34112,0.2726328963375602,0.0,3.613752896337561,0.0022678171776578,1.0976663540596154,0.0933000214848289,0.447996,1.6412301927221022,-1.9725227036154585,3000,-23.99902622732141,Low,157.94888353940092
34298.52705058942,0.1655568024988532,1314.4601261026364,445.0965203093434,9826.38095700482,409.06296253017655,19331.347283340107,2628.988866973078,113.62162163206068,4.017713858604196,7.623065903523429,29.744953699107374,seawater,SE0451,2023-07-23 03:09:54.991652752,Pacific,71.635982276549,82.66115796184562,19.520852938878804,3.876861515129494,3.4906,0.3046357977038764,0.0,3.7952357977038766,0.002352223737429,0.933903973742914,0.0976062953213473,0.4377465,1.4716089928016904,-2.323626804902186,3000,-28.2707927929766,Low,190.677210997448
38030.745866362,0.19499526509793264,1376.940192513727,426.239608822875,11676.573400483463,347.4337845202038,21666.209657938874,2865.069675489079,97.89384148178254,4.258006277471746,8.356296633891427,28.427674268260336,seawater,SE0452,2020-12-31 14:37:27.746243736,Atlantic,82.86187116437995,81.39599063737299,19.33768443266642,3.2599048489614706,3.64327,0.258480344823876,0.0,3.901750344823876,0.0028085279362627,1.060048603331066,0.1098845873604535,0.4563824999999999,1.6291242186277823,-2.2726261261960934,3000,-27.650284535385804,Low,150.7701912884947
33628.3155559717,0.18029744517371885,1221.1907051046715,309.2044302405509,10369.625203183574,384.45296623866386,20004.78523678377,2701.237706944893,102.0998537976475,5.005004871149546,7.320954475236528,28.521410930496685,seawater,SE0453,2021-01-12 19:06:42.671118528,Red_Sea,83.74476828675603,72.90043858544075,19.85023316667268,4.296996699236711,3.3521400000000003,0.3372971875778965,0.0,3.689437187577897,0.0029304899223958,1.0607313338644409,0.0765454605147128,0.445143,1.5853502843015497,-2.104086903276348,3000,-25.599723989862227,Low,150.6695355053782
37316.44255839353,0.1886458489339642,1355.143418767563,343.4353483976987,10039.56680444992,412.13406546362756,22477.362912605266,2993.9844294712398,92.97348529175454,4.095793437630704,7.7478731260415,27.37936095078936,seawater,SE0454,2020-07-21 07:17:31.752921534,Atlantic,77.414043612294,65.95264068680197,20.713823412858712,3.202023595877941,3.57561,0.2482805807040482,0.0,3.823890580704048,0.0029422743328561,0.939893193182095,0.0790244540709261,0.451908,1.4737679215858772,-2.3501226591181714,3000,-28.593159019271084,Low,165.83399803557955
35888.86218645738,0.15665442167308966,1235.2064552196382,346.3135305333729,11037.802943105366,297.9613366409681,17618.30834689746,2717.4446910021657,96.75454245455316,3.7991607675556125,7.650087347706447,24.919566746487423,seawater,SE0455,2023-08-04 07:39:09.916527536,Persian_Gulf,87.51571561919408,64.82959781832557,10.623461646354617,3.1765120505192006,3.42046,0.2513489383449979,0.0,3.6718089383449977,0.00129706092625,1.1205932303316584,0.0680710777092418,0.447,1.6369613689671505,-2.034847569377847,3000,-24.75731209409714,Low,151.56118159573822
38910.87529226787,0.1657528833945104,1177.1133772670748,398.7865197886461,9274.17433465211,380.6796472051916,19496.9029822052,2454.121408886451,102.26416654982273,4.184872437877834,7.399406968638504,15.180637658272648,seawater,SE0456,2021-09-20 20:21:14.123539232,Red_Sea,86.86028709689926,83.85218382589285,23.72602251487247,3.52894811547154,3.38107,0.2810671570712721,0.0,3.662137157071272,0.0028400048950302,1.059417549663461,0.1052009498279651,0.4465079999999999,1.6139665043864564,-2.048170652684816,3000,-24.91940960766525,Low,154.92398587668708
34070.56555247113,0.16988144849497075,1232.9484340636734,450.76466944368724,10627.893058311587,441.043407400883,19477.71786527052,2734.1439948716493,107.36419618389813,3.751908971251946,7.708869795009649,23.487620976262317,seawater,SE0457,2022-05-29 21:35:45.575959936,Pacific,73.50333047799475,65.0679149127672,19.743835505768864,3.0931593760926166,3.48395,0.254171010983656,0.0,3.738121010983656,0.002662693143979,0.9291761815048654,0.0867290237872274,0.452115,1.4706828984360718,-2.2674381125475844,3000,-27.58716370266228,Low,146.12288754087663
31243.886373997906,0.21971782083407154,1474.43100367658,382.51781623885245,10194.074813642092,400.98792401133653,18175.1293771462,2696.178459055815,120.4626156541752,4.193418910989938,8.062493022810157,23.31021491435222,seawater,SE0458,2022-09-21 10:58:41.869782960,Persian_Gulf,88.08532616971738,80.20420777281348,25.81930797737398,3.6342040086965337,3.34471,0.2970840025506591,0.0,3.641794002550659,0.0042237805920186,1.1838667837210015,0.0911921842376889,0.4508085,1.7300912485507092,-1.91170275399995,3000,-23.25905017366606,Low,163.59179194674635
34758.09878654878,0.22039899507461388,1148.1908696323446,310.7211872579547,10664.502659063752,394.31167107655597,19763.127095424366,2845.4145071296425,113.33275917457146,4.4962043131660865,7.633304044391979,29.16952604197923,seawater,SE0459,2021-12-22 11:15:31.552587640,Atlantic,78.81744742990155,69.22425523838844,26.30699146520861,3.727663866200456,3.4169500000000004,0.2879611068530244,0.0,3.7049111068530247,0.0039046941291979,0.9079769943924658,0.0726854680003078,0.464658,1.4492251565219716,-2.255685950331053,3000,-27.444179062361147,Low,163.7323798250618
31338.521506201618,0.16565684359567828,1267.8964131320174,357.82553828069,10572.71380553738,345.4021248534502,19820.37909578615,2435.2412646263006,149.9321532621701,4.336096357170976,7.879048275815683,26.63796632161011,seawater,SE0460,2021-06-15 08:27:14.724540896,Atlantic,84.47499305268587,84.64149618895595,14.610702439834348,4.258639123812837,3.32032,0.3266171755062861,0.0,3.646937175506286,0.001853835146971,1.135343906628098,0.1040836478635591,0.4478235,1.689104889638628,-1.9578322858676576,3000,-23.82029281138984,Low,154.66066630061752
40838.27839025063,0.19366642351988833,1340.643360006292,430.5377248544588,10263.276758261785,375.3090820284083,20578.314165432086,2669.592544068228,164.9602483774334,4.763736346003186,7.669853688779418,32.947087699374585,seawater,SE0461,2022-08-20 18:30:39.065108512,Pacific,86.28194013934473,69.2038935090697,10.968458928535556,4.397864882962306,3.7,0.3543604986251664,0.0,4.054360498625167,0.0016892962334194,1.159629275472793,0.0875706068463768,0.4512645,1.7001536785525897,-2.3542068200725774,3000,-28.642849644216355,Low,166.06337814981867
34357.96704818597,0.10505712889654686,1285.3106112662579,424.18350374445276,11414.827445983175,383.4459626612135,22540.537803970084,2745.246982557813,115.2752878558714,5.419123080797528,7.621621240973967,28.040583857431233,seawater,SE0462,2021-09-13 12:51:41.168614352,Persian_Gulf,80.1022484213938,68.78791562276815,24.06467712224645,4.136038083791626,3.5052900000000005,0.3304270301686951,0.0,3.835717030168696,0.0019203612343552,0.9906020775978192,0.0867140464340615,0.4546425,1.533878985266236,-2.30183804490246,3000,-28.005696212979924,Low,137.5796270354623
32606.291925609163,0.1987837893448485,1100.7983113721916,436.5867330514536,10413.763371927656,424.6129364576949,19441.698315481186,2622.6184685013236,121.44369782354202,4.326095066017146,7.869023308082832,20.393895603263726,seawater,SE0463,2020-06-17 04:19:37.963272120,Mediterranean,77.98203878741631,75.93659072194058,29.555255769277487,3.1804527677707837,3.3950400000000003,0.2615338395456725,0.0,3.656573839545673,0.0048113591971922,0.898353086831036,0.1025143974746197,0.4324425,1.438121343502848,-2.2184524960428247,3000,-26.9911720351877,Low,150.32477941853546
34155.686018925495,0.13772461324763427,1139.298573877925,309.3999821642585,10722.008975197361,382.40360470365033,21168.37115941974,2592.6674956683873,110.25523699530645,4.208038715062963,7.717720204014273,25.90659094685059,seawater,SE0464,2020-01-25 08:58:29.849749582,Pacific,88.30902737230197,84.03792016567049,18.93315973161802,4.558201298884655,3.5321,0.3522625542557284,0.0,3.8843625542557287,0.001782822052968,1.0505524485096631,0.088239816173954,0.4564769999999999,1.5970520867365854,-2.287310467519143,3000,-27.828944021482904,Low,156.2682454190519
36583.148953995675,0.1610041906495563,1606.9070407417594,448.3208665628004,11276.517308252593,386.2226994750136,18892.003161115656,3217.7534549330967,141.6059302369853,4.649555695961935,7.695651036431723,26.01262615678492,seawater,SE0465,2021-10-12 18:49:52.988313856,Atlantic,74.61707105870846,84.40524014491082,15.192256191871916,3.6598296112037376,3.48315,0.287056011906368,0.0,3.770206011906368,0.001927623850137,1.0028534350290417,0.1098956226686738,0.4426395,1.557316181547853,-2.212889830358516,3000,-26.92349293602861,Low,145.17224661803587
34285.68040982875,0.13340167479145312,1219.5270992829503,490.0648356808542,10636.324739029316,334.6600562349241,21254.498465610195,2500.979716341471,98.92520030541891,4.528551041339735,7.790626201794648,19.972767751846757,seawater,SE0466,2022-11-04 07:55:59.599332208,Red_Sea,75.13940155438289,77.68015366167464,13.13343789166962,3.927416320174869,3.46685,0.2969027233112296,0.0,3.76375272331123,0.0014253457475071,0.9360806534123778,0.1048682074432607,0.440496,1.4828702066031456,-2.2808825167080844,3000,-27.750737286615024,Low,138.79087231925604
34307.834555783535,0.12333673182396628,1172.962179726486,356.8105697853636,9779.670393254395,393.73403690735734,22789.76659854759,2902.4829154211343,143.8497748351975,4.529318045461327,7.704881930651249,23.99931316710053,seawater,SE0467,2020-12-21 20:38:03.806343904,Persian_Gulf,77.23240628026875,78.86515914090884,15.7489119478117,3.5366526728964813,3.5921300000000005,0.2905891484844763,0.0,3.882719148484477,0.0016463597572003,0.8897914634587251,0.0828084170979542,0.4439145,1.4181607403138796,-2.464558408170597,3000,-29.985460632742267,Low,154.74143771904187
40348.875955057345,0.2207451097495524,1217.3796157250904,391.3215603067453,9968.90228286442,368.1718327597616,20306.14208138505,2906.45213268874,109.68081182885433,4.2566478993757455,7.829005770524137,25.107426596685098,seawater,SE0468,2021-03-17 04:02:48.280467440,Mediterranean,87.18931555941131,74.08505439932568,16.558391027428996,3.3820276194317427,3.613630000000001,0.2736656427945262,0.0,3.887295642794527,0.0027087871881771,1.0458532779982506,0.0924581478903584,0.444525,1.5855452130767862,-2.3017504297177407,3000,-28.004630228232514,Low,165.83314937380595
32154.27768752261,0.1654696865480789,1343.276002965545,375.96887061592474,10655.68174066694,368.3661698299209,17493.66073566572,2212.589757132416,100.4411236122946,4.433416925547689,7.7963550354677205,29.20424827858421,seawater,SE0469,2022-10-18 06:27:02.704507504,Red_Sea,88.77576528426152,78.8943934783083,18.47749486868929,4.372718510513602,3.42042,0.347405314535698,0.0,3.767825314535698,0.0023002263812133,1.179595552607485,0.0887088560270098,0.443511,1.7141156350157083,-2.05370967951999,3000,-24.986801100826547,Low,172.34358094728722
34221.286592110875,0.17373333492018242,1413.6216900045301,358.0408804750848,11389.051234244136,331.34051695803805,19231.672968111965,2683.0161927564623,139.4304918400848,4.364292568943859,7.538377856806812,14.13627263903298,seawater,SE0470,2022-01-28 00:43:16.327212016,Persian_Gulf,74.40135429509724,81.49449137426241,23.10814246429173,3.566207860027505,3.4136300000000004,0.2798686639075939,0.0,3.693498663907594,0.0033192535835708,0.967598540770255,0.0967910074052114,0.465,1.5327088017590371,-2.160789862148557,3000,-26.289609989474105,Low,152.0912494889749
36166.710165174256,0.1758194194127983,1360.7947653368167,448.31149613694186,9919.726285691419,335.4876893147104,20132.83997345281,3031.28140239065,133.425001008064,3.8444586064731467,7.64414429972711,29.587422454272534,seawater,SE0471,2021-05-12 05:29:20.934891480,Pacific,87.27740295262491,72.15238257987558,15.46326112160454,3.8428693131231193,3.45874,0.3094315763615455,0.0,3.7681715763615458,0.0020854063213818,1.0691970615153086,0.0903492134665202,0.4488675000000001,1.6104991813032106,-2.157672395058335,3000,-26.25168080654308,Low,166.26706593038986
29231.615894936564,0.1645697991294184,1236.2441436652298,377.75185124345063,10435.98552299315,378.6032475447,19583.6138160191,2436.11536925913,154.31928291448193,4.697483501186624,7.67776184545669,16.863142078099713,seawater,SE0472,2020-03-18 23:55:11.519198664,Pacific,75.16405918937139,75.49655657075257,11.01953526937352,3.2720545793404203,3.3000000000000003,0.2688040301249196,0.0,3.56880403012492,0.0016180204026726,0.9115656573497556,0.085069519943924,0.445596,1.4438491976963523,-2.124954832428568,3000,-25.853617127880906,Low,165.1968386325167
34109.40175824768,0.17422704572388079,1151.6733723385055,320.87506572411763,11378.13011660377,345.6580586708757,19719.127476849833,2516.4136754801657,96.92268692888095,4.784342763649955,7.793794857372139,15.866817470354102,seawater,SE0473,2021-04-20 07:00:42.070116856,Persian_Gulf,89.41282493499776,73.4329173808262,17.46557223145439,4.307016309399923,3.3000000000000003,0.3356850449724217,0.0,3.635685044972422,0.0023972545822005,1.0822242209092334,0.0806734030345756,0.432,1.5972948785260097,-2.0383901664464124,3000,-24.80041369176468,Low,171.64060179397006
34267.27112050564,0.13618346869318868,1315.5488235037133,393.2453376586841,10879.177651392094,411.67135603352534,19935.249068615474,2471.20995693567,135.87583303472138,4.16344422122611,7.616949079840401,32.05031140116679,seawater,SE0474,2023-04-02 00:16:49.682804672,Mediterranean,81.94815783963165,74.06176533821693,27.11259232318152,4.251323763318867,3.7,0.3329038391435023,0.0,4.032903839143502,0.0028559320249546,0.9501790563715882,0.0892518334090852,0.442812,1.485098821805628,-2.5478050173378746,3000,-30.998294377610808,Low,154.27321019846602
39131.00740236007,0.22390261733382913,1390.656573062725,361.3508870007387,9926.283763368425,312.9270698530385,19141.75467482426,2702.118060580763,119.2926894487871,4.9552010586753115,7.696546311917941,31.12694191642383,seawater,SE0475,2021-04-05 16:01:36.160267112,Persian_Gulf,70.14172934894765,82.25119774684852,19.967030217037674,3.349785897403455,3.7,0.2755574566136453,0.0,3.975557456613645,0.0031867380226392,0.9427048424498564,0.0863637576341909,0.4442535,1.4765088381066866,-2.4990486185069587,3000,-30.405091525168,Low,138.23970026805807
32293.08027006221,0.1466366159903937,1421.3591397813143,341.8403332860997,10446.665153064374,334.45485241783155,18600.918665656474,2604.169992831726,124.06942655417343,3.786792444106122,8.189352571618494,29.626445940665434,seawater,SE0476,2022-11-06 18:25:50.584307168,Red_Sea,70.68259808142356,68.89042075513926,29.2956751549082,4.185892302104964,3.4626400000000004,0.3217864887772144,0.0,3.784426488777215,0.0036235820599105,0.8602694193372364,0.0723349417928962,0.4426965,1.3789244431900434,-2.405502045587172,3000,-29.26694155464392,Low,158.926992479246
37604.02159414171,0.11199338386601199,1179.932582038614,425.61828798264753,10114.807664754313,400.0671566592079,19720.72719689776,3002.8174701235134,98.03094443131302,4.183821703289063,8.025674796013254,29.868345182311533,seawater,SE0477,2020-09-20 05:43:46.377295492,Red_Sea,72.94969061609417,65.2046006400156,20.07243062177464,4.198193418964061,3.5864800000000003,0.324464823971394,0.0,3.9109448239713935,0.0019701893552496,0.9804438418803056,0.0848963900333003,0.438207,1.5055174212688556,-2.405427402702539,3000,-29.26603339954756,Low,146.9267963905947
38212.33295452776,0.14715924670943378,1419.1495156857654,320.0021459273418,10444.738388196816,341.05424302400326,21241.163362444546,2685.577107227134,99.17026036179794,4.267933417494011,7.4986167189383215,30.466875231815305,seawater,SE0478,2023-04-19 01:45:46.577629376,Pacific,73.75146315637514,71.40700275684073,15.517976338436956,3.8592532579874654,3.5466900000000003,0.3075013699325719,0.0,3.854191369932572,0.0019441851835374,0.9912196648216818,0.0749773528946827,0.4344915,1.502632702899902,-2.3515586670326702,3000,-28.61063044889749,Low,150.14043669012906
39231.12060138896,0.19488464407026046,1587.7965602311942,450.4837546791737,10748.450463281679,369.0839272134103,20535.428010616364,2739.8962680358113,100.73812247296075,4.518681091990806,7.477484271166858,32.41194039740528,seawater,SE0479,2021-02-11 01:04:54.490818028,Persian_Gulf,85.35238245653193,65.20212976203163,13.866279944904292,3.910212666653238,3.7,0.3120718058726004,0.0,4.0120718058726,0.0023790376501472,1.1469721436414724,0.0847562484776649,0.4471964999999999,1.6813039297692844,-2.330767876103316,3000,-28.35767582592368,Low,154.81535346575924
37324.67007071692,0.21433893894845324,1225.7212344206926,403.8942877030332,11272.88447831991,373.1780204941325,19935.863434300525,2906.4992137504278,129.25934867108373,4.623863457863558,7.769119490025571,25.89697548653607,seawater,SE0480,2022-03-03 03:41:10.116861432,Pacific,74.455317528339,72.46001064155048,23.89048993571153,3.925869804379062,3.66794,0.3089345565948955,0.0,3.976874556594896,0.0037366637498647,0.8983242534683179,0.09197349150732,0.4443434999999999,1.4383779087255026,-2.538496647869393,3000,-30.885042549077617,Low,154.39790165714933
34244.51975538861,0.17734476010426922,1319.242403075358,297.1670882633767,10241.934241256013,348.0646762510699,21205.752776661917,2503.560754712654,101.79420575556126,4.068747888175727,8.15472774496462,26.52275549938557,seawater,SE0481,2022-04-03 20:09:12.921535888,Mediterranean,89.38283240099719,82.58770263392647,20.72762571554873,3.0420689032971877,3.48081,0.2498237284793814,0.0,3.730633728479381,0.0026465032513612,1.150163986082848,0.0867170877656227,0.4467029999999999,1.6862305770998316,-2.0444031513795498,3000,-24.87357167511785,Low,159.71713186416991
32212.30479049288,0.1635864256730269,1324.4419179705335,356.58578736182983,9956.537911249998,342.97531847690846,18488.075759272102,2398.148699947697,128.0214466755996,5.195495353648551,7.742337423532235,28.566689339099362,seawater,SE0482,2021-12-07 20:16:25.642737896,Red_Sea,82.72224114405877,75.43583801206195,22.07997857990883,4.009006657883482,3.35667,0.3204318413656541,0.0,3.677101841365654,0.0028191716650827,1.0304676490418945,0.0828511808886476,0.4347165,1.5508545015956243,-2.126247339770029,3000,-25.86934263386869,Low,165.9342920009234
36398.09013578751,0.17367850339167365,1162.2856404233728,480.9062160404662,10940.476030608552,423.7375415200467,19288.428795483353,2660.7257002453603,133.51794532741644,4.998471183067648,7.344847669218012,18.693453893313052,seawater,SE0483,2023-08-21 09:08:06.811352240,Atlantic,83.85035018507035,81.38582133257694,25.102535786682623,3.465446875705167,3.3000000000000003,0.2963730011806429,0.0,3.5963730011806434,0.0032050917692436,0.9736836824050664,0.1098708587989788,0.452949,1.5397086329732892,-2.056664368207354,3000,-25.02274981318948,Low,154.07898322534342
33576.49269470561,0.23417548410062303,1303.2936750413057,341.3958520031655,10904.00079841765,380.76603979446156,17815.914802654366,2633.4342107414564,142.09059200169452,3.605484396013514,7.611130361127066,22.045752541143923,seawater,SE0484,2023-05-20 18:13:49.382303840,Atlantic,74.35633038570415,64.1547729903878,24.51806928529786,3.753859905055292,3.53052,0.2926148736649696,0.0,3.823134873664969,0.0045391772752029,0.9510947962167572,0.0675357295269812,0.442932,1.4661017030189414,-2.357033170646028,3000,-28.67723690952667,Low,162.53056924690392
31407.04672198607,0.17979493542363129,1171.6235320879223,422.64109196761797,10085.03500553034,389.5925317257142,19824.598728122786,2556.758867620508,144.8293368196717,4.230744242552394,8.006039136456161,22.320673809084006,seawater,SE0485,2023-01-21 07:51:11.118530880,Persian_Gulf,87.8541262819017,82.52183981342942,10.86726600336454,4.089034705338445,3.38655,0.3431999062538161,0.0,3.729749906253816,0.0015696461669939,1.0120795347675076,0.0932826877251006,0.45,1.5569318686596023,-2.1728180375942143,3000,-26.435952790729605,Low,158.31402063793567
34537.00223992584,0.1787337880999213,1338.5127680262156,435.80474373216146,10475.413415442006,382.82004085368646,18696.292131827864,2706.963211172054,132.43166765552525,5.106103839931696,8.542024173822941,12.86661943560349,seawater,SE0486,2021-11-30 12:46:52.687813016,Persian_Gulf,83.35629145639862,75.0446791101779,26.05143810590057,3.1717192323207875,3.3000000000000003,0.2427872056153341,0.0,3.5427872056153342,0.003804395712357,1.1203085571739977,0.0952542111945487,0.4427325,1.6620996640809031,-1.880687541534431,3000,-22.88169842200224,Low,168.50639070957234
32133.616948171828,0.19663279875131767,1361.3260179973481,449.61478094114756,10169.821365209058,431.1881471435022,21600.26306559159,2551.708027991073,113.8299357086105,3.917679982631679,7.608559472011754,24.720532715723945,seawater,SE0487,2022-11-23 19:54:47.479131888,Atlantic,87.28811248683728,60.793994718512,20.654066141034228,3.3435281837862254,3.40301,0.2701577901550506,0.0,3.6731677901550506,0.0033128709008896,1.050390230421605,0.0801021674411114,0.4522905,1.586095768763606,-2.0870720213914447,3000,-25.39270959359592,Low,156.06219391232753
31157.934592043737,0.1578227387173311,1362.7068377304165,383.91809582484626,11007.10478460651,316.214182785296,18800.8170393681,2789.386152564965,146.52854726776513,3.8848455850785224,7.563609156669614,13.947034474823276,seawater,SE0488,2022-05-12 20:06:48.681135216,Persian_Gulf,89.12962194462455,75.82797388212592,17.834170616295452,3.1618988513319723,3.33777,0.2545684199811295,0.0,3.5923384199811297,0.0025190052628692,1.129536133719349,0.0881272712458067,0.4567185000000001,1.676900910228025,-1.915437509753105,3000,-23.304489701996108,Low,157.2762422358378
33261.06496098031,0.16499664901930722,1351.6036636491972,368.33090921545056,9884.18518684359,353.79568977484405,18876.189597285116,2329.539472539311,116.29939431629046,3.906465137024083,7.848924097939363,27.796009017271942,seawater,SE0489,2022-07-22 12:32:27.245409008,Red_Sea,72.51281954219193,83.78492390652295,20.75038852536141,2.9955172006279747,3.7,0.2442409253531671,0.0,3.944240925353167,0.0026825272270046,0.924660270699778,0.0930264010134124,0.4546125,1.4749816989401952,-2.469259226412972,3000,-30.042653921357825,Low,154.0051998404281
35094.66551493367,0.16353696671074278,1346.2140223915087,441.70215549373563,10129.322696997391,382.0248178671925,21774.01796330678,2256.3521105928467,154.36867940951691,3.9090787523302417,8.197832159368257,30.648908416100426,seawater,SE0490,2022-08-23 05:00:30.050083472,Mediterranean,71.93174460537891,61.97917501188405,22.2490289691465,3.3840187417219787,3.63225,0.2730812397211137,0.0,3.9053312397211135,0.0029117749192501,0.8798230636964474,0.0836718862660434,0.4478865,1.414293224881741,-2.4910380148393725,3000,-30.307629180545696,Low,156.35382753838948
34785.417672073665,0.17676544211515585,1333.5573810598514,440.47851414940044,9831.71583108541,358.55196691421867,18205.99019589695,2779.302224424197,160.78551138042434,4.930458356424005,7.911942637200555,22.603658734805897,seawater,SE0491,2022-10-10 22:57:29.749582624,Mediterranean,86.06815653179271,74.5614032617393,12.99012619747594,4.673480536215586,3.4988,0.3586171527353614,0.0,3.8574171527353616,0.0017415082785384,1.122631721085569,0.100657894403348,0.440559,1.6655901237674553,-2.1918270289679063,3000,-26.66722885244286,Low,149.47639467514702
37629.60757464121,0.17010638296286879,1184.6216802259096,465.58143883363596,9025.611699242047,422.05128176290594,20214.93984015049,2737.281314448275,128.94816650750914,5.409749904524167,7.530963340471641,32.219916208335036,seawater,SE0492,2023-04-04 10:46:40.667779632,Pacific,87.3225211818834,82.88696507174286,18.348307906528905,3.151188449287268,3.7,0.2724275007849088,0.0,3.972427500784909,0.0024744895008903,1.049965994690966,0.1116238758621161,0.45,1.6140643600539726,-2.358363140730937,3000,-28.6934182122264,Low,148.37920674374826
37454.531564381155,0.1898132622509114,1328.5869878948401,377.8150403656972,10213.854778686806,430.39981396678354,19942.644940096,2755.8649073765346,104.4947543129903,4.126476056273263,8.024542116421015,17.813547964378987,seawater,SE0493,2020-01-22 22:28:38.864774624,Red_Sea,81.67522841755971,60.24237920835937,16.711724203763676,4.148624435570696,3.51161,0.3196446983754926,0.0,3.831254698375493,0.0025605035356038,1.0876004096447718,0.073067981741819,0.45324,1.6164688949221948,-2.214785803453298,3000,-26.9465606086818,Low,166.7381106977724
34951.35095305032,0.1615108359187081,1200.149775452787,332.51760054335296,10478.299930493964,357.17250185738897,17978.696088420213,2943.910669017431,92.44416344562143,3.9374484434242145,7.983558529411125,28.708073698007606,seawater,SE0494,2022-02-28 17:11:19.131886472,Persian_Gulf,77.32001095501042,75.77282316164558,17.008178896360768,3.2096698994782273,3.37081,0.2541958668048866,0.0,3.625005866804887,0.0023344746025988,0.8907265262017201,0.0817437216267832,0.452109,1.4269137224311024,-2.1980921443737844,3000,-26.74345442321438,Low,146.15841576630487
36505.640951357265,0.19296973950288446,1215.2775098112809,330.3134201982824,10831.725575536504,376.4565916407678,21729.677277304294,2828.7569219068255,138.50065741317223,4.635151471968597,7.4867455561192,30.660371397939088,seawater,SE0495,2022-12-01 03:24:20.434056752,Persian_Gulf,83.05259272150448,71.87255729577407,11.826698768146164,3.76144955644566,3.7,0.3122217156056676,0.0,4.012221715605667,0.0018120394784602,1.0465423987799691,0.077298935371605,0.4613115,1.5869648736300344,-2.4252568419756333,3000,-29.50729157737021,Low,154.61720318799937
35311.60509593471,0.1766816698343981,1350.9744203745058,487.11573819356653,10791.101646376317,371.61903641407486,19638.448657181176,2257.611006299854,111.66464116752027,5.265322997160888,7.854498345517681,17.228198823973543,seawater,SE0496,2023-01-23 18:21:02.103505840,Pacific,76.11328145184915,68.67473296621526,13.196869760004608,4.332305978053463,3.58084,0.3581377779765976,0.0,3.9389777779765978,0.0017692251475052,1.0229625027128526,0.0877869111507129,0.447,1.559518639011071,-2.379459138965527,3000,-28.950086190747243,Low,169.39035231541308
34638.42301843024,0.1582341985473503,1156.6462020827994,436.5254929119203,8351.00755691085,378.83442641386637,21912.56223065525,2683.54262752719,140.67209036692347,4.492191531860546,8.061180590599934,28.444130768510316,seawater,SE0497,2021-07-04 20:26:02.604340568,Pacific,74.76771384306936,75.6884122486344,13.236641351724428,3.610647205162744,3.34441,0.2750205028152558,0.0,3.619430502815256,0.0018168084453722,0.8613240634721591,0.0955717581463506,0.4463594999999999,1.405072130063882,-2.2143583727513736,3000,-26.94136020180838,Low,154.2454258489126
37806.864584468865,0.11067354790334169,1415.451473047672,459.59150435292463,12212.431495477005,346.29941212759866,18140.542974308522,3370.4557949329615,127.50970015708813,4.80036114114114,8.389797075575707,24.395765555354757,seawater,SE0498,2023-10-14 00:04:48.480801328,Persian_Gulf,79.76290419054531,61.31755236468543,17.464494864432957,4.150934045518763,3.4714500000000004,0.3417690739650699,0.0,3.81321907396507,0.0015330333591999,0.9435249652184634,0.0827786956923253,0.4506915,1.4785281942699888,-2.3346908796950814,3000,-28.40540570295682,Low,167.32457119252618
33984.45671386175,0.20021366230159157,1089.0026543121314,400.4837433568664,11143.933986768276,387.5953153037858,19454.76257890859,2847.0051226327955,126.14406041042287,4.1479603965736525,7.8641379171911865,19.299152509144704,seawater,SE0499,2020-07-26 04:17:13.722871452,Persian_Gulf,74.32307655212759,78.826576157185,27.88983089749583,4.340780798855592,3.36866,0.3597085656439842,0.0,3.7283685656439847,0.0043844487560717,0.9642259742644342,0.1022774825639475,0.445155,1.5160429055844535,-2.212325660059532,3000,-26.91662886405763,Low,151.6068283486935
31916.307726773957,0.17095238372640986,1301.4282845031164,365.2718863665333,10975.817388987984,334.89281838417804,19496.96467806579,2740.01756369591,116.42184674165094,5.541674270758346,7.645677952295626,15.890364429633411,seawater,SE0500,2022-07-17 15:32:45.275459088,Red_Sea,79.67407216630346,60.11198692299269,14.120547438418852,4.015311142477106,3.3000000000000003,0.3106264906464893,0.0,3.6106264906464896,0.0020282754340544,1.0081001003058043,0.0631175862691423,0.4513065000000001,1.5245524620090014,-2.086074028637488,3000,-25.380567348422773,Low,146.51309329590018
33860.22108586884,0.19177001173128802,1496.37816479509,446.3280025867202,11876.161289213258,416.9045244533262,19147.277258564627,2717.592468394857,120.33783414221075,3.9370513449108975,8.274543160676611,25.289176182999093,seawater,SE0501,2020-06-09 20:50:05.008347244,Pacific,89.13213010927144,67.6733935948088,18.32385015349609,3.499285097969203,3.6389300000000007,0.2771281320513643,0.0,3.916058132051365,0.0029244864844979,1.1424029463253278,0.0913590813529919,0.439158,1.6758445141628175,-2.2402136178885472,3000,-27.255932350977325,Low,140.49448037332047
33256.918365172336,0.1016142759413635,1360.4049198367786,355.34863824031584,9584.048298701753,383.65732447775883,17004.915074472923,2502.9870444099524,114.83512366425164,3.717611373689259,7.449927076536598,27.227090598755396,seawater,SE0502,2023-11-17 03:02:42.270450736,Red_Sea,86.7956807123478,72.59896594211696,16.23218830598276,3.8974560891739296,3.7,0.3208237511878988,0.0,4.020823751187899,0.0012953286268174,1.1239554596437051,0.0762506939290054,0.4383089999999999,1.639810482199528,-2.3810132689883705,3000,-28.968994772691843,Low,172.68251180888302
34539.08294242054,0.21451390319164734,1435.4099307506763,354.76720886034104,11564.859555879468,336.607306944581,20155.17093016911,3001.8648450671953,147.63723321536312,4.323967769106658,8.105968695637996,23.41537628196961,seawater,SE0503,2020-09-22 16:13:37.362270448,Persian_Gulf,88.83261839000045,69.42555626416379,25.74766625102676,4.295004242175005,3.3000000000000003,0.3413817847522343,0.0,3.6413817847522334,0.0047873665767184,1.1627834416777498,0.0793117554761807,0.4532265,1.7001090637306489,-1.9412727210215857,3000,-23.618818105762628,Low,145.5642675837162
37294.71458334187,0.17006611357119794,1409.7829788797774,417.12776325793254,9944.232943998952,422.33366223077684,17941.470447967273,2967.6269277746483,137.26014995559186,4.453848286268239,7.5554463288297145,24.355473073916055,seawater,SE0504,2023-05-03 16:44:52.487479120,Atlantic,86.12657949694717,67.68689838013957,11.002528646416325,3.156798289195113,3.5844500000000004,0.2605620291554374,0.0,3.8450120291554377,0.0014574829647334,1.15754122843897,0.0837625367454227,0.4589475,1.7017087481491262,-2.1433032810063115,3000,-26.07685658557679,Low,166.42172914597984
35399.095160476034,0.19027701435030278,1278.357415505209,436.64924354649577,10167.116547703949,383.30248072535426,19848.074533410032,2932.1143224352445,103.79752446279832,4.419186781025493,8.103904678399365,27.190162696892724,seawater,SE0505,2022-06-15 23:04:42.470784640,Atlantic,77.09501871892553,80.7708786367024,13.930867910717808,3.800263828238424,3.4024,0.2943018916609744,0.0,3.6967018916609744,0.0022567170163288,0.9924904329799598,0.1090406861595482,0.440436,1.544223836155837,-2.1524780555051377,3000,-26.18848300864584,Low,147.08008643988387
33960.66515845893,0.1493415664332132,1075.6677621412055,425.8832485535491,9905.56458565776,371.1040465653023,16633.454595395142,2623.7936287090192,133.5982627436572,4.5579284864220355,7.787157538871542,22.331162761036722,seawater,SE0506,2020-11-12 20:40:28.046744572,Persian_Gulf,86.24090477103118,83.37081435679772,14.212830847095889,3.5895498975784834,3.4269300000000005,0.2783025252148609,0.0,3.7052325252148615,0.0015765156232215,1.0563337958146437,0.1125505993816769,0.456318,1.6267789108195418,-2.07845361439532,3000,-25.28785230847639,Low,172.73409866355277
37470.87597237083,0.21876581312931004,1386.9643692619316,452.41201694085015,10302.486111335314,365.9743129722603,16731.921434371045,2934.9279612403507,128.62027165333072,4.222963686017683,7.944368577189725,14.43658852743934,seawater,SE0507,2023-09-19 15:06:18.631051744,Pacific,88.45831487106429,81.84281712264722,29.859256006264623,3.479702746766963,3.4111400000000005,0.2740030796354856,0.0,3.6851430796354863,0.0044796050230838,1.1611109176627794,0.1056508926236253,0.442731,1.7139724153094884,-1.9711706643259976,3000,-23.982576415966307,Low,182.58018815285146
32561.828918095933,0.12968508929556044,1323.9905527489657,348.73446518985327,10270.316548598872,395.30300470543324,21145.968203015997,2505.5745492107467,101.53421965660122,4.358291953369769,7.78098487966353,22.957206367232068,seawater,SE0508,2020-09-27 13:13:19.332220364,Atlantic,88.94071575674108,73.06078282624999,21.41550035932607,4.3377910355041385,3.3704,0.3432985512888207,0.0,3.7136985512888208,0.0023583605615704,1.1953632197706,0.0856564617854954,0.45,1.733378042117666,-1.9803205091711549,3000,-24.093899528249047,Low,139.47926897419813
37418.077683190466,0.1566465771053003,1214.6145903020972,443.56930223879937,10163.73897933147,420.75054117741234,18541.794476607494,2902.601303826999,113.51217357698013,5.507252349941339,7.320911249040142,15.07278244191724,seawater,SE0509,2023-05-11 00:14:25.442404000,Pacific,83.66395701369994,82.10410437983708,12.779165287670365,3.824405482803603,3.5072800000000006,0.2905984808186206,0.0,3.797878480818621,0.0015398638588337,1.0334439694994662,0.1051014640166294,0.4433219999999999,1.5834072973749294,-2.214471183443692,3000,-26.94273273189825,Low,146.14120389564485
33662.06014737767,0.21545207113142473,1160.4977477279583,465.6929946425666,11549.685631949405,366.7508742773301,18187.96996194446,2481.267094359611,99.34804229805115,3.9683122184787822,8.251441464214556,25.52242797984039,seawater,SE0510,2022-08-25 15:30:21.035058432,Atlantic,74.22733287630226,83.0215391295386,15.44398278553131,3.508581496017532,3.37536,0.2806891610164695,0.0,3.65604916101647,0.0027976157056678,0.8568803307240334,0.1106843159675008,0.4580865,1.428448762397202,-2.227600398619268,3000,-27.10247151653444,Low,166.7089562982336
33897.96407316949,0.17595015391519864,1570.9964178491025,360.35517800118265,10303.220188604191,456.0538288589541,21779.18386950577,2445.0539546371756,106.83746013226947,4.648575492337149,8.529877249922764,20.509184087256582,seawater,SE0511,2021-12-10 06:46:16.627712848,Pacific,70.79458306729381,70.23095992618656,13.356441882458483,3.766799833651294,3.54057,0.3124212649711216,0.0,3.852991264971121,0.0017479842620411,0.951479196424429,0.0809060658349669,0.4534844999999999,1.4876177465214369,-2.3653735184496845,3000,-28.778711141137823,Low,163.82964168312128
36373.171877966495,0.16132344831143416,1504.820152809618,424.1596534743273,10288.672004289765,363.6181401109158,19367.820062388648,2772.6036272590736,141.6282715830139,5.211774638738881,8.394695021928895,25.741444610405296,seawater,SE0512,2023-01-11 13:51:47.178631040,Atlantic,72.94400456320311,67.08614648763614,12.49209139238896,3.373992709502634,3.49246,0.2663281895564857,0.0,3.7587881895564856,0.0017644579408093,0.9019380276230936,0.0905662977583088,0.444192,1.438460783322212,-2.3203274062342736,3000,-28.230650109183664,Low,166.75091339312272
35634.931539830235,0.20259365032562823,1218.2454667523855,405.07574525112125,9732.394130151253,431.94200241266924,21220.926273747296,2607.468816419326,96.85937383696707,5.252406637729454,7.665707665216114,29.641577929700386,seawater,SE0513,2020-12-12 02:38:39.866444072,Pacific,89.31093835787891,62.45663014533301,25.94364056815785,3.554165059007288,3.46416,0.2675872188681695,0.0,3.7317472188681697,0.0040577929339844,1.028862009882765,0.0771027099144135,0.4520175,1.562040012731163,-2.169707206137007,3000,-26.398104341333585,Low,151.79823917924836
34479.26696900066,0.1736947928787829,1339.65057775346,433.2886030077778,11496.535165260031,357.17871577783706,18581.225432825788,2683.0741474204556,118.89891976102058,4.784330810826753,7.7851266712416685,18.8949110305976,seawater,SE0514,2022-05-03 02:07:24.741235392,Red_Sea,79.24193648385538,71.97729802623073,19.9150525732071,3.6653461851223033,3.36387,0.3024346477045805,0.0,3.666304647704581,0.0029400592113825,1.053372570712268,0.0917494617940363,0.4451849999999999,1.5932470917176866,-2.073057555986894,3000,-25.22220026450721,Low,180.1529969296092
34329.009587684275,0.17246443878354498,1143.7811089452946,428.66375524328276,10346.61241434463,404.63145538750246,23751.480171460003,2695.016202670001,108.40352706222775,4.819972151565001,7.569841339877089,29.134843004147502,seawater,SE0515,2021-03-02 13:03:42.370617696,Pacific,87.09972029664115,83.65742301096104,22.624202736975622,3.574720285589519,3.4134800000000003,0.2891127274375421,0.0,3.7025927274375423,0.0031594699122186,1.0422700929577269,0.1087462841719482,0.462642,1.6168178470418937,-2.0857748803956486,3000,-25.37692771148039,Low,159.45686662098916
36037.25638423123,0.16793690976388362,1333.2386946177876,433.88012063907604,11704.8602872734,343.93112572293796,18364.93202830528,2778.495163215471,118.91125850620544,4.186654092245867,7.508598930039897,23.96613900530787,seawater,SE0516,2022-11-26 06:24:38.464106832,Red_Sea,79.30088307116583,74.02268820175928,16.62502493983992,3.4854817103418556,3.61331,0.2753978860706789,0.0,3.888707886070679,0.0024012853522605,0.9827472955830526,0.0935128620052825,0.452646,1.5313074429405955,-2.3574004431300835,3000,-28.681705391416017,Low,144.67761579305383
41728.53497261358,0.25593061697697406,1499.5878822204797,496.43424959193936,11303.378381052726,373.557046625895,21605.645057391655,3092.6992322761407,88.86866073721991,4.726572139029718,8.191832437213765,30.751375781436572,seawater,SE0517,2023-07-08 12:10:49.081802992,Red_Sea,83.21635166919678,76.68905254465429,21.073901721346587,3.075944391756885,3.57514,0.2464741358728922,0.0,3.821614135872892,0.0040697076048195,1.0650627844355824,0.1016666769584482,0.444999,1.6157981689988503,-2.205815966874042,3000,-26.837427596967512,Low,155.34751953027458
36313.57549441104,0.15815711103179048,1296.1630620659673,355.9821218354789,9568.745738082831,368.51235212130865,18719.242291228515,2805.851772610244,115.45945808323637,4.022444732936515,7.746872860262332,21.707904066811103,seawater,SE0518,2021-08-25 00:52:53.288814688,Persian_Gulf,70.48281554244667,62.82209546229619,15.151380650473945,3.6697339077605955,3.35337,0.3024929086366226,0.0,3.655862908636623,0.0020312546955251,0.8924816035246766,0.0695629063054005,0.4445145,1.4085902645256023,-2.24727264411102,3000,-27.34181717001741,Low,144.82591267529872
36927.4649772292,0.18280019967496813,1142.6044029411985,327.42470730308804,11385.586832174704,376.30084743822476,16911.880995782507,3121.383274831851,111.33257391710589,5.148987840539431,7.474778427212281,20.946533530610385,seawater,SE0519,2020-11-20 04:10:01.001669448,Red_Sea,74.99729885438734,63.5879916035564,16.160725498564695,4.367106390837171,3.5149000000000004,0.337993104672129,0.0,3.8528931046721295,0.0022697415748224,0.9870124511950044,0.07098327502705,0.4451415,1.5054069677968769,-2.3474861368752524,3000,-28.56108133198224,Low,175.76251630987323
36409.828555783075,0.19713445388037062,1315.4342188845344,370.235127784251,12586.525477802417,392.73052801941645,19435.42894940451,2911.926263786541,124.86311400917312,3.44218804142222,7.829186413345432,29.563272937034128,seawater,SE0520,2022-07-05 11:03:30.350584304,Mediterranean,78.72538560085178,71.61183154899182,23.04475888733466,4.574754813283381,3.61271,0.3421652646343269,0.0,3.954875264634327,0.0037147229536027,0.9496170912717145,0.0751924231264414,0.447,1.4755242373517587,-2.479351027282568,3000,-30.16543749860457,Low,150.83980275517132
35326.5331333783,0.20137334759673817,1444.5099441057716,471.7251125728992,10319.482853859101,384.2625758361615,19454.814188362656,3002.33104788462,125.65634645574475,4.8991892411962725,7.403105028443632,20.316943430199764,seawater,SE0521,2021-11-20 18:47:28.747913184,Red_Sea,82.61262094308327,83.78161997459314,13.007002518384605,3.3728897743044026,3.3000000000000003,0.2682527975671296,0.0,3.56825279756713,0.0021070563659631,1.0716905729317288,0.1060675308878349,0.43764,1.6175051601855268,-1.950747637381603,3000,-23.734096254809504,Low,163.60203841786534
37113.638804152186,0.20813064018470986,1132.5742857903901,450.9670224180196,11328.447996323255,325.4191051411003,17895.969000487657,2843.861503313228,96.14683689117551,5.0453444823432765,7.89218653841763,21.607792717924863,seawater,SE0522,2023-06-23 21:11:43.171953248,Pacific,73.43042376106357,69.01961603978822,22.344437183349235,3.793700412948131,3.5815,0.3119569444736986,0.0,3.893456944473699,0.0036731573396964,0.8980834547673119,0.0908781284395891,0.4528514999999999,1.4454862405465974,-2.4479707039271013,3000,-29.7836435644464,Low,152.9394129484748
34068.47850103164,0.17892105959395344,1390.8730133954173,390.69937596350536,11157.835870147053,351.632285521879,18685.226262351203,2775.8533836889023,155.40942677088415,4.628012217232578,7.52908854613903,21.616865108062274,seawater,SE0523,2020-04-22 02:53:05.308848080,Red_Sea,85.2910292854098,81.93710103293834,27.044696328462543,4.084757830627586,3.40061,0.3427057571355529,0.0,3.743315757135553,0.0040789351896513,1.1249409132981556,0.1039536000804888,0.455661,1.6886344485682958,-2.054681308567257,3000,-24.99862258756829,Low,151.3373547872741
35093.979953678856,0.13800269492090925,1404.5040954678511,446.0973905580912,10266.039507105625,363.5873935901864,19490.845187847593,2869.439822942232,134.52900995212673,4.987024196535894,8.075887029616672,25.63286534197474,seawater,SE0524,2023-05-30 12:13:13.322203664,Pacific,77.28809412272474,63.00721483564279,12.40846452361538,3.6410515969821953,3.5855900000000003,0.2890471113931517,0.0,3.874637111393152,0.0013466658378189,1.0101863054216615,0.0850597400281177,0.4498875,1.5464802112875982,-2.328156900105553,3000,-28.32590895128424,Low,137.00253108612813
33663.337480918715,0.24246002887155313,1200.325722808835,368.4048314352427,10680.461630658561,405.37701266584537,20064.07697437539,2924.5255221221673,134.2582695914169,4.396128269420748,8.451112400462497,28.855111265186224,seawater,SE0525,2020-08-02 11:46:46.677796328,Pacific,86.34870538467769,75.42543017334275,27.94922561139958,4.543857598967108,3.38551,0.3518564180769034,0.0,3.737366418076904,0.0048844625662994,1.0001252452474907,0.0904426333208552,0.4519574999999999,1.5474098411346453,-2.189956576942258,3000,-26.644471686130807,Low,164.7720919424071
25676.31655012169,0.12859253763887257,1322.5044499296355,452.90294997584783,9648.562906479032,339.1392870293246,15548.607119730708,2733.6156774671376,115.64968310061832,4.081193143854671,7.742092311262036,12.622238121705339,seawater,SE0526,2023-07-01 04:41:16.126878128,Mediterranean,71.95938180790135,75.01532442276296,11.5889136059779,4.416540873155823,3.3000000000000003,0.3483574234955464,0.0,3.6483574234955465,0.0012577216158295,0.9671340914981942,0.0975349248144764,0.4413915,1.5073182379285002,-2.1410391855670463,3000,-26.04931009106573,Low,172.53258605723138
33486.48793877755,0.19368278109522127,1335.038490881473,316.89338513388833,10543.23291730885,389.9311742613974,20262.678704391205,2760.061490180609,102.21570893849895,4.608970793557296,7.320456871588051,22.67408963792736,seawater,SE0527,2020-10-17 01:12:07.212020032,Red_Sea,83.59513175364744,81.49686875175671,16.97818453911746,3.3119619860104526,3.3000000000000003,0.2649760676902571,0.0,3.564976067690257,0.0024251978359366,1.0002525332903631,0.0855717121893445,0.439701,1.5279504433156443,-2.037025624374613,3000,-24.783811763224463,Low,148.0097808904971
33872.8682649533,0.1624154246485893,1341.810927273651,372.6039688613231,10977.257122781994,437.9709879978891,19307.70283665903,2713.7818507588117,125.11431662511171,4.507470442523817,7.7470993667179835,28.196645393262287,seawater,SE0528,2022-02-11 15:42:22.237061768,Red_Sea,75.8665666641302,60.082917610122536,22.21018630475989,3.3285457721215375,3.50721,0.2710757799480244,0.0,3.7782857799480247,0.0026053881146661,1.0056629303983775,0.0686026753272379,0.459111,1.5359819938402817,-2.242303786107743,3000,-27.28136273097754,Low,141.04354108240722
39335.07679198624,0.1584020173290302,1197.73261594233,404.2319739189187,11397.44552765338,337.74625931023917,17191.50728326304,3172.739940844276,128.137092059615,5.932615072200502,7.975143945249785,26.356826627541203,seawater,SE0529,2020-03-21 10:25:02.504173622,Atlantic,85.90766348245236,64.7482916799393,21.18829520237074,3.1635000225312004,3.53896,0.2616530398375162,0.0,3.800613039837516,0.0028405876080106,1.1023946282591432,0.0844576716673128,0.4493835,1.639076387534467,-2.1615366523030493,3000,-26.298695936353766,Low,167.04311025112915
33689.056157244864,0.16166631197585904,1199.1515004043713,446.42839462205546,11812.532605136379,372.36972372301506,21317.493172032704,2595.410793698828,95.73823786303645,5.316685643041037,7.853752118133088,28.643525062343386,seawater,SE0530,2021-05-21 23:28:44.874791312,Atlantic,78.04340854084822,65.49219063573705,11.927821449888668,3.376573694897179,3.36435,0.2635265221745643,0.0,3.627876522174564,0.001713312273062,1.0489034107890003,0.0869408830689409,0.4648905,1.602448106131003,-2.025428416043561,3000,-24.64271239519666,Low,139.92528514471925
32965.216057969265,0.18380470734216423,1390.4691202192182,375.41939862591755,10341.549367207148,371.15759046267596,19222.367829047682,2444.277050599297,100.21268588967774,4.035109472105887,7.7855675608321375,25.58616203937344,seawater,SE0531,2020-10-12 04:12:25.242070116,Persian_Gulf,83.30699264527132,83.74915220226843,25.97826335571706,4.481363614197548,3.5957900000000005,0.3489434504608198,0.0,3.944733450460821,0.0037315177484151,1.0218369072274864,0.0968056450306021,0.4528320000000001,1.5752060700065038,-2.3695273804543167,3000,-28.829249795527524,Low,171.65083936741522
32884.77684396405,0.17598770963335636,1319.709911764353,401.3047948409883,9889.226981186897,468.48154793518313,21053.07230911643,2703.0309293095474,114.5660709731769,3.925459930684942,8.014504883485479,21.58496269566684,seawater,SE0532,2022-10-06 01:57:47.779632720,Pacific,88.68610537272947,63.84234140674737,29.46306586290505,4.1928232409077495,3.3000000000000003,0.3517365491031147,0.0,3.651736549103115,0.0043026093602234,1.0770892023075844,0.0759213124009039,0.445104,1.6024171240687115,-2.049319425034404,3000,-24.933386337918574,Low,148.1378937913309
32345.160283563942,0.2465148851244274,1306.0938923069862,350.54758859667595,11389.605919681702,402.6700637010135,20613.133168171655,2658.2801566757234,121.56156382413909,4.637687213457166,8.190203431482992,27.862528037095746,seawater,SE0533,2021-04-12 23:31:09.115191984,Mediterranean,70.41253264027529,60.92405875551401,13.624565783675402,3.2246442413742855,3.4900900000000004,0.2462276689422157,0.0,3.736317668942216,0.0023701839619913,0.8774640827552768,0.0639702616932897,0.4508310000000001,1.3946355284105578,-2.341682140531658,3000,-28.49046604313517,Low,145.93599769056
34283.152048550626,0.18444832112163784,1230.5688305513374,355.7098309854632,10862.18181479339,350.41103350665134,19997.879695872736,2984.3748331784363,150.833719704084,4.068271539452694,8.164107746854379,23.680044775113064,seawater,SE0534,2023-06-06 19:42:46.277128544,Atlantic,70.22233564668747,73.3615373685452,27.90261939630925,3.957406120529055,3.31835,0.3112324026806646,0.0,3.629582402680665,0.0040969974111988,0.8559484758777512,0.0840943302855633,0.4646655,1.4088053035745134,-2.220777099106152,3000,-27.01945470579152,Low,160.90060323313398
34715.106859332154,0.15384690475431861,1328.898753187978,464.00527983170554,11091.157869593559,378.360655535109,19126.80369261083,2723.4645377167312,109.46990650924027,4.564824441836726,7.986651502052555,22.070202146894406,seawater,SE0535,2020-11-25 01:09:42.971619364,Red_Sea,85.40558504353427,73.21396156084204,21.13618884223501,4.0078471586793745,3.40222,0.3077077875429086,0.0,3.7099277875429086,0.0027492686274648,1.1314531906567422,0.0976308177413828,0.4540725,1.68590577702559,-2.0240220105173186,3000,-24.62560112796071,Low,146.6572790452809
37422.57426405928,0.18302006801160686,1109.6381215309045,427.33625019427706,10948.40226787158,396.80809652049044,19814.754262699884,2593.752280760919,118.47615850175491,4.726333577571821,7.824554450740727,27.651818204906522,seawater,SE0536,2022-11-16 12:25:14.524207008,Persian_Gulf,82.92786103016157,81.10117413419661,28.718675424906547,3.441442555203179,3.50711,0.2868657176069352,0.0,3.7939757176069353,0.004560583094826,0.9553289590674612,0.1043285504062305,0.4525065,1.5167245925685175,-2.277251125038417,3000,-27.706555354634084,Low,150.32192677454353
31843.189453173585,0.22171642951008974,1163.7577258569697,395.59126201598946,9611.434925333897,384.23276848177096,18805.79717605765,2595.7748532338114,100.0298694571132,5.462841513684106,7.548060949224186,20.44673848599085,seawater,SE0537,2022-01-15 20:14:01.402337224,Mediterranean,75.85959441008865,83.72149125444506,13.521719168335222,3.7857967628434697,3.3709400000000005,0.3158037111387728,0.0,3.6867437111387735,0.0022228083706442,0.8739025276042213,0.1067449013494174,0.443466,1.426336237324283,-2.2604074738144906,3000,-27.50162426474297,Low,162.06875698563437
34505.14672486565,0.12768227720127623,1021.9126739299053,465.6381057210982,11565.447289266753,413.5336860121514,18432.90330401241,2542.158310267434,106.91970448000964,3.4961801292593875,8.080153975764814,21.367280923558624,seawater,SE0538,2022-10-20 16:56:53.689482464,Red_Sea,79.88793405548525,73.46363605350328,25.84042786358849,4.401293707489424,3.44232,0.353684139061302,0.0,3.796004139061302,0.0027425479708741,0.92030900031919,0.0887073405346052,0.44982,1.4615788888246692,-2.3344252502366327,3000,-28.40217387787903,Low,131.25851187139665
33020.871128343555,0.18857678700089925,1323.1233842387996,413.7533847127475,9630.609011655577,346.48656381963866,20785.889146480702,2239.261164187961,107.34065400374801,5.289304387798037,7.8128679487409025,23.869469104993595,seawater,SE0539,2020-01-05 20:59:41.969949916,Red_Sea,70.83871331197737,83.24985456049139,11.195631508906622,3.304484990167388,3.65094,0.2604305859266576,0.0,3.911370585926658,0.0016796134214922,0.948672048674001,0.0999997252980622,0.4490219999999999,1.4993733873935553,-2.411997198533103,3000,-29.345965915486083,Low,176.3324022620495
35810.87197527958,0.2037790827021539,1369.528123397593,363.06273638317185,9490.727279457997,380.3555223407024,19206.26022594621,2598.131082330848,123.83291410993255,5.481179289519172,7.514697473020634,29.134662195715276,seawater,SE0540,2020-02-16 07:27:08.714524207,Pacific,73.84891210722482,78.12897878249575,27.66392893605453,3.3520224034771537,3.41347,0.2544493091659747,0.0,3.667919309165976,0.0042164807205755,0.9925293787211016,0.0860200056395278,0.4455945,1.528360365081205,-2.139558944084769,3000,-26.0313004863647,Low,158.63311808646196
37570.26274380602,0.15554240837373956,1344.6550916199735,477.9830714063836,10651.28362456988,386.10373524075857,19817.757322818674,2878.0859615913087,96.99978434135903,3.843043943373577,7.926207580925615,16.253538168097712,seawater,SE0541,2023-11-02 12:03:36.360600992,Pacific,78.48992749054335,66.61397819988963,23.48318844399268,3.114693895496042,3.62535,0.2440068684994771,0.0,3.869356868499477,0.0030170730849072,0.9717178607213252,0.0869112573573959,0.461544,1.5231901911636283,-2.346166677335849,3000,-28.545027907586164,Low,143.83621975968674
34461.30891831322,0.21032163119950784,1279.5139248391945,475.2783060086233,8828.2219375039,396.71251159034364,21525.131770616452,3076.8398308032706,138.22048223117181,5.481102285059533,7.441252714886732,25.283433891828285,seawater,SE0542,2023-09-14 18:06:36.661101824,Atlantic,86.68088832442965,83.21051777359816,17.405095678448603,3.5199353479209305,3.3305400000000005,0.2836599969408172,0.0,3.6141999969408176,0.0029306352001458,1.0677143789671264,0.1050948839480544,0.4540019999999999,1.6297418981153269,-1.9844580988254907,3000,-24.144240202376803,Low,146.88858513931
35798.75669191985,0.1648086348665499,1379.7275156884748,420.2799244699867,10326.905755997228,394.57698125975605,19472.331718945366,2717.6791065148564,97.39377152500661,4.282543825328771,7.540369041186766,25.966065337874035,seawater,SE0543,2023-04-09 07:46:22.637729536,Atlantic,79.5933436572017,76.68607940454687,13.809336469957003,3.3984755706641954,3.57947,0.2805154172493439,0.0,3.859985417249344,0.0018182753329992,0.9986736015356412,0.0976827279455118,0.4567349999999999,1.5549096048141522,-2.305075812435192,3000,-28.04508905129483,Low,169.12802123053623
38074.26178714297,0.18232289255026599,1532.2152403011162,382.7875708476469,9699.583866454814,355.5872030200265,19607.612864971095,2834.3270317898327,120.72250269024859,4.123503145320913,7.698521158675389,18.758000634796247,seawater,SE0544,2020-05-28 16:20:50.083472454,Red_Sea,81.72725009051958,70.35239831856585,26.330661971344096,3.780775464625511,3.7,0.2916983625790372,0.0,3.991698362579037,0.003656065076045,1.098414241216583,0.0788720737549441,0.4498755,1.6308178800475723,-2.3608804825314653,3000,-28.724045870799497,Low,164.80395651773784
36706.02334019286,0.17182309707514426,1296.7270127991687,325.79393095892794,11122.811684406299,424.4458498572988,18010.861242930576,3140.127672592219,117.75699765620041,4.599071786745665,7.913235783478408,22.841167145489077,seawater,SE0545,2023-08-06 18:09:00.901502496,Red_Sea,87.47507583987561,77.00605211292327,22.064826427896232,3.646291991710707,3.3000000000000003,0.3003972037057139,0.0,3.600397203705714,0.002905275695761,1.0138431269902255,0.0808563547185694,0.44193,1.539534757404556,-2.060862446301158,3000,-25.073826429997425,Low,173.50235526647592
33130.07319182802,0.16738064659806753,1367.4002655171812,445.3634283508076,9528.61003230809,402.7675484176019,19366.853753120115,2366.179278834093,145.86204997070394,4.794700249493228,7.634558449593455,26.183417075951944,seawater,SE0546,2020-02-26 01:26:32.654424040,Atlantic,76.17637827177691,70.03282069359378,17.208317058960027,4.338832325470066,3.38047,0.3309388792836545,0.0,3.7114088792836544,0.0023344802922185,0.9680859797393114,0.0945443079363516,0.432,1.4969647679678817,-2.214444111315773,3000,-26.942403354341906,Low,150.5916953365947
36213.68148906107,0.13761039449975163,1398.6604665908603,370.85928014716393,11197.783323986348,405.2447850978226,20113.771998675373,2837.386089259054,123.79778815768486,4.018514073491135,7.556565059085328,28.81380434755781,seawater,SE0547,2023-03-23 06:17:25.742904832,Atlantic,84.01398642204111,62.85459419969898,18.876716496050324,3.5575574709098836,3.58656,0.2870536068549022,0.0,3.873613606854902,0.0020637159076471,1.1271316418381037,0.0709188386355203,0.452634,1.6527481963812711,-2.220865410473631,3000,-27.020529160762507,Low,161.43333136917798
32057.548951956695,0.12369488458755619,1257.4086676888596,361.51753378096976,10978.938795148526,315.04829785993246,20562.764841621654,2497.9717877442063,103.1177774048,5.244501418301707,7.545610577947253,14.69543192093551,seawater,SE0548,2022-06-06 05:05:18.530884800,Red_Sea,87.23334517356507,77.9744686794225,26.53085312144753,3.6627360783899654,3.4695400000000003,0.279673573123348,0.0,3.749213573123349,0.0026887958404462,1.13062789746077,0.0834872636150576,0.4401464999999999,1.656950456916274,-2.0922631162070746,3000,-25.455867913852742,Low,162.87232006740123
33395.625382671555,0.19545163467040927,1387.3190342638522,444.8255686044456,10975.656547822739,365.3086624182906,18317.16554218726,2636.798407298504,93.47208428087306,4.237665528164806,8.088907537615825,30.556718810056964,seawater,SE0549,2020-06-04 23:50:23.038397328,Mediterranean,74.05231401392354,80.60219030426859,16.778543867137355,4.326684772182046,3.55567,0.3392254584311552,0.0,3.894895458431155,0.0029188626053026,0.9376800209699054,0.1051133163757966,0.4424655,1.4881776999510048,-2.4067177584801502,3000,-29.281732728175164,Low,165.8469588615424
34327.43924903063,0.14761464870259103,1564.6152434577098,395.30711193539355,9849.228197797947,335.3411193481241,18919.70246114853,2637.2197626534658,136.40502346801978,3.981961784118387,7.962290941461727,20.40533869650207,seawater,SE0550,2022-03-08 00:40:52.086811344,Red_Sea,77.12956330295665,78.22015497548469,11.792653562198574,4.257126587943639,3.4094,0.3419756004784388,0.0,3.751375600478439,0.0013645279436819,1.0366213307917376,0.0892648408580231,0.4431915,1.5704421995934428,-2.180933400884996,3000,-26.53468971076745,Low,170.6295656769547
37844.575257159835,0.15854347925616408,1228.736907330635,457.4857436734487,11108.658162463307,386.11254677836615,20437.515311870113,2733.958730043424,134.70303338060387,4.162090235197527,7.534045129768968,28.56272341497523,seawater,SE0551,2020-09-15 08:44:04.407345576,Mediterranean,89.5962034777871,65.72786669391691,28.22564344406945,3.2969628720954427,3.5129900000000003,0.2679319157152024,0.0,3.7809219157152025,0.0031533688855714,1.032148264064107,0.0887326200367878,0.455457,1.5794912529864664,-2.201430662728736,3000,-26.784073063199624,Low,150.20952993035016
34142.80089065604,0.09850466431592068,1551.3698944252073,394.3803701529845,9726.342753757737,386.1251855054776,20353.09820470801,2684.8499716676893,127.66775601347051,4.626998602489833,8.339288225107099,28.47185305032331,seawater,SE0552,2022-07-10 08:03:12.320534224,Mediterranean,89.66437129592421,83.91587533694033,17.746874793160693,3.436498690464464,3.47665,0.277760618725357,0.0,3.754410618725357,0.0014870106389189,1.1773720997622257,0.1084780520480627,0.4633305,1.7506676624492072,-2.0037429562761497,3000,-24.37887263469316,Low,156.8860780507576
36144.77665427757,0.14282907596949942,1102.757041845945,405.67623078810544,10632.787410264244,361.81466611376425,18217.77618123163,2970.202665904251,116.0099087973553,4.221118121150869,7.784140154870607,22.368187664393247,seawater,SE0553,2023-02-04 22:50:17.028380624,Red_Sea,74.46459860587876,60.631364042278896,16.967750222304268,4.2921265588454816,3.67517,0.3390139645092105,0.0,4.01418396450921,0.0020445799662872,0.8825663370126521,0.0789784148014724,0.452775,1.4163643317804118,-2.5978196327287986,3000,-31.60680553153372,Low,151.395337241555
34373.86243231308,0.12207637727804195,1103.0502756785186,336.61301332314,10337.462379588538,392.6701397744042,20685.108596662347,2787.0091810558383,155.02369159449998,4.825666751094456,7.4819350492026775,28.683931026709573,seawater,SE0554,2020-04-09 22:23:50.383973288,Persian_Gulf,71.32891677785256,68.31713243439101,14.087992377518788,3.1263321598917786,3.53816,0.2495289893157317,0.0,3.787688989315732,0.0014614883292437,0.8217091212808614,0.0717329890561105,0.449277,1.3441805986662156,-2.443508390649516,3000,-29.72935208623577,Low,157.56756025600825
34177.29010196332,0.2301079919678255,1431.9823929983072,441.1094213544183,10512.76783939486,335.31578522620157,17616.970664324395,2510.4933003454853,113.15405336674984,5.427389712492752,7.630650805893476,23.57893778855101,seawater,SE0555,2020-08-12 05:46:10.617696160,Atlantic,75.41843222620106,66.50231086337239,27.948451424566912,3.426620024763392,3.5506400000000005,0.2791016136468885,0.0,3.829741613646889,0.0048843272678601,0.9782193002958744,0.0897781196655527,0.4502939999999999,1.5231757472292873,-2.3065658664176016,3000,-28.06321804141416,Low,165.88200011382818
35092.12373091303,0.20627879635875015,1425.9004405950188,443.48524015758215,12981.019339718247,412.2105971005491,20327.605233697657,2509.0793902657483,143.97403615438998,4.363572262139076,7.706165713975623,14.382184550816298,seawater,SE0556,2021-10-24 23:19:07.913188640,Pacific,77.95463914607375,61.20315569037128,14.350106673756676,3.6542765949081697,3.43822,0.2938020128449033,0.0,3.732022012844903,0.0022902770251315,1.0477103501232312,0.0758490708470771,0.4540455,1.57989519799544,-2.152126814849463,3000,-26.184209580668465,Low,139.8389999943639
30676.975366230174,0.14734645186809633,1404.5942609607023,350.443714356093,11349.776582957667,395.4128867334409,17969.764421362423,2205.6382253528877,96.44728059531961,3.717076617241901,7.449648867903195,29.26859066389126,seawater,SE0557,2020-04-05 01:24:08.414023372,Red_Sea,78.82011201862328,70.14324232471671,22.73345736002767,3.288340834409605,3.42686,0.2624485938240685,0.0,3.6893085938240686,0.002703053547022,0.973308576859729,0.0802789408406382,0.46023,1.5165205712473893,-2.17278802257668,3000,-26.435587608016263,Low,170.431297959699
37431.326811019586,0.22270580243309482,1393.7888693785785,397.0122414669424,8934.700622091814,428.7760191646635,21636.694517208845,3167.1681887256477,107.84963937943452,4.554439473701582,8.600662280049,20.47593790318937,seawater,SE0558,2021-05-14 15:59:11.919866440,Mediterranean,82.37612614660847,75.57787100406937,27.61530023216206,3.061050699620965,3.43512,0.2615897035932838,0.0,3.696709703593284,0.0052448082812931,1.1034183245986826,0.0923259272185711,0.4424295,1.643418560098547,-2.0532911434947367,3000,-24.9817089125193,Low,145.53868429333815
33933.854243416594,0.20028680870754415,1314.9384085922236,373.3487327062442,10721.852751455932,388.63924737172596,16954.690331208596,2404.619391619195,106.38269515499562,4.5138377847615265,8.168408521359908,21.319210899877174,seawater,SE0559,2021-10-29 20:18:49.883138560,Red_Sea,87.99005520263093,82.06382158712753,10.698272292064347,3.6872878385187144,3.55917,0.2909834469616234,0.0,3.850153446961624,0.0016989070365244,1.1825863419233595,0.0861670126664839,0.4501514999999999,1.720603761626368,-2.129549685335256,3000,-25.90952117157894,Low,154.7472568757918
36105.25179574965,0.14247623217383898,1379.067862263906,411.57520568051365,10085.743647762118,360.00791547615563,21019.32959129756,2789.359815976308,109.13974241616931,4.630454376898156,8.253485837119374,22.353193938585992,seawater,SE0560,2023-01-28 15:20:44.073455760,Atlantic,76.60696023814324,84.74224290478675,26.57583410600392,4.010342734207302,3.43685,0.3305426069681826,0.0,3.767392606968183,0.0033932024986545,1.0295975456006452,0.106876916751517,0.4417574999999999,1.5816251648508168,-2.185767442117366,3000,-26.59350387909462,Low,171.92105908033747
32284.5586490649,0.10100398596800247,1249.796970849474,361.28018342114916,10149.386484915858,386.5367404487117,19296.796538184688,2731.2119470635757,107.28655320547958,3.8184613463830157,7.701765899907557,26.79584591198156,seawater,SE0561,2023-11-26 21:02:06.210350576,Mediterranean,86.99969070998416,80.20223966010995,18.21198843379549,4.112941496562977,3.54347,0.3408279575457152,0.0,3.884297957545715,0.0014533166770168,1.169275843142187,0.0842123516431154,0.442431,1.6973725114623197,-2.186925446083396,3000,-26.60759292734798,Low,161.7812315829353
38732.29593811471,0.2535806029792511,1265.636348792104,346.5812199482664,9674.119403066159,385.79397219133017,19182.665568569028,2522.527092863619,127.27713476100054,5.332857467662354,8.242833111228649,27.826749143857647,seawater,SE0562,2023-01-09 03:21:56.193656080,Pacific,71.86957841853254,71.71701296782062,23.15949150530424,4.242637841659546,3.7,0.3575082111043408,0.0,4.0575082111043415,0.0044170245388746,0.9481264767623752,0.0753028636162116,0.448254,1.476100364917461,-2.58140784618688,3000,-31.40712879527371,Low,161.90876629225286
38014.4263904777,0.11678925573576224,1396.502936909446,356.2911898044557,10411.247854223224,307.42668814298906,19488.476643611637,3141.52180195256,107.85172447954491,4.645702595681291,7.818168364256901,29.04702167868339,seawater,SE0563,2021-05-02 11:29:56.994991648,Pacific,70.8374939794643,78.09261064917577,17.448091264511078,2.9435533758705046,3.63067,0.2488780860110063,0.0,3.879548086011006,0.0017822178341222,0.8891522244302359,0.0819972411816345,0.4421144999999999,1.4150461834459926,-2.464501902565013,3000,-29.98477314787433,Low,145.0798793655605
35439.14383948968,0.10801957019525274,1273.3141428154474,442.8031148699995,9130.249414156428,402.3896307545742,19631.580846331683,2737.3208348164662,102.47900799109256,4.105577054695952,8.336782337892508,17.813517869104942,seawater,SE0564,2023-10-26 04:34:03.405676112,Pacific,80.08090366246923,81.09059471474102,23.91032512694988,3.189816465755834,3.4511000000000003,0.2660018641375191,0.0,3.7171018641375193,0.002308733173608,0.9225320101916454,0.1094723028649003,0.432,1.4663130462301537,-2.250788817907366,3000,-27.38459728453962,Low,146.59144664746216
34240.026829849994,0.2232226911361467,1307.8082965389171,385.7069538690279,10272.420283532498,397.2426221764657,17928.56521456655,2309.20547059728,112.56210831766005,5.273500121812935,7.873340669900517,23.089889031092245,seawater,SE0565,2020-10-26 19:11:31.151919864,Persian_Gulf,71.1932444666121,71.63267991046703,15.085898291153985,4.046991888695695,3.680180000000001,0.3307955810861037,0.0,4.010975581086104,0.0024197479141045,0.8716786943300839,0.0791899276410213,0.4521045,1.4053928698852096,-2.6055827112008942,3000,-31.70125631961088,Low,168.57017893932328
34988.60067323558,0.23259396853202702,1069.2380240437851,401.3307231666973,10839.411631541081,400.3469201202976,18741.26109067623,2712.11353233132,108.53065647552245,4.463087869046131,8.023437102188288,23.807901578860005,seawater,SE0566,2021-06-10 11:27:32.754590984,Mediterranean,77.84979602468461,79.6263608506375,10.438610848707926,4.034208202766106,3.4387900000000005,0.3048718447266794,0.0,3.74366184472668,0.0020241927841163,0.9085631714612072,0.1074955871483606,0.4537035,1.4717864513936842,-2.271875393332996,3000,-27.641150618884787,Low,151.62788637971508
30267.14021326356,0.2288574660338063,1364.8764495997368,363.7088370928576,9917.25322537104,379.5466973666592,20095.65114126777,2373.5455632547414,143.24938664229933,4.770008462598041,8.2103992369539,26.94281319723322,seawater,SE0567,2021-09-25 17:20:56.093489144,Mediterranean,87.93556233738468,72.06631045782191,28.95575029575907,3.4364360841132644,3.3000000000000003,0.2793215728754902,0.0,3.5793215728754904,0.0048986180120353,1.1818539578144502,0.0806854411885774,0.4484684999999999,1.715906517015063,-1.863415055860428,3000,-22.67154984630187,Low,152.671078106634
32895.38425727651,0.1849841705625604,1172.4342099947646,357.26603057901053,10599.64067354476,370.9154358434452,16951.292439142304,2741.46213212469,122.72828740578635,5.283422745396499,7.7173090074519735,22.918807841555104,seawater,SE0568,2023-09-22 01:36:09.616026704,Persian_Gulf,74.82966072414946,69.66239977191807,10.327355280801656,3.3260264627210314,3.34879,0.2646707593496692,0.0,3.613460759349669,0.0015411099191329,0.9212309463614332,0.0731455197605139,0.442005,1.43792257604108,-2.175538183308589,3000,-26.46904789692117,Low,168.8214223248012
35377.9442632068,0.18586867460905213,1420.3775212261978,363.07553357615177,9041.375357740759,384.69784341546375,19174.21461703057,2768.429115920781,106.23338834618362,4.257532249122986,7.840763757947098,27.193812118461217,seawater,SE0569,2021-02-23 05:34:09.415692816,Mediterranean,84.11951550249806,73.15227094459402,26.48198579267014,3.4618143239936967,3.3000000000000003,0.2736573061970938,0.0,3.573657306197094,0.0039729334365595,1.0597443858617108,0.0768098844918237,0.4498769999999999,1.590404203790094,-1.983253102407,3000,-24.1295794126185,Low,146.52693209598664
36395.21265649321,0.20201502223709397,1299.7298695766522,497.0280076167456,11948.824629188759,367.9244829820259,23011.124181071336,2485.344750294699,160.49990555312593,3.5700403651588277,8.36006551453006,24.665505617859626,seawater,SE0570,2023-12-26 03:00:18.030050080,Persian_Gulf,76.04730784780133,76.89636844067863,13.382751866449476,3.658261209840376,3.44727,0.2915146740361142,0.0,3.7387846740361135,0.0020931694539276,0.9892963858997336,0.1038100973949161,0.444117,1.5393166527485775,-2.1994680212875366,3000,-26.76019425899836,Low,161.13056753861733
35064.82754266905,0.1810571754453556,1205.2625480239583,381.46480879587244,9458.011054317161,323.68315843897153,17526.09493860051,2671.112969090389,114.42239080685783,4.8483505392302515,7.849033508342129,22.60933438159649,seawater,SE0571,2022-05-07 23:07:06.711185312,Red_Sea,70.89840110484272,78.17205140796493,17.84440457204056,3.2581395536357425,3.50276,0.2612581463407239,0.0,3.764018146340724,0.0027482881257582,0.8878067942511058,0.0919772356866115,0.432,1.4145323180634757,-2.349485828277248,3000,-28.58541091070652,Low,158.62500555433945
34475.25096835984,0.17965091440795572,1402.9200241818996,411.1878433128553,10301.84209316337,420.3594294815938,20854.57081797095,2276.180243544955,92.52367003143631,4.793225086055693,7.0589417048003575,26.281033847840725,seawater,SE0572,2023-09-09 21:06:54.691151920,Atlantic,81.13381162820619,68.91840672230269,26.449847530121115,4.286898497861993,3.7,0.35570711470521,0.0,4.055707114705211,0.0037570421425685,1.090438428283091,0.0770369950341899,0.4465395,1.6177719654598497,-2.437935149245361,3000,-29.66154431581856,Low,158.120267671831
37094.25162981029,0.16838016318648022,1182.2376580143061,389.1782795105998,10231.429282763285,402.0624574182454,18325.694164968438,2879.7059207841867,102.04425005211635,4.8858680588595655,8.538385116479464,24.648292500501842,seawater,SE0573,2021-01-27 10:05:48.580968280,Pacific,86.69706981073503,74.28300628890088,14.118643006246907,3.2989907829615315,3.54904,0.2529106133519849,0.0,3.801950613351985,0.0019491351415844,1.030127647725569,0.0909223996976146,0.4366425,1.559641682564768,-2.2423089307872166,3000,-27.281425324577803,Low,152.4106583373001
34718.33808946197,0.15247099710555684,1456.5460062659654,464.63653126833395,10564.680536574157,396.4521349379393,19490.926763703796,2488.37728938514,141.42039161688535,4.240041621154444,7.689210429207816,27.689577901590393,seawater,SE0574,2021-07-26 18:54:41.469115192,Persian_Gulf,78.18936896685238,82.74677185201118,27.314152110500714,4.721164800085675,3.4671300000000005,0.3582692921387063,0.0,3.825399292138707,0.0036618444885421,0.9904403745769124,0.1055269581428698,0.4473045,1.5469336772083244,-2.278465614930383,3000,-27.72133164831966,Low,151.73071321361022
30357.257459832366,0.15047269054893464,1162.748816126181,475.7502144909987,11065.677888139622,386.941289289539,20178.59635252411,2414.597759444885,129.1994326197801,4.036639171870778,7.847193686533115,31.244108371775233,seawater,SE0575,2020-10-29 05:41:22.136894824,Persian_Gulf,82.34587652916174,84.407822502766,19.955178782038026,4.047652788955403,3.62441,0.3410271943200807,0.0,3.965437194320081,0.0023408622022057,0.969019924314686,0.113950560378734,0.4537575,1.539068846895626,-2.426368347424455,3000,-29.520814893664205,Low,146.21196952470896
34807.87489879116,0.15901408947000442,1082.464826225131,421.22605474158496,10977.91773847319,367.7448039936843,21251.328300262823,2903.137155854628,135.38303411788698,4.292756061647107,8.091722232036668,23.48170127491978,seawater,SE0576,2021-07-09 17:25:44.574290480,Persian_Gulf,88.00047195315452,65.68120227959886,17.323069254345533,3.5230654821332097,3.3000000000000003,0.2907781941016487,0.0,3.590778194101649,0.0022394571009247,1.0137654369003402,0.0886696230774584,0.453717,1.5583915170787233,-2.032386677022925,3000,-24.727371237112266,Low,163.4933431707903
35293.43008517499,0.11769198317905558,1052.107951567571,390.2102292041137,11739.672189027682,326.9953184361848,19122.533802688362,2664.96796599261,158.27923894718572,5.228852576624831,7.788616907997902,30.35342183716285,seawater,SE0577,2022-12-20 15:23:08.313856416,Red_Sea,85.79389025473975,64.82077914283354,23.248754934726723,4.075226198986427,3.53534,0.3287779601265852,0.0,3.8641179601265856,0.0022077482661115,1.0203021239766872,0.0742846128976872,0.455916,1.552710485140486,-2.3114074749861,3000,-28.12212427899754,Low,150.753254375314
39199.63316402153,0.1528532185714885,1293.5064019845042,348.7447220294613,10635.10329539686,365.399954616926,22310.750017961196,2950.8373474492123,100.2875660486633,4.346132066002809,7.642128969318429,21.332349102682024,seawater,SE0578,2020-09-03 04:14:49.482470784,Persian_Gulf,73.87752798785638,76.91714083571621,16.82779443961915,3.8913178815445044,3.61563,0.3205818292435663,0.0,3.936211829243567,0.0022425728537902,0.9193674194943192,0.080762997877502,0.4449149999999999,1.4472879902256113,-2.488923839017956,3000,-30.281906708051785,Low,168.87448732863206
30469.925101473124,0.15559572360407548,1207.651835770844,395.909896546665,10642.151645893973,354.8529898697872,19174.928809580746,2619.0502540006073,116.40133064624409,4.877582544155987,7.764068349826458,20.708968087260082,seawater,SE0579,2021-01-03 01:07:18.731218696,Atlantic,84.66767918730011,70.3670971455861,16.945767179927138,3.3703234892412457,3.3000000000000003,0.2655944301538717,0.0,3.565594430153872,0.0018931811093414,1.0217830992610075,0.0800707198419624,0.4615755,1.5653225002123112,-2.0002719299415608,3000,-24.33664181428899,Low,155.66406341207067
28551.178943335464,0.14540768904744286,1107.6912947213757,406.54521837839303,10491.100250082065,337.55079684762035,19508.998781932783,2297.3616025470214,117.53142665839722,4.6633102830495945,7.561057843068681,23.094118393772057,seawater,SE0580,2023-07-20 16:40:04.006677792,Atlantic,80.03786050320304,60.60555846045342,24.670527818766065,3.431948541634363,3.67156,0.2806884103342736,0.0,3.9522484103342737,0.0026971301243144,0.945701747590486,0.0750902869325017,0.4469129999999999,1.470402164647302,-2.481846245686972,3000,-30.195795989191488,Low,146.4324238568644
36201.373814187435,0.18681090958110674,1299.895022745486,344.2337544468542,12380.300553224552,397.7642237023417,19902.953361289136,2753.332249749813,93.11564807448798,4.85997427644968,7.564251489818807,27.07996756561588,seawater,SE0581,2022-06-18 09:34:33.455759600,Pacific,84.91933615772169,68.6715467661821,16.196644490782155,4.01453115062665,3.55077,0.3015747075366549,0.0,3.852344707536655,0.0022618614031377,0.9782707525369536,0.0724759504570285,0.4529849999999999,1.50599356439712,-2.346351143139535,3000,-28.54727224153101,Low,155.51728141767592
35078.71795687646,0.20746720061576543,1352.0316389854045,385.844074181356,11731.414582551954,382.87505590627165,17594.860581353812,2123.1054246150775,104.460725283626,4.237967375886143,7.663057275281661,22.58227620325173,seawater,SE0582,2023-11-14 16:32:51.285475792,Red_Sea,79.89031101044436,80.1686185868063,14.015452967088502,4.0980879454524155,3.43771,0.3165413015865272,0.0,3.7542513015865273,0.0023710782711601,0.9906654214290336,0.0846821118132434,0.4514175,1.5291361115134372,-2.2251151900730903,3000,-27.072234812555934,Low,153.60160537695967
31694.719526739507,0.1740335251514826,1197.6296981692726,414.31695499831653,10165.029584998532,348.59185206600876,18514.147092913845,2543.2833277944414,110.40411588849028,5.479190028686163,7.625992416311505,29.598037484330405,seawater,SE0583,2021-05-04 21:59:47.979966608,Atlantic,72.55916328216605,79.93567325957956,26.15292255993144,3.8386673766396964,3.59492,0.3051473977627946,0.0,3.900067397762794,0.0041322663761594,0.8358815610105529,0.1000474886516897,0.446376,1.386437316038402,-2.513630081724392,3000,-30.58249932764677,Low,169.32127931953542
34465.68617620549,0.1398146186632347,1507.411903838538,420.6009861269053,10718.901980727023,344.52131804959726,19264.468075883964,2461.3564122398975,146.25630449925075,4.570321986242922,7.629359020857414,23.751030728544386,seawater,SE0584,2020-05-23 19:21:08.113522536,Mediterranean,81.39818893378478,72.36712872041454,26.107420674544635,3.8237687783414125,3.7,0.2967584953207768,0.0,3.996758495320777,0.0025625477688892,1.0752375165397234,0.0863195111377104,0.4454025,1.609522075446323,-2.387236419874454,3000,-29.0447097751392,Low,154.0649834048909
42075.69711014784,0.1394012444215425,1368.8710747224445,395.2649190524375,9765.399802855265,351.0610557993404,18534.570009728624,2700.359698013972,130.15716238816086,4.433996899945985,8.422968756806412,25.48795424919415,seawater,SE0585,2022-05-25 00:36:03.606010016,Mediterranean,79.8426798479468,71.81444837218838,19.951714074137385,3.786313151301601,3.5272800000000006,0.293178272814588,0.0,3.8204582728145886,0.0022290054963626,1.0027218602600063,0.0865220473988125,0.4366905,1.5281634131551818,-2.292294859659407,3000,-27.889587459189453,Low,155.0922129749218
34615.58947710772,0.18762163482716207,1130.8801042724517,404.34491363164005,9925.07656832633,359.84186075101996,22967.330256044406,2707.4416424404885,127.91659104007995,4.045075187791893,7.906962813014594,28.806620434511785,seawater,SE0586,2022-09-04 09:29:44.974958256,Mediterranean,80.35843467282884,74.48768606085943,20.533112323259104,3.683996699442814,3.5372300000000005,0.2997917399154021,0.0,3.8370217399154014,0.0032443138795242,0.925729167430988,0.0809159733679116,0.4445355,1.454424954678424,-2.382596785236979,3000,-28.98826088704991,Low,173.776527803154
36066.5953406911,0.1451138315401483,1176.7787982915522,370.05268975522125,9540.205429272386,349.28779725056677,18825.926856960657,3090.6621173969193,138.24202884347415,4.179636542263852,8.3387643680272,14.310958650689633,seawater,SE0587,2020-03-04 08:56:05.609348914,Persian_Gulf,87.57804907291741,65.4849177640894,23.921532515352773,3.5621140937290705,3.4311000000000003,0.2921221823815164,0.0,3.723222182381517,0.0026916029955624,1.066994899953019,0.0763226716540461,0.456579,1.6025881746026276,-2.120634007778889,3000,-25.801047094643152,Low,163.77677338226002
32189.1457033025,0.17631684819111765,1294.9304656952963,338.59012130513224,10242.589845673117,389.7376158734583,20536.59077512878,2493.934526907864,91.44441996285633,4.826802000912989,7.797426743067244,28.72523344580281,seawater,SE0588,2021-11-23 05:17:19.732888144,Persian_Gulf,87.89674093412503,73.15109062227388,20.18548583524867,3.8209315455510082,3.37252,0.3049596093054859,0.0,3.6774796093054856,0.0026256068845341,1.0334969116427168,0.0776425675864815,0.4427565,1.5565215861137325,-2.1209580231917533,3000,-25.80498928216633,Low,176.5569869501667
30942.014839573254,0.18669826822084126,1368.8544804523208,491.9353520904213,11268.089041235738,444.9082498835002,20298.08437952595,2334.657464207699,101.921597912453,5.266526250795486,7.443777760716557,24.82974430041699,seawater,SE0589,2022-01-08 12:44:28.447412352,Mediterranean,79.07074213531436,60.27615900141621,18.34079917938465,4.443955609300492,3.62455,0.3465582358856,0.0,3.9711082358856,0.0027369240983428,1.011017485920242,0.0803782580283885,0.43725,1.531382668046973,-2.439725567838627,3000,-29.68332774203663,Low,172.08825771748945
33314.07129837978,0.15361953690756164,1416.6352812611249,435.98418868679954,11445.888751674138,389.7958466228411,19343.31199758604,2706.8113769831825,98.71953691111186,4.7279898197000065,7.944788381701091,13.7158742611367,seawater,SE0590,2021-08-10 09:53:47.378964936,Pacific,79.11464082560177,71.88898886957834,29.897883865934915,3.9657194728056075,3.3715900000000003,0.3159395175665534,0.0,3.6875295175665537,0.0033640500968272,1.0633007726960877,0.0970501349739307,0.4554315,1.6191464577668455,-2.068383059799708,3000,-25.16532722756312,Low,148.328666565529
34454.57387144674,0.18611512925543927,1128.8941845590118,389.2263205010276,9081.805715723376,356.57126690446705,18448.162004348356,2408.49986531711,96.7719454927188,4.4756316410432895,7.860061428784152,25.89781884871302,seawater,SE0591,2021-01-07 22:07:00.701168612,Pacific,80.30373917745231,68.40127615626481,12.952808557051178,3.890720953083959,3.510730000000001,0.3267145049986248,0.0,3.837444504998625,0.0017881870325351,0.9250990753242508,0.071821339964078,0.4595625,1.458271102320864,-2.379173402677761,3000,-28.946609732579425,Low,169.1092509336364
33323.854208322904,0.12020493119464128,1367.3126263889633,375.56859514207366,11721.03664803737,433.413114581233,18506.306993277198,2508.4237896844074,128.69307870491576,5.071824183755552,7.613143699472036,24.450731169718086,seawater,SE0592,2020-08-21 23:45:34.557595992,Persian_Gulf,80.39178556668514,76.8717401475915,21.85455958479721,3.8023851677332554,3.42835,0.3116979760476931,0.0,3.740047976047693,0.0022671920113268,1.0121647369987927,0.0815224804265207,0.4553879999999999,1.5513424094366404,-2.188705566611053,3000,-26.62925106043448,Low,175.03587009491176
35431.86409218755,0.14483087327578317,1216.0957603839206,346.21108218925957,11339.623565735965,444.12017261046543,19274.845781096887,2917.0301793999743,126.06997556486861,4.109559787993844,8.418337005721197,25.308997840757126,seawater,SE0593,2022-09-28 18:28:14.824707840,Mediterranean,89.00774288358225,75.95883960381569,27.717260521513204,3.9557285022285607,3.57185,0.3171621218896803,0.0,3.88901212188968,0.0033619928322174,1.0971450418801882,0.0797567815840064,0.4580399999999999,1.6383038162964123,-2.250708305593268,3000,-27.383617718051426,Low,175.11900778138641
36157.215904428915,0.19206496825732505,1357.3401831153487,320.8530254323586,10132.493713289867,350.86089366136116,16449.96447295872,2774.9256495833856,119.90250930702551,4.58005338496786,7.7162455770801595,30.456448722563753,seawater,SE0594,2021-02-25 16:04:00.400667776,Pacific,82.98800934754988,69.52089700457023,23.744300823622297,3.8587455847652885,3.55005,0.3094019794137816,0.0,3.8594519794137816,0.0034106313703051,1.08914791275874,0.0766467889475386,0.4379085,1.6071138330765835,-2.252338146337198,3000,-27.40344744710257,Low,169.08871658618574
36172.15957864164,0.09883428870505885,1455.1293110434783,395.2647670618445,10527.289483401806,437.0419324893949,17479.43949964813,2327.411997563699,97.96067595712537,4.827314666437225,7.552717231131237,30.29353477352213,seawater,SE0595,2022-01-18 06:43:52.387312184,Persian_Gulf,75.54913989775888,60.18182453696479,27.618465981764768,3.220213369872689,3.65563,0.2432239826634988,0.0,3.8988539826634994,0.0026888233741206,0.9583015540503244,0.0714598984551919,0.4323599999999999,1.4648102758796373,-2.434043706783862,3000,-29.614198432536988,Low,168.86096331514202
31205.87241882254,0.1810854725705565,1168.1427159585812,352.4899363115689,9904.713467587255,384.553096134693,17120.169465568622,2185.5264617261046,140.58143165312123,4.371430663658798,8.360522535747464,25.724356356837106,seawater,SE0596,2022-11-11 15:25:32.554257088,Mediterranean,80.6307359390798,66.30684073487402,16.726694407093454,4.312314249760435,3.4235,0.3599518058640024,0.0,3.7834518058640025,0.0024426660910454,0.9480626436305752,0.0696221827716177,0.444618,1.4647454924932384,-2.318706313370764,3000,-28.210926812677627,Low,154.79939091598982
35772.57620707305,0.15207326688478015,1128.4704626174132,382.81548490714925,10279.018931216355,313.4052838340706,21884.225004448803,2839.0504869478623,135.19899736295403,5.01298231967776,7.646021811112641,26.845965766793185,seawater,SE0597,2020-11-17 17:40:10.016694488,Red_Sea,82.54447165815967,75.83369625472906,15.439859525204785,3.09668155324708,3.45952,0.2440331088255476,0.0,3.703553108825548,0.0020822503352881,1.0048765872932377,0.0805126353136458,0.4594335,1.5469049729421718,-2.156648135883376,3000,-26.23921898658107,Low,148.87976163520804
28956.270286639283,0.18076191073923517,1130.4829984929202,388.91695581788275,11048.9824524689,378.71203571859536,19613.896508382895,2650.9183507855955,132.03354282187917,3.7956957929576465,7.487718802315842,23.010062179136106,seawater,SE0598,2020-06-12 07:19:55.993322202,Mediterranean,82.79543442027929,61.80933357543761,27.025447738042093,3.7532210956456016,3.35319,0.2874177609880384,0.0,3.64060776098804,0.004032899464157,0.970018062398485,0.0648998002542095,0.432,1.4709507621168516,-2.169656998871187,3000,-26.397493486266104,Low,154.2507781711457
29405.869304321102,0.17329761909692815,1497.441285015387,390.7216883175584,10464.199994419409,433.5104451429655,19834.341914106943,2216.9162447404237,104.582819451057,4.361789949911463,7.475539955408435,29.333560109885834,seawater,SE0599,2020-02-08 23:57:35.759599332,Mediterranean,81.70508452476365,62.6910605458366,17.88229152370921,3.372848418668494,3.43336,0.252613881395872,0.0,3.685973881395872,0.0025258021485578,1.0981163360128234,0.077185233744034,0.4420064999999999,1.6198338719054153,-2.0661400094904567,3000,-25.13803678213389,Low,139.7199533596386
37406.27854321891,0.2057087305383061,1325.317978978794,426.1293789238462,9058.30361085082,336.30696420787245,20556.459279879506,2947.7632082792466,131.19297871772537,4.134153355779176,8.208264603279034,18.169970647778445,seawater,SE0600,2023-10-11 13:34:57.495826368,Atlantic,73.55472309243075,76.17587561417719,24.193646461146223,3.107233014873223,3.5566,0.2516314140529119,0.0,3.808231414052912,0.0040736778038348,0.9194458074110792,0.0922108974309614,0.4524765,1.4682068826458754,-2.3400245314070367,3000,-28.47029846545228,Low,173.015415539376
8932.97737385601,24.321945322508572,1048.1580477592634,1141.973357783201,9501.310155414483,281.59056350943365,11018.088769454538,1690.1883991896423,671.006709780494,7.830083537836309,8.018723258753843,36.13548292496803,brackish,BR0001,2020-04-08 19:07:40.150375940,Great_Basin_USA,51.969237847872535,49.965198633654566,43.80580855023451,2.0683596514698777,0.86268,0.1630647278190871,0.0,1.0257447278190872,0.8844129911441045,0.5276914835682699,0.1624718363970545,0.306516,1.881092311109429,0.8553475832903419,3000,10.406728930032491,Medium,155.01380529276622
7682.908052534877,47.08319717082513,828.0024441131641,880.3237224513571,7529.947208694676,96.3296859704996,551.1238116245198,2546.092425461413,478.8139099680003,16.08595182289547,8.148322199392672,26.956328289019964,brackish,BR0002,2020-06-17 07:41:57.293233082,Great_Basin_USA,56.28063798280808,55.47477395477348,70.64814448395192,1.580378665671261,0.77139,0.1243055618146618,0.0,0.8956955618146619,2.875238184207876,0.4638965354115745,0.1362682347425055,0.121074,3.596476954361956,2.700781392547294,3000,32.85950694265875,High,172.44567683611365
5914.157062430335,10.908077613566695,1043.5911628285405,595.0722689634556,3682.9355593311857,126.58525372369185,10081.434165704106,3063.519984570752,775.0279994833123,18.408357933428704,7.841137011850006,35.65419123400838,brackish,BR0003,2021-05-12 15:27:31.127819552,Australia_Central,68.0478337327959,68.96724939180216,44.03416124896295,1.9357738224676737,0.65544,0.15395902051983,0.0,0.80939902051983,0.3303090503607209,0.6593345144305045,0.1189685052008587,0.208944,1.317556069992084,0.508157049472254,3000,6.182577435245758,Medium,144.5166839303683
11727.080860094504,20.013785423155912,451.2819644746424,875.4302937662275,2788.695788697762,154.54808133781862,14348.04100615886,1761.7591754060109,765.4881843932453,7.559627913879134,7.053805770554144,25.07099689870501,brackish,BR0004,2021-10-31 14:58:38.796992480,Atacama_Chile,57.01011999063467,46.49310911897017,28.183594120424942,2.4709850932740003,1.23385,0.1982667389331874,0.0,1.4321167389331877,0.3980819935133541,0.2625931734864625,0.1413204544780217,0.255414,1.0574096214778383,-0.3747071174553491,3000,-4.558936595706747,Low,170.13519918795498
16248.552715988171,4.593276962910301,690.6683740261287,197.82408594461137,6879.604111746344,47.2376996516371,7374.477178577402,1111.6648212982877,638.9758393853424,20.065518527744853,7.7859577999569325,30.60230535665595,brackish,BR0005,2021-06-14 13:50:04.511278192,Australia_Central,62.77934621794337,54.986061932321206,27.69388375418704,2.5042089174204634,1.6553,0.1977502856592164,0.0,1.8530502856592164,0.1104985961792063,0.4075333815607037,0.0329916371593927,0.211452,0.7624756148993027,-1.0905746707599135,3000,-13.268658494245615,Low,152.67142367362584
14084.24122268912,5.553740862956249,831.9185195845359,183.8200939511632,10675.091404935101,165.90401944835108,7619.771164859646,229.39653567194384,582.1338503497377,1.0462342287641988,7.78199405610594,34.40204835465448,brackish,BR0006,2022-09-25 22:44:12.631578944,Great_Basin_USA,72.88120673800286,58.73459668322862,27.536941454433865,1.487998100668002,1.58555,0.1288264567789789,0.0,1.714376456778979,0.1098723964031911,0.6134615238516566,0.0352407580099371,0.2751554999999999,1.033730178264785,-0.680646278514194,3000,-8.281196388589361,Low,143.9313884653133
3524.9017870677226,73.0972136581509,853.7562610010098,793.0902558981187,6919.314461558191,9.004559051982447,12347.69288826382,1464.718078574089,673.5779063095289,0.9907302090539665,7.610180821304334,13.83931620134464,brackish,BR0007,2020-01-22 22:55:02.255639097,Qatar,51.24085885091446,44.14043816426999,75.40364066019798,1.9706382367257687,0.37172,0.1544898740496744,0.0,0.5262098740496745,4.5249423145622165,0.4481320551665575,0.1065329475094656,0.2551395,5.33474681723824,4.808536943188566,3000,58.50386614212755,High,176.1630103964346
17196.975731915758,71.64206174245861,886.6843538217234,645.648299163047,9474.984122903998,258.53380451073883,4907.894257386262,1468.6265738136713,627.7799624381832,2.716026770785941,6.887436705339772,19.825507526020797,brackish,BR0008,2022-01-05 11:43:45.563909776,Great_Basin_USA,70.27699484339183,41.30566265869929,80.37498474614,2.3632484543281365,1.6446,0.1883469197613506,0.0,1.8329469197613504,4.5538858857468005,0.6261511575758587,0.0748706441351583,0.2234715,5.478379187457818,3.645432267696467,3000,44.35275925697369,High,170.40849383543704
9249.374738856663,31.460038000708025,725.1303852222376,798.3975485882428,1332.5797544674233,166.32348672129658,6795.982284830777,2100.787985490355,799.4108948439393,2.8001356439926623,7.19888685026486,29.929522700866542,brackish,BR0009,2020-12-17 06:40:36.090225564,Qatar,51.63179996421224,40.40379858794414,33.56783030225722,1.964627692473705,0.8409200000000001,0.1582262565003723,0.0,0.9991462565003724,0.8464732631659599,0.369121933760149,0.0947509480685877,0.11943,1.4297761449946966,0.4306298884943241,3000,5.239330310014277,Medium,160.49464798766675
12621.90574147978,68.29333981003512,646.7816605535319,669.070887149195,1562.7011395972402,103.8591804703319,808.5878227198563,875.2542655129439,775.8534926609715,12.71485286503206,7.700635520643983,29.439813152326295,brackish,BR0010,2022-06-04 12:19:50.977443616,Iran_Central,53.16987110841691,49.74078569800049,69.48122226602706,2.2575912099145983,1.30037,0.1701585629026648,0.0,1.4705285629026648,3.969934700369534,0.3312695649538807,0.0924134057483151,0.034275,4.427892671071731,2.957364108169066,3000,35.981263316056975,High,158.5257093573866
5758.501141264352,27.790611265363186,2032.963811315556,789.7516359332446,500.1024088337803,62.82501325102869,6974.295231115085,1229.494376522039,215.1321267412238,10.726784297837247,8.258866020344653,16.409428099323623,brackish,BR0011,2021-10-06 00:14:26.165413536,Qatar,52.982977597230274,42.21841883454596,49.20738662604949,2.517194594525894,0.54689,0.2055372908538917,0.0,0.7524272908538917,1.020954857717275,1.0172731698668214,0.0976891993412558,0.1058175,2.241734726925352,1.4893074360714604,3000,18.11990713886944,High,163.01559566333708
9274.94256350107,24.110608165654746,862.5076372959303,323.37298242818395,5391.619088974914,115.42037680933068,8013.703433355698,201.75572151266184,183.51978373784075,12.071841672397044,7.625591283215068,14.916622993634318,brackish,BR0012,2023-01-21 00:57:44.661654128,Great_Basin_USA,74.85255708026816,64.11309857623344,23.502621080349165,1.4955937390368261,1.07099,0.1211120195347956,0.0,1.1921020195347958,0.4482466897686352,0.8354982539253867,0.0684150874906986,0.1997655,1.5519255311847209,0.3598235116499249,3000,4.377852725074086,Low,160.3046356718347
12102.624933956286,30.352539971764106,910.7262441624932,635.0322411262235,4187.530889138994,214.44737839691743,8138.161841560049,213.9731784164512,264.43638114299534,13.416605849849297,6.894628647531905,22.49370697706368,brackish,BR0013,2022-05-13 13:24:48.721804512,Australia_Central,54.50465798328833,69.91958581485238,34.59898046134678,2.028980576126541,1.15686,0.1531672252906116,0.0,1.3100272252906118,0.8669535732160585,0.505088124972175,0.161744977865498,0.1888725,1.7226591760537315,0.4126319507631197,3000,5.02035540095129,Medium,149.37910904934472
2431.9757454673095,24.443458077323708,687.3294247901741,907.6572437431744,3413.1959576292447,227.27585908443066,9181.241531397978,392.6840069542262,761.0299260785519,2.224846030206317,6.68901453483367,22.739080885901405,brackish,BR0014,2021-04-06 01:15:47.368421056,Great_Basin_USA,72.41904615640671,41.83911465203392,32.25463259544303,1.6707847973870642,0.2577,0.137084669254202,0.0,0.3947846692542019,0.6923843942202991,0.4913139832198332,0.1127522300757662,0.207087,1.5035376075158984,1.1087529382616963,3000,13.489827415517306,Medium,153.58837534734602
13321.873047382156,23.061229386375675,684.7670153042502,951.7312973748053,6429.411977364254,82.98823412285715,2787.8062850128954,185.47086337774545,108.79354941108951,0.9615802298257423,7.234421226289762,21.597244370798478,brackish,BR0015,2021-04-02 09:26:36.992481200,Great_Basin_USA,74.77330407366385,52.98178827800319,22.94379789760671,1.6634995971389128,1.30413,0.135313101931739,0.0,1.439443101931739,0.4504051077683378,0.4446917939868937,0.15357301150262,0.139929,1.1885989132578516,-0.2508441886738874,3000,-3.051937628865631,Low,179.85612675958447
16439.56234580026,51.8670587658002,691.1737434798877,1121.7561744647192,7592.117147757653,68.62275029036401,4009.6977656714103,2026.56345700958,624.5416167093023,12.750480823235971,8.47092607918408,26.338511269186796,brackish,BR0016,2021-12-03 13:21:12.180451128,Iran_Central,59.594619260307454,40.771963689477246,66.70500905220548,2.9255990323905157,1.67297,0.2350848259736696,0.0,1.9080548259736696,3.119312997306475,0.4277654094809461,0.1472805644354986,0.173499,3.86785797122292,1.95980314524925,3000,23.84427160053254,High,187.73211121926343
9970.380820914655,33.828920915550285,927.5510544921601,593.0596414874285,544.5349933985808,229.13595011500917,14004.026677791633,939.1393118926643,559.8410294624504,5.232496321489995,7.140322773803408,29.2151861697705,brackish,BR0017,2020-10-08 18:06:18.947368420,Atacama_Chile,65.77621358821713,44.0197267227179,20.85323637737336,2.116919975530056,0.91268,0.1651872397874901,0.0,1.07786723978749,0.5624618328650652,0.5791043086248379,0.088902240089201,0.21123,1.441698381579104,0.363831141791614,3000,4.426612225131303,Low,175.44952168715628
15772.414709155948,43.795956928216405,331.39563650445257,647.1130725838243,2242.7189888481457,80.09149469947621,5860.189527418294,1065.1811448480353,800.1411215294413,1.0155671469894287,7.929420645338987,31.454147301657905,brackish,BR0018,2020-07-31 05:32:01.804511280,Great_Basin_USA,69.47728134409031,49.68767682732022,46.30862866948871,2.304912855024728,1.68008,0.1832506301891567,0.0,1.8633306301891568,1.766414855420445,0.2000945702709801,0.1016907993947935,0.114117,2.182317225086219,0.318986594897062,3000,3.881003571247589,Low,163.44417812957033
9449.154488166665,54.76272063810257,272.42766087110726,197.27711921189314,6847.011491126014,157.31704533994028,6742.7406527782905,562.4669536740257,581.3864032653981,15.431261261692791,7.295312704531384,15.72151384760507,brackish,BR0019,2020-05-19 01:08:34.285714286,Iran_Central,59.816127045905205,51.810946391729495,75.19623822476002,2.499879635264138,0.90515,0.2080586264483559,0.0,1.113208626448356,3.348368174167404,0.172270445892207,0.0310865678350376,0.1989075,3.750632687894648,2.6374240614462923,3000,32.08865941426322,High,154.41094933347324
13969.132392958812,43.50751305118322,560.2356705198891,461.1370038387525,2598.50784997338,169.9291048010941,5175.365159350999,208.59650769540093,106.96087196852342,21.32360924211946,7.524111240771979,15.335826036418696,brackish,BR0020,2022-03-26 23:45:33.834586464,Australia_Central,54.04535351244518,68.19348839285921,44.45055493610752,1.546087374495939,1.42479,0.125693696983206,0.0,1.550483696983206,1.4082202507088482,0.2828690566558571,0.0901381529576813,0.124932,1.9061594603223864,0.3556757633391805,3000,4.327388453960031,Low,149.31368306161363
988.9186165393236,6.178520529595712,833.3171938473448,549.2579836522601,1724.103587226422,174.27242913409862,2914.0058674476554,3393.447333146798,212.4652226482162,23.001252013368898,8.13898989453995,21.37730712999415,brackish,BR0021,2023-12-12 16:54:08.120300752,Iran_Central,60.84406859481403,51.87510426270688,35.6466335720897,1.8276156307805345,0.1,0.1489227166269238,0.0,0.2489227166269238,0.1621422774660072,0.5157045903586686,0.0843644820624402,0.0647805,0.826991849887116,0.5780691332601923,3000,7.033174454665672,Medium,150.04326757533244
19742.604549577107,4.988703087064083,679.4210518713984,1018.1079636521436,7251.935778749428,212.45287353438752,13750.085073009292,577.7852318948039,170.59374386592765,11.23550395441637,7.081606540693729,30.2845875840037,brackish,BR0022,2020-12-24 14:18:56.842105264,Iran_Central,69.29719112507361,54.88832977172206,37.98529488265683,2.7418550644941893,2.0,0.2198577344812455,0.0,2.2198577344812453,0.1515613265818007,0.4685377124101377,0.1506849317223086,0.2932455,1.064029470714247,-1.1558282637669983,3000,-14.062577209165148,Low,152.02505038450823
16442.69422155775,33.49456713102831,1312.9898545462904,386.49246528921185,500.4697169885961,24.899451914541753,4133.741695492671,1074.258372290801,358.1340593186256,14.936069724247963,7.194098789375798,31.736908853112833,brackish,BR0023,2021-12-21 20:27:04.060150376,Qatar,69.51906906871008,47.36750104821599,41.02563433427495,2.828667180044075,1.74773,0.2234388735813457,0.0,1.9711688735813453,1.1032859738979226,0.9284633173285388,0.0592141130603748,0.065838,2.156801404286836,0.18563253070549,3000,2.258529123583461,Low,181.964461520604
8568.435220552055,29.08189431440839,284.6309965232664,890.6384213182886,3092.42193983216,10.866416674024457,1473.8226992082998,188.67688234216996,437.51386031344776,21.27975588433367,8.303676940132133,30.793089652245875,brackish,BR0024,2020-03-06 20:45:06.766917293,Atacama_Chile,55.76346980427283,40.00375416269726,47.240348823926446,2.0852642999515685,0.85769,0.1647541104768962,0.0,1.0224441104768962,0.968833417890378,0.1605987930363057,0.1006774481012602,0.068793,1.298902659027944,0.2764585485510478,3000,3.363579007371081,Low,178.14644816210358
995.6146244514725,33.37378429528854,594.6716582515505,601.484891755397,4652.788511722311,85.99682720406575,4503.8301781808195,2149.3197972500006,141.81224672561012,5.162257661989004,7.837073176626875,24.32243640420764,brackish,BR0025,2021-04-09 17:04:57.744360904,Atacama_Chile,54.37414099726866,66.98003370199406,22.75255663477537,1.9524127332249424,0.1,0.1649833919582121,0.0,0.2649833919582122,0.5846405942645342,0.2607348809101027,0.1204635906130363,0.1377435,1.1035825657876732,0.838599173829461,3000,10.20295661492511,Medium,166.4116749157798
11633.286879605848,28.920785015135845,1491.2295707513836,573.3891553947628,2359.350522783141,349.19789314456114,620.0118667302875,1901.623757300186,876.9707224731615,16.816433776586802,8.157577431713054,21.612108986873544,brackish,BR0026,2020-11-25 07:45:33.834586468,Australia_Central,73.01401755250875,42.45144271108914,29.92845184207181,2.7194608725946443,1.1440100000000002,0.2108276252530658,0.0,1.354837625253066,0.7069339752712097,0.9869158724537502,0.0696373466232706,0.0416775,1.805164694348231,0.4503270690951646,3000,5.478979340657837,Medium,147.5155318305218
2796.847067495911,85.15690802842836,918.1384947370595,654.0838395228317,6331.630402664288,393.6375978978724,3422.265141460578,652.8681139154772,104.8043000252033,11.991353249001738,8.400076677226629,17.68895862223821,brackish,BR0027,2020-01-26 14:44:12.631578947,Iran_Central,51.099975763957765,68.92746523108687,77.72565476750002,1.9573245877942702,0.27804,0.1554084272099843,0.0,0.4334484272099843,5.86757185892239,0.4181531456754969,0.1395160823742429,0.146166,6.57140708697213,6.137958659762146,3000,74.6784970271061,High,168.03657563665456
12907.14473409774,5.13785562635766,1193.6397899122444,518.911008153389,2212.81121469643,333.0476253136292,1932.1496131073948,1195.8175681208115,872.8770314765084,19.12659501474791,8.055841952940916,30.956872644697313,brackish,BR0028,2021-09-28 16:36:05.413533832,Australia_Central,68.36846189412717,43.92532312300781,48.75051689004178,1.745240486708208,1.22243,0.1340512897367997,0.0,1.3564812897367995,0.1945145623912667,0.7573475345244802,0.0636082604144276,0.0663135,1.0817838573301746,-0.2746974324066251,3000,-3.342152094280606,Low,155.50839018587337
12837.283753340316,5.2902633204040015,1438.294261207624,481.03976000256796,8863.015071636612,123.21609801179775,8122.10390610657,3013.289953368695,955.7321447072974,12.640412353179855,8.531448912291195,17.719677066516414,brackish,BR0029,2022-01-09 03:32:55.939849624,Australia_Central,51.16053463616885,58.14635442251321,49.42422285470016,1.9114399568186267,1.20578,0.15090425402887,0.0,1.3566842540288702,0.1972026491902536,0.7958942052279516,0.0822131305179914,0.250434,1.3257439849361967,-0.0309402690926734,3000,-0.3764399406275269,Low,134.31510900949024
4903.733553029581,36.606542262778916,536.945587764575,190.4877702111515,3305.750216697182,10.08611307146873,3451.06079098637,1580.6573548707033,848.4828852641705,21.615137932863814,7.466254572155193,33.44157843922299,brackish,BR0030,2023-07-01 01:01:21.203007520,Atacama_Chile,70.9475012715247,69.9823176356991,39.14309027411787,2.149773254599653,0.5293,0.1664813677962929,0.0,0.695781367796293,1.196345925283974,0.3558726663779678,0.0419893905814194,0.1039365,1.6981444822433616,1.0023631144470686,3000,12.195417892439336,Medium,161.32834760635063
16553.79147820532,21.019914372909042,817.4023870136955,525.157611928226,5835.94359288339,9.61462622225951,8478.253514602531,1253.6924485096818,304.8354487650108,12.24341718894739,8.081068389495597,24.12412896052894,brackish,BR0031,2021-08-30 10:02:42.406015040,Atacama_Chile,72.63537033340255,44.15393788209028,25.80795433264602,1.6003976172202772,1.56048,0.1262645651514118,0.0,1.686744565151412,0.4242517996835014,0.5301568518190652,0.0696219292524799,0.233475,1.2575055807550468,-0.4292389843963651,3000,-5.222407643489109,Low,148.8296016814466
12862.973386390197,36.93544004859043,649.7210674407281,448.35337698272775,6686.870862873314,84.77503985805039,11731.382961715613,512.0013984372947,552.9593304591216,1.115824432388146,6.3539680700443295,26.933969651549692,brackish,BR0032,2022-06-22 19:25:42.857142864,Atacama_Chile,57.43547810572748,52.718292548194725,23.576267342418703,2.307599066252934,1.40279,0.1774416305040209,0.0,1.580231630504021,0.7130453447575797,0.3810039875621538,0.0721186242059303,0.2674799999999999,1.433647956525664,-0.146583673978357,3000,-1.7834347000700106,Low,149.20444451325875
15491.373658163313,44.02545084970071,320.2718600103837,460.44475411927624,2164.166179257318,134.14803958911284,9367.632048319614,197.08090996664748,111.30393849801153,24.49978617842928,6.911453665403433,19.509304953919784,brackish,BR0033,2022-11-30 19:29:19.398496240,Great_Basin_USA,51.84839108791744,63.412710069144296,48.38130932841276,2.650903670519126,1.48791,0.2088009015327334,0.0,1.6967109015327335,1.7219295040456728,0.1493233663332022,0.0846940155683491,0.1686315,2.124578385947224,0.4278674844144905,3000,5.205721060376302,Medium,155.37785830720537
10480.038959263371,51.28543751577655,709.119328743357,665.218071531998,498.3249375321535,248.65567618308884,5690.564868349733,1290.1194392497985,841.2710801458915,2.3783145620081285,6.615820523874994,14.35967839507887,brackish,BR0034,2023-01-06 09:41:03.157894736,Iran_Central,62.01711340868572,40.96570449549905,70.84819223656268,2.263947873921382,1.00443,0.1816494173376553,0.0,1.1860794173376554,3.510938844836653,0.4023471863192621,0.089112696989059,0.084576,4.086974728144974,2.9008953108073188,3000,35.294226281489046,High,152.63331552804104
2531.405726106385,4.922376508699353,1301.8003663350294,795.9612357674766,5171.597271514639,212.86543418076883,7166.554189279792,1901.6981680851611,458.96768788165303,18.64279457939635,8.659031486124832,18.30062138608539,brackish,BR0035,2021-06-07 06:11:43.759398496,Australia_Central,57.46157591863692,60.69348253420134,25.844480997880545,1.7174545592529287,0.29224,0.1286274408617408,0.0,0.4208674408617409,0.1031194791815433,0.6356997128509171,0.1452273650078369,0.174702,1.0587485570402977,0.6378811161785566,3000,7.760886913505772,Medium,157.77075988410908
14986.30836352925,17.19247920381388,986.4814231878563,688.2316086969481,4269.860013252709,172.9332074528406,530.260467711312,2590.2475623089217,406.82903034241116,9.124039701226454,6.9139490058366615,19.877660043202255,brackish,BR0036,2020-03-14 04:23:27.518796992,Iran_Central,60.42840357025948,42.411200136723984,48.01677547332804,2.2178400387946295,1.48894,0.172817955761515,0.0,1.661757955761515,0.6169099279262242,0.5895104995977376,0.0852083421946921,0.0707535,1.3623822697186538,-0.2993756860428611,3000,-3.642404180188144,Low,157.23855964603453
8364.487913343406,38.90113411919088,967.1099914477563,900.6772320690562,5065.8020513247175,60.90474253884392,4637.58228328074,208.7878335237269,137.3152402959924,23.60531250770245,7.238862395076815,16.234755875942874,brackish,BR0037,2023-12-27 08:10:49.624060144,Australia_Central,66.624636337217,47.0956042681968,23.13572814692936,2.607478263884448,0.8648100000000001,0.2050685529651399,0.0,1.06987855296514,0.7514160601928598,0.6700413026579377,0.1269603299862049,0.166986,1.715403692837003,0.6455251398718627,3000,7.853889201774329,Medium,137.3838554376303
2889.045192505936,49.48126849671106,633.3509838170803,845.5547049677564,3239.221758512344,55.19623141917168,2723.1366678520544,367.2627234818226,100.3620251936923,17.00177056977642,6.423655456143875,23.531135708105293,brackish,BR0038,2020-12-20 22:29:46.466165412,Australia_Central,55.245650898717926,44.80228487480081,41.88713290571225,1.5263745765177397,0.30511,0.1269715984788228,0.0,0.4320815984788227,1.6478984504967875,0.3446267899582743,0.1038561765682757,0.088179,2.184560417023338,1.7524788185445153,3000,21.32182562562494,High,174.98023747592742
18345.038866308703,80.31267660507675,591.6234076147335,539.2138854256141,3015.207054390697,198.42401731979905,9210.775185042663,876.4996755675688,179.13104086300743,12.958634287121408,6.826163853171201,30.459917594596465,brackish,BR0039,2023-10-18 19:36:32.481203008,Australia_Central,58.92378923785216,67.22009294940808,75.63157568858335,1.5283273702360713,1.67602,0.1271816627672266,0.0,1.8032016627672267,5.118018979476712,0.3041033193049854,0.1031492326308666,0.17229,5.697561531412564,3.8943598686453376,3000,47.381378401851606,High,147.26352798859665
19084.849203107613,55.25994644465263,1140.3295540736076,460.8585423235989,9538.473105655983,221.30732136081005,15268.741595932264,1435.3691148051469,828.2993638288343,12.705673832489772,6.844638614266633,27.595125085375557,brackish,BR0040,2022-03-19 16:07:13.082706768,Australia_Central,69.56406225731683,45.413701503450426,62.19336660952229,2.073955936046513,2.0,0.1644721683817179,0.0,2.164472168381718,2.6750735232820952,0.873301672453375,0.0628207732897229,0.375,3.986195969025193,1.821723800643475,3000,22.164306241162283,High,147.6064736774131
9240.975394212255,28.166520558532582,514.0689550218085,704.323722709072,488.85946450634833,197.12219195903398,7030.460390242709,1548.9624449932428,384.1326877785152,13.517028503378988,8.395793030336641,20.526675945132748,brackish,BR0041,2020-04-19 18:35:11.278195488,Qatar,66.09404874882054,41.21302286545472,30.162463869183263,1.8002711126162763,0.97938,0.1433956756948451,0.0,1.122775675694845,0.6883918803935959,0.3813996739479939,0.0857807857921574,0.1274894999999999,1.2830618401337477,0.1602861644389024,3000,1.950148334006646,Low,154.5127512260555
20105.97291600713,7.193748809572398,923.3420375563355,788.0798360609477,5966.764553162292,43.32464029457437,472.81291317845285,1400.024716712187,481.66715311818047,0.9158116279773593,7.758607634283035,27.879022675255914,brackish,BR0042,2022-04-21 14:29:46.466165408,Qatar,58.15688727878097,57.62877035343286,24.49792068620032,2.8487025225597087,2.0,0.2321736949570104,0.0,2.2321736949570106,0.1505299234484265,0.5123016937632905,0.1334855207696565,0.1005284999999999,0.8968456379813736,-1.335328056975637,3000,-16.246491359870248,Low,156.95067907219823
10958.425641880083,17.383129783511286,838.4919239473764,1048.178653154136,2262.335516407828,226.66283739956847,4183.050392174677,1643.1348329699852,653.5035604926925,10.81702296957795,6.751386740309811,20.161296417578594,brackish,BR0043,2022-07-14 18:20:45.112781952,Great_Basin_USA,66.60754000649821,50.38542776229106,38.13495777599484,2.3820477996717417,1.04566,0.1897612324487691,0.0,1.2354212324487692,0.4838639712533777,0.5533008419291798,0.1540887151826384,0.1024694999999999,1.293723028365196,0.0583017959164267,3000,0.7093385169831915,Low,174.30163606223687
8017.408057154606,16.188383662398277,1385.449056957626,835.0480524465493,2870.542181188704,185.50319835657785,5574.581665931928,574.9713897170366,1022.5356586598383,0.9498426726785556,8.372853230805058,23.935371437008406,brackish,BR0044,2023-05-07 03:43:45.563909776,Atacama_Chile,69.13282307229916,52.17118661924099,34.31339095032286,2.023016689868125,0.80977,0.1544790479287075,0.0,0.9642490479287076,0.4162077068710362,0.9189909130388416,0.1498460822077839,0.1422405,1.6272852021176616,0.663036154188954,3000,8.066939875965605,Medium,161.1326523259738
7406.786890990554,44.43526283076129,1267.2518299903663,428.3636465079934,3152.5750172340495,43.11447676024102,6348.104337632482,2450.604712675467,900.3160132636458,11.89286129073755,7.386637010142669,34.631385403871086,brackish,BR0045,2020-04-05 03:18:29.774436090,Australia_Central,64.81213952381968,43.57188234587641,20.128253739814728,2.6105128616916295,0.68477,0.2045732074937941,0.0,0.8893432074937941,0.7452928768748679,0.7395428067649159,0.0572011671436665,0.1409714999999999,1.6830083507834503,0.7936651432896562,3000,9.656259243357484,Medium,164.42105614183458
18861.320336215726,37.668364612396495,288.3960437315041,510.2332276199464,1611.6568392062486,71.05445069115336,2904.8738475269897,2183.2656198588325,217.96251313342196,1.0855641679527583,7.698154600098671,32.33890506637751,brackish,BR0046,2020-02-02 22:22:33.383458646,Iran_Central,55.987420812525215,62.44703474299584,49.27131698851724,1.9917973183831668,1.8185400000000005,0.1649914861631194,0.0,1.98353148616312,1.431193798828858,0.1612437719400726,0.1066720247479854,0.0699959999999999,1.7691055955169162,-0.2144258906462035,3000,-2.6088483361954764,Low,161.18925286464074
5169.310498829346,5.188094200987133,282.3891173463284,873.00005662395,6023.087330590587,234.62103338194333,8264.144832188133,1265.1849157145282,93.64074963734056,0.9731239464555579,6.540031059737729,25.121024481129666,brackish,BR0047,2022-11-19 20:01:48.270676688,Qatar,50.006132262799824,58.04660948930554,30.48753949668621,1.6924926266222453,0.6099300000000001,0.1358538773254812,0.0,0.7457838773254812,0.1216452825917779,0.1560191326599354,0.1395382445513415,0.1904235,0.6076261598030549,-0.1381577175224263,3000,-1.680918896522854,Low,160.71239544905268
13169.419567689236,19.958756751209943,1179.2361022085222,916.4795871252513,7570.7269718814305,114.90015761100938,1017.8315431665268,2900.8291612597263,1089.4081373974739,22.584332508707178,6.708604951829208,20.97547840115353,brackish,BR0048,2021-07-10 04:34:17.142857144,Atacama_Chile,70.07122767470703,50.9265113424484,27.7461317851115,1.8110314734329156,1.36763,0.1484678675812296,0.0,1.5160978675812296,0.4229009914423125,0.6939405933045864,0.1406182831187684,0.1380284999999999,1.395488367865667,-0.1206094997155622,3000,-1.4674155798726738,Low,161.57886046392474
6920.866400349534,45.74476832984988,720.2492295925308,869.7671899267234,5281.113059132244,259.52953100371894,2421.485465509935,3573.802376765319,1236.402545823684,18.38724378558783,6.7908157925230626,30.653105348245692,brackish,BR0049,2021-11-18 22:04:30.676691728,Great_Basin_USA,70.5658388829041,45.14724831289408,65.56107389485257,2.4354607423701258,0.7204200000000001,0.197129674135125,0.0,0.9175496741351252,2.715290548643993,0.5245356388515133,0.1194189865124361,0.114456,3.4737011740079424,2.556151499872817,3000,31.099843248452608,High,136.75366667469058
7956.825220998348,41.533943365444614,572.0934673616107,617.2601923311431,4241.997901984198,197.11044821188943,7640.447647587719,2427.593296393214,497.3682922272512,10.126637472657517,7.563278602578847,16.044309547220127,brackish,BR0050,2020-08-29 12:05:24.812030076,Atacama_Chile,67.44011253485905,57.803552175116806,24.764476885207035,1.5582358993871035,0.76985,0.126225132719639,0.0,0.896075132719639,0.7667676391105344,0.4000439571387783,0.1007169093099235,0.1933995,1.4609280055592362,0.5648528728395972,3000,6.872376619548431,Medium,155.383277413584
12367.36102708252,42.437351408707784,1299.4992216787498,230.41614027684975,1073.893421753044,104.62235514271423,1865.4140211522936,217.4486173550492,129.59488616596553,11.469273482492024,7.683764739700145,25.754606286490894,brackish,BR0051,2023-08-10 07:02:15.338345872,Australia_Central,51.914523284190345,63.357918385221325,49.9741122864953,1.881678316661759,1.5151200000000002,0.1527226848057676,0.0,1.667842684805768,1.7626668989243477,0.6011950986021005,0.0425385064038376,0.04467,2.4510705039302856,0.7832278191245177,3000,9.529271799348296,Medium,171.016811624578
9545.052818707027,38.60810096850081,851.4500413362069,276.5749738732347,5242.305802143165,150.58816958967225,8208.09923026128,2829.969103614881,780.3882016360191,8.430145493361188,8.369930467643364,31.359538902913236,brackish,BR0052,2022-09-03 23:49:10.375939856,Atacama_Chile,64.63055718770116,49.371918516015846,28.853284036448144,1.7442204650455055,0.80998,0.1449973773170609,0.0,0.954977377317061,0.9117868581789904,0.5428966803766897,0.0444791613910786,0.2055495,1.704712199946759,0.7497348226296979,3000,9.121773675327992,Medium,201.79357545513543
8272.482489301336,83.75487679193574,817.3569852035595,678.4159706680188,10640.957662980842,169.78154656154564,488.9096976402355,1909.5686730312768,416.9462126149928,15.860165994386865,7.711282526638711,30.52003667654976,brackish,BR0053,2021-09-06 17:41:03.157894736,Australia_Central,70.52551678179017,40.77581150615792,70.13783743060704,1.79480279261418,0.7976000000000001,0.1441362132811838,0.0,0.941736213281184,3.957078594862448,0.5558539130673573,0.0834028448546953,0.1578315,4.7541668527845,3.812430639503316,3000,46.38457278062367,High,144.81769796232135
15827.240437959672,36.6586078057519,1149.4770037259868,686.2134717539674,3095.24599812982,79.56356193126692,12673.344821785058,3160.7033075520667,450.42532950152224,4.337869066357516,6.4544410956835,28.69928705861342,brackish,BR0054,2020-10-05 02:17:08.571428572,Qatar,59.741708002704144,46.43031954258952,46.14067748534266,2.481691992302057,1.5664,0.2019314894371165,0.0,1.7683314894371165,1.321847356735594,0.6376973292307848,0.0978797566277329,0.238758,2.2961824425941115,0.527850953156995,3000,6.422186596743439,Medium,162.83370670077076
19474.700096066183,19.751035762389563,699.3030311915048,237.37948148446458,2673.197103231342,56.38314720438784,2858.611721998594,2114.6548476239977,788.6896481100966,17.512411398553805,7.508119361479018,31.218685218552345,brackish,BR0055,2020-12-02 15:23:54.586466164,Qatar,54.95001835550635,60.47193456678488,39.25662510628634,2.4980367112578943,1.7987000000000002,0.2190980300105237,0.0,2.017798030010524,0.6359337727467751,0.3428881145383596,0.0490548333205758,0.0866234999999999,1.1145002206057104,-0.9032978094048134,3000,-10.990123347758562,Low,151.8282288596421
15392.77525013737,6.003968696740315,1394.0812744586638,583.7609190972609,2237.095633508005,184.27225168516995,5021.708069333573,3533.4151203257843,577.9153675998522,8.504906891397857,6.377111321041776,23.523027818350663,brackish,BR0056,2023-03-09 14:36:59.548872176,Australia_Central,64.69068243103676,69.67289132370769,31.060832352358176,2.7323180885823497,1.32234,0.205903992967711,0.0,1.5282439929677112,0.1759844639419909,0.886459008979794,0.1282120546138868,0.11133,1.3019855275356715,-0.2262584654320396,3000,-2.752811329423149,Low,180.8185304020901
7136.177125658136,39.72166231542007,536.3810912727076,779.2579288860142,2437.527906511426,230.6045196756855,8273.387402573593,2414.4216617908583,144.50232049287476,5.943188899796726,6.658566868968301,29.32470169648133,brackish,BR0057,2023-11-24 09:48:16.240601504,Iran_Central,70.65766568252195,40.401287182263296,46.94985307771559,2.5492235564232426,0.67262,0.1974873378960614,0.0,0.8701073378960614,1.356268575767817,0.3288464286997118,0.0956783283050359,0.1478145,1.9286078327725649,1.058500494876503,3000,12.878422687664123,Medium,143.1629479466579
7941.60677905969,4.529176615216989,903.9050344535254,252.55134449895237,592.1335171637124,225.53978018525288,3837.5825753499967,2664.3176609252964,423.45688850230647,8.792905004762263,6.981158377106909,17.34092404464459,brackish,BR0058,2023-05-21 19:00:27.067669168,Qatar,51.22174896767664,49.18460686396303,42.491726066408006,2.842225359130947,0.7447,0.2299742126181436,0.0,0.9746742126181436,0.1695419870049679,0.5226093581073286,0.0375672027226949,0.063579,0.7932975478349915,-0.1813766647831521,3000,-2.206749421528351,Low,165.06839262754195
10494.738678489384,23.615885629577882,1446.5497438968537,834.8511000191211,5058.161957293125,293.2258315468105,6794.247744558567,3604.8059536207475,688.4167342159177,5.383963218525335,7.009384199350288,18.53970903480578,brackish,BR0059,2022-01-27 10:38:47.819548872,Iran_Central,64.9237804290184,41.860626113465166,26.83701522625099,1.5884848778847978,1.03996,0.1270070856509156,0.0,1.1669670856509156,0.5439648290239265,0.8560589992248651,0.1169795196740784,0.1768305,1.69383384792287,0.5268667622719545,3000,6.41021227430878,Medium,142.57146952293886
11489.734526293181,24.32245294268988,282.36992128162916,525.9360947488445,1635.140851665495,95.98991568822309,8614.992310062371,1739.350756455481,610.2605342049978,13.037777534564174,6.529038486705132,25.277336793796458,brackish,BR0060,2022-05-17 05:13:59.097744368,Australia_Central,66.07934488348354,49.49047863289097,39.312169837997615,1.6896697304746908,1.16047,0.1400979703171489,0.0,1.300567970317149,0.7811406771149803,0.1903085132644326,0.072261047851884,0.1464704999999999,1.190180738231297,-0.1103872320858521,3000,-1.343044657044534,Low,154.62330770123256
4892.149939756708,5.495744127095103,726.3582941061281,970.3150276381778,455.6678801712686,326.7617821301864,10264.584258325836,208.6930675385959,566.4905501384458,5.411802225006517,7.787634694325196,25.525088131349627,brackish,BR0061,2020-03-03 04:55:56.390977444,Australia_Central,65.059175983707,52.17743029382264,47.67195494877204,2.229540176371985,0.50607,0.1697288226804638,0.0,0.6757988226804639,0.1902111002456004,0.4139012728742652,0.1529790078784585,0.1551375,0.9122288809983244,0.2364300583178605,3000,2.87656570953397,Low,157.77013427193424
12827.862400728573,7.168062233652901,1269.3974993809481,441.15663476114537,5825.962656853829,55.64287907477052,9112.818053406208,1293.46563370985,857.2502714506755,13.145073639098483,6.47939423174009,14.179711588139412,brackish,BR0062,2022-01-20 03:00:27.067669176,Qatar,66.25084210592621,67.62586275838765,34.893826353512374,2.175854629686221,1.36152,0.1646941972204641,0.0,1.526214197220464,0.1893478593246995,0.7993985610522111,0.0892661388410717,0.231384,1.3093965592179824,-0.2168176380024817,3000,-2.637947929030195,Low,169.99202176269833
9926.126424178146,49.64535899042133,1203.413149934373,300.18911508766627,717.6658190407749,50.824611171641735,5193.515707432503,1851.5454609028616,437.67918838385594,18.6516947883193,7.848569727489333,28.59204114227215,brackish,BR0063,2021-06-21 21:28:25.263157896,Iran_Central,65.78438269010387,42.41682398214936,78.34031007079167,2.137076395107674,1.04276,0.1701661923555627,0.0,1.2129261923555628,3.1382814853118863,0.7975593302335889,0.0371571378083628,0.0910005,4.063998453353839,2.851072260998276,3000,34.68804584214569,High,146.225224651012
1287.1129287680515,36.57257991147888,765.3361382805215,437.08051474609135,2807.3524166250504,11.145985253001193,5476.714111674154,1477.903875377509,475.32382090738895,3.9451239796327364,8.484516737060126,30.3666898666545,brackish,BR0064,2023-03-05 22:47:49.172932336,Australia_Central,53.260097124508725,63.3140215919731,49.13311231967478,1.8652503180403108,0.14215,0.1447745886051247,0.0,0.2869245886051247,1.403654405993397,0.3739625763539105,0.0878671991653402,0.1259625,1.991446681512648,1.704522092907523,3000,20.738352130374864,High,165.49398204226497
5326.9574623101,31.134122548718235,537.7429835765113,589.7565207051736,8241.788671352775,104.12498308973045,16214.644146359145,268.08307675252905,107.63719536434033,9.436902366980897,6.539804352409944,23.312449426253895,brackish,BR0065,2022-02-25 17:12:10.827067672,Qatar,55.873419423722886,51.8660318818889,40.71242422685639,1.7333221463806292,0.53554,0.1379403978696274,0.0,0.6734803978696274,1.0558767223235204,0.2714643606753231,0.0889243116614985,0.3509895,1.767254894660342,1.0937744967907146,3000,13.307589710953692,Medium,158.3578787867663
6597.3788126025065,38.068546086762964,1235.5282927607639,471.0763586055146,475.19276290474755,91.72816285098519,10572.167862598082,211.2326588903825,371.49302517871564,12.567901950969263,7.182586201358262,35.159645341537846,brackish,BR0066,2023-10-29 19:04:03.609022560,Australia_Central,65.47485013222526,64.33788549000784,23.07316069298242,2.1730079059143366,0.74794,0.1811031896949513,0.0,0.9290431896949514,0.6941468101840991,0.7432076428448943,0.0933221029032563,0.154494,1.6851705559322498,0.7561273662372985,3000,9.199549622553798,Medium,161.16995918287893
9764.473004618409,32.46581437994337,1181.6149365915883,501.6103193051937,471.3230442542899,201.65546423477437,2273.7821311692787,764.1506831841733,776.363771873009,6.379187098047826,6.134177426258535,19.154053323347227,brackish,BR0067,2021-12-25 12:16:14.436090224,Atacama_Chile,50.44232902841927,55.40206555976864,27.33678652793868,2.85634801723315,0.96357,0.2313663028882552,0.0,1.1949363028882554,0.7046166074722309,0.6166393131339754,0.0889535564627645,0.0421905,1.4523999770689708,0.2574636741807155,3000,3.1324747025320385,Low,168.75922231792185
19396.94503246358,65.24342884382915,322.78029152985033,728.3069554393215,5197.787225829087,147.24471880210294,6743.993975211313,2659.459926085303,368.1452631600467,12.831782615353257,7.239858125672054,24.36729217577907,brackish,BR0068,2022-12-30 02:02:42.406015040,Atacama_Chile,65.86861296808111,41.1784611653023,74.87741093356622,2.096217980068817,1.94464,0.16703633548199,0.0,2.1116763354819903,3.6508578268166354,0.2112643544893046,0.086499475523834,0.1681185,4.116740156829774,2.005063821347784,3000,24.39494315973137,High,143.95145613008498
11306.00367615009,35.34095170969105,318.3092246062374,605.883259525707,8086.579875810253,31.424005114285745,4595.934655472308,2985.8963560464476,315.52738171599606,12.933068712291574,8.22341222041499,17.863010038392808,brackish,BR0069,2021-11-22 13:53:41.052631576,Qatar,66.6346655946258,68.38617654144517,28.266674461157184,1.5436883991298167,1.11909,0.1252023856943433,0.0,1.2442923856943433,0.7466302858821138,0.203678184243157,0.1125499693519104,0.1816185,1.244476939477181,0.0001845537828377,3000,0.0022454043578595,Low,167.1236916502415
5584.257124490499,5.172892083771976,887.5292348223327,609.6382201747537,533.225377443136,114.20467415239884,5471.642241774151,2264.3782258022347,195.27550677251847,19.839063230743523,8.218932310336239,26.027759387555555,brackish,BR0070,2021-05-16 07:16:41.503759400,Australia_Central,55.97936899654146,42.48202190303566,48.7262511616742,2.542463355672393,0.5796100000000001,0.2047400811467429,0.0,0.784350081146743,0.19441774213508,0.4783414689006869,0.0739442073244238,0.0893805,0.8360839183601908,0.0517338372134478,3000,0.6294283527636151,Low,151.85193882387352
13494.609724353171,69.00420550480152,1106.8955121562958,212.92168591196602,5414.682926143876,126.14255363026149,1046.135339081085,2632.245891169377,748.239404959878,5.010783619128832,7.704809622688675,24.239329285016115,brackish,BR0071,2020-08-07 13:10:22.556390976,Qatar,64.9533207438285,57.93050507601268,70.13380085055434,1.931347069522926,1.1103200000000002,0.154932588663261,0.0,1.2652525886632613,3.962447533974959,0.6557895112923307,0.0347583030456076,0.0945765,4.747571848312896,3.482319259649634,3000,42.36821765907056,High,170.28186708332098
9024.0767679788,41.34075313186724,584.4342840981752,691.3513277854086,5780.283639874037,9.864203645203363,4296.9598103356875,1352.1489735427854,599.923577549482,2.5329770140736323,8.395419608270933,11.889914651387777,brackish,BR0072,2021-07-06 12:45:06.766917296,Great_Basin_USA,63.352251518094114,66.33003288800548,33.716912171970954,1.8631109473322611,0.82396,0.149411400876587,0.0,0.973371400876587,1.0574095693900498,0.4138067705559479,0.1427753957914317,0.1514295,1.7654212357374297,0.7920498348608425,3000,9.63660632414025,Medium,161.8537202931516
10611.158082126063,15.201501772696538,1096.7808813055492,509.0971059868449,482.6039258266932,53.38402723348613,14489.92684570883,206.93723133802854,678.6054188523985,6.70826016310447,8.513298638644216,20.11358223898768,brackish,BR0073,2023-09-19 13:03:09.473684208,Qatar,56.517288703827845,42.39309393250581,41.04806280410352,1.9895011686334991,1.16238,0.1589109600837554,0.0,1.3212909600837557,0.5011722180004216,0.5814679517173662,0.072899164326337,0.206193,1.361732334044125,0.0404413739603695,3000,0.492036716517829,Low,155.83041605241544
13113.125525091624,4.621329970950404,505.42790334722963,1196.0777565130436,5968.785682483717,68.50484681352475,8370.10213913321,983.8771082009266,104.20639647690734,2.1805477479452073,8.52959735611084,23.661873134813703,brackish,BR0074,2023-03-02 06:58:38.796992480,Qatar,61.57435029686887,56.61680165248039,35.72749194025622,2.503450349343273,1.29028,0.2068578628689451,0.0,1.4971378628689451,0.1425526928416223,0.3049555902542846,0.1839649736094045,0.220677,0.8521502567053115,-0.6449876061636338,3000,-7.847349208324212,Low,151.61811750918005
15363.26682804394,38.77361719719275,282.391487055937,363.8478830423758,6798.261224023262,286.0796997986559,504.7348877993312,1206.4253494897462,456.31129985790153,15.267429198905429,6.987352215684847,32.71730911441925,brackish,BR0075,2023-05-29 02:38:47.819548880,Atacama_Chile,72.74061323530454,64.72869626573356,31.46437900666305,2.669543551032472,1.6046200000000002,0.2182583264244365,0.0,1.8228783264244368,1.001832120447953,0.2094929661176771,0.0617705948463895,0.106947,1.3800426814120197,-0.4428356450124169,3000,-5.387833680984406,Low,167.26428723501067
9177.08524002237,27.260347688238866,597.6355434705831,221.59929483277554,2812.830460930076,151.04637998622954,9766.026038020718,1135.6426700080094,438.78541055699054,1.1811090019091717,6.452589071595942,33.833274968613686,brackish,BR0076,2021-05-30 22:33:23.007518800,Atacama_Chile,60.66506951149707,69.58974125937388,22.29913625463736,2.29028446833656,0.98786,0.1905667280806756,0.0,1.1784267280806755,0.4822366608155367,0.3671352942724584,0.0417538447556243,0.2089725,1.1000982998436195,-0.0783284282370562,3000,-0.952995876884184,Low,172.1093656341166
16488.035967621996,73.82182827704334,812.9059445831327,766.9391606467714,7217.310874667052,213.2520538714995,10134.268788795045,1510.560333552507,435.2741043573712,24.729781926639863,7.272365672465671,33.33413623180126,brackish,BR0077,2021-04-17 00:43:18.496240600,Australia_Central,65.74610442198754,61.72982202442064,74.9111397376966,2.041909443607575,1.81948,0.1586974504463462,0.0,1.978177450446346,4.148668812041323,0.5208984958028766,0.1454478066539399,0.2717325,5.086747614498139,3.1085701640517933,3000,37.820936995963486,High,152.25106701690734
14980.013173371604,21.12507479810858,515.8432122417989,647.0996197874426,8007.367683636674,9.786283592537005,4485.823295799222,1832.8376728711376,305.91252183102375,20.112818068326696,6.920582665575322,21.425373427754582,brackish,BR0078,2021-10-09 16:03:36.541353384,Qatar,50.88377052601736,48.35003126389881,46.02740092382104,1.8415441478998902,1.45401,0.1572573879740733,0.0,1.611267387974073,0.7860191310562767,0.3369075507052241,0.1021152660293543,0.1795844999999999,1.4046264477908552,-0.2066409401832181,3000,-2.5141314388958205,Low,145.60705081351705
6154.546307175465,8.329740420940372,320.0762151330095,275.3071578179075,4882.745988627801,275.04230918890437,8354.337045927774,2545.8225032878477,394.24548590208263,10.391482382887455,7.839083058647851,20.837040704711875,brackish,BR0079,2020-07-12 22:26:09.924812030,Qatar,51.94500283305247,60.98710989536228,40.572873252801685,1.7448271313494632,0.6462800000000001,0.1349170019886555,0.0,0.7811970019886556,0.2946320909871953,0.1678530043546124,0.0544309955816108,0.1976775,0.7145935909234185,-0.0666034110652371,3000,-0.8103415012937187,Low,165.83526335092512
21354.956433635285,52.60812849433273,281.60788868242787,176.4277440534033,2718.5378662932935,267.873135967318,2566.286081566445,1132.0012288661283,727.8741066665442,16.171153518717926,6.492471610272288,25.632704022416437,brackish,BR0080,2021-08-15 18:46:00.902255640,Australia_Central,52.03270183258296,61.17300307922918,69.5373752511738,3.020561955785474,2.0,0.2319961257882233,0.0,2.2319961257882235,2.9077192536028824,0.1498541812778389,0.0367038018475375,0.0781215,3.1723987367282587,0.9404026109400352,3000,11.441565099770427,Medium,142.11403820621592
12444.385924624317,53.52171610089021,616.5680437734958,1053.2234867100283,1165.2643387144662,10.058341745682565,3995.2538702586603,190.29879477794105,98.52770558994156,1.0594665390895888,7.44007919382849,36.082508096064856,brackish,BR0081,2022-08-05 17:15:47.368421056,Iran_Central,69.45601909066113,60.99898036313852,63.19315161557824,2.43493347182194,1.1635,0.1965767278762583,0.0,1.3600767278762582,2.677733967928189,0.3963327143758942,0.1941963538840878,0.0780075,3.346270536188172,1.986193808311913,3000,24.16535800112828,High,143.69732455973772
6384.555886165789,34.64489528359319,1093.7419815611438,1139.3174755267635,3820.4019684920004,77.64473999054334,12061.364040087381,1058.1494220968789,963.2442683302573,28.179861391613343,8.260181012339368,21.983029925719006,brackish,BR0082,2023-09-23 04:52:19.849624064,Australia_Central,58.75642237008632,65.62781311279318,44.49014560712732,1.4201609223296097,0.58244,0.1232369543827036,0.0,0.7056769543827036,1.214207257851476,0.6538038640240037,0.2016480185703683,0.2382225,2.307881640445848,1.6022046860631445,3000,19.49349034710159,High,146.3853765997684
17174.8047670654,49.91993818687839,1282.8869992694556,198.0167231537886,5174.6971738558705,194.96829054667919,4954.886950627899,1645.103800052324,662.8358326485405,5.357077481940373,7.203421777579969,14.21321960058034,brackish,BR0083,2021-09-21 08:57:44.661654136,Atacama_Chile,55.69029220914533,42.62140187558473,48.252450866936144,2.4665222572589185,1.82646,0.1994840514224017,0.0,2.025944051422402,1.805905876636125,0.6963514137831534,0.0255728411253508,0.159336,2.6871661315446294,0.6612220801222275,3000,8.044868641487101,Medium,153.55075542751953
20665.511854968816,31.17554664006312,1412.7589849551648,472.28770389877536,3157.234470275743,215.60607778805317,466.5485974762075,2955.4179182344888,523.9734438685167,8.671094700166034,6.395572857029414,21.7246447462176,brackish,BR0084,2020-06-13 15:52:46.917293234,Atacama_Chile,68.68311421129306,43.252595362463,31.648189723887945,2.166550341494797,2.0,0.1736584109032209,0.0,2.173658410903221,0.734927932130181,0.8407472537358699,0.0600129760654174,0.0529125,1.6886006619314682,-0.4850577489717527,3000,-5.901535945822991,Low,143.35613782044044
10270.308678267877,34.31090755381154,506.56474158492097,1205.153562000173,519.9251263144522,82.43316901009207,5586.411841749793,883.4407865602846,727.9645155772652,1.085360175806834,8.357419472576263,29.22325630121742,brackish,BR0085,2021-08-08 11:07:40.150375936,Qatar,54.24900156390436,59.21851372676674,41.85926567552185,2.8691310840930973,0.98349,0.2367069555656303,0.0,1.2201969555656302,1.195852245524578,0.246646340550385,0.195296736419504,0.093702,1.731497322494467,0.5113003669288367,3000,6.220821130967514,Medium,136.68651560319125
7233.363880312727,56.55101451405152,359.8793208216601,444.2673336401159,7845.26163289112,125.86722083666696,5716.39434554455,2096.4627218069195,108.96888751780939,13.241897338546355,6.316893136112876,31.58901986042728,brackish,BR0086,2022-05-31 20:30:40.601503760,Atacama_Chile,56.16231312675701,68.61643288294563,70.26908599726889,2.6864284398931573,0.74817,0.2182882589767688,0.0,0.9664582589767688,3.314016579985996,0.1825050527367096,0.0941142993422482,0.2023755,3.793011432064954,2.826553173088185,3000,34.38973027257292,High,145.58006504659087
8644.422947330373,42.279685714630126,963.7544182624077,517.3182050521842,4493.152214554727,89.5374153812653,11688.291513713308,1731.6933798397174,302.98871932888886,1.0729057176859385,7.163778970352904,23.03777857082955,brackish,BR0087,2023-05-14 11:22:06.315789472,Australia_Central,60.77328608175052,53.975159167577374,35.068008165565985,1.837629009178255,0.91381,0.1405578904599357,0.0,1.0543678904599358,1.2760827355351476,0.5826650957745049,0.0733198562132371,0.230463,2.1625306875228896,1.1081627970629535,3000,13.482647364265937,Medium,165.26251336078218
15103.000546273033,27.06206110052654,1094.0649215659905,587.0428927119882,3053.8086480464867,157.05679211538376,6166.151753176295,1478.4449787196054,471.5251824951563,11.514940912347852,7.447832952177379,29.90508617715585,brackish,BR0088,2022-04-06 23:13:04.962406016,Qatar,58.28595172536533,68.81688104877026,45.09429141849229,2.631635365542571,1.3573700000000002,0.2064133342649839,0.0,1.563783334264984,0.9284193094404866,0.5897605739379366,0.1063633713489793,0.133776,1.7583192547274025,0.1945359204624184,3000,2.366853698959424,Low,144.07337134952064
16650.294870929472,70.27043060383623,944.3804305249154,261.27981579929695,6118.057875958194,266.28653624419826,4113.8227150073135,2635.208606715298,801.4820276209128,5.197008845635597,7.4420127386465476,16.066439952305238,brackish,BR0089,2022-02-22 01:23:00.451127816,Australia_Central,64.63480527591611,68.14255778548463,62.08560855527884,2.166541460002018,1.63893,0.1782679204602316,0.0,1.8171979204602315,3.1609273370097783,0.5957364148359078,0.0539075774640968,0.163278,3.973849329309783,2.156651408849552,3000,26.239258807669547,High,154.38304453020837
13424.559834347327,4.889721325231877,295.8820425757843,191.91452030373102,8109.497788625457,69.25306901176042,10464.5363775038,806.9169765696245,424.6042853924068,1.4067375055628302,7.857870130170611,26.49702884749064,brackish,BR0090,2022-09-18 15:05:51.879699248,Australia_Central,58.44601547687119,67.08729214702959,35.910060463601155,1.6952287389560816,1.28524,0.1424454196403914,0.0,1.4276854196403914,0.1432811412497686,0.168324524573389,0.0402523752882177,0.2813115,0.6331695411113754,-0.7945158785290161,3000,-9.66660985543636,Low,179.70092532761794
9903.879241547353,79.92601865615006,466.19685784501553,960.4971422018973,464.716272263385,243.79903648492828,7258.126667147559,942.8098527280141,641.405972325557,3.1407213453909764,8.039011714690348,31.34403412222042,brackish,BR0091,2022-05-24 12:52:19.849624064,Qatar,59.823790896472296,67.29552924592255,65.36550686678056,2.5231115794433965,1.05086,0.2038487888795939,0.0,1.254708788879594,4.240744135198869,0.2602765635290999,0.1848877370502476,0.104748,4.790656435778216,3.5359476468986224,3000,43.02069637059991,High,157.60561779353512
15997.321492645611,5.513373894914642,755.1656547075825,195.13465080473597,5334.341623838568,82.00860369190606,3192.401942298386,1504.3062465713479,340.9613714628021,10.901366963172384,7.515071153941624,20.076088503810094,brackish,BR0092,2021-12-29 04:05:24.812030072,Iran_Central,71.57216520623714,66.94956379983958,30.19417836487287,2.3062178514383955,1.74901,0.1856865094433094,0.0,1.9346965094433093,0.1204747716758427,0.5414978246307407,0.0401697382799037,0.1245405,0.8266828345864873,-1.108013674856822,3000,-13.480833044091336,Low,161.94198932180146
8099.536491463761,14.806063411068225,1098.877215202738,619.6175330857242,461.923744576176,61.034534136184064,11027.03122272584,795.4480818250565,615.7354766752698,1.0267491893123561,7.30333107160651,16.68769671662985,brackish,BR0093,2022-12-19 02:35:11.278195488,Atacama_Chile,72.11328599070006,64.59668150617546,39.33286473926823,1.5685679988170635,0.84358,0.1236448654525884,0.0,0.9672248654525883,0.4488430526856856,0.688756879028616,0.1306532480143905,0.1668,1.4350531797286925,0.4678283142761038,3000,5.691911157025931,Medium,147.6768639779462
15023.03538378617,29.885558480746145,1094.492636393533,943.6686871765631,5233.9960822737485,227.37657173213717,7118.690824197577,2143.7940117488847,1120.4806740745469,3.7226046973298548,6.999175032332885,15.923903410416395,brackish,BR0094,2020-10-30 17:01:21.203007520,Great_Basin_USA,70.69277977033519,60.84936875815991,20.81685237010545,2.4302168536048616,1.51546,0.1975905540634591,0.0,1.713050554063459,0.4817435975489803,0.7511984441067266,0.1580866600336994,0.1840785,1.5751072016894063,-0.1379433523740527,3000,-1.6783107872176417,Low,182.10074836788743
7922.041720535188,24.10752271250237,894.8257500376642,217.0302634218791,4167.2276136415885,235.63051720292566,6617.6600197599555,817.658030500262,839.7895353845846,14.71676239001672,7.16586676811304,35.88965188695258,brackish,BR0095,2022-10-10 14:00:54.135338352,Great_Basin_USA,71.62077331761581,40.73224535777825,37.814752969194885,2.490113918892065,0.8559700000000001,0.1961984507834928,0.0,1.052168450783493,0.7936333464656808,0.5897197178353832,0.0244393472146669,0.1559325,1.563724911515731,0.511556460732238,3000,6.223936938908896,Medium,152.15759935799304
12146.72347564616,57.82260525969568,1027.2939428768104,326.212851617415,5799.437412146579,231.0322967772939,7216.9423753510255,1486.2746561709664,445.3595030481378,31.03548144430067,8.118635357019683,18.77444852485648,brackish,BR0096,2022-06-11 19:58:11.729323312,Great_Basin_USA,64.24321673347792,43.96760776468157,67.08605598634374,1.8157568875483705,1.21551,0.1372902193261755,0.0,1.3528002193261757,2.955113931776048,0.5749819292219661,0.0425650410769882,0.1892819999999999,3.761942902075002,2.4091426827488265,3000,29.311235973444056,High,155.6247670907795
8317.357695557022,4.674802280821584,894.1207257832767,878.7818864184226,2241.770004593433,17.973363770164624,1785.4308321745348,1426.9833850057023,704.1171991430257,13.240506187652066,7.080572092586182,27.41754575626007,brackish,BR0097,2022-10-21 13:28:25.263157888,Atacama_Chile,66.15583036878459,44.02696163594401,40.084530824242165,2.072986129673415,0.9432200000000002,0.1618785272396031,0.0,1.1050985272396034,0.1599372779887262,0.5296065306674829,0.1273259730511501,0.063294,0.8801637817073593,-0.2249347455322441,3000,-2.736706070642304,Low,172.7304980944377
8958.564851427798,33.60257842493618,968.2577369922888,694.4978101189936,503.05217472130437,105.42113985263761,4180.346393421158,1622.1099500423363,790.0401470015181,2.855517151837892,8.019221415043976,27.954665967289046,brackish,BR0098,2020-10-01 10:27:58.195488720,Iran_Central,63.92932916387351,40.7062085283877,24.247440557391627,2.3754165979839232,0.97207,0.1903078764901248,0.0,1.162377876490125,0.706255201115146,0.6592596997231961,0.0927979435821654,0.065841,1.5241538444205076,0.3617759679303827,3000,4.401607609819656,Low,156.13811104234802
8494.121903387659,15.123752839208118,953.910123473155,417.9135096185385,2880.1787848171966,204.49084267626804,5558.923806821734,1120.190120888274,595.2893789122214,7.207184405380574,7.28693618509759,36.386040528810355,brackish,BR0099,2023-09-15 21:13:59.097744368,Australia_Central,69.639702101323,43.501053052709096,42.07434811448536,1.6987889321143435,0.8113100000000001,0.1366539616928075,0.0,0.9479639616928076,0.5204176118280694,0.6184674087737655,0.0541327104187911,0.129948,1.3229657310206262,0.3750017693278185,3000,4.562521526821792,Low,158.68015276860598
17431.15816587985,35.86639465001133,875.5064604949984,927.0841728005711,5270.013289642576,165.39522887451045,4672.235570656899,1043.4424730636854,864.4256074755742,10.614127523697569,7.2026834487037545,23.49146460345044,brackish,BR0100,2023-09-26 20:41:30.225563904,Qatar,63.7750121440361,67.59239300701319,39.369191592889344,2.749348317324806,1.67243,0.2223268053401708,0.0,1.8947568053401709,1.174981396928101,0.5058940083323235,0.1948080358855127,0.156627,2.0323104411459374,0.1375536358057665,3000,1.6735692356368257,Low,155.03156944470396
6161.611275839763,27.959459807562542,735.9455460815526,939.0308019495841,7806.431993534935,44.486361908533034,11211.652383423141,1556.1743930647074,812.5191717324759,7.825446661764221,8.046461428914627,19.90047711899409,brackish,BR0101,2020-04-12 10:56:50.526315790,Iran_Central,52.77692411376951,59.914128607323576,49.13725498641054,1.5958182122764988,0.63354,0.1232983255545244,0.0,0.7568383255545245,1.1136074372080196,0.3509623232026381,0.1729121751607358,0.2720385,1.9095204355713933,1.152682110016869,3000,14.02429900520524,Medium,155.10746815871747
5850.051431899026,29.041940524339157,767.6227435419698,729.3955223754542,546.6899365056925,178.7652020414187,6902.6266302110735,1745.2341391766226,484.75607777426825,17.585066967387334,6.784692266846373,27.95805502731976,brackish,BR0102,2022-07-18 10:09:55.488721808,Great_Basin_USA,70.2395030114215,49.36219054886267,47.33706089774444,1.6231240091941521,0.62988,0.1323404897963226,0.0,0.7622204897963226,1.2201316794637218,0.5613541080672807,0.1008025293198324,0.110544,1.992832316850835,1.2306118270545126,3000,14.9724438958299,Medium,162.2516425108724
18561.635027863584,17.39400940567962,948.0926867016527,346.9364422324611,7466.7108191600055,66.03142038512655,9060.960940194856,1501.4897548384192,754.0399609208079,12.96031593089439,7.879550537808796,33.94348446418586,brackish,BR0103,2020-03-17 20:12:37.894736842,Atacama_Chile,69.01462926693841,63.8008003671004,28.49908589599107,1.6764316818125518,2.0,0.1339328303825861,0.0,2.133932830382586,0.3706990098835142,0.6584326902286406,0.0631627923634294,0.247512,1.339806492475584,-0.7941263379070018,3000,-9.66187044453519,Low,164.27135757601764
14500.16341027714,18.55773429859778,970.1445023872357,521.9197141141805,2067.1508776758947,306.9638309492486,6386.6317655546245,3376.5910477249677,374.6882067996077,18.403538624758806,7.838815217662216,21.52592780424839,brackish,BR0104,2021-11-15 06:15:20.300751880,Atacama_Chile,70.50751488206564,54.651084608645526,20.819497181763108,2.2956813035040584,1.4889200000000002,0.1833728551170066,0.0,1.6722928551170069,0.2857600905180077,0.6139230335811219,0.0780417488211458,0.1214099999999999,1.0991348729202757,-0.5731579821967314,3000,-6.973422116726899,Low,151.02891824226128
1045.1162944151704,32.12912019733732,901.5202919299242,638.3372071759877,5095.312635758472,299.3275643746809,8891.829307907317,455.1667377767829,240.57405294725092,7.22518747433691,6.8415882160699,15.026103587041533,brackish,BR0105,2022-10-25 05:17:35.639097744,Qatar,54.760736584744045,44.2638111074763,39.66105683335273,2.3935883761692973,0.1,0.194413681460235,0.0,0.294413681460235,1.177362268732176,0.5006270347166568,0.091081644115854,0.2296875,1.998758447564687,1.7043447661044515,3000,20.73619465427083,High,149.66910631022543
7639.8269281197745,57.2711736868609,1309.04934818439,530.3456791102948,2602.3770204368275,248.40253908391776,7305.9717569506965,1601.8273023411925,484.3789924015164,22.464719524180676,8.166400942988394,15.90901492701846,brackish,BR0106,2021-03-07 18:42:24.360902256,Australia_Central,56.79042631787418,66.53506243679477,75.07218472511681,2.0189148300911346,0.7173700000000001,0.1684488955801784,0.0,0.8858188955801785,3.2110475428104768,0.7289709986844438,0.1084654587844628,0.150906,4.199390000279384,3.3135711046992053,3000,40.31511510717367,High,151.40655892830236
965.2427785162622,14.148944938687293,1006.0530749692814,928.5435912621027,4421.8488701722945,296.97980723753983,5848.195723258206,207.3520252230358,479.31337740308544,8.860694406729893,7.80490688980282,13.308976894413773,brackish,BR0107,2023-08-17 14:40:36.090225568,Iran_Central,57.39379243158825,50.159858387094175,20.82286306299338,1.9517295353070094,0.1,0.1546400193201799,0.0,0.25464001932018,0.2492496708640307,0.4992433470937163,0.1326778414197028,0.159003,1.04017385937745,0.7855338400572699,3000,9.557328387363452,Medium,142.63741743580147
4822.874139094958,8.797902786986999,538.5918499564441,206.27309677418046,5795.913113005266,136.69785539321714,5265.735383993441,2050.2869926591284,105.49422081245929,2.139219324866283,8.525758788841257,34.547323252229866,brackish,BR0108,2023-10-07 20:09:01.353383456,Iran_Central,62.70201340464184,60.965776915896825,23.68032587607778,2.7090091638566305,0.5246500000000001,0.2171180850750668,0.0,0.741768085075067,0.1568442704076136,0.3252880132211371,0.036579466149538,0.1893375,0.7080492497782889,-0.0337188352967781,3000,-0.4102458294441337,Low,140.54314182306211
1018.7490546506433,45.082956171754795,1094.7217096595714,221.4533253562267,517.2201418936036,215.56551196979555,2410.5261402844153,408.3485331984666,726.7670796476228,27.93394376362545,8.220707228637652,19.312110077719925,brackish,BR0109,2022-07-03 18:53:13.984962400,Iran_Central,53.3469271040865,48.71782481498822,37.54105113607957,1.6264769702792616,0.1,0.1281943180471704,0.0,0.2281943180471704,1.3570864739385946,0.5906913189297923,0.0292306948889929,0.040233,2.01724148775738,1.7890471697102093,3000,21.766740564807545,High,161.43978890335333
8778.108257658621,29.258817252981558,281.570035505879,673.5610016671122,1805.0936315316933,296.6907335534534,7263.9117982886,1220.7071146219191,100.13481516321849,1.0778628777073185,7.980478114662351,22.68451727306938,brackish,BR0110,2023-12-31 00:00:00.000000000,Australia_Central,59.63454383187168,55.002137520214,47.35481792130476,1.8896954058747462,0.93151,0.153635023335935,0.0,1.085145023335935,1.1034430252750749,0.1717474862357904,0.107963695738428,0.14982,1.5329742072492931,0.4478291839133583,3000,5.448588404279193,Medium,168.54072483905009
4134.657849244565,50.14179275865814,375.9568757182718,511.03885587254337,4248.1280043800925,177.59874461575126,5598.719531615827,1026.508698653931,1185.1592922125076,4.230597942047518,6.51838289968287,19.588788415332388,brackish,BR0111,2020-10-19 17:33:50.075187968,Australia_Central,54.55395402697574,64.48758134591246,82.66250691283517,1.615759217579911,0.42903,0.1246938694564765,0.0,0.5537238694564766,3.3510057702352767,0.1924139780113045,0.0875418916770761,0.1559114999999999,3.7868731399236575,3.233149270467181,3000,39.33664945735071,High,167.79290691776416
11254.97767654194,8.027882927792946,847.110787097582,427.4703332770833,10000.156763597051,113.04196368239467,4245.7258635210665,1710.6457697659932,1003.6297103651743,5.63783749139299,8.475581064089155,25.53529721379586,brackish,BR0112,2022-05-28 04:41:30.225563904,Australia_Central,56.61906782581841,44.70332039273103,24.544551638362243,1.4808323495178528,1.02995,0.1216668161959521,0.0,1.1516168161959524,0.1449404863348567,0.5078322726687565,0.0552398930092977,0.2098799999999999,0.9178926520129108,-0.2337241641830414,3000,-2.843643997560337,Low,131.78016561074062
1982.9241611512575,4.56614419561624,989.1722133119307,214.87034426624123,1401.008511088901,9.905506840416058,10897.28776790635,1052.5944072221205,457.26082894760873,32.281714171587524,6.506137876309358,22.266980619661904,brackish,BR0113,2023-02-26 15:09:28.421052624,Qatar,67.65969086396069,69.31754185717836,31.537218392157484,2.13433667026864,0.18744,0.1624055864318641,0.0,0.3498455864318641,0.1258335013847083,0.6538199503071631,0.041590525114307,0.177543,0.9987869768061786,0.6489413903743144,3000,7.895453582887492,Medium,155.4370069538876
10529.766749066177,17.410565355981223,309.04449350968906,592.1787605620308,9011.547075579057,134.58173739404103,921.5975862519464,992.438389274517,498.9405879304619,25.39721945728471,8.10967188163278,23.413647021774086,brackish,BR0114,2022-10-17 21:39:14.887218048,Atacama_Chile,71.37027890793203,42.10647768582179,21.29608593056522,1.6982702081791015,1.04146,0.1433788394933918,0.0,1.184838839493392,0.2838044187622704,0.2069167126098765,0.0765369444895182,0.1649865,0.7322445758616654,-0.4525942636317266,3000,-5.5065635408526745,Low,145.94929100561257
7219.767320400685,11.632605604656503,705.7294013238601,584.7842612427839,10115.844094893198,214.35178201352375,4515.9069944339335,2808.5641492889504,654.3352417680509,20.419855152578616,7.961123651813018,34.94354794636273,brackish,BR0115,2021-04-20 16:32:28.872180448,Great_Basin_USA,50.57264666492959,56.02026729221512,34.07815539088787,1.927363919963909,0.79254,0.1522039025805895,0.0,0.9447439025805896,0.293699174420828,0.3140682732244124,0.0981811204563362,0.21465,0.9205985681015766,-0.024145334479013,3000,-0.293768236161325,Low,159.7412453053958
17768.90581319684,29.404026557859204,583.6557366730017,846.7578221819356,3958.8779733507195,249.0447966627795,10315.998731968577,1432.5317919590514,357.9265036499812,7.306898557742758,6.483017965029262,36.654952823024786,brackish,BR0116,2020-11-14 08:18:02.706766916,Australia_Central,64.14742408387501,67.48076558055844,42.59250379019617,2.77037877292857,1.75098,0.2185136588945961,0.0,1.969493658894596,0.9516869046881432,0.3433785952240195,0.1611440682063735,0.207285,1.6634945681185362,-0.3059990907760599,3000,-3.722988937775396,Low,153.52448473502076
18325.587301425327,16.394477828437214,575.0443468859771,690.7822885340977,2860.215467747773,211.25594898905592,8448.091628892678,924.9213925922646,590.8662512562024,29.54748479960725,7.365710012698997,15.17134147299306,brackish,BR0117,2023-06-23 17:23:00.451127824,Atacama_Chile,50.90149405155668,68.37081654647577,43.699181340968345,1.7028353777787786,1.70568,0.1395576115499066,0.0,1.8452376115499067,0.4916944486123076,0.2957824737543096,0.1273132974911925,0.155514,1.0703042198578097,-0.7749333916920971,3000,-9.428356265587182,Low,164.70276075808073
13560.506383888818,46.704225740549646,1274.522963314967,588.7962977302719,2095.160240232079,101.54591009224336,5972.842981054205,1224.0421086504375,440.29953562166605,13.529058245599627,7.290847593808723,27.84619449133648,brackish,BR0118,2020-10-12 09:55:29.323308272,Australia_Central,52.13123112528876,46.96326888639328,34.96968399789719,2.7043484619325717,1.39267,0.2136280040582161,0.0,1.6062980040582162,1.3534316797706154,0.5892413906583839,0.0789264696904725,0.115986,2.1375855401194714,0.5312875360612552,3000,6.463998355411939,Medium,157.93796571271196
9158.22455356569,24.327858496859275,1059.902151424577,947.5510288918381,3380.8969355211266,10.402070445793715,6934.75195996652,3090.4055658261723,451.49802430006514,18.594116969425155,8.115649951180703,18.239684892708077,brackish,BR0119,2023-01-17 09:08:34.285714288,Great_Basin_USA,67.62710086535273,44.31954943644426,22.87609024124655,2.6090225692494573,0.83669,0.2010060747775636,0.0,1.0376960747775636,0.4162167362853362,0.7028457542095763,0.1267228877036251,0.161991,1.4077763781985375,0.3700803034209738,3000,4.5026436916218495,Low,137.16031102231153
21730.128427679025,33.548989556782196,723.8580247729634,226.1900951614188,574.1063450529834,97.00100533435824,6314.939376186119,1311.594746773345,522.873104387189,11.535293247354193,6.901345835609974,22.92857265352965,brackish,BR0120,2021-09-14 01:19:23.909774440,Australia_Central,68.39020266255292,61.73209000953673,31.440919255447,1.8573462633833397,1.9926900000000003,0.1591734630168999,0.0,2.1518634630169,0.8480370505256184,0.5202470072621466,0.0382059905069022,0.1082655,1.514755548294667,-0.6371079147222329,3000,-7.7514796291205,Low,147.44387584517267
2495.067709329197,36.82687261918488,574.5958521815842,644.1486408305647,3662.730947696235,125.58221060297248,473.951482156555,860.4241876639252,112.9361680786755,9.68087514313346,7.651892313241937,27.93592973435165,brackish,BR0121,2023-05-10 19:32:55.939849632,Atacama_Chile,70.34951682931997,41.25920704828712,47.963058799230936,2.3548227559810493,0.22348,0.1855867374211545,0.0,0.4090667374211545,1.2975062592485551,0.3927866782841519,0.094182391929125,0.0640695,1.848544829461832,1.4394780920406771,3000,17.51365011982824,High,158.2140441136885
3045.9207236359257,34.881215783452696,330.20155322405975,180.08871697890376,8577.146297128089,121.26793332620854,4336.928939749205,871.4965891620278,468.4787098210336,8.403455861242598,6.617690643184703,20.732988075567704,brackish,BR0122,2021-05-27 06:44:12.631578944,Qatar,61.85603779425762,54.557169070909424,26.88837669559144,2.004591802565464,0.29822,0.1733322731729446,0.0,0.4715522731729447,0.7488466686475608,0.1781453888474619,0.0327343014425456,0.196404,1.1561303589375682,0.6845780857646235,3000,8.32903337680292,Medium,159.14756750680274
9975.050103050798,28.601751640927038,1383.9245438745677,365.1284668863903,1879.7371600946708,213.8867599498272,13662.557844687519,980.5677374948303,575.010871047486,7.8011614029089795,8.497110943039841,24.821400911862494,brackish,BR0123,2022-04-14 06:51:25.714285712,Great_Basin_USA,71.49518705040471,63.89065680379546,29.5926334973818,1.6435586494178527,0.95811,0.1354074378597198,0.0,1.09351743785972,0.6942786930087739,0.9390006278751232,0.0667976816883681,0.2194919999999999,1.9195690025722647,0.8260515647125455,3000,10.05029403733597,Medium,142.58845490031285
21979.862203663524,46.712992322799394,1037.7087868255985,236.43326756228916,3263.5431280928833,333.67346444423276,3366.929920325812,791.3581490586337,497.93244760290054,16.6684229994776,6.60056637561876,31.498657789289414,brackish,BR0124,2020-07-09 06:36:59.548872180,Atacama_Chile,54.17095729104061,56.807641735505015,42.404815263892125,3.000598480602359,2.0,0.2288622386081011,0.0,2.228862238608101,1.4483110224490772,0.5391787057857687,0.0402538949337788,0.0996075,2.1273511231686246,-0.1015111154394765,3000,-1.2350519045136314,Low,141.14062285189266
9269.791764718995,9.752465709113617,576.5850708663351,869.975318525976,507.9968762201367,156.7515121843815,4913.826707392263,215.13597052400786,460.3942738177048,11.051408302697386,7.763369883921807,27.612912561514474,brackish,BR0125,2020-10-16 01:44:39.699248120,Iran_Central,56.24291034087506,45.64039797322015,42.00742366657815,2.3133340524012564,0.89883,0.1883541561102912,0.0,1.0871841561102913,0.3385714332678865,0.2793067921856128,0.1142744284453485,0.078402,0.810554653898848,-0.2766295022114433,3000,-3.365658943572561,Low,158.7726640096039
8765.082272815867,58.57209779700247,978.8080538161936,583.016748821365,5091.3062329267095,128.96357857333462,4239.84077221687,436.411385846045,842.4141989836645,10.688223038394808,7.502067867276281,19.54933456212999,brackish,BR0126,2020-02-24 21:17:35.639097744,Iran_Central,53.36255369004928,54.6113289840989,82.80505720062331,2.7210371433814413,0.90838,0.2256288054954545,0.0,1.1340088054954545,4.295098316996331,0.5572587446787418,0.095089246027113,0.1343355,5.0817818077021855,3.947773002206731,3000,48.03123819351522,High,142.61070108836765
2702.787024826686,23.228079308085753,702.4352230703865,619.7158577590113,4604.464901568,145.29518949470304,4718.813756026034,688.2691014822416,430.672416066161,22.030097987526275,7.242878077703673,19.9940540438355,brackish,BR0127,2020-08-25 20:16:14.436090224,Iran_Central,69.93843151454692,67.63824149346678,31.643560721611266,2.7194945842184692,0.27904,0.2188591814175948,0.0,0.4978991814175948,0.6085626310858836,0.5182605627463561,0.1209168843178705,0.1566795,1.4044195781501103,0.9065203967325156,3000,11.02933149357894,Medium,139.67743793392304
14975.567333297398,5.216661531305986,607.6975398665469,252.72180307816774,3913.3997412478657,165.8245245136789,3995.818867242704,2145.4531986550032,613.6002143981503,1.0701805869990115,8.317148254200331,15.521372558042506,brackish,BR0128,2023-11-28 01:37:26.616541360,Qatar,55.716877959665474,58.51638934132831,35.437961716228735,1.7201432845526046,1.47296,0.1295731110371308,0.0,1.6025331110371308,0.1413974672477526,0.3665011658684427,0.0470471770304279,0.117879,0.6728248101466234,-0.9297083008905074,3000,-11.31145099416784,Low,153.22207195491472
13431.958936977902,38.08126212760505,999.5097618915156,530.4703466756475,3614.5689238498153,64.32496928541465,7977.816748055951,1146.9535008593296,978.5242115046595,14.459110508646807,8.607307197316187,17.35899809937021,brackish,BR0129,2023-07-26 15:45:33.834586464,Australia_Central,53.8877810689574,61.64471882707059,34.02177383661433,1.711395867934342,1.47659,0.1448724799222143,0.0,1.6214624799222144,0.9420833306001528,0.5039240403770054,0.0943349132210661,0.1694475,1.709789784198224,0.0883273042760097,3000,1.0746488686914522,Low,152.74265754583547
13805.553798517612,8.767677789555576,509.2668848132828,396.824945297551,3128.4319443326167,152.56070369404654,6996.057173670492,1330.390194318302,524.8949311554493,16.08029181759097,7.8077278588561905,33.83254291189653,brackish,BR0130,2023-03-24 05:53:41.052631584,Australia_Central,65.5777671897014,50.087916389875446,47.83256513067359,1.6637105753191639,1.39454,0.1374313337249797,0.0,1.5319713337249798,0.3320823666762144,0.3169137408316386,0.0557478509419313,0.148665,0.8534089584497844,-0.6785623752751955,3000,-8.255842232514878,Low,148.42566751561526
7379.993700554683,50.8999588333174,734.0443990325996,776.0885577267582,6099.504425157187,188.38394337095423,8566.843479454394,2307.9978663021716,569.9735615733678,19.944918015779646,8.08577136082146,18.957739289884568,brackish,BR0131,2023-05-25 10:49:37.443609024,Australia_Central,51.92705065901686,45.65451325502853,43.07991766473904,2.869535326659415,0.6853899999999999,0.2196935439344302,0.0,0.9050835439344302,1.602004282215118,0.3302560421913472,0.0979289309320362,0.2189985,2.2491877553385016,1.344104211404071,3000,16.353267905416203,High,150.3592800205763
5474.617988000779,77.09984476830763,863.0629065320784,345.36520194931126,3769.3691059392213,197.06220256716233,1701.2551888854741,2748.1370673963493,432.8864810485158,10.038021102243373,7.762942498654098,13.985410334026891,brackish,BR0132,2022-06-08 04:09:01.353383456,Qatar,51.12250693050432,47.669266896988105,80.7860444958462,2.9493641555033934,0.6466500000000001,0.2234935951746242,0.0,0.8701435951746244,5.492610850854785,0.4164725700597693,0.0432884612691548,0.085647,6.038018882183708,5.167875287009084,3000,62.87581599194385,High,158.30316837393352
3914.0431478407772,9.980407041866293,583.2197411016366,1015.9680954650174,4794.39886045206,190.32778841066465,4797.329238114057,1214.6695224110074,807.01293401404,11.430687553025049,8.410929185395023,28.171802028329893,brackish,BR0133,2021-02-02 20:19:50.977443608,Iran_Central,52.667941213811474,55.99532781280885,23.992948064882327,2.2848454663352418,0.35344,0.1833565811770039,0.0,0.5367965811770039,0.1972076373244938,0.3034684638386846,0.1678011988566443,0.1437525,0.8122298000198227,0.2754332188428188,3000,3.351104162587629,Low,150.17743657481256
11238.0126154049,37.52633011090985,1067.7341344399265,203.8347552158605,4910.08475947073,205.67721329755403,5947.917341364868,947.0623356043799,360.9522388660707,19.196603310549374,7.218772120061207,21.56320651930836,brackish,BR0134,2020-07-16 14:15:20.300751880,Australia_Central,50.00602209967919,48.40660460832111,43.7554007860448,1.5947010416454837,1.04194,0.1325013687009608,0.0,1.174441368700961,1.337313816384201,0.5125097202587281,0.0290439627649926,0.1461299999999999,2.024997499407922,0.8505561307069611,3000,10.34843292360136,Medium,158.9326513783406
4450.020160748803,4.959904200384618,1560.3514800567125,319.8292980478034,6532.973134628159,9.73685022817005,8371.99631045781,637.7210624275352,817.8669016191296,20.237506534053725,8.306893893358845,24.978987561194668,brackish,BR0135,2022-08-27 16:10:49.624060144,Qatar,67.42475385554481,56.25894362278304,32.98936298172491,1.8105282897879185,0.4598,0.1362739942251619,0.0,0.596073994225162,0.1316275582970824,1.001726871041675,0.0604221054508689,0.2278935,1.421670034789626,0.825596040564464,3000,10.044751826867644,Medium,153.93802307091303
4269.3438495167775,41.54311687643131,439.9872950250402,1062.1622859584863,5518.71217324424,217.60705955300196,3077.5431895799647,1940.0670882021484,471.15899891683966,7.597164134990501,8.303959734065465,35.70889622361956,brackish,BR0136,2023-04-26 04:16:14.436090224,Qatar,64.05588304286196,61.23375782128531,20.70016048491941,2.8504451784300104,0.41129,0.217625857492592,0.0,0.628915857492592,0.682223469165683,0.3064228465944779,0.2026592448853258,0.1328715,1.3241770606454868,0.6952612031528947,3000,8.459011305026888,Medium,160.00597104520796
7883.236616672855,8.282073759437884,356.91696453103276,463.1543576377727,4930.346128288632,87.49449782507261,9532.73379681804,1334.296613879249,232.71162301829017,12.808066525858619,8.385278444289296,29.777058005937732,brackish,BR0137,2021-05-08 23:38:20.751879696,Atacama_Chile,55.24687772594309,62.03187628510904,21.80265058229854,2.9527270072347696,0.78815,0.2315028163835196,0.0,1.0196528163835197,0.1374482698009264,0.1591110078507161,0.087371897747576,0.213618,0.5975491753992187,-0.422103640984301,3000,-5.135594298642329,Low,167.87217471216638
8204.611526888166,13.951634707124146,310.9172913801401,220.60884675949538,7853.462755872176,38.78265874073753,10294.226982470915,1050.8458877927192,694.9254393131442,25.029838795410825,7.202353022724278,22.234093022290473,brackish,BR0138,2022-04-25 06:18:56.842105264,Australia_Central,55.8251236994399,44.9405481898328,40.33723819204533,1.7553629687825103,0.75542,0.1439370822132788,0.0,0.8993570822132788,0.4635232715124314,0.1607763562543869,0.0277058479590319,0.289515,0.9415204757258502,0.0421633935125713,3000,0.5129879544029516,Low,167.44089327239658
7812.945842937378,5.048660040433593,750.6754902392578,637.2279586185474,4590.923549308745,37.822838494688526,1932.7550993547723,627.8444010168075,422.69264642743497,1.0322552193782981,7.184133938651915,24.102404325959625,brackish,BR0139,2023-07-30 07:34:44.210526320,Iran_Central,70.274214961751,62.5129254650159,31.16037323437909,1.5144754713090647,0.73101,0.1213365091766607,0.0,0.8523465091766609,0.1243298892051726,0.4990930965955525,0.1248445634461832,0.1095795,0.8578470492469085,0.0055005400702475,3000,0.0669232375213456,Low,172.4111340199371
11123.583347929374,48.147439507814376,557.7249727675631,482.8972147523181,8950.144408861579,215.85777792353625,3898.5358177183275,687.6569553728016,671.5945293940694,4.376081382043943,7.469871210137135,22.500862986281714,brackish,BR0140,2020-12-28 06:08:07.218045112,Great_Basin_USA,62.54550289650752,60.18064418777077,46.04346719670441,1.9868249305180095,1.2332200000000002,0.1597143486180933,0.0,1.3929343486180936,1.7746717735494568,0.3210535718281207,0.082579879954459,0.1792709999999999,2.3575762253320365,0.9646418767139427,3000,11.736476166686304,Medium,167.4287052221
10822.529716830999,51.6223614113646,926.9536585869222,349.1603587505471,5252.8806364677675,136.50127588747353,3315.8707408823643,1889.2188363888667,92.14719839711191,23.062099115342058,6.5247141261854775,29.236605625644586,brackish,BR0141,2021-03-22 09:59:05.864661656,Qatar,67.4632089270435,40.3601540010612,78.35682834689666,1.5610914775079971,1.0395200000000002,0.1236599267577457,0.0,1.163179926757746,3.45158694594946,0.5719368941133323,0.0422812973315117,0.1453965,4.211201637394304,3.048021710636557,3000,37.08426414607811,High,160.79095115293356
8435.99930525677,30.356525951987567,844.6075513806497,267.83664050266134,506.444178941486,10.55347062308351,14238.834689963818,217.62265735664096,499.73085946451283,17.823799592993552,8.507633155278402,20.615453514271348,brackish,BR0142,2021-09-25 00:46:55.037593984,Atacama_Chile,61.31888628187289,41.76616525269253,20.65040035000885,2.861320114561433,0.8559200000000001,0.2193569899293645,0.0,1.0752769899293646,0.5042579960667961,0.5021280959850007,0.0339809520495906,0.2325,1.2728670441013874,0.1975900541720228,3000,2.4040123257596107,Low,153.35169505550476
10978.388805332348,8.315528196420495,286.7439361389453,1454.914286310239,7952.7742330471365,208.70062755457988,4112.502504556101,2579.240334415649,339.32596163176873,15.940900619306417,7.516001249655561,14.062772133456482,brackish,BR0143,2020-05-08 01:41:03.157894736,Great_Basin_USA,55.942950650519805,59.38748505581141,40.60664935508006,2.296293144162531,1.09151,0.1789814708671502,0.0,1.2704914708671502,0.2721944919569727,0.161115697873497,0.2548613921170146,0.1829235,0.8710950819474844,-0.3993963889196658,3000,-4.859322731855934,Low,153.857292703963
4785.378620458486,68.89457192335014,312.5884644127558,510.13869379273683,3538.744386579732,10.321702841817746,12554.477694704805,1008.9462587061137,177.56913508327526,6.3620674379201505,7.766592979686275,24.652579145441493,brackish,BR0144,2022-01-23 18:49:37.443609024,Qatar,74.26007001707268,51.51111698691129,64.80881181830891,2.3831905995294815,0.50424,0.1970232934515623,0.0,0.7012632934515624,3.6047049986214335,0.2138690016491693,0.0810527425789049,0.25674,4.156366742849508,3.455103449397945,3000,42.037091967675,High,148.43256632910237
11814.511303107549,11.224899413959857,943.1965785160861,193.9934785267027,3772.1684641868437,187.16406633524977,942.1092109214368,1395.1160235508307,365.39412542820986,2.5874559840761897,7.006519661804779,15.776488530703684,brackish,BR0145,2020-06-28 07:09:28.421052632,Atacama_Chile,64.14118908438493,44.38311998726998,32.677477061117365,2.204657990661433,1.05264,0.169378185136385,0.0,1.2220181851363852,0.2920582189814426,0.5655097733289516,0.0266298719923619,0.071664,0.955861864302756,-0.266156320833629,3000,-3.238235236809154,Low,158.20014151658626
11535.864932458866,5.026485739214685,805.773431415048,923.0249724498965,4996.047964633377,174.3341884006375,2093.193504224863,201.41858047604657,321.69109175508044,4.856772433365859,6.723479515790312,33.9113842802698,brackish,BR0146,2023-10-11 11:58:11.729323312,Australia_Central,53.27454759419781,41.331896775089,38.74205606368888,2.0372207951107164,1.0753,0.1614609056414978,0.0,1.236760905641498,0.1545808036941186,0.4368683381276522,0.1299598830299123,0.103281,0.8246900248516833,-0.4120708807898146,3000,-5.01352904960941,Low,165.87042808308047
2356.127162823198,40.24418250469321,692.2496707134577,769.7044228580045,3038.63939229991,248.24143605698976,3250.200716575371,1560.1727808799417,545.7983891533966,22.46843322262719,6.7798644032285225,17.554806835937768,brackish,BR0147,2022-10-03 06:22:33.383458640,Atacama_Chile,60.15225105459767,44.78195022017293,46.18153523887079,1.8710885640920423,0.24848,0.1466640495691301,0.0,0.3951440495691302,1.5293939025056835,0.3636275758951695,0.1052331048223843,0.0932805,2.0915350832232376,1.6963910336541073,3000,20.63942424279164,High,150.11649680228354
13579.167451707655,5.445450156889943,306.16039276278264,357.66546523772496,4977.162947106681,294.86672637848113,2510.677300809661,973.3144549664332,110.02145190856578,5.048938844964118,7.555725446282962,22.572007478608175,brackish,BR0148,2020-11-03 08:50:31.578947368,Qatar,58.23343529867252,68.7254189296485,33.682936651758176,2.772643945088351,1.49785,0.2124639056445774,0.0,1.7103139056445775,0.1343949172405151,0.1677122936601768,0.0763058326375887,0.1094744999999999,0.4878875435382807,-1.2224263621062967,3000,-14.872854072293276,Low,157.7379796956627
5441.810707662697,50.22205867078165,1039.1049595076445,308.5384139716552,2164.0645023387046,12.720412151171278,4251.064828377114,1461.1746900389815,570.7759890348428,12.289060453823028,8.024511785977642,26.148345173121175,brackish,BR0149,2020-12-06 07:13:04.962406016,Australia_Central,55.35218671471304,61.82696924712909,80.21226135477836,2.458508202310692,0.55928,0.2034657101298635,0.0,0.7627457101298636,3.501313335492889,0.525323249147187,0.059372438568018,0.1072919999999999,4.193301023208094,3.4305553130782305,3000,41.73842297578514,High,150.65126144693565
10769.38430839363,19.4654078943457,1436.3222240456835,825.4032537338048,8212.9645824719,132.62849861767205,3037.4444049688414,2754.3357392229136,839.1291939456801,3.7092201854680167,7.383521678326875,20.580743069293828,brackish,BR0150,2022-08-16 16:43:18.496240608,Iran_Central,73.3359997310065,55.831162628028814,43.488969884018985,2.0388997760941785,1.04515,0.1632874781395303,0.0,1.2084374781395304,0.7114360583326667,0.9214287019002364,0.1343297772830373,0.1648155,1.9320100375159404,0.72357255937641,3000,8.803466139079655,Medium,160.467657112342
16088.139261845108,53.87634516167377,912.5961565691779,550.146218078077,3482.6324951856977,133.31617678356636,2537.268412568335,1814.2701152170112,582.1504822233021,16.746131310986293,7.75362183933519,21.294906919104104,brackish,BR0151,2023-11-09 18:31:34.736842112,Atacama_Chile,72.0229998864938,68.24621500163775,32.436155385537745,1.9500791082386417,1.58221,0.1585339361159019,0.0,1.740743936115902,1.1673707450944266,0.6300226319671023,0.1076720534080838,0.0957269999999999,2.000792430469613,0.2600484943537109,3000,3.163923347970149,Low,152.06805124798208
15911.592974968784,60.277139334799,471.22804126537744,203.25072306499257,2570.5945384435236,158.84371142194308,10980.827503616389,698.0347954261383,802.6603570912408,5.2772908585742595,7.479220524859203,26.347091380862516,brackish,BR0152,2021-02-13 19:47:22.105263160,Great_Basin_USA,54.97867791300291,58.57331313044811,72.52450408582257,1.4312229541763968,1.46284,0.1201491454378414,0.0,1.5829891454378415,3.761846026931617,0.2433136369717856,0.0351439878782688,0.2022914999999999,4.242595151781672,2.6596060063438305,3000,32.35853974384993,High,149.9632482204892
10734.137850667488,4.526185863851585,864.1708192955211,1215.3693517572085,1113.9016235880747,166.7674520066943,11588.680763112001,790.4086130051787,799.9748097296108,8.882730274530568,7.903132973244395,33.536190120534,brackish,BR0153,2020-10-27 01:12:10.827067668,Australia_Central,58.80369722638792,61.76935564842002,41.0145503014944,1.6119216811517465,1.01717,0.1276262556054566,0.0,1.1447962556054567,0.1636480557029626,0.4616607704807043,0.2105470256632045,0.181806,1.0176618518468716,-0.1271344037585851,3000,-1.5468019123961183,Low,150.62242870375502
8743.184247884636,16.717472617186356,284.7779172401989,488.72792949285736,4314.386096343599,90.66352968723787,10440.875792073975,1874.37067413756,926.2599088529547,1.1178780421048538,8.534605135857802,32.72053534945014,brackish,BR0154,2020-08-11 04:59:32.932330828,Australia_Central,69.05788479177053,48.479554555176165,20.93445303940819,2.6183436995187392,0.8187500000000001,0.1947906629871162,0.0,1.0135406629871162,0.2656205270546191,0.1988867082002991,0.0683270841900652,0.2190525,0.7518868194449835,-0.2616538435421327,3000,-3.1834550964292814,Low,163.72210119085736
15074.794490642547,24.01430524762679,1227.828119579526,1027.0402201625577,4883.651713273947,99.73766283079276,8524.980254618358,2997.9063226356184,1150.7508379931373,0.9204564643790807,7.870975285224113,33.57590166675209,brackish,BR0155,2023-02-22 23:20:18.045112784,Iran_Central,55.21265120350539,57.66945530767588,46.72434241397738,2.146496181207843,1.4737600000000002,0.1817528772282554,0.0,1.6555128772282557,1.0477373094225462,0.6483467035404269,0.181433873343479,0.1898595,2.067377386306452,0.4118645090781965,3000,5.011018193784724,Medium,157.07893570829032
12072.914940206632,67.27350851905196,840.0181015673088,951.6346590099936,4617.674141756189,37.08032922312074,6311.451527760253,1860.148518426113,331.2255352070111,10.515038993815958,8.057545788794078,20.575620232508072,brackish,BR0156,2022-12-04 11:18:29.774436096,Atacama_Chile,64.78912156510611,44.304317328935205,79.24540398594233,2.1501205721395906,1.33735,0.1721763845382027,0.0,1.5095263845382028,4.325467734845488,0.517919054661733,0.1307198882790233,0.1730445,5.147151177786244,3.6376247932480417,3000,44.25776831785117,High,153.4071572380346
6813.565278499168,15.527804554197282,279.9227704146487,306.26269770513164,935.8135724438933,272.91891496951706,3865.3176526807074,2274.0294281055058,271.0364425767328,1.0275035151310075,7.683720542951409,28.278877917364223,brackish,BR0157,2022-05-09 21:35:38.345864656,Great_Basin_USA,67.49484855312042,52.13449435593326,27.48247644206991,2.793930075415535,0.69082,0.219300268896199,0.0,0.910120268896199,0.2960687187104191,0.1943851638329868,0.0468741238754196,0.0739514999999999,0.6112795064188254,-0.2988407624773735,3000,-3.635895943474712,Low,161.0438785454489
6472.6299509473765,13.467002730283856,789.9708407683145,946.548964900751,490.69265320746484,201.33895893054387,2073.005120564006,1989.6335982145604,771.6664615529345,26.754654404152,6.452342735486565,26.51922260200855,brackish,BR0158,2022-10-14 05:50:04.511278192,Iran_Central,66.34930814276916,40.99720974959831,49.43539859566927,2.264176675495504,0.60255,0.1804677845283416,0.0,0.7830177845283417,0.5956866659980956,0.4329371975485459,0.1119223826164033,0.040311,1.1808572461630449,0.3978394616347032,3000,4.840380116555555,Low,153.56109821452438
996.3933950032747,36.17302441192818,888.2375639088855,444.18974646374613,5834.572840448173,227.69824657613393,6665.628265143862,2761.0167550048773,720.0733965383733,1.0363605636234217,6.852246569250566,26.52119366314206,brackish,BR0159,2020-06-20 23:31:07.669172932,Atacama_Chile,67.66021600688751,46.498842627480414,25.381710577688565,2.069692244294648,0.1,0.1661392297688783,0.0,0.2661392297688784,0.85069341172181,0.6399898639832281,0.0564402951812357,0.199932,1.7470555708862738,1.4809163411173951,3000,18.017815483594976,High,170.62111634204757
11149.486872170603,13.962894127462192,606.2097021914982,216.67642262916135,9260.845979902211,127.8794777853661,1396.1405504209104,203.13039236224267,697.5125903651013,3.3076748637502913,7.943653659108769,36.050464819113486,brackish,BR0160,2021-10-27 23:09:28.421052632,Great_Basin_USA,67.66748972571907,42.24605888268024,47.42260021113205,1.6739919750887868,1.07702,0.1393507617029982,0.0,1.2163707617029984,0.5903544655083407,0.4331585486314509,0.0253476353296081,0.146391,1.1952516494693997,-0.0211191122335987,3000,-0.2569491988421181,Low,147.36881474553883
9372.602349312507,35.925518738708966,753.0403452623632,454.6869899987298,892.6376566272017,84.40522813398009,1999.5432712142847,2061.8418131717294,1040.5005728562217,11.271020013017116,7.323281306459445,22.370230062306906,brackish,BR0161,2021-08-26 18:13:32.030075192,Great_Basin_USA,74.12014799622321,51.63336458521694,29.734203749693336,2.750104453732341,0.95865,0.2184825609857543,0.0,1.1771325609857544,0.8020028372182285,0.4906872389586771,0.0732057843089205,0.0441779999999999,1.4100738604858265,0.2329412995000719,3000,2.8341191439175417,Low,156.0801318673563
14550.606428211075,5.393671851995034,325.6878633697961,714.1638817893122,9143.689418049526,42.310972500621226,9685.894749432837,2559.310055598119,500.91503200099123,8.05664821107639,7.8869757167648,21.93898778953534,brackish,BR0162,2022-03-08 16:39:41.954887216,Qatar,58.66247223800799,65.2910549391547,42.89440130492408,2.310694219928107,1.5681,0.1891497900145425,0.0,1.7572497900145423,0.1711486612066471,0.1746921493270087,0.1408915674532019,0.2907,0.7774323779868577,-0.9798174120276848,3000,-11.921111846336832,Low,142.5985466135355
11693.458383294983,82.33574417166248,952.8721162861963,482.8631388139653,4864.457227832701,170.24963566936307,12815.629788893477,169.74722356126588,559.0309074409073,1.2039567946117822,8.574733262274517,33.111973186752515,brackish,BR0163,2022-06-30 03:04:03.609022560,Great_Basin_USA,71.964760609396,51.33802319035159,71.40941483119863,1.5310318682803892,1.17953,0.1310951959107308,0.0,1.310625195910731,4.866494493214322,0.7092386231194168,0.0710312888861704,0.2768145,5.92357890521991,4.612953709309179,3000,56.124270129928334,High,154.30992704458072
17031.751257927917,5.239124341400374,563.5810309094784,545.8705250033306,3936.460302478804,42.81215584123189,7113.596563382149,593.3350965299601,216.9352140937351,2.6901200870287822,8.25102235577819,14.855910150413026,brackish,BR0164,2023-07-22 23:56:23.458646624,Atacama_Chile,50.54517656287767,64.9491887798393,42.09402162350007,2.5619868509355324,1.66711,0.1978678077596491,0.0,1.864977807759649,0.1679551462777652,0.26231733551896,0.0989630789438411,0.17328,0.7025155607405664,-1.1624622470190826,3000,-14.143290672065506,Low,139.55559522263877
6214.2562321922605,24.140993204368463,330.8248593449435,1005.0879474154842,3259.3853323861813,315.55724399737704,10457.199527310948,730.8516644828416,1102.3802582507171,2.041342894062162,8.737081102985256,24.829093596451084,brackish,BR0165,2022-12-11 18:56:50.526315792,Iran_Central,57.20507408308208,59.69494937736662,24.67349143818099,2.1990656599962666,0.65132,0.1710084894586092,0.0,0.8223284894586091,0.4331678156887055,0.1647506133592764,0.1688949202733833,0.1984979999999999,0.9653113493213652,0.142982859862756,3000,1.7396247949968653,Low,166.41209706299082
15431.905139944209,32.85333607109457,650.1198532582895,629.074491820371,449.5530388999621,19.26244395111923,5391.454145517685,794.9252029385234,321.2508058693191,7.915832844688536,7.42773587122582,22.871653848027545,brackish,BR0166,2021-07-02 20:55:56.390977440,Iran_Central,51.21639454997829,55.28588339892483,28.085193751594485,2.7212903445614254,1.56908,0.2173663468305595,0.0,1.7864463468305596,0.6544299507221542,0.3203278180733842,0.1048054491593418,0.082749,1.1623122179548802,-0.6241341288756794,3000,-7.593631901320766,Low,166.63557995263525
6871.691044892741,76.45845805869455,1409.4367415837257,316.5397897725113,7591.55379575626,178.367184957646,633.4835269813311,1030.1892192014336,406.81908062897287,28.16594520228393,6.728371373318449,17.584648333799155,brackish,BR0167,2020-03-10 12:34:17.142857143,Qatar,66.28009899889601,47.10675079783992,62.49644561180064,2.898152759829004,0.73554,0.2302697516395195,0.0,0.9658097516395197,3.8800543279412754,0.7587745733393615,0.0490381275805513,0.1141875,4.802054528861188,3.836244777221668,3000,46.67431145619696,High,166.83115590821683
14976.085139059112,4.194484898815505,567.3344723739561,753.9183521390727,1750.0809625764475,339.8501253931977,7116.531406555317,1984.7619032742634,375.443644703472,10.2594186905146,7.261363321162808,36.11267304430588,brackish,BR0168,2023-01-13 17:19:23.909774432,Atacama_Chile,52.519759268290485,67.66468278532457,45.954319443134096,2.4780721360967504,1.3888,0.1920558975811495,0.0,1.5808558975811495,0.183357734578105,0.3253031873270498,0.1645469755973522,0.1518285,0.8250363975025071,-0.7558195000786424,3000,-9.195803917623484,Low,158.46963279177146
2650.4200680170684,75.02606264433322,1567.818337974709,671.8823093193553,1604.859055574012,215.5576155825106,8167.588157087582,1978.8684166801008,342.73368013585394,17.614185534629566,6.824897021133953,15.561626874572076,brackish,BR0169,2021-02-17 11:36:32.481203008,Great_Basin_USA,71.14267159130115,41.626024265261,67.40732469423749,2.614900353120127,0.2706199999999999,0.2077935383176039,0.0,0.4784135383176039,4.281767190437721,1.0211762166078096,0.0823321133942597,0.149067,5.53434252043979,5.055928982122186,3000,61.513802615819934,High,148.40939468465692
12312.18921019667,47.43904924073661,1050.9379252030628,204.79115811194083,7771.406007977845,135.83483928183884,6217.963906578127,2433.9806193578224,269.6761002082113,12.50923525623419,8.56995375616695,26.631688450085022,brackish,BR0170,2020-01-30 06:33:23.007518797,Qatar,66.16479209475649,60.66739053096445,40.8342868824999,1.6278692217527106,1.1175700000000002,0.1267909017122598,0.0,1.24436090171226,1.593443709586288,0.6171428351929479,0.0364004343185786,0.1989375,2.4459244790978145,1.2015635773855544,3000,14.61902352485758,Medium,149.28982903304603
1107.0123495378637,39.667721083276305,993.8696553966197,672.4728453517135,435.31614606640125,54.178078762834176,4951.29771447952,643.6040187968216,316.5532663440226,21.626473544043215,8.278100177488366,28.40688570576696,brackish,BR0171,2021-01-22 20:52:19.849624060,Australia_Central,50.72038502634014,58.637196784281066,44.60663593224584,2.319496512301173,0.1,0.1872306546001388,0.0,0.2872306546001388,1.43808225714686,0.4555096338445555,0.1281515935720463,0.0829574999999999,2.104700984563462,1.817470329963324,3000,22.112555681220435,High,175.0897697373188
8615.145541350297,5.328989146418705,737.8913512123147,719.7385087069136,481.7381669945325,10.602286489805618,9416.218232452986,694.6734294091902,103.55552868973412,0.9629682744552855,7.908607346453621,34.156299836158595,brackish,BR0172,2022-03-23 07:56:23.458646616,Atacama_Chile,67.86943413586557,53.2312456676958,47.04254709138038,2.7366439553604125,0.8664299999999999,0.2106407974026569,0.0,1.0770707974026568,0.2027157439261763,0.4877477605834461,0.1145802562997152,0.155232,0.9602757608093376,-0.116795036593319,3000,-1.421006278552048,Low,174.04366337761564
11340.457717864261,47.769692148183005,756.990310679499,632.7765372227431,3611.8268830385155,211.6507220079227,2088.410575307279,2988.397123130465,252.17644011291563,7.501188041861359,8.442022871511774,25.864160129536454,brackish,BR0173,2023-02-04 16:14:26.165413536,Qatar,71.55087368142402,47.20962865877816,23.188913459351536,2.2667495211872564,1.22018,0.1796114579373724,0.0,1.3997914579373725,0.81976055526692,0.530758656898909,0.0858271049016586,0.0900405,1.5263868170674877,0.1265953591301152,3000,1.5402435360830684,Low,159.50674686502353
6315.405761021049,12.961598879430756,716.1952265086046,797.5917612228786,5020.664827015837,283.5103299759346,2918.3493327777437,2016.5660378478894,1025.5166700951193,18.903183547609288,6.522763698837311,33.94806042746578,brackish,BR0174,2020-04-27 02:13:32.030075188,Iran_Central,66.52802519155374,52.92087810535801,46.79044800537838,2.404240551401079,0.7395200000000001,0.1912260107405204,0.0,0.9307460107405204,0.4443314523486743,0.443619516461311,0.1377265852691942,0.1167719999999999,1.1424495540791797,0.2117035433386589,3000,2.575726443953684,Low,152.44167342571373
4258.574366927838,60.95854148869886,717.8785210319795,429.1084269835089,5029.238804551343,101.17338627127413,1964.1800711747087,1693.476332756361,746.4038352621085,5.758472247586434,7.8447285647554965,31.537478121542815,brackish,BR0175,2021-01-19 05:03:09.473684212,Qatar,50.76310539837581,66.18318176660262,64.93131944326798,2.7398921693721605,0.47478,0.2278737822697253,0.0,0.7026537822697254,3.1969974029004087,0.3309429588099553,0.0790822838929134,0.1113269999999999,3.718349645603277,3.015695863333552,3000,36.69096633722489,High,173.30134560098386
12862.0654298558,6.138295465544676,1054.9918701684044,682.3771892582092,3188.411178270998,32.62499748631416,6523.027347718858,1917.5897278750854,721.1507169546446,22.781508517488128,6.813430808254216,23.632323369517454,brackish,BR0176,2022-11-23 11:50:58.646616544,Australia_Central,71.44798871151016,65.10298330764863,42.10706034772885,1.8126204339271819,1.4230600000000002,0.1437719486437439,0.0,1.566831948643744,0.1915281746976794,0.6943372701375528,0.1368920430009927,0.1415175,1.164274987836225,-0.402556960807519,3000,-4.897776356491482,Low,150.46150275188947
10397.712975543047,27.880987242065594,456.69268508775224,217.60658357607312,9869.494508924912,10.142437402416602,1598.8024502026155,1594.8946804340585,766.1657880376958,21.146893778595192,7.248850845932291,15.193186970075056,brackish,BR0177,2020-04-23 10:24:21.654135338,Atacama_Chile,68.31159782335088,68.24143749931088,41.865470580938336,1.6062536401118161,0.9482700000000002,0.1317895809062294,0.0,1.0800595809062297,0.9087151582416152,0.2791703730566445,0.0409448624995865,0.174726,1.403556393797846,0.3234968128916164,3000,3.9358778901813336,Low,160.68347515822575
7613.330320563764,16.172698231416117,343.2397964707694,695.1355792233655,3205.022296397874,46.774555298264545,3151.858967183674,1878.2518115367457,1177.085017125963,6.329991862026613,7.277711086834358,14.628722046672744,brackish,BR0178,2021-05-23 14:55:02.255639096,Qatar,59.4612828120996,49.23379619875744,20.255094252228627,2.4874055320350315,0.75521,0.2028772335767401,0.0,0.9580872335767402,0.260233399933783,0.2109781452225793,0.1066551727053682,0.0986895,0.6765562178617307,-0.2815310157150095,3000,-3.425294024532615,Low,173.11684334941364
10487.936717210201,5.636327882287796,345.1084502334939,1100.6767387893358,3397.584274168584,142.06038912553802,3483.9256183708976,1153.8534340892827,104.05649116320453,5.553100710556859,8.333540932884445,25.740393067703423,brackish,BR0179,2020-08-03 21:21:12.180451128,Great_Basin_USA,58.215756457887565,51.61312475106619,26.61871724930763,2.6673895625587085,1.02095,0.2187418686626932,0.0,1.2396918686626932,0.1125812027342216,0.1959961515818992,0.1836240139268681,0.097269,0.589470368242989,-0.6502215004197042,3000,-7.9110282551064,Low,148.89131463946276
16891.410587490824,48.745295703767724,1511.814055193089,291.83101882939053,1578.7451464958558,358.4266135746979,5151.714226544368,1708.1094436793358,128.57720085660168,1.876248558154608,7.6810199766839995,21.58943315510511,brackish,BR0180,2022-11-27 03:40:09.022556384,Atacama_Chile,61.995504535186,40.5617845797959,34.75725543994602,2.6869477052646875,2.0,0.2220588226299076,0.0,2.222058822629908,1.345210057292231,0.9631423198971985,0.0366881341524253,0.098499,2.4435395113418545,0.2214806887119467,3000,2.6946817126620184,Low,167.32991970479566
14445.274502912178,49.651630356023006,984.7450681526251,369.6216768382051,4038.5570539619157,197.07911935455397,528.943112132998,214.78442520192,258.8369825285718,5.4907733563261445,8.471494144749776,32.620640234850214,brackish,BR0181,2022-11-05 04:45:06.766917296,Qatar,71.67754377344677,68.28849984160024,32.60104119989846,2.619432113297112,1.57675,0.1969973396509464,0.0,1.7737473396509469,1.1290783800843234,0.6964304837098125,0.0762304523731783,0.0730755,1.9748148161673145,0.2010674765163675,3000,2.4463209642824726,Low,163.91286829038958
16794.811265787725,54.13853534312773,987.3081432652098,376.4760793255606,6991.062149098223,176.90521230467394,6893.700495395826,782.477796713347,371.8159123699659,1.0299778078261805,6.966383186578436,28.96383560672347,brackish,BR0182,2023-05-03 11:54:35.187969920,Qatar,56.301483796738935,49.88170275451807,82.96433699711524,2.859648415721949,1.58129,0.2199856101804964,0.0,1.8012756101804963,3.985573563606618,0.4982275945328059,0.0579126568979954,0.1829055,4.72461931503742,2.923343704856923,3000,35.56734840909257,High,157.7125321192255
12422.1574375853,4.819690185317794,379.84969566793876,629.3382564130346,7351.1621704084055,90.56937830865398,11393.779405280544,820.5545402436327,437.72115807961063,13.5224486702978,8.042941247735639,24.09340882101254,brackish,BR0183,2022-03-16 00:18:02.706766920,Atacama_Chile,52.52409528103003,52.1249146459898,30.792226085075697,2.69796182085783,1.2177700000000002,0.2040797046867948,0.0,1.421849704686795,0.122860982079452,0.1900952056411038,0.0999234613763624,0.2789985,0.6918781490969184,-0.7299715555898767,3000,-8.881320593010166,Low,147.15219334079686
10720.778947741628,56.09873213026845,1240.7764123925137,287.67143225017844,422.38368219467947,89.76829635442472,6967.146311723618,1165.5326836446668,346.53720486354854,1.0150405296624705,7.83592727120148,16.65417522639558,brackish,BR0184,2022-02-03 18:17:08.571428568,Iran_Central,71.61590932402625,67.23413834342183,83.42459287089906,1.5712267221922913,1.08324,0.1304852299088149,0.0,1.2137252299088148,3.768021901281324,0.7214071070755269,0.0566985488650076,0.10563,4.651757557221858,3.438032327313043,3000,41.82939331564203,High,150.1300896357767
1039.5389651020087,95.44853233954869,763.5998649928512,717.6958714045927,3069.715185189018,303.67415231882967,10820.375460990665,595.3894018010835,580.3015993073967,14.39685604056828,6.168220713300574,29.925570068754748,brackish,BR0185,2022-06-19 03:36:32.481203008,Great_Basin_USA,50.65724622201808,55.7979529050044,71.48573295981328,2.648715111162415,0.1,0.2114452209461985,0.0,0.3114452209461986,5.282423939918811,0.3663856253152168,0.1215948989705855,0.2314095,6.001813964204613,5.690368743258415,3000,69.23281970964406,High,161.35436810199323
7361.422566251537,20.359760277617944,889.4008369040631,850.1473383027914,4866.383102949455,178.68065132777096,11498.000180506288,1026.5067786585976,492.4893793338937,17.09595993574267,7.000015055194448,18.47757551925073,brackish,BR0186,2021-08-19 10:35:11.278195488,Atacama_Chile,72.7749255561016,56.985236252664336,48.93058689920497,1.7003915505173683,0.66051,0.1415231627460395,0.0,0.8020331627460396,0.730171576062076,0.6187848150243762,0.1460132708502018,0.2501414999999999,1.7451111619366542,0.9430779991906144,3000,11.474115656819144,Medium,142.39295001226563
7479.550281018388,77.2678085627145,412.44299010531773,669.3332618080385,6094.371308619283,10.054154611198866,8994.36892563791,202.95574687582533,279.35495867749336,0.9431490008626153,7.166406427132478,20.183171848376436,brackish,BR0187,2020-09-27 18:38:47.819548872,Great_Basin_USA,57.64362985753502,45.28698514452751,78.43387025062152,1.8162003885734033,0.7597100000000001,0.1483931211109167,0.0,0.9081031211109168,4.844483682803689,0.2265532998112784,0.1032950844161527,0.2230815,5.397413567031119,4.489310445920203,3000,54.6199437586958,High,159.59739989126155
1004.8558861860648,21.070387834108832,825.520865594981,205.48377222414663,4110.104052134604,87.74172112195639,7038.406014834543,1988.7193413086345,101.12485007225433,22.73073222195944,8.350002150614838,17.85344421312142,brackish,BR0188,2020-06-24 15:20:18.045112782,Great_Basin_USA,62.70556754220669,54.959800624559634,44.88003774896468,2.034354953709113,0.1,0.1673580752398397,0.0,0.2673580752398398,0.8380539208939674,0.5201652567669198,0.0329758803747357,0.1547744999999999,1.545969558035623,1.278611482795783,3000,15.556439707348696,High,164.13970491905465
4269.6974091246175,5.2948798637592525,627.9473811127149,892.9889341685987,5784.357358466037,75.6419690845269,6485.455290207747,1382.801141991778,202.00551822702386,14.21353023398035,7.805613336955201,23.7867432572924,brackish,BR0189,2021-03-04 02:53:13.984962408,Atacama_Chile,53.3073881188057,67.54625802726324,23.14630665047003,2.045178833476087,0.42129,0.1577480479591604,0.0,0.5790380479591605,0.0923537635353754,0.3226589588055071,0.1820912023898962,0.1757595,0.7728634247307788,0.1938253767716183,3000,2.358208750721357,Low,169.05687992308313
1167.4476744691794,23.5837753453106,532.7831209451411,980.5293122081055,1532.3542361294,106.8347707027083,8655.583489583072,200.35941241290658,352.4593417017715,17.12981400798911,6.658282990465608,31.870097272290504,brackish,BR0190,2023-03-13 06:26:09.924812032,Qatar,72.55637423441713,56.76154264323778,37.58424299727103,1.9589121135270002,0.1,0.1585982085963494,0.0,0.2585982085963494,0.6718258604248192,0.3439520409307698,0.1500548141316633,0.1594245,1.3252572154872524,1.066659006890903,3000,12.977684583839318,Medium,142.6694880071881
8367.00718112507,48.56072803400142,1102.3246825865172,793.1616421100973,8504.089983347167,198.75427525839544,4548.989584010527,676.8220240559276,440.4215115869132,4.201166485290664,7.150281347217438,25.604100366910647,brackish,BR0191,2022-05-02 13:57:17.593984960,Iran_Central,68.74590558461011,47.65349093919274,63.56750899573377,1.8101038583183713,0.98084,0.1403111429044855,0.0,1.1211511429044856,2.8508502164370704,0.7217330145343644,0.1213734414221239,0.196605,3.890561672393559,2.7694105294890727,3000,33.69449477545039,High,172.7215157032239
14767.844596808136,8.997603395787397,283.3373456724471,621.7872188948837,6796.717589649524,125.15028502796285,505.8688466707234,1817.6793186093091,144.09237582590995,14.966380255288575,8.569325899912291,21.765781991323106,brackish,BR0192,2022-09-14 23:16:41.503759392,Great_Basin_USA,73.10388966520085,40.93542592404289,28.928630061529223,1.9759810244239853,1.40938,0.1552645256531453,0.0,1.5646445256531454,0.2077654211019028,0.2105392022357784,0.0874257891459784,0.1121684999999999,0.6178989124836597,-0.9467456131694856,3000,-11.518738293562077,Low,176.91852156231897
15409.06713436011,13.330351077785688,959.4668981495679,694.9186796664761,497.15823855525855,138.25432573950835,8221.407900154987,958.2864371704819,319.2671980783119,19.386586435840353,7.893646443493028,15.40736825579306,brackish,BR0193,2023-03-31 13:32:01.804511280,Great_Basin_USA,67.08072627795406,50.08905320362204,38.70696218501804,1.6351959264991218,1.55339,0.1223595107971058,0.0,1.675749510797106,0.463322337354666,0.6606539240501096,0.1000929550167979,0.12702,1.3510892164215735,-0.3246602943755323,3000,-3.950033581568976,Low,162.69058293037335
12552.920160134261,42.715654158233534,1039.960124611045,931.7664939991537,819.9992968663996,262.65296236222883,1370.4545917560679,717.804539720218,156.5410570131427,9.411576381520582,7.0355238993110785,27.50187381410828,brackish,BR0194,2020-09-05 19:43:45.563909776,Qatar,54.61734441855816,57.17772742193374,41.786771140816725,2.11130738842501,1.20739,0.1767493136025991,0.0,1.384139313602599,1.4938937829926542,0.5630218025918184,0.1560437359071993,0.033756,2.246715321491672,0.862576007889073,3000,10.494674762650387,Medium,146.6582831793383
4944.4986636851745,28.19778159088938,450.4168743471661,1094.008144407295,879.4129196097215,82.94018399938216,2205.6177596319462,1491.9873755723188,521.4761421178799,21.864702186861493,7.918455925141559,17.135178341958586,brackish,BR0195,2021-09-17 17:08:34.285714288,Atacama_Chile,57.70667507465623,41.2783986511249,21.175513460337527,2.753104521683831,0.5183,0.2122309150523768,0.0,0.7305309150523769,0.5086315982146153,0.2482402665691531,0.1457664091567173,0.045159,0.947797273940486,0.2172663588881089,3000,2.6434073664719926,Low,154.51766612320796
996.5724478399085,47.12652438791148,511.3277440263874,280.46540972632505,6245.134156185454,308.58525453351416,5905.062059763935,1866.9729031057586,167.48320462420253,9.24321556939618,8.010702673330508,27.51987023326413,brackish,BR0196,2021-02-06 12:09:01.353383460,Iran_Central,62.17121437758684,58.29377731873468,35.92831193217094,2.889444096106662,0.1,0.2234696843069807,0.0,0.3234696843069807,1.2787173643155094,0.2816505222219189,0.0549302263674436,0.180522,1.795820112904872,1.4723504285978914,3000,17.913596881274348,High,157.62307469791557
1276.2403289019342,36.193594227694696,644.1026471601715,1022.7742498779711,517.4845617887221,82.47741142367825,5730.605851437731,214.02618578957524,241.72460785323943,18.291029845504728,7.203883080928955,22.106918341881897,brackish,BR0197,2023-01-02 17:51:52.781954880,Great_Basin_USA,65.18145513400518,55.702414813543385,36.95941958869659,2.650904339844755,0.12157,0.2184514270751326,0.0,0.3400214270751326,1.0588208442608975,0.4447773917688083,0.1543068295164778,0.0917925,1.749697565546184,1.4096761384710512,3000,17.151059684731123,High,161.14416627340165
4451.5598653084735,38.22036245777728,892.36438014802,630.9288542673148,3193.0600975474204,168.2212303286074,474.64651922072403,2050.123033936469,103.36775056934088,11.816463539639518,7.902872166612363,32.72766880285444,brackish,BR0198,2023-11-17 02:09:55.488721808,Great_Basin_USA,73.16148593340684,63.50306407499713,22.364839913306035,2.188881858975382,0.36551,0.1699749262794136,0.0,0.5354849262794136,0.7495799745343652,0.6411053218561321,0.1093713272563675,0.0526035,1.5526601236468651,1.0171751973674517,3000,12.37563156797066,Medium,158.39334677854103
5869.944466022276,20.382808654214667,746.3641471352406,463.4001608882994,5472.296594647826,121.04076211725103,6389.161640650909,614.5550250015814,436.2963477843694,13.465938387798907,7.1437769636433535,23.784586427967277,brackish,BR0199,2023-10-04 04:19:50.977443616,Atacama_Chile,59.59878664472848,40.86664516815885,35.02064102602291,2.6218150582946538,0.55557,0.2076511777396627,0.0,0.7632211777396627,0.5365722535443126,0.4227604171371827,0.0687908238115617,0.1803915,1.208514994493057,0.4452938167533944,3000,5.417741437166299,Medium,161.26263871441486
8655.068580898931,32.20688260523539,848.4549564052655,193.58487759040898,3896.991266380224,151.54892865976228,10675.163739587657,1444.9122831980003,243.09567537581225,1.0524707799961541,8.153180842730661,24.573223373059207,brackish,BR0200,2022-08-13 00:54:08.120300752,Qatar,67.57680054767864,63.42542034456213,41.4152684014948,1.9186527551994332,0.92013,0.1545468928914255,0.0,1.0746768928914254,1.1831679538012638,0.6314808734698596,0.0380552522067372,0.2049915,2.0576955794778606,0.9830186865864352,3000,11.960060686801627,Medium,157.14538802287723
4782.984264276159,6.957134164264168,1417.3687505135276,574.5475261974257,5174.199954061514,210.4950933940292,1377.173857984006,1444.1027844220537,847.698004005613,13.001927763125899,7.910652216468011,30.293402888607677,brackish,BR0201,2022-11-01 12:55:56.390977440,Australia_Central,74.02522122277054,55.6263113727432,21.59681854626593,1.5442065169769685,0.49292,0.1266674967261141,0.0,0.6195874967261141,0.1171929761594574,1.0696585246513366,0.0858758994972409,0.0939495,1.3666769003080348,0.7470894035819207,3000,9.089587743580037,Medium,161.0848680897978
11323.715714070317,58.65579754590457,568.492217144203,290.77602678342924,765.2363902347491,167.9623559699227,10330.876102751865,1023.4939438099444,641.6464805732024,4.038382664899977,7.861364431240905,34.225932907673936,brackish,BR0202,2022-02-11 01:55:29.323308272,Qatar,53.80935158538632,51.11587998339135,79.00669440809905,2.4597229746948144,1.16949,0.2011165830469519,0.0,1.3706065830469518,3.921544680962641,0.3083404988286441,0.0461269700970123,0.1783875,4.454399649888298,3.0837930668413467,3000,37.51948231323639,High,153.0517754660337
7727.631977807464,13.739076719542377,283.2846221491395,444.9748117792363,5438.091003040877,72.98595965281675,498.1946559974548,407.27500975237893,452.05760686334963,2.9186212185103457,6.997963691322227,32.25175660827991,brackish,BR0203,2023-06-27 09:12:10.827067664,Great_Basin_USA,71.5677397194887,68.96148929076472,37.2927951471241,2.625281751592905,0.8838600000000001,0.1978555397683687,0.0,1.0817155397683689,0.419611072436411,0.2061150903921274,0.0953323627955531,0.094269,0.8153275256240916,-0.2663880141442772,3000,-3.2410541720887065,Low,154.40610394964557
9820.419163091809,60.254399027508384,1145.583835918473,265.1459521313379,1981.05544839817,37.59005919829666,13687.49006160253,1217.8003001201762,311.06295794922335,23.925164628068757,6.6460090563193255,23.597738216153562,brackish,BR0204,2021-01-04 13:46:27.969924812,Great_Basin_USA,60.51765175982997,44.80358641708159,80.83068020679477,2.7024994515960636,1.00527,0.216195527455545,0.0,1.2214655274555453,3.754067779252294,0.6567278740733933,0.0363581103774617,0.2494455,4.696599263703149,3.475133736247604,3000,42.28079379101251,High,151.77311335023805
16506.74584836854,25.08333528200684,1456.74132691247,428.7912646673973,3064.846243267988,400.74577651701605,4085.199021454686,3237.677240634318,617.5781770620027,6.773896156764807,8.116534543477298,24.373839583773837,brackish,BR0205,2020-08-14 20:48:43.308270676,Iran_Central,68.31054439823342,56.23975357273319,26.5418771856221,2.481039541800878,1.57013,0.1939327448043455,0.0,1.7640627448043456,0.5125661154578597,0.966162480594406,0.0785050720121782,0.1107165,1.667950168064444,-0.0961125767399015,3000,-1.1693696836688026,Low,179.37502167672733
3733.2024173229624,38.2755742302121,919.8974969840384,421.13433673771044,4101.6092440480215,102.8836879508273,6630.916380633502,190.7391696060587,678.6252537752599,1.9771861164871822,7.510860941682057,20.33736613220156,brackish,BR0206,2023-09-12 05:24:48.721804512,Qatar,57.33845846842709,49.62944420777436,44.99821052639355,1.6941631182727035,0.40988,0.1388269949968699,0.0,0.5487069949968699,1.2568000200021718,0.5268349305612631,0.071198400660473,0.1694355,2.024268851223908,1.475561856227038,3000,17.952669250762295,High,174.35611365334285
12981.087745833625,17.498663442004773,375.8314493700339,675.3436580916509,4448.606010151825,229.29650014632753,447.3226950083704,3208.9764497016827,596.4540138522495,7.131402283397454,7.952617404280395,17.733235029293006,brackish,BR0207,2023-01-24 16:46:55.037593984,Australia_Central,58.34960545665004,55.82459136386007,22.83682925802404,2.7147098512682604,1.20935,0.2223794870460237,0.0,1.431729487046024,0.320738699563096,0.2044010018988633,0.1053410039036039,0.072138,0.7026187053655634,-0.7291107816804606,3000,-8.870847843778938,Low,164.29738433054575
10269.155692559472,5.10725780203717,840.9096687685221,174.19888331253253,4040.776364695224,9.975214792668254,5345.689364412595,1185.8600632391012,948.8856371714724,1.016934048902505,7.303342002317849,19.859870770974208,brackish,BR0208,2020-03-28 19:40:09.022556391,Iran_Central,50.67833062170165,56.56826357741237,32.11489089334014,2.5201090079131143,0.99301,0.1952703345622441,0.0,1.188280334562244,0.1281384146644271,0.3650785852658392,0.0339409581464474,0.147351,0.6745089580767138,-0.5137713764855303,3000,-6.250885080573952,Low,172.8218332542525
7904.334919494089,4.846791937158486,393.06012934622,203.4618003295226,1886.9424561480032,118.85678227049296,7908.026801554304,1456.986960283339,712.1540834361542,19.146026845963682,8.173041295421527,20.706442478664734,brackish,BR0209,2023-08-06 15:13:04.962406016,Australia_Central,74.28510382917399,42.683447452745376,25.98454374573945,2.60163673132107,0.8332600000000001,0.2169131638842004,0.0,1.050173163884201,0.1036783295455004,0.2514521050576007,0.0256100684716472,0.12993,0.5106705030747484,-0.5395026608094523,3000,-6.563949039848336,Low,166.98936625315466
14283.37756950111,5.063696458917979,914.8206571827033,752.576115999765,2955.5280957326718,133.38265880847567,5837.296067394534,401.4840053158509,726.9224790858893,4.469243554900975,7.009893710813503,28.88503611703782,brackish,BR0210,2020-04-30 18:02:42.406015038,Iran_Central,70.33631438076961,59.8340544075505,46.28062496872622,2.6280121639687106,1.44263,0.2128928544451249,0.0,1.655522854445125,0.1846596936252176,0.7137841721463509,0.1271952328595708,0.1313519999999999,1.1569910986311394,-0.4985317558139857,3000,-6.065469695736827,Low,160.15676237140036
16005.660157722143,22.57373211159705,312.1185158605379,324.14782859495233,3949.576947035235,188.8543552580483,3551.8473167288635,692.4483121562503,594.1651589139503,13.164817317754645,7.202438839904542,16.150133670806074,brackish,BR0211,2023-08-13 22:51:25.714285712,Qatar,52.34794894815551,59.03444487757035,41.14759448905322,1.9487840644166616,1.43951,0.1557437384670106,0.0,1.595253738467011,0.7191035908095917,0.1507620929706878,0.0638988831354821,0.1163144999999999,1.0500790669157618,-0.5451746715512489,3000,-6.632958503873529,Low,141.4825724692416
5537.97741753495,35.05707636694024,671.4273375559917,862.7218377812414,539.2771166652678,10.551280327028804,2278.506190313052,1044.8145073182202,712.5893335583522,19.61704392418236,8.220677298953305,34.340403412588735,brackish,BR0212,2022-06-26 11:14:53.233082704,Great_Basin_USA,74.98771989159437,63.08401823903392,20.760853314821844,1.6172148715061696,0.52675,0.1289463569822463,0.0,0.6556963569822464,0.5848207813665425,0.4894478472412321,0.1745660952710546,0.0407055,1.2895402238788292,0.6338438668965828,3000,7.711767047241757,Medium,155.24771432225464
9094.788547727017,48.31768187607794,402.62588611442897,724.2942898319158,2865.3312494550273,159.06018487234488,10939.965560833072,430.92779536475814,284.58752429147347,6.30153118204552,8.57234995934851,33.18683789548124,brackish,BR0213,2021-08-23 02:24:21.654135336,Australia_Central,65.12561493007354,42.71975480977513,60.2380838903489,1.7552749318586842,0.90892,0.1411805290907501,0.0,1.0501005290907504,2.658270499230764,0.2490195112958236,0.0855591249330176,0.1970175,3.1898666354596044,2.139766106368854,3000,26.033820960821057,High,154.44096301641085
11216.327222288794,19.338535995845774,826.9826436355748,811.1704927652281,4917.186133493635,37.0745892170702,6549.429886396758,1209.4977022930295,410.75730485830167,16.316127837083105,7.012186450075038,25.458845999708707,brackish,BR0214,2021-01-11 21:24:48.721804512,Qatar,71.34321594910958,48.91775640711063,28.73747763445009,1.6587594453169894,1.14061,0.13114348011759,0.0,1.2717534801175905,0.4334243851783032,0.5826400685559122,0.1147610565310815,0.169293,1.3001185102652968,0.0283650301477065,3000,0.3451078667970961,Low,145.60629129628327
8681.306352634507,8.204154427319056,658.8790918741901,978.9875285305066,506.3623431405506,182.64258028229406,12054.738084960245,1228.2642222998927,556.8499377484922,1.8064712036091377,8.429493677836074,26.5503157009235,brackish,BR0215,2022-04-17 22:40:36.090225568,Australia_Central,51.66651908194672,59.50331799184303,24.29849342841696,1.9038863938392014,0.8635,0.1492094918496163,0.0,1.0127094918496164,0.1551215820470139,0.3241350741125009,0.1826513849077613,0.189945,0.8518530410672762,-0.1608564507823402,3000,-1.9570868178518064,Low,141.69744053896747
12462.078338606796,4.761939283278217,879.9281293831935,549.7762328723114,7623.645500632458,44.70696438733129,4160.280579305753,3576.147334213399,656.4146069432276,27.906978209697442,7.789881734447807,18.31340896352811,brackish,BR0216,2021-10-20 15:31:07.669172936,Qatar,59.73627946229809,44.101924777468255,38.90913432680587,2.2375486338348414,1.29251,0.1751438727631191,0.0,1.4676538727631192,0.1552474459639554,0.4993188338671004,0.0670922581639624,0.170457,0.8921155379950183,-0.5755383347681009,3000,-7.002383073011894,Low,163.60464952617025
9725.525899643824,38.22390211394681,776.1180146436319,463.8224730244983,8013.044929967009,67.29210857908477,3652.821093274743,290.4778176277879,587.9680388200316,17.73112129819975,6.604492039593911,27.561250689586007,brackish,BR0217,2021-11-29 21:32:01.804511280,Iran_Central,66.74127805759025,60.32794632365327,39.9139080164768,2.775627555415981,1.1406,0.2288172725977539,0.0,1.369417272597754,1.3377545410802365,0.5182753902795335,0.0774067879278794,0.181044,2.11448071928765,0.7450634466898958,3000,9.064938601393733,Medium,161.74242510080612
21902.169280479644,71.27392551857892,379.8691563006518,877.7252226523123,490.8098519239532,116.35699041802619,8577.523610059696,1516.901410329734,769.2512586695912,9.058722348711992,7.790080107806126,35.03918589910387,brackish,BR0218,2020-04-16 02:46:00.902255640,Qatar,52.66084296749254,41.77080132461269,83.54877259153419,2.7840906685998594,1.91628,0.2246422507104761,0.0,2.140922250710476,4.3070060661116605,0.2048970206853574,0.1079566360234615,0.146436,4.766295722820479,2.6253734721100024,3000,31.942043910671696,High,145.2263317321615
2374.13574051838,63.822553161552925,1017.7957403692412,705.4588555103743,8797.01360242986,46.801345151723666,505.73549906077596,1777.4643747383868,94.37613378145294,3.965185352522148,7.504958268374978,19.498174285866625,brackish,BR0219,2022-12-22 18:24:21.654135344,Iran_Central,62.22257096635002,50.04794658878883,83.80099811364602,2.6702990881513142,0.23486,0.2062319778114873,0.0,0.4410919778114873,4.126076223722344,0.6276813846858297,0.1130432969600973,0.1285935,4.995394405368272,4.5543024275567845,3000,55.41067953527421,High,149.89275199449816
9649.440882686215,46.93509843775241,793.2987549135953,528.0616616536425,3097.1556949136734,103.92482083670274,1172.5455094365705,439.43822866725606,215.0223730533899,10.847362899759407,7.8129461448881,16.598220562598026,brackish,BR0220,2022-07-29 09:37:26.616541360,Great_Basin_USA,61.06694686360354,65.40133366997557,39.76690116234037,1.5773984052220489,0.93878,0.1228934831457391,0.0,1.061673483145739,1.513711185984021,0.4575624194596087,0.1066957357491981,0.0707309999999999,2.148700341192828,1.087026858047089,3000,13.225493439572915,Medium,171.0053111749532
5435.377791853274,42.338754116265086,421.56477438918176,1037.795891131015,5100.572503570203,29.418498243141464,9726.76712465461,1958.6413140844595,570.2147912671769,6.934462502192625,7.416248977196816,29.849813363703394,brackish,BR0221,2023-11-06 02:42:24.360902256,Iran_Central,55.40100561183949,63.2287387114348,20.170253385581265,1.92921455403919,0.5457500000000001,0.1609667041584664,0.0,0.7067167041584665,0.740409661277917,0.2151863699572825,0.1929867562950413,0.234681,1.3832637875302407,0.6765470833717742,3000,8.231322847689919,Medium,148.43346074711494
12350.488818731586,68.23504244956062,1797.733484361188,529.2199615189741,2588.701429748207,10.37004437073419,1336.1305798174249,1191.0474122409648,279.3925440305016,26.051998812015384,7.462868729154725,29.708948954228774,brackish,BR0222,2021-01-08 05:35:38.345864660,Atacama_Chile,57.50674589629506,59.34282145681264,68.97494791424036,2.5501316643052108,1.3020500000000002,0.2018818111781423,0.0,1.5039318111781426,3.98504141073482,0.9365226598893596,0.0954766654418658,0.0573345,5.074375236066045,3.5704434248879022,3000,43.44039500280281,High,160.04082926599915
1889.188536571117,41.792244853783885,956.3318754204942,649.8803261101328,6985.750033219642,261.43419050498795,478.1655912959459,211.55314186854275,1212.2837634378784,1.1084242567392741,6.88162879572499,19.48675677389944,brackish,BR0223,2023-04-29 20:05:24.812030080,Great_Basin_USA,74.17795886237457,66.11375249875303,35.39424539741799,1.593037039063565,0.19141,0.1354834676206882,0.0,0.3268934676206882,1.081768479779445,0.705414586071055,0.1209484988212187,0.1090365,2.017168064671719,1.690274597051031,3000,20.56500759745421,High,156.0490593346327
10418.157828548887,46.64519871676726,753.3773187306573,541.4641498475189,5712.437171461991,22.05293799709662,13212.875782793162,2232.656780141651,681.7982105877306,12.2547457271634,8.262816374017284,18.588611192027564,brackish,BR0224,2023-06-09 02:06:18.947368416,Qatar,57.2162121502484,61.278086325166015,34.97539269525397,2.705435799706781,1.1731600000000002,0.216130542001909,0.0,1.3892905420019093,1.2894587877315455,0.4057499127877296,0.111477094642742,0.280386,2.087071795162017,0.6977812531601078,3000,8.489671913447976,Medium,163.7556968063926
7941.631096605588,21.15209591681891,1458.141235360718,286.1703363277301,1688.1365234937705,141.03396142374876,535.8670830232753,419.48338793542695,498.78941617406383,8.548595996918605,6.482594044251786,17.458912025497717,brackish,BR0225,2023-12-05 09:15:47.368421056,Qatar,55.33565334921028,55.58125315632409,38.1002188850668,3.035364185126859,0.68498,0.2297488415985112,0.0,0.9147288415985112,0.6688874427462328,0.7257027459874191,0.0532913055262835,0.0308625,1.4787439942599354,0.5640151526614241,3000,6.86218435738066,Medium,148.672460231267
5782.256866170948,5.1783912309286295,1662.0818772757586,631.1915874650899,494.3180962936525,233.0478825808742,7165.114021345304,466.5167874248398,371.8547657515026,9.09786119603453,6.808195604840952,21.38381856340256,brackish,BR0226,2021-08-04 19:18:29.774436088,Atacama_Chile,63.40522927670834,69.3915250115736,48.81654448414281,1.9733971115042086,0.63292,0.162492533596539,0.0,0.7954125335965391,0.1947780124917298,0.93537423196337,0.1297552126191414,0.1086135,1.3685209570742412,0.5731084234777021,3000,6.9728191523120415,Medium,159.1472691381078
2567.582331661705,12.16459843673597,738.8446333863876,983.9381369631535,545.4954935235712,81.51457405726171,5838.250518715897,2256.601507400058,401.35526753416457,10.045639727845622,8.002940450677045,24.77989618626657,brackish,BR0227,2020-12-09 23:02:15.338345864,Qatar,66.77395085175745,60.84568239367958,46.55578075865461,2.494719504763029,0.27675,0.20470116742366,0.0,0.48145116742366,0.4792545182857423,0.4755801037144209,0.1860052510774784,0.1016445,1.2424843730776418,0.7610332056539818,3000,9.259237335456778,Medium,160.01784329250754
7438.08306970113,32.930758561164865,924.4781577197193,701.3041888783446,4335.6879402823915,79.06957351912241,462.99619882929636,1278.4984865189676,508.2388586699102,10.941339584884249,8.409936465139195,22.083331525024118,brackish,BR0228,2020-03-21 12:01:48.270676692,Great_Basin_USA,68.12732777673912,58.04101530439009,23.26724100351465,1.761782995873847,0.76746,0.1377844959202456,0.0,0.9052444959202456,0.5533042979599798,0.6141269835106372,0.1277192541773104,0.075957,1.3711075356479276,0.4658630397276819,3000,5.668000316686796,Medium,160.6982166153606
16813.074350657505,34.48292517944728,410.215696289988,533.8906128704928,6089.957886566183,155.6415089378304,4788.783913698168,2604.177009159842,514.136285086486,17.837517101663472,6.940019007295907,19.163370533808532,brackish,BR0229,2023-10-15 03:47:22.105263152,Great_Basin_USA,68.8561796124229,52.26611682860694,27.9794117418018,2.4188379355860565,1.54225,0.2028979738935632,0.0,1.7451479738935634,0.7033184729536718,0.2675806224682444,0.0955372349510106,0.1597215,1.2261578303729268,-0.5189901435206365,3000,-6.314380079501078,Low,159.02538714457512
9884.128431673358,75.645973534236,681.4566254285013,552.2545673384337,6707.350148325462,279.1961969318976,7779.1083146784,2550.5542539400576,378.58995304259565,14.516318584674568,8.211127053475538,18.512012530709814,brackish,BR0230,2021-10-13 07:52:46.917293232,Iran_Central,50.92081228786883,67.07237495737151,80.82773543549091,1.5030982211838084,0.98741,0.1225746494744452,0.0,1.1099846494744454,5.043941671022202,0.36227917427078,0.1109712443669711,0.206199,5.723391089659953,4.613406440185507,3000,56.12977835559035,High,161.9649974836371
12001.540742020336,30.591778646650873,710.6366595775014,696.7175847082545,3956.1865395602726,34.09928460372556,7075.61647313804,893.0011638097648,384.61109429238337,12.453367443013729,8.257305526136,21.153049482093532,brackish,BR0231,2023-06-01 18:27:58.195488720,Australia_Central,59.84401000948908,48.87127286814979,44.72920726457621,1.75704379621451,1.31384,0.1380925808173321,0.0,1.4519325808173322,1.1422050367082182,0.4138715981840249,0.1025270433500914,0.1659495,1.8245531782423343,0.3726205974250023,3000,4.533550602004195,Low,182.41399346096853
19932.044485628023,48.595475227446656,919.4485837537968,862.6338368548394,532.9166773018983,123.90435458005346,10314.438835652421,2186.664415370334,860.3848590224507,1.1553120350271595,8.268593839874416,24.96355435915019,brackish,BR0232,2023-12-01 17:26:36.992481200,Qatar,69.34895199457725,40.27658782632708,66.88426810304178,2.5160172577865296,1.83232,0.2051857735930404,0.0,2.0375057735930406,3.1757319338005265,0.5817988718213862,0.0996724718938116,0.1521465,4.009349777515724,1.971844003922684,3000,23.990768714392647,High,186.50484703774453
11897.983492612166,17.119126508435823,975.0300606538743,786.5757804704969,1908.4239444998138,9.91298934278505,4558.211935692215,770.7740144227738,979.4383322829572,13.032547697052278,6.954484427343225,20.963416558953142,brackish,BR0233,2023-02-15 15:41:57.293233088,Atacama_Chile,72.62130254500323,45.9022156729708,41.91764092058359,2.549597796930495,1.13188,0.2054220267451567,0.0,1.3373020267451567,0.638900299383351,0.6505241990855283,0.1077967632864046,0.096057,1.493278261755284,0.1559762350101272,3000,1.8977108592898817,Low,151.0735577134206
7477.597361119122,20.118463969715645,1004.5291099924269,495.7551443473919,6659.090629265615,110.08974388449029,9101.56972556721,3857.543875519348,570.5986195218451,0.9406353151180208,6.763889600744896,33.11763983907422,brackish,BR0234,2021-09-03 01:51:52.781954888,Great_Basin_USA,65.05500308331958,43.285524758270775,40.16112136153572,2.5167039012974026,0.7206,0.1969395247014212,0.0,0.9175395247014212,0.7114783615924221,0.6394542495073047,0.064980229767116,0.244605,1.6605178408668426,0.7429783161654213,3000,9.03956951334596,Medium,132.48589108600765
12954.365862354907,5.047316619345585,908.7415693255186,754.8588170868306,2601.4465480465346,167.4193472023734,2955.2096177566095,728.8479315193613,91.54265279149372,14.983841626220855,6.318324210607883,29.012674384286118,brackish,BR0235,2020-05-22 16:57:44.661654136,Great_Basin_USA,51.30767133774214,49.56981322519216,34.205718949098845,2.2440710024059687,1.23363,0.1772836829261044,0.0,1.4109136829261044,0.1364808186069044,0.4408847674983647,0.103709963229747,0.0868319999999999,0.7679075493350161,-0.6430061335910883,3000,-7.823241292024907,Low,164.7424307266426
8498.415416537257,11.139665503855795,297.47605212991607,675.6467028363995,4084.447718044431,61.27940128523485,540.8551751084323,2504.5544060887037,592.604240436808,22.2733446246806,7.399614617859979,15.351322098804781,brackish,BR0236,2020-12-31 21:57:17.593984964,Great_Basin_USA,59.91614514637829,64.77636032375365,26.04364858037088,2.5324724698452084,0.72785,0.2009889709406334,0.0,0.9288389709406334,0.2369242798653499,0.1815890594180316,0.1445808362426181,0.0739544999999999,0.6370486755259998,-0.2917902954146336,3000,-3.550115260878042,Low,160.211907857337
8621.694478091338,39.13170548605631,445.5091936295442,308.9815696560966,730.0834833518498,102.38753950809578,649.3740984147539,2387.3196588307424,969.5952449108763,2.698972811007638,8.442140960175465,31.515572862531936,brackish,BR0237,2020-11-18 00:07:13.082706768,Australia_Central,51.85567789671136,59.54589056095023,46.65929542682259,2.6336321057972802,0.74779,0.2128560957946546,0.0,0.9606460957946544,1.6085138868261113,0.211372040015459,0.0531982986271529,0.0237314999999999,1.8968157254687232,0.9361696296740688,3000,11.39006382770117,Medium,169.89626390209185
2285.107787338441,29.605619214229925,578.2328231921178,574.4043138510438,4592.130453343465,8.364751276485116,529.1919408147279,1760.6357368894858,983.7107488866911,7.402510882377179,6.456909087090503,28.346820799576474,brackish,BR0238,2021-05-05 07:49:10.375939848,Australia_Central,68.71344656711462,45.06941767701137,40.335535529205046,2.9824698163705743,0.24005,0.2359777990844092,0.0,0.4760277990844093,0.97207027203963,0.3835199792075562,0.0879529685966876,0.0826455,1.5261887198438735,1.0501609207594644,3000,12.77695786924015,Medium,161.30382935279843
16294.468394672245,55.49602497797286,673.8275630277708,188.2629336799887,2542.2416766940964,176.85004647329114,10694.823106138236,847.7736328049194,777.2024066488999,4.97643468780232,7.9989445530609835,22.998603852721345,brackish,BR0239,2021-12-14 12:48:43.308270680,Qatar,51.58763673204163,63.66465163277016,64.22482312195936,2.822445649576813,1.46313,0.2266369237858326,0.0,1.6897669237858326,2.747075514430944,0.3402803059064237,0.038198790979662,0.1899779999999999,3.315532611317029,1.6257656875311963,3000,19.780149198296225,High,158.7987749125195
8286.451710394804,35.774732030046145,1189.4011881970669,681.5769077335509,7126.120690853505,236.4471821958849,484.86595844527136,1424.678361944455,933.8927073421554,17.597462154614465,6.842947768543505,14.679016733661737,brackish,BR0240,2021-06-10 22:00:54.135338344,Atacama_Chile,54.64327666837943,55.12659598298208,41.14407034522583,2.7287709559804183,0.807,0.2153441043079349,0.0,1.022344104307935,1.1327374006744124,0.6401394289768648,0.1231748660643751,0.1146015,2.010653195715652,0.988309091407717,3000,12.02442727879389,Medium,170.6475604696588
11291.676943137963,18.380889303205418,333.32601933533493,841.7847836280923,6441.760497822184,41.22221554801871,7728.497783854182,199.57169710076943,588.5618082177522,11.586060290941216,7.595884167967285,24.99033851081044,brackish,BR0241,2023-09-04 21:46:27.969924816,Australia_Central,60.42396059911936,55.38143872354891,42.2430115873094,2.504238207252644,1.09105,0.2033709020057247,0.0,1.294420902005725,0.7146503728294655,0.1942074432824175,0.1325997787357931,0.2012535,1.2427110948476765,-0.0517098071580486,3000,-0.6291359870895916,Low,172.19603550403545
4249.204129611898,82.94850426784524,636.4021071095792,820.5257641113121,2407.269081310778,87.07745733333748,4914.4972084546025,1751.5109536345008,683.348916206061,23.230863634360652,8.157661947070872,25.95056002639195,brackish,BR0242,2021-12-18 04:37:53.684210528,Iran_Central,61.5662091778718,50.8633654294262,82.17200712802602,2.3483006797935957,0.48202,0.188898665451884,0.0,0.670918665451884,5.488482003299391,0.388310394526673,0.125780016370428,0.111738,6.114310414196493,5.443391748744609,3000,66.2279329430594,High,142.80008686926496
12034.4326745311,25.017702233452045,1235.6178987888359,481.04487314099373,3890.9564912005394,198.9259284447308,5613.826903380488,2028.714682298799,292.93081878993326,13.734145455389646,7.266466087677323,14.342747075390992,brackish,BR0243,2022-10-28 21:06:46.015037600,Australia_Central,60.162042507875306,65.9384909446607,26.68517765725805,1.6309922403592847,1.2179700000000002,0.1344730588022299,0.0,1.3524430588022305,0.5898651780426262,0.6822086842589021,0.0952481501695623,0.1381409999999999,1.5054630124710906,0.1530199536688603,3000,1.861742769637801,Low,149.10976120527124
5838.08646901177,62.83045162006931,661.1845031144298,639.0356241579867,2312.4983304752463,286.57441992078867,11726.636897971,1687.6076633088883,482.0782541092473,13.084741337644079,7.405363758243342,15.573614619276077,brackish,BR0244,2021-09-10 09:30:13.533834584,Great_Basin_USA,61.58491616515,49.54981911567378,84.71885263533517,1.7464991119760171,0.6190300000000001,0.1398668210518071,0.0,0.7588968210518072,3.9954935842171504,0.4020263327260991,0.1029694791042816,0.2070164999999999,4.707505896047531,3.948609074995724,3000,48.04141041244797,High,156.9810331441947
9830.073593500681,21.0978049828949,1093.9456684317106,1005.6508388684416,472.4297148357068,11.169883722212543,5193.4807133616305,202.8115400554426,870.7505811499288,10.66160455464485,7.4125818862452935,24.549249940692068,brackish,BR0245,2021-06-25 13:17:35.639097744,Atacama_Chile,67.830978800505,42.82419282009066,24.60180267580764,2.663988167697598,0.92915,0.2184335472805079,0.0,1.147583547280508,0.3926447707058899,0.6408887936203873,0.1319670325943913,0.0711945,1.2366950969206687,0.0891115496401606,3000,1.0841905206219546,Low,159.2397537156571
15467.93190998422,44.70148709130263,820.5286759683592,969.3694628016796,1450.315422896042,135.4431665228495,9241.293859286261,218.67983353884458,342.47598814976976,16.369519100278826,8.075653390628483,23.874059359605646,brackish,BR0246,2022-07-25 17:48:16.240601504,Qatar,59.23172057388854,49.08186981915836,38.02066675578749,2.6145655226339226,1.43891,0.2163975494648664,0.0,1.6553075494648666,1.4472414717923487,0.4231703659304434,0.1507942286454002,0.1481115,2.1693175663681923,0.5140100169033257,3000,6.253788538990462,Medium,155.64825294728894
11927.5122648632,50.34724766626091,846.3642584195837,607.068902334727,5226.235534299864,186.4760287380466,6452.151705662127,787.2181120574293,268.04971412897135,1.0135745033818755,7.555182392751531,22.09563004328258,brackish,BR0247,2021-11-11 14:26:09.924812032,Australia_Central,63.69376147876548,61.46060638803657,76.42941263183695,2.4404802899131384,1.39538,0.1937350711168035,0.0,1.5891150711168036,3.2447037121069533,0.5519650414740633,0.1090065314898216,0.161175,4.066850285070839,2.477735213954035,3000,30.14577843644076,High,162.95689056252002
9874.545572137939,34.06343798757217,712.0574711722312,597.2742396540918,5092.538436287581,143.01853257841083,5047.377464208651,1833.1070765027878,498.44478823042914,10.74733200928382,7.350452956139152,28.01566433189385,brackish,BR0248,2021-07-21 04:01:48.270676688,Great_Basin_USA,57.5842314382183,59.72745660409987,32.568586857975816,2.172034632804037,0.98898,0.1726608159259384,0.0,1.1616408159259384,0.9148385774057975,0.3917201894123663,0.1149992449455338,0.1555155,1.5770735117636978,0.4154326958377594,3000,5.05443113269274,Medium,169.17737807013495
1250.3401829755583,4.211522311844032,1018.2115661450982,1020.1767956732128,4332.682231606353,10.71227199675144,15150.769316753465,1950.0896478105349,445.9785104378218,10.21997656860369,8.471631941383444,15.221179033060473,brackish,BR0249,2023-04-04 05:21:12.180451136,Iran_Central,58.840687377262064,45.64051460660733,34.2511312631116,1.575195405309005,0.11593,0.1231239179788327,0.0,0.2390539179788327,0.1366620137398153,0.6026039548230064,0.1277888768470398,0.2916839999999999,1.1587388454098615,0.919684927431029,3000,11.189499950410852,Medium,177.22125785253382
19738.649452761176,31.217292050295633,293.14040117303915,176.54187370526267,2763.8968816558686,193.61593027253502,471.5406567153765,1334.163736081932,745.6086804628492,16.143787267677904,8.168247516788668,20.72493966456836,brackish,BR0250,2021-11-26 05:42:51.428571432,Iran_Central,65.34497397605202,43.35352897314826,46.72730290166412,1.9650173176054608,2.0,0.1592612331034252,0.0,2.1592612331034253,1.137295825323603,0.1881935250510298,0.0260121173838889,0.053922,1.4054234677585218,-0.7538377653449035,3000,-9.171692811696328,Low,164.55885662967788
19685.139620843995,59.6387736107764,746.4692484146935,474.6967910603773,6694.772022307268,324.62622858648206,11798.531576739748,1863.7335438239722,364.28558374343146,8.176081393350547,6.93086763194337,28.331889455277633,brackish,BR0251,2020-06-10 00:03:36.541353384,Qatar,62.2623662909255,59.8259727520524,76.13185574163654,2.157045808894919,1.87293,0.1704767589078381,0.0,2.043406758907838,3.693795829615018,0.3913264436224217,0.0902953406746726,0.2693355,4.444753113912113,2.401346355004275,3000,29.21638065255201,High,148.71424001268485
13948.038918389619,46.13380944968522,898.8225427366199,1118.186218522615,4259.514286069599,174.26974797926272,8710.412836212901,417.4137912644419,853.1930086766769,1.8246940377698802,7.656673239537102,21.36702367844931,brackish,BR0252,2023-08-21 06:29:46.466165408,Qatar,68.07590737148203,60.291305069647365,34.910028747040585,2.265551709407235,1.36134,0.1782979543408104,0.0,1.5396379543408103,1.2034743670139785,0.6003314737098566,0.1810005269495883,0.192243,2.1770493676734235,0.637411413332613,3000,7.755172195546792,Medium,156.51847149894755
6383.093692019488,37.93987667992174,1039.0562362004582,865.4116607498362,5944.0370789424705,50.453968999505996,3760.5870469188826,2218.870348338005,115.05779492662936,10.969952439945354,7.222323646492266,14.043919309040223,brackish,BR0253,2023-04-22 12:27:04.060150384,Australia_Central,64.01346470129374,50.98448911631712,23.850486873005742,2.932601985012849,0.6234000000000001,0.2315189518273451,0.0,0.8549189518273452,0.7822434983634677,0.6228254061577075,0.136526264955674,0.1528755,1.6944706694768492,0.839551717649504,3000,10.214545898068964,Medium,157.31581301313608
9252.866998880187,4.783306968112524,1450.1433878391858,645.376897173894,441.711537661565,94.13903838457229,12588.38225236171,1895.882709183782,922.7962558817825,1.1782119129593378,7.558186657823091,23.001986574872756,brackish,BR0254,2020-02-21 05:28:25.263157895,Qatar,70.08935213459682,65.2840415058724,20.22012875669404,1.621870649740609,0.9432,0.1330451279760171,0.0,1.0762451279760172,0.0806783137392092,0.9401168909036034,0.1392116901071223,0.1952595,1.3552663947499348,0.2790212667739176,3000,3.3947587457493307,Low,163.84732477671145
6662.6834563092025,10.734518783247143,598.519645510885,203.06700187552735,470.2302113673798,323.1467515523107,470.2703885599293,1935.0052590639548,252.56054748282548,1.1072948719337674,8.312140983338033,18.569488663929896,brackish,BR0255,2023-04-07 21:10:22.556390976,Great_Basin_USA,61.08520532486792,69.34615611399751,23.749058544555005,2.2885092260206727,0.72829,0.1822640303735724,0.0,0.9105540303735724,0.2274209846226587,0.3774186062120159,0.0416076936683985,0.015,0.6614472845030731,-0.2491067458704993,3000,-3.030798741424408,Low,162.44721421413047
15038.118914558872,37.46689632038271,1308.4914683102088,565.5326876813145,5345.35835224056,245.03980810072593,3954.3185766730185,1328.5391037817874,98.22091828387929,16.203371221168588,7.854544782393745,26.28097093106963,brackish,BR0256,2023-02-08 08:03:36.541353376,Great_Basin_USA,62.27584049667004,46.16935670348186,48.68553702429516,2.074298648796157,1.63193,0.1641506756349935,0.0,1.7960806756349936,1.565697659379118,0.8320849421113474,0.0810272210146106,0.1314644999999999,2.610274322505076,0.8141936468700823,3000,9.906022703586,Medium,180.84891612612998
11874.218522384303,36.965628789091554,491.11627199836795,398.24988173114195,550.1900351305662,193.46478616846147,1095.976095897053,3291.80149831683,525.1824693069336,14.889501889049825,6.633033108514595,26.30216586738706,brackish,BR0257,2023-09-30 12:30:40.601503760,Great_Basin_USA,66.74928372252349,57.31206147118085,42.92260348973992,2.985790042231233,1.13125,0.2388117743059261,0.0,1.3700617743059262,1.380365174667942,0.3437214315721113,0.0727290060069285,0.0249915,1.8218071122469817,0.4517453379410556,3000,5.49623494494951,Medium,153.04081883616055
6087.480343886528,64.61097671416277,1248.9230977470577,645.6560279405919,3153.901099074283,206.3212033434535,7663.016356636346,1979.7552879895889,347.3899848894954,14.665353021701057,7.006885730947842,15.707123334579606,brackish,BR0258,2023-04-11 12:59:32.932330832,Australia_Central,55.53109861030122,40.16038987011817,84.1779081877562,2.6179828291438874,0.60792,0.2234236819539486,0.0,0.8313436819539486,4.057307832323299,0.7098207148763144,0.0842524819085208,0.1651635,5.016544529108135,4.185200847154186,3000,50.919943640375934,High,162.4093807840654
7572.063537269896,25.109612103507423,902.1611246759675,426.42041363507104,3239.391537079119,83.82789991874172,1629.0051543721863,499.4910680117217,179.1128706046802,19.59035771364589,6.10936792150593,30.243769198236063,brackish,BR0259,2022-11-08 20:34:17.142857136,Australia_Central,59.64823842328152,61.39163188078862,21.07126129124516,2.1685697403910136,0.76462,0.1726543025086705,0.0,0.9372743025086704,0.44391247587492,0.6453462211491673,0.065787272723453,0.0696209999999999,1.2246669697475403,0.2873926672388698,3000,3.496610784739583,Low,184.21783252872598
15142.837007196511,40.44856114707813,451.16728579694376,287.1529965703324,8039.317668170075,132.48175628198973,7703.585025798625,1746.3691106547694,99.97376026338704,5.013920125168815,7.2698422220194745,17.051907316404797,brackish,BR0260,2021-11-04 06:47:49.172932328,Qatar,65.6210311002927,52.42846340689953,40.40661211575917,3.198640901259111,1.56059,0.2399634731225712,0.0,1.8005534731225714,1.2930035063818708,0.2737814411153971,0.0459745195615101,0.2474174999999999,1.8601769670587784,0.0596234939362068,3000,0.7254191762238494,Low,151.67146704782868
17615.951373084663,29.589735476582078,1055.492705369777,173.04205695533972,5711.1711266461625,136.4564978069554,5110.530904445728,2160.3399979841433,553.139031760251,0.9736257171183501,6.565510782760026,35.30438453127695,brackish,BR0261,2020-09-24 02:49:37.443609024,Australia_Central,50.72190673164341,45.798076807094944,21.32880579210254,2.2465643696222304,1.80005,0.1816875895765795,0.0,1.98173758957658,0.5174197654717738,0.4493392851068212,0.0274788460842569,0.1568144999999999,1.151052396662852,-0.8306851929137278,3000,-10.106669847117022,Low,159.75686864095394
18934.551266337498,4.829028386309246,787.565838625528,1067.5569337455195,4574.808092464239,185.95930702308323,4140.692685006244,888.1377495508158,840.3779523620251,8.429482452750598,6.860644213244255,22.336173711499217,brackish,BR0262,2021-04-28 00:10:49.624060152,Great_Basin_USA,60.92428584084854,62.56665765293128,43.461694066064695,1.7124378666682107,1.7641700000000002,0.1400541355909681,0.0,1.9042241355909684,0.183816888883014,0.4559086158042378,0.1814120238646742,0.128703,0.949840528551926,-0.9543836070390422,3000,-11.611667218975017,Low,147.6897004123066
13461.701529784303,4.941094851889925,946.0844110744346,500.63625990805093,6943.818105824458,288.1773185222449,7923.28550789292,2530.63828699742,658.7511914196492,6.697130835330105,6.6853673287733235,17.350109813681794,brackish,BR0263,2023-10-26 03:14:53.233082704,Atacama_Chile,64.97124840765292,64.31946392668242,31.42850518205583,2.3599517986278933,1.3785200000000002,0.1867049630192057,0.0,1.565224963019206,0.1253997356764027,0.6550349287460842,0.0926393238936006,0.210984,1.0840579883160877,-0.4811669747031184,3000,-5.854198192221274,Low,159.05874302232547
7916.727619444887,42.511039115802426,678.7225177271105,612.3813700740967,4492.551364117168,265.81713594257315,4543.7598162938175,1852.1354286235428,513.9896919108214,3.4309820434006455,7.649341948052642,18.55792794410183,brackish,BR0264,2022-09-29 14:33:23.007518800,Great_Basin_USA,74.18438829945495,43.33499503527812,22.872960803194843,1.856545447030819,0.87369,0.1471446918964376,0.0,1.0208346918964375,0.744707007014739,0.5061393097384573,0.0841262258619854,0.150465,1.4854375426151818,0.4646028507187443,3000,5.652668017078056,Medium,149.51260606154224
1052.0556242878122,31.400169698503408,655.3506141763502,560.1547211105276,2751.6106866729674,10.471400168927584,1675.5236791797186,212.9104283910992,669.2113870507131,8.777881832283516,7.602032415817567,26.865579298572182,brackish,BR0265,2023-03-20 14:04:30.676691728,Atacama_Chile,71.92541404044178,41.22987285514102,37.04139925362546,2.542295214083539,0.1,0.1963575408091502,0.0,0.2963575408091502,1.0138749555306836,0.467526699329118,0.074127188406258,0.0640875,1.6196163432660595,1.3232588024569094,3000,16.099648763225733,High,169.73860940210096
11321.077932992783,15.32124948259235,1251.6091927959078,292.9906381855551,7210.524536446816,174.35250031199365,16383.417859968271,1783.349081127622,525.0859285052333,5.674797175978705,7.918876126871696,21.288048540909003,brackish,BR0266,2023-03-27 21:42:51.428571424,Qatar,57.018548823566455,50.02235325007352,28.403605898041643,2.7964932688274615,1.14858,0.232492820986071,0.0,1.381072820986071,0.3286581238462399,0.7376466853885262,0.0419887633181117,0.333216,1.441509572552878,0.0604367515668069,3000,0.7353138107294845,Low,159.7808934289071
10012.857106706599,4.702597677482806,806.2918227549662,218.4577039059366,710.6972179445593,229.12935137033267,4213.983951872607,1172.3951249360698,102.25869441519409,1.083249841740775,7.153211862399022,24.655566809142233,brackish,BR0267,2022-11-12 12:23:27.518796992,Iran_Central,62.68025260072312,58.77971397283107,39.78721825615456,2.7380854317349037,0.99909,0.2143438292202034,0.0,1.2134338292202034,0.1587510008420567,0.4576159881873594,0.039200191248481,0.07083,0.7263971802778972,-0.4870366489423061,3000,-5.925612562131391,Low,147.79468463336602
11903.964898445089,44.154934420492985,1194.7256004319527,258.1701753283187,5287.963294734482,206.90088778435114,502.021395133353,2256.5042674789615,107.7391520170264,7.106714820544999,6.547947773887847,35.50168518498054,brackish,BR0268,2023-12-23 16:21:39.248120304,Australia_Central,51.41035931650228,63.80258581565899,39.74524278541371,1.943572212496931,1.06999,0.1527796428502866,0.0,1.2227696428502866,1.4494533610441385,0.5579957015350798,0.0571160748221779,0.0820455,2.1466106374013965,0.92384099455111,3000,11.240065433705167,Medium,167.4555046984027
10254.719734940229,24.269258955490454,652.482134009819,430.9159034510512,502.30246413161626,90.12562750839838,2749.4473255840167,2590.4759001278007,429.88336972199346,1.0087345005774189,7.8343730253488495,20.393863895176644,brackish,BR0269,2020-09-13 03:22:06.315789472,Australia_Central,56.01886037044518,56.38187489891373,41.15022422362259,1.9369924591391925,1.02695,0.1556230349959208,0.0,1.182573034995921,0.7684063669725495,0.3817707741789987,0.0647827742588518,0.0469739999999999,1.2619339154104,0.0793608804144792,3000,0.9655573783761636,Low,160.13899288332792
3436.892112774454,41.86126068886451,1541.143345752381,688.4306740278669,4417.836570929222,486.77505058533296,960.3860265690191,1758.6221742453697,420.2643381893559,12.1147987272067,8.487771599034753,28.495009669715174,brackish,BR0270,2021-06-29 05:06:46.015037592,Great_Basin_USA,69.37139670170225,57.42246328920942,49.77395236333277,1.6202292505470164,0.33687,0.1283145843708374,0.0,0.4651845843708374,1.7436910539827462,0.9767714644069124,0.122309846806016,0.0831405,2.9259128651956745,2.460728280824837,3000,29.93886075003552,High,168.69818027325226
11731.75737217378,76.8014763957589,585.205809866331,399.1245047873771,4828.916017273994,23.40017631964726,9795.436981620189,3237.7165394874733,751.8734699549694,4.3989128169739224,7.882151472530751,34.734579158758926,brackish,BR0271,2022-09-22 06:55:02.255639104,Great_Basin_USA,53.082850306883614,63.99574665258673,69.66744274868513,1.9883703353382896,1.2787000000000002,0.1543041402775533,0.0,1.4330041402775535,4.258547839410325,0.269423068389594,0.0693649897967387,0.208254,4.805589897596659,3.372585757319105,3000,41.03312671404911,High,145.44480087730446
12958.723585946465,4.889858209924168,628.1211609211122,1224.478313448037,8991.378867414993,44.063052771810334,6254.269394638817,1401.3378923587502,737.6447316780346,20.217421583938357,7.086915715382967,25.96666193692352,brackish,BR0272,2020-11-28 23:34:44.210526316,Atacama_Chile,56.442263120848914,55.86530122656278,33.959464234553025,1.6818273032979016,1.31611,0.1311149759613381,0.0,1.4472249759613385,0.1354982622958665,0.3003450858997109,0.1883610361456017,0.24474,0.8689443843411793,-0.578280591620159,3000,-7.035747198045268,Low,162.23307065579883
13983.934632236695,12.613197005865842,1692.556313710261,844.4688262858609,469.4525266265325,176.9687710547839,6769.015920730861,2138.09115881585,624.1807539939623,23.40621419423919,6.398643788125758,12.93102115797821,brackish,BR0273,2023-01-28 08:36:05.413533840,Australia_Central,73.6010625433952,58.33463470678902,44.13835103076023,2.17204763102406,1.3411700000000002,0.1799338463190771,0.0,1.5211038463190774,0.4402800515318332,0.996122668547314,0.1589210453317053,0.1214234999999999,1.7167472654108529,0.1956434190917753,3000,2.3803282656165994,Low,166.71127923056423
13128.838402168325,20.66703691281121,582.7272400432431,903.4323722508166,2055.770465127262,323.64161679280767,4837.820909092449,2463.7534526562727,376.98400996423936,16.011555464065058,6.775122862623204,27.946717033944214,brackish,BR0274,2020-01-08 07:38:20.751879699,Qatar,70.59639501231145,55.48652019929678,37.35110069065656,2.6255707871855507,1.47329,0.2050016495397909,0.0,1.6782916495397908,0.7391932231083695,0.4215451938975141,0.1402421798037225,0.100758,1.401738596809606,-0.2765530527301847,3000,-3.364728808217248,Low,153.46299949434527
13203.354435612611,57.89563892291283,1725.1604971525758,538.3764880335328,5799.199038870406,61.54438996562598,4368.122672613191,1462.9984349155889,103.131704075314,1.1181818268017016,7.69691310917058,15.646286678421752,brackish,BR0275,2022-07-07 10:42:24.360902256,Great_Basin_USA,69.5456928162228,66.41374700103111,60.93143026719499,2.6216740762563906,1.30203,0.210141739379899,0.0,1.512171739379899,3.2285858818539146,0.9616667129518784,0.1123919840498449,0.170259,4.472903578855638,2.9607318394757387,3000,36.02223738028815,High,144.21221031109908
8005.989526389327,5.215588452116393,1128.020262928832,916.5356299932822,4827.183771865912,127.32921716613428,4643.2428258349055,2221.3996890581557,605.8617107239783,21.066817004720836,8.197126230667221,37.69183679527668,brackish,BR0276,2020-04-01 11:29:19.398496241,Australia_Central,71.61393725755391,47.065498557552665,45.2923556077957,1.5927683990427206,0.79499,0.1271435078697814,0.0,0.9221335078697814,0.1807164988751048,0.7952240757678012,0.1488634653876833,0.1428345,1.2676385400305892,0.3455050321608077,3000,4.203644557956494,Low,157.68938422250204
9673.677537737372,84.092051554202,707.4890873168549,518.7106874311195,4891.40500184134,257.502670441692,5535.343345445987,962.0709661229948,649.9660114305667,22.40044406809408,7.811905992443475,17.64064221146192,brackish,BR0277,2022-02-07 10:06:18.947368424,Iran_Central,68.74014216455885,47.91980753621528,61.28746704845103,2.0143474806494734,0.96458,0.1607947077885842,0.0,1.1253747077885845,3.834340058445652,0.4870761497439444,0.076853787326582,0.1532414999999999,4.551511495516179,3.426136787727595,3000,41.684664250685735,High,171.74585035980178
11214.688300656779,31.2712820871433,306.8685198724347,607.039129598435,1145.6862540942666,152.7629301042691,8689.900818007987,1084.2992390908164,97.48215134009423,10.433243037981107,7.967680894726202,35.335681927458346,brackish,BR0278,2023-06-12 17:55:29.323308272,Atacama_Chile,53.014655402955874,43.83884384805477,25.12460409475353,1.9235484048880276,1.04556,0.154580611985692,0.0,1.200140611985692,0.6696510978582848,0.1526822075605129,0.0776736635299834,0.1570935,1.0571004689487813,-0.1430401430369108,3000,-1.7403217402824152,Low,170.6146117252843
10785.21362021118,27.12853722360537,760.0182963498673,629.9130909508069,2144.8959704539498,130.17123297251842,7524.055289799273,198.5141518934276,276.2785831619192,19.251102145328545,8.169946875136382,34.97536565589087,brackish,BR0279,2022-04-03 07:23:54.586466168,Great_Basin_USA,62.91403316213079,64.58400254483266,23.06239900922561,1.7156706183092811,1.05385,0.1325160387584801,0.0,1.18636603875848,0.5079447256983923,0.4785291693538197,0.1261325569700581,0.1435769999999999,1.2561834520222703,0.0698174132637903,3000,0.8494451947094488,Low,153.40708301303837
16542.15465448159,25.515758692579027,864.1833486329074,793.0796123776144,8170.894881719172,217.09993262085464,8113.085798253909,1683.3522747456843,318.5522244153331,5.526461262059478,7.979388693928093,20.409689353148295,brackish,BR0280,2022-01-16 11:11:16.691729320,Great_Basin_USA,61.10609802005805,52.35331871687072,22.33781398643361,2.0385741170653144,1.4991100000000002,0.1634965573118406,0.0,1.662606557311841,0.4456393890293504,0.4931702074124429,0.1272970944600711,0.236034,1.302140690901865,-0.3604658664099762,3000,-4.385668041321377,Low,143.9456026765946
12298.950499421633,20.02683193341769,1149.8315947598928,854.4272568700119,3621.40978058139,192.92403669947416,9179.725981999807,1846.5123942117818,489.1177969288818,1.0345064867326879,6.71112899068141,28.950509078823316,brackish,BR0281,2020-03-25 03:50:58.646616541,Qatar,57.77878945675951,50.43681822643731,20.770546259141305,1.8835209678115792,1.32183,0.1559184130967083,0.0,1.4777484130967085,0.3165805119725799,0.7027195042825788,0.1197017006968036,0.1776555,1.3166572169519626,-0.1610911961447458,3000,-1.9599428864277413,Low,153.37662490587007
20190.294394105687,48.223117613246885,1411.4106160498702,460.9104697187902,5160.314252888008,254.67680740752664,9120.64729853643,2866.1875599833206,249.3404590468515,3.811159992915217,7.538365302149652,30.232851093687227,brackish,BR0282,2023-08-02 23:23:54.586466160,Great_Basin_USA,70.85101024299013,69.44046151261469,61.37569284930918,2.4228037529252116,2.0,0.1961399075207132,0.0,2.1961399075207133,2.752552522628679,0.9763155849867652,0.0953070334260636,0.2199585,4.044133641041508,1.847993733520795,3000,22.483923757836337,High,152.96371816757238
20118.253500945928,4.689885913557569,573.335137869197,414.1205089242445,3608.4491136138313,263.3294273089865,7873.637215136475,2433.6655312769944,517.671845973096,25.980776356608704,6.999116410457106,30.53512463003633,brackish,BR0283,2022-01-31 02:27:58.195488720,Australia_Central,61.603480059355846,67.80410099319357,33.2731756753643,2.8400981262279634,2.0,0.2259963196480455,0.0,2.2259963196480457,0.1327599709447035,0.3110729329077232,0.0895217545413134,0.162105,0.6954596583937404,-1.5305366612543052,3000,-18.621529378594044,Low,163.09238911457555
9619.917454612516,37.70137051564564,1116.0243976065972,830.9205611441165,527.2695718955923,179.96805095209777,7618.8283736329195,1245.2610899870488,455.2048023856687,0.8942352806728104,7.362825170329048,30.104931395413185,brackish,BR0284,2021-03-11 10:31:34.736842104,Australia_Central,51.50744003393874,69.15963046374284,27.58556809947841,2.2627366641547524,1.0398200000000002,0.1745810065047859,0.0,1.214401006504786,0.8497127370546138,0.5540552309570722,0.164323281981853,0.119031,1.6871222499935392,0.4727212434887531,3000,5.751441795779829,Medium,156.98758086209992
1066.9406501463943,21.404084201653077,1117.1643281504162,825.871856178865,6050.4847270619675,169.1051932487071,10257.540422174228,335.30757265097213,450.9873994546767,10.78593986816334,7.690339360653591,36.022837234439464,brackish,BR0285,2022-02-14 17:44:39.699248120,Australia_Central,56.8741395930067,44.26896990276079,23.79610650256456,2.667400960843869,0.1,0.2095998207320182,0.0,0.3095998207320182,0.387381576976549,0.6039760628907266,0.1081845086483668,0.263349,1.3628911485156423,1.0532913277836244,3000,12.815044488034095,Medium,149.810988543964
18817.80844016082,12.806302459079502,1270.2998050047624,396.92105399867063,5181.7965835919495,190.09642289135581,3526.652632317127,2104.9643909833767,262.3969127095288,10.77671472734234,8.569309133987785,26.7863094155291,brackish,BR0286,2020-01-15 15:16:41.503759398,Iran_Central,55.71552645073613,66.73755439444498,39.76116628179578,1.6751530495493248,1.6184200000000002,0.1375212440532809,0.0,1.7559412440532811,0.3458505765523161,0.6575680148979363,0.0965025036543674,0.1327425,1.2326635951046196,-0.5232776489486615,3000,-6.366544728875382,Low,170.37474428610923
7289.412157746669,93.09014607706604,1081.4053408952102,205.99694079280027,8853.228038633826,209.90461495860333,2679.053568818448,2583.392760490778,293.57010326396033,5.665073793339128,6.617508576392389,22.942150929380677,brackish,BR0287,2020-05-15 09:19:23.909774436,Iran_Central,72.18697212028209,49.86128798162355,65.65279776585646,3.054370378115103,0.7298100000000001,0.2273959654372637,0.0,0.9572059654372638,4.956182225582716,0.6926484348885307,0.0299167727889741,0.188655,5.867402433260221,4.910196467822957,3000,59.74072369184599,High,159.70458456554803
6204.4472561512575,36.51121889493519,265.2402810440219,552.5507835306803,935.9768511569456,161.1657785257988,1259.4520951931117,2079.1153365627074,169.53704094080254,6.0793941014553505,7.852269167093326,21.68614996042253,brackish,BR0288,2023-03-16 22:15:20.300751872,Great_Basin_USA,66.185952515975,40.37970310635588,20.568474660344283,1.7426251456835502,0.59926,0.138311368585811,0.0,0.7375713685858111,0.6647525325476669,0.190615543246008,0.0651486129917945,0.033144,0.9536606887854694,0.2160893201996583,3000,2.629086729095843,Low,162.97026898355787
8055.176493544378,46.575592072805314,767.988329181196,788.2086138765166,7016.160476567043,162.86875202097949,6857.183431566594,2819.893907206886,625.9052163514989,9.0564302980061,8.410373470796253,32.75296810181548,brackish,BR0289,2021-10-02 08:25:15.789473688,Iran_Central,64.00940664705188,51.738950079492064,32.55259351301983,1.8565695371013207,0.80078,0.1430521416719267,0.0,0.9438321416719267,1.1767567239395589,0.4533709461522707,0.1221711828227046,0.1979909999999999,1.950289852914534,1.0064577112426072,3000,12.245235486785054,Medium,139.05354875144982
7378.841141003546,63.80023078764243,331.3614588874639,1212.857576834432,482.3093476621265,231.56335495021602,479.1054539134064,1240.3314843491462,751.3598427263778,5.193857620220674,8.323355479254776,29.58450369329553,brackish,BR0290,2023-02-01 00:25:15.789473680,Iran_Central,62.66623104196763,55.27589059414179,67.76082479945762,1.6521417115659394,0.77668,0.1327756564305211,0.0,0.9094556564305212,3.157871270294084,0.2031589077395757,0.1893088701068168,0.015,3.5653390481404763,2.655883391709956,3000,32.31324793247112,High,131.31217574894572
11396.595264848116,5.0378049423428255,727.3868852710449,229.27554725277304,4312.135499987234,314.0167684287462,7394.910901810924,983.4623208335487,255.8756615022266,1.0733023658502099,8.430834949569636,28.560992597318094,brackish,BR0291,2023-11-13 10:20:45.112781952,Qatar,66.25282568853663,43.24661270702216,29.558132940394785,1.9959530874189788,1.30613,0.1571615401824644,0.0,1.4632915401824644,0.1179369504321752,0.4573035040325552,0.0312154050519285,0.184809,0.7912648595166589,-0.6720266806658055,3000,-8.176324614767301,Low,142.2356494265197
2093.9725520006273,69.11625361573292,1280.4422421649726,483.11795302264255,7352.3430078168785,9.082547950986939,5858.945009098686,667.1525045032943,887.5233567401376,11.654065790177764,8.11682870761727,32.1227850407184,brackish,BR0292,2022-05-06 05:46:27.969924816,Iran_Central,68.87188866942812,56.13032850622768,71.13175070453903,2.387259655497926,0.22028,0.1862892536058631,0.0,0.4065692536058631,4.189119515191994,0.7881147964219999,0.0794805451648184,0.1873905,5.244105356778812,4.837536103172949,3000,58.85668925527089,High,152.8301440068202
4162.078618545543,5.335297879518006,845.0188342113197,430.1991662296354,537.3992345459355,150.92330726721795,10373.39943880525,1501.8492899952191,402.5170127499011,20.11420110627018,8.512797721384754,16.60001203438373,brackish,BR0293,2020-07-23 21:53:41.052631580,Atacama_Chile,63.85961764578775,64.58390752530195,40.06741781702833,3.0909705432176104,0.46114,0.2385592933687592,0.0,0.6996992933687592,0.159868997089943,0.5652955529393365,0.0936208323486777,0.165579,0.9843643823779572,0.284665089009198,3000,3.4634252496119102,Low,164.53054929299367
13113.344338828749,11.301640487584816,1169.9414683534403,1035.3872522277322,3364.211845615718,79.33043599756363,3293.7318759429672,1260.068706762303,1028.3678599347725,16.262353425956782,6.508760141753861,29.234493976669714,brackish,BR0294,2021-03-26 01:48:16.240601504,Atacama_Chile,73.45713537881527,51.32952852517582,38.49437360113982,2.775383325373955,1.17158,0.2152041641589052,0.0,1.3867841641589054,0.3317599094440634,0.8879733587424401,0.1550203090988834,0.1004625,1.475216077285387,0.0884319131264816,3000,1.0759216097055273,Low,132.22015602115601
13009.025962797345,17.171225306766665,809.7957929715254,670.0930083364539,2421.1375639157814,124.40763382248291,5288.294547017892,1617.067330503876,276.26597232124317,3.673241009226108,6.375433339016515,28.82178959754602,brackish,BR0295,2020-05-26 08:46:55.037593984,Atacama_Chile,74.42085426625961,50.57934419602907,48.11784829366627,2.1248342428113802,1.31147,0.1656522963470378,0.0,1.477122296347038,0.7103637943593952,0.6692161362355717,0.0894495702106774,0.1124565,1.5814860008056444,0.1043637044586063,3000,1.2697584042463768,Low,175.7836687786301
12887.884089442057,45.68814079861948,288.4676622229607,304.97202613627985,1751.3098282886156,193.3396828762489,10683.578947353788,1427.1407321969252,110.17543905612463,0.9497750978540905,7.568377115789864,35.97306483138446,brackish,BR0296,2020-05-04 09:51:52.781954888,Great_Basin_USA,74.88355791522058,50.16431260692032,35.53149998907564,2.3414253186091076,1.3207700000000002,0.1891015269484284,0.0,1.5098715269484286,1.261759096112065,0.2156646467958352,0.0493315850176454,0.1857435,1.7124988279255458,0.2026273009771171,3000,2.4652988285549253,Low,160.03825119935868
6442.277808160116,37.9782049356323,327.9390792319552,726.7743118440329,5652.899913319011,237.32291404694777,10378.64047314441,1435.450323950356,613.2254093474363,7.1795550716528975,6.562759733133302,14.749322879524719,brackish,BR0297,2023-07-15 16:18:02.706766912,Australia_Central,66.73477775221612,67.69283337651076,34.17709729175216,2.3931966490383876,0.60648,0.1947969637127049,0.0,0.801276963712705,0.968202989178047,0.1921961599263824,0.155883056699429,0.2503215,1.5666037058038582,0.7653267420911533,3000,9.311475362109032,Medium,173.209145719452
4707.551709858809,27.93449341686136,852.2448718054937,454.81306263224724,8469.429342461577,132.95196718437873,3574.669456462405,690.3035672715625,545.0641808669515,22.331274632956188,8.690239788941964,35.22007052964999,brackish,BR0298,2022-12-15 10:46:00.902255632,Qatar,73.31551166889696,41.46274296370597,26.402433056506908,2.761372206208686,0.51087,0.2187272665496816,0.0,0.7295972665496817,0.5435838527405868,0.6049409498824027,0.059532206347289,0.1596225,1.3676795089702785,0.6380822424205967,3000,7.763333949450593,Medium,148.34186820197016
7065.978572071933,29.561852580331642,647.3830342180954,234.81754110008217,3731.553676400635,10.4963800727433,6784.164311783574,2418.671586577074,453.1396384875689,14.492475631955523,8.577567513880421,27.41303648115986,brackish,BR0299,2020-11-21 15:56:23.458646616,Great_Basin_USA,60.11199238269887,53.35228425978866,42.66143866544471,2.67759261395559,0.74668,0.208374214250376,0.0,0.955054214250376,1.011101693234239,0.4122624706387207,0.0372452296417584,0.1549094999999999,1.615518893514718,0.6604646792643419,3000,8.03565359771616,Medium,163.72798140125659
11252.765800055611,5.362139413220962,395.28821804039234,307.4801545110596,3942.937814904967,54.10752594728613,7075.879097280902,1480.204831038449,322.49796835705115,13.915238213251364,6.924537954736028,27.686512738799504,brackish,BR0300,2021-02-24 19:14:53.233082704,Australia_Central,71.48980978118463,47.93798362449151,24.223273286428544,2.338208577578242,1.11994,0.1883149352365368,0.0,1.308254935236537,0.1063159464541348,0.2808348495596232,0.0477749944801682,0.176913,0.6118387904939263,-0.6964161447426104,3000,-8.473063094368428,Low,159.09316154274163
18682.413810479353,5.429545837728442,268.7549042266969,1153.2316919526747,4173.196325540286,212.17291159035992,7720.631292924164,1274.7131652654245,483.73362079668215,16.88176930324176,7.357792142658438,35.55300996330935,brackish,BR0301,2023-12-20 00:32:28.872180448,Qatar,72.72935746849203,66.81421076162482,34.73398669461452,2.5837830540316866,1.7427400000000002,0.2003019632447588,0.0,1.943041963244759,0.1385886069115119,0.209460549509257,0.2245358366855164,0.1775625,0.7501474931062855,-1.1928944701384736,3000,-14.513549386684762,Low,167.20219632867045
1035.1179531618152,44.11691846294249,466.2380319739701,757.7021229095866,4177.222738039001,9.356968479033878,5031.656902701484,766.6247523353754,350.74165642258987,13.499836420612548,7.290290905902839,28.896081925553545,brackish,BR0302,2023-11-20 17:59:05.864661648,Qatar,72.60351180830689,42.88156790751412,32.639665951623336,2.733003128550926,0.1,0.2095101133155479,0.0,0.3095101133155479,1.2554390552968593,0.3527485183313676,0.0920195565727345,0.1343265,1.8345336302009616,1.5250235168854136,3000,18.554452788772533,High,155.56181266498734
9051.04398585148,48.75213603223945,741.8563511894718,655.9507420146779,710.4032112251956,265.88094406748155,11722.876916634237,192.9769464968496,383.49084280828345,11.97663613085197,7.482404309207148,28.246063550102715,brackish,BR0303,2022-07-22 01:59:05.864661648,Qatar,70.77115707270954,52.34328300041233,39.74902635213209,1.6529915264432595,0.88964,0.1359772870960085,0.0,1.0256172870960083,1.500342899271767,0.490664924523944,0.0992899735234821,0.1778625,2.2681602973191928,1.2425430102231845,3000,15.117606624382072,High,163.38872897131853
3354.8453344771947,62.925230271480494,978.7727039379075,460.0107331078009,7977.646524861378,217.83560128861825,518.8294285252829,2759.9970917030705,735.6916163958273,16.30331888020951,7.637530030937754,28.85600728032949,brackish,BR0304,2023-02-11 23:52:46.917293232,Atacama_Chile,60.16497904103126,52.20448456093257,82.94053674891647,1.7554723206282394,0.33366,0.1440546553566456,0.0,0.4777146553566456,4.60658376346422,0.6159353630338151,0.0822220631834688,0.1173795,5.422120689681504,4.944406034324858,3000,60.15694008428578,High,170.35185327645658
1787.515107391297,10.960678658393356,943.6877933943845,735.4994100594141,5086.745079178951,290.74090891056585,4532.350578086337,1843.9429556363982,536.386100372945,6.07821773409927,8.249350123467595,21.41882352207484,brackish,BR0305,2020-08-22 04:27:04.060150376,Atacama_Chile,53.97268704951836,66.65183252641069,48.39786774494667,2.5222098530052843,0.17388,0.202630114668902,0.0,0.376510114668902,0.3939392842967679,0.4536296401137918,0.1374894001354799,0.1380165,1.1230748245460398,0.7465647098771377,3000,9.083203970171844,Medium,150.9411528384711
15044.203636190801,46.44561129781144,1436.0151437391562,728.9877133663659,4928.204498311075,119.46756999691834,8528.557745067996,215.86138630728593,678.1906436318679,1.0504250248875455,7.826487783400804,24.841741826151075,brackish,BR0306,2020-01-01 00:00:00.000000000,Atacama_Chile,58.34890890861115,46.46480335122909,25.03397801489476,2.801252988479831,1.48348,0.2220510674385158,0.0,1.7055310674385158,0.9449175137634084,0.8084077952343132,0.0953597159177274,0.1946445,2.043329524915449,0.337798457476933,3000,4.109881232636019,Low,160.8317647757767
11805.78918255499,24.93353892674289,388.1115705747259,727.6631383033788,1584.0696173396777,9.901778640366988,8313.146576200717,2343.9032194903803,410.22772751094953,16.167869711398673,8.341008458870427,17.23611365954813,brackish,BR0307,2021-02-21 03:25:42.857142856,Qatar,69.18221423245232,59.34686230904833,27.854516548015347,2.0806270612233857,1.27231,0.1691114739239721,0.0,1.441421473923972,0.5090190063017421,0.256228783208449,0.1224385116297976,0.141141,1.0288273011399889,-0.4125941727839832,3000,-5.0198957688717964,Low,137.25042110283
12286.70390102299,61.85705379810423,1129.9442094490066,651.0597884740486,2458.2270801862683,220.26056512319383,11282.808421788153,2556.9569284292934,354.72215403560284,18.188079745284654,7.832520507191942,25.762845153636974,brackish,BR0308,2020-01-04 15:49:10.375939849,Qatar,55.82213778324938,44.03218380663368,80.29088299911767,3.0903100686127005,1.22472,0.2375868386965447,0.0,1.4623068386965448,3.8315130530710944,0.6175625431815992,0.0838152618759272,0.2104995,4.743390358128622,3.2810835194320767,3000,39.9198494864236,High,165.9270596725409
13507.406883734822,50.74778940620941,863.2019566488417,873.8646446663456,3427.229683527236,279.66051327928363,9944.544807880484,1771.1316828115343,183.4132272542974,1.1115401592410163,7.090175847272082,15.968226271711613,brackish,BR0309,2021-04-24 08:21:39.248120304,Atacama_Chile,61.95680162064931,68.61927142241629,72.95699406122982,1.8473139065475845,1.4605100000000002,0.1459286079208047,0.0,1.606438607920805,3.231192309977808,0.4870696785326373,0.1771612349583943,0.2139674999999999,4.10939072346884,2.5029521155480348,3000,30.45258407250109,High,179.7890916874015
7644.5438589124415,38.82025512596286,1136.991763012439,650.7589988006036,480.5892365848607,236.94364836314608,5424.928015926454,2919.138559319027,351.8745023449995,17.29347436925841,8.633148313881076,31.677198625498576,brackish,BR0310,2022-04-28 22:08:07.218045120,Qatar,64.1349879496168,57.790448778168575,33.59103705067196,2.127563730286621,0.76014,0.1700039138452126,0.0,0.9301439138452128,0.9462393590951984,0.6636585937045628,0.1052190700904115,0.080367,1.7954840228901727,0.8653401090449601,3000,10.528304660047016,Medium,144.37347073339808
7573.128074850147,23.834624125973733,640.068009418011,347.88244647094535,541.1166630081563,86.5811025551907,11013.133195613931,1673.6320933690054,101.27021304859778,25.787283361068774,6.451899856166421,23.564434617301494,brackish,BR0311,2022-09-11 07:27:31.127819552,Atacama_Chile,65.09646406094689,58.78770190962011,41.31876357142117,1.9787100186807296,0.78368,0.1654227652155903,0.0,0.9491027652155904,0.7089060265948731,0.3908287547876753,0.0540729282164685,0.1754925,1.329300209599017,0.3801974443834265,3000,4.6257355733316885,Low,157.13836375643245
23555.134271896008,57.33504294202504,1277.276946210011,388.5274478570849,2523.3399908952215,167.18053372107607,3039.6851439714032,173.47231885384903,282.8468549941314,10.480401979212271,7.699281703386848,22.6390955981618,brackish,BR0312,2021-03-29 17:37:26.616541352,Atacama_Chile,73.39313870946997,53.01320204981417,75.04812381517429,2.7811477842759293,2.0,0.2316355128871715,0.0,2.231635512887172,3.2339737514434903,0.8657102355103272,0.0662081880400129,0.080124,4.246016174993829,2.0143806621066576,3000,24.508298055631,High,167.8973682417697
8742.616936374727,43.73702484447286,904.4696331832241,215.0937555411268,5009.820108511364,93.61219645590748,8541.405575122722,2275.2261768345884,408.942255404227,3.8038939414783286,8.30451061387871,27.13214019708728,brackish,BR0313,2023-08-24 22:18:56.842105264,Atacama_Chile,66.53732551035793,50.26848137998967,49.12142163264004,1.9443219227686217,0.8767100000000001,0.1542454221087047,0.0,1.030955422108705,1.81098892418352,0.5864440180901723,0.0301610888279937,0.2293665,2.6569605311016864,1.6260051089929817,3000,19.78306215941461,High,158.49780714001147
12331.422867457348,12.62366939921526,548.2474139774553,1200.7094821924898,1765.8839392452264,70.49577394942864,13555.846629549746,1726.6292008311898,673.6818993988846,10.205361623648766,6.994661463363709,17.366179919645212,brackish,BR0314,2023-07-12 00:28:52.330827072,Australia_Central,69.65747040193256,46.38029288484629,37.519239568648,2.0650390779524477,1.3675700000000002,0.1764948933650658,0.0,1.544064893365066,0.3862305559675763,0.3532135283164875,0.1680821814146829,0.2292405,1.1367667656987468,-0.4072981276663192,3000,-4.955460553273551,Low,159.97773458480577
9937.674228115711,5.0508995260920155,776.392371506026,851.0045748042486,927.4058711918723,239.84803399971213,10972.9815119132,961.8999115497593,424.51908364170185,5.472044290549946,7.849888637808169,34.85705670141957,brackish,BR0315,2023-10-22 11:25:42.857142864,Qatar,64.54695869729083,58.11963261496777,33.9792147904176,1.8349514424225377,1.00319,0.1424680607538395,0.0,1.1456580607538396,0.1355770670137662,0.4927463189384224,0.1497394214692029,0.177051,0.9551138074213916,-0.1905442533324479,3000,-2.318288415544784,Low,153.82144068261258
1036.355112194652,21.676878202667034,704.3100055828735,313.24744093731334,1390.524790993472,31.720658550267434,5741.878567708317,1893.8784335774194,657.6626688099316,5.253278204777073,7.993237991592168,24.596392596754708,brackish,BR0316,2023-01-10 01:30:13.533834592,Great_Basin_USA,70.83950797154908,68.63685236044714,36.28452086234528,2.271072623166255,0.1,0.1825519486274932,0.0,0.2825519486274933,0.6601750863778549,0.4788977425302226,0.0722746055355508,0.119685,1.3310324344436284,1.0484804858161352,3000,12.756512577429644,Medium,153.41014048219026
1117.1354762306767,75.94372325891763,976.5576053129184,505.12536768350355,2642.520495484843,61.31983837611419,4821.167299003888,213.94943795900213,102.79682788710993,14.597100292751719,6.935841075070441,24.745089300797293,brackish,BR0317,2022-08-20 08:32:28.872180448,Atacama_Chile,56.59159032674407,50.79372862277209,80.21349541742433,3.0571743023611355,0.1,0.2228885003356309,0.0,0.3228885003356309,4.346304078396804,0.540943166288055,0.0785372631965302,0.1096034999999999,5.075388007881389,4.752499507545759,3000,57.82207734180673,High,157.19025237273308
6811.931722723679,59.29303747232228,317.59906180745605,380.35528510807006,3092.447171376514,40.93601481659062,482.56328277544964,2814.456108616856,477.835948274236,0.9898339947912757,7.347412022017962,17.55674400367116,brackish,BR0318,2022-08-02 01:26:36.992481200,Great_Basin_USA,55.246941791719735,66.49470665986163,75.31687641963052,2.0914918167852328,0.7105100000000001,0.1564847354268677,0.0,0.8669947354268678,3.528038315374185,0.1740146073778871,0.0815690566596522,0.051576,3.835197979411724,2.968203243984856,3000,36.113139468482416,High,158.61132347879374
13587.879654005224,4.053828183512424,750.2741218899139,1028.2910858624757,11045.899328086776,9.468571517682747,8606.065954205033,619.2757981525649,93.35279829154497,0.9942287828595593,7.286254736908096,24.521920637768297,brackish,BR0319,2021-02-28 11:04:03.609022560,Australia_Central,73.15800121894924,44.46328938541749,39.41144274160153,2.7014026141199796,1.52805,0.2172950486595393,0.0,1.7453450486595394,0.1572516565389901,0.5536363426646177,0.1417667518764651,0.258633,1.1112877510800732,-0.6340572975794663,3000,-7.71436378721684,Low,145.0708545137084
14738.655323640553,5.118774534464677,989.4665721955039,184.6253906271059,7264.893933542628,155.1371382827125,1477.758733247706,478.6506458774688,151.9279911567479,10.690618178486124,6.894976865054246,35.29113498934746,brackish,BR0320,2023-09-08 13:35:38.345864656,Qatar,67.33702190893446,68.08378062645403,49.14316640109776,2.8578214317586017,1.39415,0.2293573898610751,0.0,1.623507389861075,0.19608123394038,0.619349766633121,0.0408502683758724,0.130545,0.9868262689493736,-0.6366811209117015,3000,-7.746286971092369,Low,157.4191036045845
13162.288723089181,60.39143399959058,887.8049309809937,614.3680186949152,6978.649339499264,283.81839677502313,2741.364359724752,1372.732030030651,472.7621947685186,9.027652612578446,8.565925184593034,34.89777730024593,brackish,BR0321,2020-07-05 14:47:49.172932330,Atacama_Chile,66.78813942645553,50.5145885169423,75.45988711063643,1.6575066013854558,1.45704,0.1287549467657476,0.0,1.5857949467657475,3.72743167569442,0.5213963038232989,0.0961242104888894,0.148527,4.493479190006608,2.90768424324086,3000,35.376824959430465,High,175.5144549684816
4910.167194389703,4.973775705358543,1448.5509923769844,551.2701088397445,6466.258543217417,130.76915630934653,1161.2531267418142,1631.6968980580377,805.873099286714,14.128982644793027,7.0068404755268165,30.295729060007858,brackish,BR0322,2022-01-01 19:54:35.187969928,Atacama_Chile,61.682380965711246,51.39181634780037,31.408557450036195,2.7692540417529883,0.50648,0.2107709443583101,0.0,0.7172509443583102,0.1253201442256444,0.7927715677141844,0.0874791497872257,0.1311405,1.1367113617270546,0.4194604173687444,3000,5.10343507798639,Medium,153.50997933807403
17753.366333597678,41.598196715666546,1012.0000572264461,853.8440492429563,1005.3393758045564,10.199524319469553,4530.374520757065,1659.4872222718832,613.0247716399588,23.46151183706155,8.368665929922784,29.570646124558486,brackish,BR0323,2021-01-26 12:41:30.225563908,Atacama_Chile,59.41743148233776,53.88526771102985,40.7397808103839,1.790482148079313,1.8079400000000003,0.1506412123380589,0.0,1.95858121233806,1.3881917352015076,0.6329239869388991,0.1371002866371732,0.0774285,2.23564450877758,0.2770632964395205,3000,3.3709367733475,Low,144.45296871208643
5150.27284437117,15.424801437772034,868.9246382379895,504.5071194830083,502.4950541192311,228.9812429043228,5734.454119122846,800.8202890221212,510.59728821256505,9.349546395789167,7.441173865002131,21.081478557090364,brackish,BR0324,2020-09-09 11:32:55.939849624,Great_Basin_USA,63.89227986196597,61.5473280984295,39.78378190931935,1.6685105513000786,0.5175500000000001,0.1410393195043955,0.0,0.6585893195043956,0.4635128862690979,0.488852611679874,0.1050243606671601,0.0958215,1.153211358616132,0.4946220391117365,3000,6.017901475859461,Medium,156.47374841935627
11597.848912866131,75.91782137271106,866.9522199630768,179.76274593156546,709.7875081703297,338.64340451405235,6734.496757527748,991.4122334080015,482.1448769789797,14.810429420829394,6.629160597175643,16.792569943387264,brackish,BR0325,2022-01-12 19:22:06.315789472,Australia_Central,53.01415873554168,61.589603010671055,60.346190887659546,2.3568656645269113,1.10641,0.1921346870430043,0.0,1.2985446870430044,3.390200727116004,0.4512734836877261,0.0369537618064026,0.1166084999999999,3.995036472610132,2.696491785567128,3000,32.80731672440005,High,150.23887886337798
9472.1348603071,10.912006818531731,956.9157189465737,537.9927492496616,7606.573083558835,81.76651193938271,3776.0536887985877,359.70045484004044,301.34704377245134,2.461562640165837,7.680311248338877,21.106909467891256,brackish,BR0326,2021-03-18 18:09:55.488721808,Qatar,61.36781402707769,54.38765754158996,34.01987890357499,2.6031302679326753,0.99482,0.2046723139474439,0.0,1.199492313947444,0.2904821380060654,0.5409990107622282,0.0856116117362167,0.1740225,1.0911152605045105,-0.1083770534429335,3000,-1.318587483555692,Low,143.33388682277348
8955.648138311633,57.20814551035927,900.3198640912111,291.1849059286907,2286.5780363322624,101.13085793842839,9284.07823932256,1322.3965332934372,356.40894046969663,16.760932677885982,7.856244868579102,22.274645512823202,brackish,BR0327,2021-10-16 23:41:57.293233080,Australia_Central,61.38419261163702,55.69458697941808,78.57259007205998,2.1233273740525185,0.91306,0.1673713182882256,0.0,1.0804313182882257,3.674274315021728,0.56648279383264,0.0515286318733576,0.1895325,4.4818182407277245,3.4013869224394986,3000,41.38354088968057,High,159.690664455611
16676.32494987511,34.49988128995219,302.9815781913541,670.8279395287118,448.2699210643535,212.6919305728666,5393.304985020429,2683.875478662657,619.8235819247183,6.104942760459475,8.18193504462884,33.95617332996671,brackish,BR0328,2020-11-07 00:39:41.954887220,Atacama_Chile,63.45841282360663,40.90031463322424,34.97124373163387,1.6087860872105684,1.6693,0.1247008448498628,0.0,1.794000844849863,0.9655840164253964,0.1827602289319871,0.0765531188990057,0.085008,1.3099053642563894,-0.4840954805934736,3000,-5.889828347220596,Low,150.286822707719
6542.198991131175,36.349802625723754,694.3200471322111,1046.546677621447,2272.8229260235385,337.83403609753583,3204.377015279725,1321.90954751127,98.03391527941639,10.630708235631877,8.604330663634867,29.823409583530072,brackish,BR0329,2023-09-01 05:57:17.593984960,Australia_Central,65.86714035918006,49.12890104674977,43.388634078061685,2.760012721792554,0.64744,0.2290445429036151,0.0,0.8764845429036152,1.256855918792844,0.4296012975362585,0.1518525202453988,0.0833415,1.921651236574501,1.045166693670886,3000,12.71619477299578,Medium,151.23410181585083
3274.269378050512,4.719149486047307,268.8232993696873,208.4946701028897,3029.363169808364,94.40701126355695,7179.0778285105,2374.0698228040405,749.0300759289623,9.00293553423826,8.627365316611472,34.90137460839052,brackish,BR0330,2023-12-16 08:43:18.496240608,Great_Basin_USA,73.93295914963406,50.380512226918285,33.52651089282843,2.415730727029854,0.3252,0.2076896300216994,0.0,0.5328896300216994,0.1337707784623854,0.2129269223509461,0.0302283073361509,0.1528409999999999,0.5297670081494825,-0.0031226218722169,3000,-0.0379918994453056,Low,159.84851781455646
10408.256083082364,5.202625026999932,1367.1334514658995,395.4395716283635,4276.998927814598,19.10458836278012,14472.82995971898,3459.351730530297,408.4355301932177,16.32097109755122,7.655904957850373,33.7471090302656,brackish,BR0331,2020-02-28 13:06:46.015037594,Iran_Central,66.30422817729392,56.76181806177279,49.499647929117074,1.9566000777568078,1.01,0.1526000168019617,0.0,1.1626000168019617,0.1975035952371771,0.834669450325301,0.061285734961296,0.279891,1.3733497805237742,0.2107497637218125,3000,2.5641221252820525,Low,141.1769906420413
8473.50328728848,25.2889725854207,848.7829249906127,424.786649585951,4864.925190823324,217.77262634482767,7787.673481976176,826.7725628778302,751.487270447415,0.8418429619467069,6.95926011222129,24.169770728128125,brackish,BR0332,2022-04-10 15:02:15.338345864,Iran_Central,72.0931287988353,56.748993021139135,28.78674767611666,2.1895094156262225,0.80009,0.1796236626893688,0.0,0.9797136626893688,0.562809703815757,0.5368573440888629,0.0739212383093358,0.1814025,1.3549907862139556,0.3752771235245868,3000,4.56587166954914,Low,138.86995318689495
20549.687761911355,40.10347810159409,713.8647350759122,465.97606931642787,1460.5337485984965,213.11615548271197,5092.974455746343,1305.5467633469937,698.3986160145236,1.0137390636908605,7.632318937997879,12.827979149375635,brackish,BR0333,2021-02-10 03:58:11.729323308,Qatar,63.907596536729095,61.2969939318362,22.76367824438221,1.448332757636156,2.0,0.1233351347960493,0.0,2.1233351347960494,0.6575880316524154,0.4433857921641035,0.0892790716617194,0.0909615,1.2812143954782382,-0.8421207393178112,3000,-10.245802328366702,Low,165.57689062923365
13807.407578785349,5.439372423100966,1269.0218769233293,872.1577667753558,5828.79283921959,154.49054669623544,542.3462886006687,4170.197685429334,102.40800074413525,9.062591081911672,7.236445619879008,31.701791065069877,brackish,BR0334,2022-05-20 21:03:09.473684208,Qatar,65.67319706568725,61.51081888654242,32.90035403462292,2.017666834684158,1.3382500000000002,0.160713933816713,0.0,1.4989639338167131,0.1312724125981454,0.7305171210241134,0.1516856793742136,0.098355,1.1118302129964723,-0.3871337208202408,3000,-4.710126936646263,Low,136.77470662318404
7072.427314154067,4.7600137788434544,956.0344181935773,567.4413737173952,1938.9040790851316,91.67450317969609,5280.051492975994,3171.871603938808,341.40583174814907,14.030024222930113,8.373557474527969,35.660021675079996,brackish,BR0335,2020-01-19 07:05:51.879699248,Australia_Central,51.74592382773924,47.05632172636249,36.25127074621757,2.3381465603771856,0.7953300000000001,0.1827042282702142,0.0,0.9780342282702144,0.1446425702774081,0.4813116057282868,0.077346476021622,0.1080719999999999,0.811372652027317,-0.1666615762428973,3000,-2.027715844288584,Low,147.33768957409993
4735.993122240976,46.52651899348761,369.2256146348822,715.1969207130753,2732.1615461298466,256.9779676492439,7378.791460709555,192.81244646913512,196.3877421467473,11.688902029208778,6.586280752415985,14.246918663471083,brackish,BR0336,2022-03-12 08:28:52.330827064,Qatar,53.33159307211039,63.105614533144745,30.472811950473847,2.267501964328227,0.4719399999999999,0.18206683381395,0.0,0.65400683381395,1.0699613732050377,0.1784261777820525,0.13719791655651,0.1570635,1.5426489675436004,0.8886421337296504,3000,10.81181262704408,Medium,138.2248764234823
1033.5655283601127,41.16440690638737,651.7705989990493,452.45886838431545,6700.157094144435,202.19161270821385,4173.749875351053,1914.329865242007,101.76308613822617,22.106118541075876,8.575099858207182,33.46815077430393,brackish,BR0337,2023-04-15 04:48:43.308270672,Great_Basin_USA,64.49176087993848,40.58810704138846,27.268434803538767,1.7873848696655286,0.1,0.1449821853610249,0.0,0.2449821853610249,0.9596253039191758,0.4777136898716211,0.0502034295994933,0.15765,1.64519242339029,1.4002102380292651,3000,17.03589122935606,High,152.76822624375
5122.595054175184,27.89582557195186,778.6464886271385,659.060598970196,1929.2457160349686,73.5805783885343,527.1702756761563,1500.378184911034,184.65216288780158,13.8106846746118,8.187466053077143,29.119472035689174,brackish,BR0338,2020-02-13 21:50:04.511278195,Atacama_Chile,59.89282174895073,61.48485653820161,40.16176074156467,2.652379460095287,0.48739,0.2132096839420668,0.0,0.7005996839420668,0.8525056629090451,0.3828732480252124,0.1234001070721706,0.0386175,1.397396518006428,0.6967968340643612,3000,8.477694814449729,Medium,162.88882436587224
10062.201878739694,47.70993180129623,331.4046231501021,835.2117190522663,2225.73421093377,145.01559301767642,2414.8507077559184,2204.6727663071947,1181.4482404691175,5.452777786381566,6.501059473794227,26.651185055662022,brackish,BR0339,2021-11-07 22:36:59.548872184,Atacama_Chile,69.97026299663754,43.06183310558269,31.31375299568756,1.9266331210891559,1.05747,0.1558634590231972,0.0,1.2133334590231972,1.2369245570826544,0.2015143574303161,0.1076502765806461,0.073344,1.6194331910936166,0.4060997320704194,3000,4.940880073523435,Low,159.3936372614418
16346.041529336026,4.641861371818545,513.4619288825048,380.86496818785884,5186.859842181796,15.825703435022149,11514.57189564894,751.0757761189906,639.524468315055,0.9427032636044954,6.830951829078983,34.153882053894904,brackish,BR0340,2021-04-13 08:54:08.120300752,Australia_Central,63.5794468718544,61.889446252636574,38.94105587301911,2.2747440122327727,1.71366,0.1896492027813567,0.0,1.9033092027813567,0.1553748129333462,0.3197690132751794,0.070609669229633,0.263898,0.8096514954381588,-1.093657707343198,3000,-13.306168772675573,Low,184.62923435798686
14981.144491393243,21.51362697116407,626.2956079268422,779.8122397867701,1523.8725149814766,200.9089390278549,9203.613521876327,647.4577256126198,1064.0466812470602,9.246594523205173,8.25482426303038,33.07954340199366,brackish,BR0341,2020-09-16 19:11:16.691729324,Atacama_Chile,72.05727597378345,55.81354271705213,43.37214345796328,1.8663903818839485,1.56084,0.1525826670645569,0.0,1.713422667064557,0.7302914771164942,0.5026254405364902,0.1397124601293249,0.197442,1.5700713777823094,-0.1433512892822475,3000,-1.7441073529340112,Low,170.18269934673313
11564.002078486728,57.86995743327976,769.2021372791637,619.043852701474,2874.1698968263386,114.19144341642031,2522.3407268404494,830.4025695057004,821.6528865160875,18.870821870641787,8.503145941658408,31.519333608381846,brackish,BR0342,2023-06-05 10:17:08.571428576,Australia_Central,74.30829196155727,53.11763502049276,79.02506569400059,2.1711828212858233,1.1145500000000002,0.1710201447584124,0.0,1.2855701447584127,4.490014572575448,0.537873140534536,0.0981135836463521,0.079485,5.2054862967563365,3.919916151997924,3000,47.692313182641406,High,147.84161701984135
8990.97858784869,27.814585200394795,269.67756351145107,1002.9256068649885,5339.377585873889,109.13609988045049,8299.28758460201,879.4797899000456,268.7318339500003,6.444240371210964,6.57380282719892,29.761038293433856,brackish,BR0343,2022-10-06 22:11:43.759398496,Qatar,53.69087962803712,60.71999169284287,31.25927931907074,1.8287513573257028,0.8384200000000002,0.1449017550300276,0.0,0.9833217550300278,0.7907534852228049,0.1546297333287469,0.1664213532317437,0.215373,1.3271775717832957,0.3438558167532678,3000,4.183579103831425,Low,144.8980025690692
11020.541225781135,32.78750886210857,1299.957879835911,556.407343208389,9725.439272059182,163.15960757427055,1385.7019582231865,2108.3972116681475,411.5560024840341,9.363786285189917,7.991094773599864,29.7823905285738,brackish,BR0344,2022-07-11 02:31:34.736842112,Qatar,59.87069379139066,41.09112501241698,37.03694686850524,2.4618616225720427,1.13441,0.1959609351038446,0.0,1.3303709351038449,0.9812420555554306,0.7245982431629396,0.0665183131701006,0.1692855,1.9416441118884709,0.611273176784626,3000,7.437156984212949,Medium,188.1143888505693
7877.556668520097,88.10553291300485,781.0722485792667,715.9534198273576,6499.444104414387,150.1990464136457,11934.60892306303,317.8787782609759,638.316185129956,14.575373775859322,6.176998562019313,24.5694960230113,brackish,BR0345,2022-03-05 00:50:31.578947368,Great_Basin_USA,66.62452563095077,46.70410977026735,71.24145561106856,2.07453647518334,0.74068,0.1710701232169621,0.0,0.911750123216962,4.980119706200626,0.4855808626465712,0.1000962480596369,0.2615024999999999,5.827299316906833,4.915549193689871,3000,59.80584852322676,High,169.9132033894712
18752.499834121838,4.870738430444634,761.2929492084345,581.1439234491573,5390.226124050729,251.251800990132,7530.20407219258,982.7391307241043,664.8301949096631,1.7620202543776926,7.594572906763054,22.954061252652213,brackish,BR0346,2023-02-19 07:31:07.669172928,Atacama_Chile,57.63721888500874,58.49320427402962,46.12415758128981,1.515876674057708,1.85918,0.1219340765385317,0.0,1.981114076538532,0.1840353887493463,0.4509536005563084,0.1031469164168238,0.1859819999999999,0.9241179057224786,-1.0569961708160531,3000,-12.86012007826198,Low,164.6746162372778
8975.230160149991,44.38302900857943,1035.6525242943821,584.3270711946008,5521.257135496577,224.8104801687517,9055.358962816017,201.15084096767916,326.83787935320777,16.946525865377332,8.31817438159874,15.493175006856552,brackish,BR0347,2022-06-15 11:47:22.105263152,Great_Basin_USA,56.67580844303738,65.41646219892453,46.36275439399998,1.441520297854898,0.9054,0.1233797992820119,0.0,1.028779799282012,1.846174152519958,0.5224874769393483,0.1120780246854174,0.230865,2.711604654144724,1.682824854862712,3000,20.47436906749633,High,158.97864698713298
9426.71885916829,67.5007260872018,512.1379831144303,713.2681790888985,728.9742121751842,142.0645511860626,536.3435113005871,2448.9062865788505,102.46417380152496,18.64279965710432,6.930583635393532,21.297819689266785,brackish,BR0348,2021-07-17 12:12:37.894736840,Iran_Central,70.34346401572091,51.43322910835351,68.59353957220092,2.218516819245097,0.95683,0.1765361182165706,0.0,1.1333661182165706,3.91921535182893,0.3273841090062864,0.1045688981001935,0.019206,4.370374358935409,3.237008240718839,3000,39.383600262079206,High,161.1780205127322
1052.262795522151,22.49972389865492,1049.612250022021,793.4541525214971,3770.3244258588898,221.4679710331755,9994.514318130372,2917.2700236033174,1200.6008735121889,9.456402309069565,6.604021836787099,21.99854994611529,brackish,BR0349,2021-12-07 05:10:22.556390976,Great_Basin_USA,74.50946172646857,47.76284417900671,22.75212343636192,1.8509185633585763,0.1,0.1419871040286425,0.0,0.2419871040286425,0.3976206595985482,0.7027732430040516,0.1090425732606723,0.1958595,1.4052959758632722,1.1633088718346296,3000,14.153591273987995,Medium,141.7427078037718
9228.433646771446,53.59732328311525,653.6050096425566,219.87080537227106,3866.8895731463276,175.58144133429846,6288.604309784842,1159.9014848470817,478.2570308221838,1.0340826367813376,7.5611981040121305,20.28256621701072,brackish,BR0350,2022-08-31 08:00:00.000000000,Australia_Central,69.34508328118703,55.56209307366983,64.18956208310048,2.2724178085957534,0.90228,0.190205045777369,0.0,1.092485045777369,2.637998432929181,0.4348436006330052,0.0375210814526492,0.1482,3.258563115014835,2.166078069237466,3000,26.35394984238917,High,159.88850213366334
16441.76665815489,5.393867661548734,397.6631373805003,1053.5190264064981,5077.917793996848,90.71911023424245,9928.175645835212,1359.2893665365343,329.99423549386745,9.578865291332821,7.178990457606993,25.73211793440321,brackish,BR0351,2020-09-20 11:00:27.067669172,Australia_Central,63.09191557010284,58.66945757160524,31.01005226392651,2.0751582386154834,1.41824,0.1689830138126425,0.0,1.5872230138126424,0.1336285172157121,0.2673482067133766,0.1813062247335316,0.2155875,0.7978704486626205,-0.789352565150022,3000,-9.6037895426586,Low,158.93856718557004
4383.320803439259,13.836523067809143,1099.8635201909901,206.71915637607592,4684.284983931524,134.97016019267446,9774.176012859582,1952.6650660791397,480.92692978295605,0.9877179095470766,8.092550892436504,22.936236289166832,brackish,BR0352,2021-05-19 23:05:51.879699248,Great_Basin_USA,61.06278079863287,52.60309094217239,36.92749864288972,2.506131388531472,0.46614,0.1985303802647667,0.0,0.6646703802647668,0.3771922421379327,0.6034370549194819,0.0315618545653034,0.210135,1.222326151622718,0.5576557713579512,3000,6.784811884855073,Medium,148.14073093744508
6472.938933009202,40.701584549029,1370.266058677893,366.77926005452986,4330.232602168698,146.34941885607242,6033.076287230875,3120.353996005477,439.67237521245045,14.38085883540009,6.892535398480072,27.140568626530133,brackish,BR0353,2020-05-30 00:36:05.413533834,Qatar,63.49119301325912,66.30132047979265,39.70361032893288,3.0386647371952287,0.62464,0.2342874208876741,0.0,0.8589274208876742,1.2546658492825422,0.8513102331035426,0.0784875031839785,0.171033,2.355496585570063,1.496569164682389,3000,18.2082581703024,High,152.18824289577014
13446.331414557717,47.383905211146256,983.8695035354017,578.4324180276303,2824.163328991474,184.72233040386624,3788.3446424826857,1807.783345303494,460.01200281399497,14.273120033197946,6.6751066433199195,17.165646906109888,brackish,BR0354,2023-06-16 09:44:39.699248128,Iran_Central,61.5709925546934,55.7031612658004,29.941131388580008,2.2622694296579557,1.39636,0.1834483361754304,0.0,1.5798083361754305,1.1946511424043424,0.6442197579394592,0.0955364918869742,0.0999344999999999,2.034341892230776,0.4545335560553454,3000,5.530158265340035,Medium,174.92376026361688
2457.4735718802767,56.861161663148835,1279.8563098688028,614.2105064238087,4006.0458947838065,118.85336430067132,8157.443180963793,830.7610388061871,853.1896922802706,21.920552488629248,6.68179159780796,23.96993487955275,brackish,BR0355,2021-06-03 14:22:33.383458648,Great_Basin_USA,62.5722014196417,41.07470762711755,76.68747799059965,2.6253888011765367,0.26167,0.2144854324308119,0.0,0.476155432430812,3.5494032313169144,0.7023304118385127,0.0891772977292349,0.1994189999999999,4.540329940884663,4.06417450845385,3000,49.44745651952184,High,156.76425104487575
15277.369663931062,62.40451633448516,678.6553600916934,1109.1397292087004,499.8781702999379,103.61731484149696,5590.978679347173,203.85130867721256,460.8403348855512,7.389280945855018,7.679187579685078,27.72835686880216,brackish,BR0356,2020-06-06 08:14:26.165413534,Qatar,55.08632626323069,46.69161864118571,83.4434995918439,2.474239360047629,1.5289,0.2103649195579124,0.0,1.7392649195579126,4.607883557060968,0.3129079607995546,0.1502863129203844,0.0938909999999999,5.164968830780907,3.4257039112229943,3000,41.67939758654643,High,181.07890190469283
7409.864973647845,28.085776660034604,299.1337892914367,209.24480276387754,3009.43378473523,349.4757603724016,2197.861691203137,383.37755548330694,142.43496478350508,13.465063705440144,7.314608429113069,23.029054100871512,brackish,BR0357,2023-11-02 10:53:13.984962400,Great_Basin_USA,72.59354873273318,53.51941092753444,39.56042381506852,2.891632047939648,0.7339300000000001,0.2306149325188638,0.0,0.964544932518864,0.8934088751852186,0.2090694203502716,0.0321116465565206,0.083238,1.2178279420920108,0.2532830095731468,3000,3.0816099498066203,Low,138.87980829836644
9703.061557748113,64.45525319206051,1607.104433075916,471.12734803602183,8102.884945135455,256.0890807697677,2205.155757891878,1517.9444283089458,429.64320186786324,3.099767564022381,6.571508270101337,24.305988230256826,brackish,BR0358,2020-09-02 03:54:35.187969924,Atacama_Chile,68.8633750380817,60.931765570508006,63.96413073610878,1.9325870568117003,0.80572,0.1456821440685607,0.0,0.9514021440685608,3.052393904379406,0.9229455157503924,0.0818374543377492,0.1573785,4.214555374467548,3.263153230398987,3000,39.70169763652101,High,152.36975777338787
4324.133158787272,22.42656454689703,1632.1665958803321,194.46934406962606,5097.988111328725,70.48843010523481,522.4715782162747,806.9739143351408,367.557178971678,6.344625585424372,7.393564715065252,15.854650920348305,brackish,BR0359,2022-03-01 09:01:21.203007520,Australia_Central,67.0244355673305,46.592567313777664,37.39006738932883,2.763797563092968,0.43806,0.2192792364941929,0.0,0.657339236494193,0.6385176588210462,1.0435222041897272,0.0279555403882665,0.081846,1.79184140339904,1.134502166904847,3000,13.803109697342302,Medium,141.02085279842098
10949.536420947687,57.7621983380342,1379.3599156744103,622.6854832163004,3688.248805496834,209.57151641606316,4098.85259084471,1728.5011435811857,992.7072798099329,0.9961224532162365,8.381297921722101,28.52337967738191,brackish,BR0360,2020-07-20 06:04:30.676691730,Atacama_Chile,73.74812427436183,69.28772319152263,73.54738791917457,2.856370180558922,1.1890200000000002,0.2286624454205624,0.0,1.4176824454205623,3.0871368984297693,1.0032812823283022,0.1266926018556991,0.11844,4.33555078261377,2.917868337193207,3000,35.50073143585068,High,144.76108872419044
20382.21500449214,34.45369075927928,636.321266493411,749.4297182015414,10321.923516425584,157.09867552024892,10447.903661103648,988.7967761555471,794.1850429216447,8.062526435752371,7.175594273772689,31.144932000337878,brackish,BR0361,2020-11-10 16:28:52.330827068,Atacama_Chile,57.10985829782095,49.5567477456425,46.12100332695262,2.1093307657878104,2.0,0.1671315577137093,0.0,2.1671315577137094,1.2955205350527683,0.3649731136210503,0.101318770765966,0.301488,2.063300419439785,-0.1038311382739243,3000,-1.2632788489994125,Low,148.98134873549876
11887.786057447673,44.972729108817525,376.8448293499643,1183.8038865597541,515.1708354594819,198.5389888389772,6791.352853401386,437.9664732222336,510.8727565518623,7.6049423163391605,7.50709945712347,30.94202714882878,brackish,BR0362,2021-05-01 16:00:00.000000000,Iran_Central,52.02898527234036,55.97440620581765,30.50909165638923,1.9700685134496316,1.3907500000000002,0.1576579433518762,0.0,1.5484079433518765,1.0006310863279226,0.1688735992375514,0.1808868910947203,0.1081695,1.4585610766601944,-0.0898468666916818,3000,-1.0931368780821291,Low,161.64063522316386
5642.046995001239,40.05062938843487,353.29221620677725,634.9008230126444,656.5640455988108,166.39649943366544,3368.5803603171553,329.49512787742117,110.44168558933124,13.030101694910813,7.4916461220673165,33.604598230089664,brackish,BR0363,2022-08-09 09:04:57.744360896,Qatar,70.6534665088833,40.56899154193123,32.6883683017004,2.8566373682792974,0.56786,0.2342443091613945,0.0,0.8021043091613946,1.0590639069331311,0.253470724169949,0.0774299772569299,0.0682875,1.4582521083600102,0.6561477991986155,3000,7.98313155691649,Medium,161.10389912694544
15695.687218484622,5.515054778899463,315.4406555094747,922.1058680747565,10162.148012447607,270.0640395095031,8978.963951735315,3054.2723062780346,109.79255177612765,5.522413481612412,6.706903256248489,27.67574248264278,brackish,BR0364,2020-07-01 22:58:38.796992482,Australia_Central,74.96042409123137,66.54672164292413,37.95977166459481,2.501749116773716,1.56781,0.1953159386566641,0.0,1.7631259386566642,0.1514594889417333,0.2158860213827463,0.1823113986129549,0.2753625,0.8250194089374345,-0.9381065297192296,3000,-11.413629444917294,Low,150.6299165165626
8884.748350816768,4.992350138395257,727.3699083802126,835.4824823578693,4588.720573951468,204.73699818495464,2542.750615296014,2405.476507144928,509.5045518750629,11.380757888240597,8.405610490946081,28.69484590377665,brackish,BR0365,2020-06-02 16:25:15.789473684,Atacama_Chile,64.46081095050499,63.6650396057555,35.732759352260764,2.0850413910426737,0.8416600000000001,0.1656811782289761,0.0,1.0073411782289765,0.1425737098155204,0.4684496053395098,0.148059416107145,0.10212,0.8612027312621753,-0.146138446966801,3000,-1.778017771429412,Low,133.48714500050536
18022.31408288725,34.21390199502137,1395.8269689437298,420.0866473825154,3485.989942956049,150.46677362907934,6086.999354366535,3185.1723738422857,640.2170325427838,6.931343776836765,7.350059156487475,28.40890173082903,brackish,BR0366,2020-01-11 23:27:31.127819548,Australia_Central,51.47023469781705,45.86374012886778,41.57049777215523,2.6891617774856162,1.6872400000000003,0.2150193265117956,0.0,1.902259326511796,1.081448185443064,0.7126609872447506,0.0645853188494716,0.1448055,2.003499991537286,0.1012406650254902,3000,1.2317614244767978,Low,174.50879895090245
13538.72442770143,5.516289327508449,796.9049218269306,195.47693960252167,394.3505130301273,241.9158788941488,5503.1672165958835,2042.5664843337945,415.1835635008946,7.488515630831718,7.9396297805421545,29.485817303651046,brackish,BR0367,2020-02-10 06:00:54.135338346,Qatar,69.51170100387353,67.99710073719528,21.21166972737488,1.8994555737037542,1.40334,0.1565368681938858,0.0,1.559876868193886,0.0846345622122257,0.4960132546193203,0.0407982604423171,0.0867225,0.7081685772738633,-0.8517082909200226,3000,-10.362450872860276,Low,154.9864417111195
989.4570189759047,50.11217135276523,896.4016847776494,746.3068785132687,5933.652306743099,172.25838501942235,8567.362947054004,1272.0832302156252,334.20659726373185,10.646825484147081,7.863896306361057,17.701410649366224,brackish,BR0368,2020-10-23 09:23:00.451127820,Great_Basin_USA,51.84372622114604,49.47519291392214,74.087900480174,1.833616926988156,0.1,0.1411689103283834,0.0,0.2411689103283834,3.0034049448254856,0.4583317197797125,0.1013004574912555,0.216894,3.7799311220964538,3.5387622117680704,3000,43.05494024317819,High,145.79210966968125
4712.5517298323775,52.59187846883517,1311.9411695094705,213.6528075835867,5946.803486234538,161.23877648570107,478.8361702455406,2884.8885981076105,293.9692022136767,9.339535023711122,7.222521334007701,17.7911153302094,brackish,BR0369,2020-05-11 17:30:13.533834586,Atacama_Chile,63.50034965648203,60.76558865140351,63.04179732509688,2.3621370921997142,0.49796,0.1852763562957246,0.0,0.6832363562957248,2.605920950949135,0.8230864522193476,0.0364593531908421,0.0920009999999999,3.5574677563593244,2.8742314000636,3000,34.96981536744046,High,161.19362121183642
13559.394311206363,41.64642079900166,689.0227763073478,1014.1537919409286,817.1314252244923,182.41989793319493,2219.4702731586276,1533.161027582575,493.74560744738903,16.548808348348192,8.17537174300104,32.85383734682293,brackish,BR0370,2023-05-18 03:11:16.691729328,Qatar,56.93831185526318,64.569289540498,29.45626977559164,2.3103484599744024,1.47219,0.1879454453892724,0.0,1.6601354453892725,0.8979331453312256,0.34895441556864,0.191499598919209,0.0497355,1.4881226598190749,-0.1720127855701978,3000,-2.092822224437407,Low,160.41331026027677
10991.675870350746,4.953448892624478,1794.6963097502842,493.2778808190487,3889.2393286712872,165.44622030037095,489.70568868683404,1773.5625714034013,105.80491580596527,10.16970357288816,7.6766152733095,15.192156622366184,brackish,BR0371,2021-10-24 07:20:18.045112784,Australia_Central,72.87566951480989,62.22743383711543,39.84880584597171,2.820928242511607,1.07583,0.2190895778720805,0.0,1.2949195778720806,0.1589967353254271,1.1293046950157388,0.1029366210533563,0.061188,1.4524260513945224,0.1575064735224418,3000,1.9163287611897093,Low,154.5778101942179
4446.03619541332,58.53617134448468,1668.8608474518983,955.250923542472,3324.233816356169,154.81730854270626,4583.780965628487,1430.3916327564068,171.43838452234087,7.2163430085102505,6.41775690552641,22.856999075184927,brackish,BR0372,2021-06-18 05:39:14.887218048,Qatar,61.28328033148713,67.52748352089523,63.93535501480444,2.1529171880141984,0.48812,0.1748432826024516,0.0,0.6629632826024516,3.290816657966999,0.939428563519859,0.1941955371093905,0.1193265,4.543767258596248,3.8808039759937967,3000,47.2164483745912,High,159.79431260865928
6633.805928682208,93.03584895011434,713.3345881020475,437.07402995947587,5061.153692212251,78.28854667446036,10905.830784258249,218.11584898608336,318.2163881150318,7.640302026805308,7.254002733877918,35.63916500034763,brackish,BR0373,2021-01-15 13:13:59.097744360,Great_Basin_USA,72.46158371196384,65.92824281022126,67.72104588761572,2.6580242237469607,0.6832100000000001,0.2177503847406409,0.0,0.9009603847406412,4.371948824621874,0.5200538878374159,0.0901700576915396,0.234204,5.216376770150829,4.315416385410188,3000,52.50423268915729,High,145.36324215176305
930.3378228070534,32.5918256286287,548.6624634729774,696.4736726803375,702.8291540519105,72.05410499128796,3713.341137791439,3041.4216689370137,931.2220566290869,4.3091108700036935,7.085267410425131,23.274978706712293,brackish,BR0374,2021-08-12 02:56:50.526315792,Qatar,57.47702713136419,69.8383454227483,41.09019448505936,1.922154302283949,0.1,0.1573587215218006,0.0,0.2573587215218006,1.1050221642089075,0.3139625130023637,0.1426168851877943,0.0693059999999999,1.6309075623990656,1.3735488408772651,3000,16.71151089734006,High,166.56261513038527
9925.874880401667,43.275633128608874,1084.935440463439,625.2495512122566,8838.421743587172,43.3231710891522,3986.2593519818342,2138.042952486124,242.6598468145004,6.496785037110294,7.297609822385369,21.09063627857225,brackish,BR0375,2022-02-18 09:33:50.075187968,Australia_Central,59.68406459553378,45.47834237728436,39.52415727580502,2.2374984745581474,0.95581,0.189044184261335,0.0,1.1448541842613351,1.349923877260755,0.6181741180043655,0.0904291359829922,0.1756965,2.2342236312481125,1.0893694469867774,3000,13.253994938339126,Medium,147.11418282749406
22522.002138973086,37.832216340155256,675.8494339653002,544.3889260193175,6849.784216804485,10.550672517673345,9390.816645948942,1786.9927624456607,545.5680202482132,27.783852499629454,6.717274884483939,23.201062318104107,brackish,BR0376,2020-02-06 14:11:43.759398496,Atacama_Chile,73.67797970617701,49.142854036801,22.73119007629214,1.838352244238579,2.0,0.1450167334680858,0.0,2.145016733468086,0.6348821388308395,0.4675309880235168,0.0864668516777513,0.2435159999999999,1.432395978532108,-0.712620754935978,3000,-8.6702191850544,Low,151.44604113096338
12746.893331230469,41.45565497779073,314.06858293431884,402.2370242503206,2590.1816101022423,53.3750736029873,11476.7224109214,1341.5557266076928,632.9919151476255,2.7991994834360496,8.346034703131638,21.496579081106812,brackish,BR0377,2022-11-16 04:12:37.894736848,Atacama_Chile,55.03286127329088,59.0867760229489,37.31805480476972,1.964006074799296,1.40247,0.1662535141099916,0.0,1.5687235141099918,1.28946567489113,0.1782536389786401,0.0833478062579716,0.1977705,1.748837620127742,0.1801141060177502,3000,2.191388289882628,Low,165.33256050570603
17405.774123943404,25.095129644010175,1378.9291106988999,779.0822455685445,3278.585353362348,124.50989724754284,5842.200048657121,1705.946003694606,877.1469330981879,7.70668311080279,8.301092847087695,21.610976952112086,brackish,BR0378,2021-03-15 02:20:45.112781952,Iran_Central,64.46252879127863,61.99141557674752,24.41763385755918,2.6836248035082453,2.0,0.2229047637399421,0.0,2.222904763739942,0.5261023390949702,0.8122278627701108,0.133473716878295,0.134946,1.6067499187433762,-0.6161548449965659,3000,-7.496550614124884,Low,171.4784277221458
14286.009114583438,29.61686287353034,1294.3015014940015,313.1835758849133,3688.7124364594274,143.23598371597555,7613.55120168257,832.897111246264,800.8384992016004,6.740047659591639,8.217980225831507,17.157097472610378,brackish,BR0379,2022-08-24 00:21:39.248120304,Australia_Central,59.71275821400278,56.03815163667127,27.56814136143478,1.7104072170471984,1.4412,0.1459185832122906,0.0,1.5871185832122907,0.6401818650669664,0.7375337732941054,0.0541664773720064,0.1849439999999999,1.6168261157330783,0.0297075325207876,3000,0.3614416456695827,Low,175.70531735555699
15154.033667157168,45.99789270288658,758.6501401369144,239.8092485925969,1673.8286721715956,126.20493001105422,1542.3688568606578,2195.961527018911,460.0831268637988,7.881148791095294,8.539042075987433,35.01001734386224,brackish,BR0380,2021-07-28 11:40:09.022556392,Iran_Central,69.35417212671818,42.217850946598446,71.48028196589446,2.7083478903986653,1.51374,0.2172287355479121,0.0,1.7309687355479122,3.000370539462027,0.5740528051935018,0.0300422227335994,0.0503595,3.654825067389128,1.923856331841216,3000,23.40691870406812,High,169.83821439894422
20174.539352229316,86.81440651126516,280.4925438683247,972.6475932205741,2436.743746326092,10.000377553840213,11556.38843551032,183.28177881472158,333.92861648214694,7.404286188069323,7.075436161068408,36.17870023797625,brackish,BR0381,2020-08-18 12:37:53.684210528,Iran_Central,53.232409279283935,65.24785680401146,62.73367058245473,1.9156296031576274,1.98704,0.1539445989416887,0.0,2.1409845989416887,4.43544616445718,0.1533093387243377,0.190419345296827,0.212724,4.991898848478344,2.850914249536656,3000,34.68612336936264,High,154.56235888922237
11514.943032183899,5.085763532510392,297.323927994639,757.0637889236205,2825.073939080972,314.02126366891014,13644.833861395924,1648.4484391873805,308.42291554262584,11.540511291774322,6.846427362765744,24.571063765784466,brackish,BR0382,2021-07-13 20:23:27.518796992,Great_Basin_USA,60.93037422511671,68.82623068063816,49.809409037557,1.536526205189203,1.18863,0.1241387663615344,0.0,1.3127687663615346,0.1987395420598524,0.1802759168273373,0.1689408658286944,0.26676,0.8147163247158843,-0.4980524416456503,3000,-6.059638040022079,Low,141.08999340852333
8936.59978215633,26.88223226188933,838.6011777853112,565.1742097519086,8380.041174590293,256.70741076413253,6404.972665487031,1854.9842240351213,400.87624265955554,0.9028572843298994,6.931568182232483,13.54953578530618,brackish,BR0383,2022-12-08 03:07:40.150375936,Australia_Central,67.47331567113159,52.16550531479184,24.96108683162004,1.6128281689474424,0.90639,0.1331921484068215,0.0,1.0395821484068215,0.5457791557907384,0.5459832746802895,0.0969965405823239,0.2538525,1.4426114710533515,0.4030293226465302,3000,4.903523425532786,Low,173.70466786041683
15553.38694257052,4.459792169884988,679.4629343627363,1022.1259213276228,7226.640045228319,175.60687604671543,547.234120984181,1558.556197053504,376.8159926695662,19.758673350715846,8.012702147264433,20.737687603279873,brackish,BR0384,2023-07-08 08:39:41.954887216,Atacama_Chile,60.175405875154,46.74437445096538,43.43937885285813,2.526723266020498,1.51633,0.2095055454384945,0.0,1.7258355454384946,0.1733231216229039,0.3466681062305272,0.1541863191265093,0.1100985,0.7842760469799404,-0.9415594984585542,3000,-11.455640564579078,Low,173.32428994517255
18526.918641988355,77.58915349401279,674.663533512798,493.3918553638256,7556.684226047564,352.9469711353562,3957.020912585905,1654.2924941939689,631.7794870551052,14.692631167842714,7.684919549311737,23.522686910540436,brackish,BR0385,2020-07-27 13:42:51.428571428,Australia_Central,51.46329348188442,40.57941264886263,80.74597112558062,1.9194794364298877,1.7269200000000002,0.1514485111802578,0.0,1.878368511180258,4.497582890083291,0.3278499989239536,0.0632673622608417,0.1585665,5.047266751268086,3.1688982400878283,3000,38.55492858773524,High,150.71088799430012
6560.086683507889,15.410889362879566,1137.6572457643379,1022.3803174916353,5437.643403501691,59.33726411514647,8759.50522956587,509.04945748177556,533.0386887976208,1.0116930172918401,7.32622569979499,27.30676398143685,brackish,BR0386,2021-12-10 20:59:32.932330824,Great_Basin_USA,67.62780653338359,47.11897108280756,49.83391909688004,2.44023720106081,0.76002,0.1984974710689526,0.0,0.9585174710689528,0.6084422518214472,0.7847855283605192,0.1409045711260277,0.2034164999999999,1.737548851307994,0.7790313802390413,3000,9.47821512624167,Medium,168.34802324323678
6227.116572247616,5.5009032412166095,1110.1850960844315,616.3444556714068,695.9649017434972,348.50488551423285,4130.696335467375,576.9527200342966,692.0414433976176,1.0199697365817246,8.465439892869135,19.190991667285303,brackish,BR0387,2020-12-13 14:51:25.714285716,Australia_Central,62.57995819212458,60.99756324515266,32.85959653556805,2.5729883612133047,0.63922,0.203903868330868,0.0,0.8431238683308679,0.1311097901769165,0.656819215597918,0.1194393285903334,0.0744315,0.981799834365168,0.1386759660343,3000,1.6872242534173167,Low,154.47262573228977
10854.357476953075,45.16268327441897,1317.99566788059,328.3716211163211,3853.5759472343243,51.90491237555571,11420.769552486245,1862.692398521016,886.92249937633,2.249591153866903,7.681365028359755,20.1627448867263,brackish,BR0388,2021-01-30 04:30:40.601503760,Australia_Central,50.28271716700252,67.34768163018191,46.22283560418021,1.9640933007525274,1.06943,0.1614142157321622,0.0,1.2308442157321622,1.696747849358247,0.6522915427945967,0.0591177949349736,0.2244645,2.632621687087817,1.401777471355655,3000,17.054959234827134,High,174.7698857389166
13247.762730928145,69.06617827032917,412.9796163986551,1237.4020209084538,6068.671796549566,156.5161382652684,7940.773196913887,2308.3254169207926,1097.2777625737865,7.434445195645194,6.963529761668718,28.75396284212596,brackish,BR0389,2023-07-19 08:07:13.082706768,Iran_Central,65.31639738070933,42.80539199295298,83.93848597542127,2.224395860290242,1.41575,0.1769902784653368,0.0,1.5927402784653368,4.929942309097222,0.2531977081183721,0.1482436335499947,0.2289615,5.560345150765588,3.9676048723002513,3000,48.272525946319725,High,152.45019075485894
15685.895011326827,47.478068161872336,689.6319544338952,947.9682131572052,484.0672796691053,21.163438052257735,3219.616628963468,195.55880256489934,512.0835667894413,26.48073565444112,7.115287400208563,32.55159941480826,brackish,BR0390,2020-02-17 13:39:14.887218045,Australia_Central,72.99702556321967,56.597775614857895,25.18682434684001,2.187978082516132,1.39905,0.1684520508546973,0.0,1.5675020508546975,0.9366173996210704,0.4644012368711585,0.1523385728449515,0.0551115,1.6084687093371803,0.0409666584824828,3000,0.4984276782035409,Low,180.05465907880574
2751.1369510991794,34.56981103061157,1197.0154859593436,558.978379367312,5802.654596861046,156.3044855579467,5734.135734536796,2213.233129464539,784.5193796042753,13.710718782783317,7.773071820664287,20.339821850555857,brackish,BR0391,2022-03-30 15:34:44.210526320,Iran_Central,52.77564870529223,60.86593745535497,34.38308267178598,2.972389616770952,0.28792,0.2336818795625441,0.0,0.5216018795625441,0.9630632690201908,0.5591347767471407,0.1029303868307508,0.180582,1.8057104325980824,1.2841085530355385,3000,15.62332072859905,High,166.85274752218638
19501.46783392581,36.88577925721232,977.5353064407938,904.928914857655,9652.063259215023,202.76730418980534,2682.0581224244215,1017.975281697567,405.58650729696785,1.0276998072691867,8.190573370971139,11.937397697363565,brackish,BR0392,2023-04-18 20:37:53.684210528,Iran_Central,64.76678087522922,48.29142463318806,21.80032456568264,1.9554268617695996,1.9558,0.1583938634821904,0.0,2.1141938634821904,0.6993456919372726,0.6088284655970347,0.1185361309046234,0.1863705,1.6130807884389309,-0.5011130750432597,3000,-6.09687574635966,Low,178.04972020309623
7058.640773125612,72.12867233672917,1575.1095857848995,471.5917972279265,7212.910313996398,136.9560550350074,4690.472673278943,1326.626264214404,946.4664871010177,4.270695791745591,7.715520611736489,34.62923392621911,brackish,BR0393,2021-08-01 03:29:19.398496240,Qatar,68.21672204406576,57.09691117510906,75.51810030060504,1.7886802894000828,0.67942,0.1419987650669953,0.0,0.8214187650669953,3.941229240208337,0.9253461911833432,0.0820311322852791,0.1868264999999999,5.13543306367696,4.3140142986099645,3000,52.48717396642123,High,153.015532326341
8315.654728980615,7.747172783619104,1029.740327930728,846.8427906465105,8496.775806210959,233.79665321586333,4107.800317077471,203.36813060817227,819.1398711046651,9.361492850314114,8.402496409838966,30.24345752471301,brackish,BR0394,2023-12-09 01:04:57.744360896,Great_Basin_USA,51.76934175350764,61.45745278017319,37.44218470569699,2.033599985519314,0.8674700000000001,0.1638711411450694,0.0,1.0313411411450697,0.2420187935006842,0.4811815361831625,0.1564768205235989,0.1803555,1.0600326502074455,0.0286915090623762,3000,0.349080026925578,Low,162.63388023599944
4777.4885361028055,23.696132803349236,1462.9776336837558,202.37964355648978,4932.954999089144,167.82104258539695,10728.145231077018,634.6055588700334,826.3510677704484,13.786929827549637,8.487484304531446,21.361539891021373,brackish,BR0395,2022-12-26 10:13:32.030075184,Iran_Central,50.565386454104654,65.1315772940613,26.12378853989592,2.504865585548718,0.54867,0.2003418849122414,0.0,0.7490118849122415,0.5670325045315647,0.7471703311695156,0.0390789463764367,0.23031,1.583591782077517,0.8345798971652755,3000,10.154055415510852,Medium,147.4195946347287
19399.883662316854,20.438569364630148,1173.1649349480306,308.5484309356658,6769.394125627139,101.26773444342798,13968.424456556142,2309.06949973652,516.3096169560439,0.8708203280636825,7.63255321704522,31.53059976491779,brackish,BR0396,2023-07-04 16:50:31.578947376,Australia_Central,61.60489666612368,53.57499552459943,43.93708276682378,2.5211734332253184,2.0,0.2036835228433758,0.0,2.203683522843376,0.6556555112962045,0.6008695201227039,0.047269218551354,0.320517,1.6243112499702623,-0.5793722728731137,3000,-7.049029319956215,Low,167.49338301558555
12018.230828571515,4.823495694465581,1252.9374905513182,933.6487908709007,1600.3429043392475,88.99950894934874,505.8451022593509,1665.6500111217929,267.1377861089182,8.42961382054776,6.691721028031203,26.700876752558905,brackish,BR0397,2023-06-20 01:33:50.075187968,Iran_Central,69.7796671808591,62.43571656756882,21.118061682906195,2.8718574070625364,1.12104,0.2308868778432008,0.0,1.351926877843201,0.0842610661147957,0.8205418975664094,0.167415130404279,0.035196,1.1074140940854842,-0.2445127837577168,3000,-2.974905535718888,Low,168.1028392892734
5609.61526649747,20.872460739868558,631.3975855345353,507.6358201402117,6171.6899196179165,233.91356065322205,525.6671802512363,1219.819913931614,106.77200593407841,4.870877824640752,6.349406394187775,32.89851940470201,brackish,BR0398,2023-08-28 14:08:07.218045120,Iran_Central,54.01798525248321,49.05348915219549,44.18681972382672,2.8405915701398987,0.5745100000000001,0.225810538185097,0.0,0.8003205381850972,0.7686915906435791,0.3477548247390263,0.0772739614614535,0.103314,1.297034376844059,0.4967138386589619,3000,6.043351703684037,Medium,184.68625328644623
13471.157956377961,50.56959953598594,898.9226431763446,637.5898781736933,5981.445768753982,79.57590664540997,5499.507832684313,1297.8784502369574,519.0314304071833,1.1962537115524012,7.221090099409842,25.418377097535583,brackish,BR0399,2021-07-24 19:50:58.646616544,Iran_Central,70.91593180537308,46.39140240316476,60.666132279096686,1.8748913827696227,1.43196,0.154598462450073,0.0,1.5865584624500733,2.7933477943380955,0.5485148760536553,0.092175077434848,0.1647375,3.598775247826599,2.012216785376526,3000,24.48197088874773,High,163.48642157512012
14742.860579777831,49.58647295953109,1333.755495414355,208.95864140012915,5286.529541688914,241.79463644975672,510.9600058096736,1967.7863384643838,1007.6590390735968,11.502030564822423,8.110401650555437,26.589049357374822,brackish,BR0400,2022-09-07 15:38:20.751879696,Atacama_Chile,66.41443138558991,45.61941238272002,39.70486436409051,2.1162227444015884,1.38457,0.1746195898761115,0.0,1.5591895898761117,1.400454093904455,0.7423964534916565,0.027371647429632,0.0805455,2.250767694825744,0.6915781049496321,3000,8.41420027688719,Medium,166.16608486884368
88579.98253170116,47.85213247789393,1377.707678933076,831.7577228670172,16094.52001696534,2476.559862386322,47702.6335058501,1492.7612492331107,1387.401845284818,53.76614706228169,5.391739366999412,40.642812524569734,produced,PR0001,2022-07-22 01:59:05.864661648,Ghawar,63.75055624636048,70.99544648996317,68.68172470458585,5.776237157422702,9.06796,0.4821850045217484,1.154,10.704145004521749,2.8829016581300504,0.8451181739577523,0.1687064794940994,1.0145295,4.911255811581903,-5.792889192939846,5000,-42.28809110846088,Low,55.798316109301226
130444.25614421698,10.040914636493953,6563.928505091957,4645.078331201975,25678.89901933449,842.9414638138333,20077.882173272104,2160.7493976488727,1841.0582277620565,5.019330652768389,7.046523130820909,66.90978588059782,produced,PR0002,2020-03-17 20:12:37.894736842,Permian_Basin,67.27945161872287,62.90621104538185,72.91343201505063,4.193992010238712,13.52751,0.3524393143441797,2.8560000000000003,16.735949314344182,0.5818491874801041,4.394456956065281,0.901433423038113,0.6718425000000001,6.549582066583499,-10.186367247760684,5000,-50.0,Low,148.21162820886184
122870.35140374678,89.47259583879557,1932.299627450147,2772.2914493800786,17582.629842363327,1236.948489811431,32094.294203029454,4292.331691198481,2425.9383291731306,33.26858786102996,5.67799798731191,58.60660001281864,produced,PR0003,2021-02-28 11:04:03.609022560,Eagle_Ford,74.50229843724046,66.26620615252313,58.4291253214223,4.720979028491846,12.15982,0.3919933229024002,1.332,13.883813322902402,3.921283772746229,1.3989028369286267,0.6200131312454674,0.6855885,6.625788240920323,-7.258025081982079,5000,-50.0,Low,64.82894718509849
91191.23882233072,31.812173726085696,7180.743507426178,1351.4980694154006,52250.57605044647,534.8392433792432,54569.68491011909,3354.944343204648,1251.362744221599,54.92984770918032,5.949251733451092,68.38751601827376,produced,PR0004,2022-03-30 15:34:44.210526320,Bakken,80.64924237088672,64.56087712451276,61.1110358544249,4.188440070216703,8.652310000000002,0.3334798794907661,2.874,11.85978987949077,1.50688814430558,5.2946679252244415,0.2656163606656703,1.52934,8.596512430195691,-3.263277449295078,5000,-23.82192537985407,Low,144.86544337319168
105244.20618308484,16.63026410928113,1089.4499658521358,817.1754490336454,17709.186315162817,1406.538153865558,92570.21335482223,473.847394202964,3080.1422201587848,39.96976686208035,7.7710178135447805,70.85186321086825,produced,PR0005,2023-01-06 09:41:03.157894736,Bakken,69.08822687223943,77.84100216975139,72.48695676134022,5.279602595518631,9.02052,0.4339920892136562,5.082,14.536512089213655,0.9660046779756766,0.6632469779734985,0.182848514096746,1.5548985,3.3669986700459207,-11.169513419167735,5000,-50.0,Low,257.20411007191507
52895.32637680098,32.416508749051616,1039.9341131604501,1654.8762901531961,11852.331599580144,1436.0335369448449,66334.89514346645,1073.684492501062,301.34024572570644,9.287756255978346,8.201069157768552,37.568966009268905,produced,PR0006,2023-04-22 12:27:04.060150384,Eagle_Ford,68.69753851369605,60.85393326859689,58.96209682896057,4.6980531901677,5.0,0.3701409626468211,4.306,9.67614096264682,1.7315045203179875,0.659496369731482,0.2682197962746676,1.1289345000000002,3.7881551863241376,-5.887985776322683,3000,-50.0,Low,209.99041325375467
67835.29882870104,216.11444280880005,2334.002047494333,1475.9062805868436,76009.438796669,1078.096506582411,28109.65086236265,4220.538144508417,1394.8823988407114,16.864819656114648,6.65506281446086,43.515486933659155,produced,PR0007,2021-02-10 03:58:11.729323308,Permian_Basin,71.70001752703307,69.44027261434375,62.01282465479339,4.278194811044509,6.27414,0.3418995264557605,7.968,14.58403952645576,11.337296226473708,1.5951819899414317,0.3356048375451234,1.589937,14.858020053960264,0.2739805275045022,5000,2.000057850782866,Low,400.15541285236316
101945.16693824243,89.35947928707454,3173.712716713963,783.970143941133,58969.33418905493,1875.6112656000403,75084.58396337583,2141.1381800615545,567.3148805657368,19.51383446868827,6.1044598626818765,39.783558837564875,produced,PR0008,2023-01-10 01:30:13.533834592,Eagle_Ford,76.11388999910866,64.02453822584648,72.61260353045196,4.924573718010997,10.56884,0.4186917942757949,5.384,16.371531794275793,5.110736441845919,2.0989166306154208,0.1552146880209196,1.9270455,9.29191326048226,-7.079618533793534,5000,-50.0,Low,262.1279378219203
95376.73432644024,96.09610779576256,4740.07523190084,486.37087534661185,9551.89744643441,293.88399180818476,37163.38548212202,455.7937626248027,305.3881253128354,17.913398719680988,7.111709483173739,36.501669993462855,produced,PR0009,2023-03-13 06:26:09.924812032,Permian_Basin,78.79040656080772,71.57677779785564,70.0560804497462,5.152977249027179,10.27557,0.4042940970497972,3.4080000000000004,14.0878640970498,5.685513298627874,3.665607055439869,0.1073651666967834,0.7258575,10.184343020764526,-3.903521076285273,5000,-28.495703856882493,Low,165.87056714059636
134430.59874539517,10.142351621999136,4183.049225904694,5233.652466573781,16445.53491142459,469.0521133834545,69435.58566935381,745.3971615673019,1090.1478827251913,62.103392659226145,7.567760506687107,24.197147182659148,produced,PR0010,2021-12-21 20:27:04.060150376,Permian_Basin,68.16998761998684,69.11407852943688,56.08577312524507,5.749072727086206,13.384660000000002,0.4490042568669182,4.354,18.18766425686692,0.4475644695394556,2.553265984314036,0.9910958861121248,1.388895,5.380821339965616,-12.806842916901305,5000,-50.0,Low,234.10729262424312
80781.50186638601,10.4772203861706,2123.695688359741,4430.437001980916,39011.66280125277,837.4284126985435,126417.99457901459,2984.613601829777,328.43172904579194,5.298571159618064,7.542816646563229,46.75487532819886,produced,PR0011,2022-12-04 11:18:29.774436096,Marcellus,74.65881169562847,78.09944203414851,58.11987663529833,6.06085270442351,8.018,0.4997692772752734,2.596,11.113769277275274,0.4637966155496807,1.5534288813034094,1.0405891557187916,2.5030785,5.560893152571881,-5.552876124703393,5000,-40.53599571033477,Low,131.39380834963478
46225.20540522391,32.98189374198562,2815.871070739888,468.2435704219707,43776.56316287036,1327.9109566074335,36989.74160485219,3871.65155020891,1063.7672321646878,46.50294968130427,8.230689787761882,26.012915501371943,produced,PR0012,2020-11-03 08:50:31.578947368,Eagle_Ford,69.73402103202206,57.54030379253033,58.82396818648348,4.392386233220586,5.0,0.3470164967423612,0.7440000000000001,6.091016496742361,1.450493172335947,1.82986534165372,0.0863104556887954,1.2349365,4.601605469678463,-1.4894110270638985,3000,-18.121167495944093,Low,38.10376057280952
125707.5283790318,152.02604609570258,2343.1243604755005,2881.0326979000324,9929.879061849271,770.3819211011571,68579.63284711754,2158.0106437071618,1408.3714450156776,4.857992224428712,5.911618279063338,47.600313085922984,produced,PR0013,2022-06-08 04:09:01.353383456,Bakken,77.90999625908465,60.516020993919085,72.81846183577649,6.209613191518345,12.72692,0.5098701416504021,5.612000000000001,18.848790141650404,9.663548742225126,1.7665499535775877,0.5033601594232201,1.260723,13.194181855225937,-5.6546082864244696,5000,-41.278640490898624,Low,251.97561972758612
146425.21657125675,115.49189890723753,1166.1229694837848,675.8001736518065,64926.428213250154,1706.8771916886021,26244.69576511832,6171.9049697974,1836.82518852933,11.177557443601936,6.91237457684786,68.96621827286565,produced,PR0014,2021-12-07 05:10:22.556390976,Ghawar,64.11687301292552,74.1586990957764,74.97334342761349,4.09082148253686,14.244360000000002,0.3263095951700432,5.018,19.58866959517005,5.988855678329079,0.7205915830678262,0.1547321256633375,1.3740345,8.238213887060242,-11.350455708109804,5000,-50.0,Low,258.33719868193714
123980.56108266002,122.12655992236766,1191.7628814782156,1807.465615950906,53840.30172434643,437.4363756649264,54744.77852221731,3421.951909095387,308.8061793216942,5.172383206172225,8.152649220026525,39.96376925978724,produced,PR0015,2023-05-18 03:11:16.691729328,Ghawar,66.42312162628241,64.21967099737108,69.350107553886,5.127138750168724,12.09298,0.4263444565990035,2.518,15.037324456599006,6.414066617465322,0.78056201455423,0.3808676027841086,1.5339405,9.109436734803658,-5.927887721795347,5000,-43.27358036910603,Low,130.57462198801377
81224.16265756349,124.28508514892548,5531.751910759035,1697.354374902357,45930.77204242744,112.19029385437042,51371.78724492279,1743.08434080497,1819.098763583787,19.435998892035258,8.040724296623846,48.21847625961498,produced,PR0016,2023-10-18 19:36:32.481203008,Eagle_Ford,70.65151049606874,59.144594655718095,62.10815756233767,5.452318832948858,7.84547,0.4609832688526116,3.548,11.85445326885261,6.160595100028861,3.429119104953834,0.3212438658725328,1.469016,11.379974070855228,-0.4744791979973826,5000,-3.4636981453808926,Low,172.45343098345109
129357.50190343463,47.89390645628374,948.6951773324025,1843.8899629959978,69381.3750153572,959.3379627544344,45308.976843441174,739.0041125846128,1107.8131671378505,58.17955804225477,5.582721441285928,57.62259878171758,produced,PR0017,2023-07-30 07:34:44.210526320,Ghawar,82.23536974803419,67.5830314811347,50.25434545168697,6.792085957839512,12.67754,0.5496796815535514,5.482,18.709219681553552,1.784582061334856,0.7894595495811283,0.3333803359932893,1.6966154999999998,4.604037446909273,-14.105182234644278,5000,-50.0,Low,314.1054643984139
192901.87877021922,190.3389762417317,5911.641178252419,6680.873874259047,46962.22532001992,749.8830195585258,113289.6688026584,530.2248134746502,1994.5253181516418,32.75964443540118,6.851088382460074,48.47854062840713,produced,PR0018,2023-09-23 04:52:19.849624064,Permian_Basin,74.33314473376726,71.30355154028466,67.43720141494893,5.700530626833799,20.0,0.4577415264487159,4.692,25.149741526448715,8.787971002866808,4.44907063172754,1.3916813278978135,2.552964,17.18168696249216,-7.968054563956553,5000,-50.0,Low,197.00630986756929
86382.69583409089,37.77016290289281,2657.558537795591,1631.5147100456013,46200.90674068088,1129.7991752339917,35536.1576117326,2329.650008597953,767.4290148350616,6.2108407934079555,8.058604388139221,48.90674185684296,produced,PR0019,2022-08-24 00:21:39.248120304,Ghawar,84.1349029745353,56.12066785383747,59.73402911244462,4.422844196831657,8.96061,0.3580998063851332,0.2,9.518709806385134,2.0020457197326937,1.869006388637517,0.272628592367157,1.3052505,5.448931200737368,-4.069778605647766,5000,-29.7093838212287,Low,10.549056995039383
45803.67010702143,161.8076775102095,1554.5937744600437,868.0453219087041,82768.85323557034,790.575743815645,63729.427557494215,1248.1347634040978,296.61001414131084,44.290136918518265,7.801029180753337,40.20021241428168,produced,PR0020,2020-08-18 12:37:53.684210528,Permian_Basin,62.581942132027095,62.29054723418612,65.82466175571514,5.355391070903383,5.0,0.4442100332825381,3.488,8.932210033282539,8.635616365326378,0.8741445677001546,0.1651010954442103,2.1232125,11.798074528470742,2.8658644951882035,3000,34.86801802478981,High,183.10192105888896
69238.12834837515,88.76879197564433,3731.611823069318,994.7350683908182,58193.91075718537,619.2894434989628,22013.47381929225,4726.600678047717,300.7301542099836,53.57631768872392,7.657097655993217,42.30608360613476,produced,PR0021,2021-05-08 23:38:20.751879696,Permian_Basin,71.50438534127338,75.23556344240107,65.16734908656072,5.125119327482555,6.15486,0.4149881473259398,2.664,9.23384814732594,5.538377496819536,3.074917383707847,0.2200188817309576,1.2379575,10.071271262258342,0.8374231149324025,5000,6.113188739006538,Medium,138.2497192579625
110122.58569655349,10.134856072853617,5734.162545639274,4677.592729811674,13899.54971476122,745.876697243502,64433.11649416418,4239.062775319832,323.489369596055,26.3619911078376,6.6054384988641655,29.739292161274708,produced,PR0022,2022-04-03 07:23:54.586466168,Bakken,70.4769632511346,68.00611416525486,62.02080141435968,5.481999987618178,11.0019,0.4350453362240584,5.226,16.66294533622406,0.4949259952865902,4.039446349387911,0.9359545480335696,1.153833,6.62415989270807,-10.03878544351599,5000,-50.0,Low,264.523106598836
49213.01430471802,35.99777365241007,4571.258455474297,510.2259089872564,45230.781591808714,871.2610320852681,87792.30061100757,3220.38406765237,1415.3183628884115,64.08614440679996,5.755591388389796,57.654143244949644,produced,PR0023,2023-01-02 17:51:52.781954880,Ghawar,75.0051544101492,55.884480379333,73.60968494315807,4.585107534963104,5.0,0.367303283518181,5.062,10.42930328351818,2.0617925533208696,3.76967505488116,0.0838267205689995,2.0263725,7.941666828771028,-2.487636454747152,3000,-30.266243532757013,Low,262.8563855589478
85809.23595373878,9.972586519190068,3737.260376954134,982.6365695801926,18872.366438310095,636.2604844940419,35938.784678375174,460.0504472720473,2532.9423513389784,43.55106896792277,7.993478457527921,28.213405537917794,produced,PR0024,2020-09-09 11:32:55.939849624,Bakken,80.29911521768946,62.04877513186752,50.57865863388354,5.53260738122936,9.17761,0.4401984901547053,5.638,15.255808490154706,0.4036176958983906,3.0863382489318067,0.1814554379956333,0.7884809999999999,4.459892382825831,-10.795916107328877,5000,-50.0,Low,299.0317067380764
120806.97872364473,142.93656097451174,4037.0586669913464,5721.616550223936,43887.59407848802,649.2892661147637,19172.11086828241,1026.4260460671212,753.1354923766501,47.054879351137984,7.3003338746166415,62.1576398308841,produced,PR0025,2022-10-14 05:50:04.511278192,Ghawar,81.0362006395765,70.97851639948553,67.8033121118147,4.360656515412972,10.02135,0.3560095434298104,0.7640000000000001,11.14135954342981,8.105235051171176,4.024867115990178,1.1484891781567954,1.0140585,14.292649845318149,3.15129030188834,5000,23.00441920378488,High,36.25897660083325
135405.0661742647,67.23791773354515,990.4107295614241,2992.8325050095127,46001.309359673156,609.9308092270787,53585.6156015245,3544.155124825835,1825.9707134340254,14.569529107745355,6.027138213402675,25.654485504511047,produced,PR0026,2023-11-13 10:20:45.112781952,Permian_Basin,76.7548652176377,59.98398673945062,60.24599670748865,6.451198166465497,14.64049,0.4985703393658088,1.432,16.571060339365808,3.773989971747212,0.7368467060893221,0.5376964571324354,1.4363355000000002,6.48486863496897,-10.086191704396835,5000,-50.0,Low,73.09956845836659
133282.9065005534,10.261473578388237,1799.9213453422308,2686.387399022331,9739.554972268072,1189.0675224164536,48277.83854050443,1163.016804473826,290.9332253243463,40.85204431556933,6.6858086162571215,59.496114328402086,produced,PR0027,2020-11-28 23:34:44.210526316,Ghawar,76.03840910613884,75.68478515548536,67.84476126229028,5.577709676598093,13.74078,0.4625375024541435,5.228,19.431317502454142,0.5414011948730764,1.4280378214496583,0.654779350294166,0.9077325,3.5319508666169006,-15.89936663583724,5000,-50.0,Low,258.04566842465755
123064.30279098313,112.94274242209246,1182.6385294650415,6474.317148735548,32582.189687921084,910.4877475674239,78782.37533985157,3874.075724337202,1218.934452140973,36.05121687810653,7.1006713474501035,39.87278409689468,produced,PR0028,2023-03-16 22:15:20.300751872,Bakken,83.72573855112019,71.91439767709161,66.8804911884908,4.2975361390435385,11.95834,0.3388466459820279,1.816,14.113186645982028,5.470489776762606,0.9465965019998808,1.4593516806214526,1.555143,9.43158095938394,-4.681605686598088,5000,-34.17572151216604,Low,83.84800804816666
52100.74538010497,45.82245224711593,4829.395870678002,2578.1173529195335,40020.457813671674,2299.898574155967,113742.95399471116,2671.180334232058,1587.0432293263666,42.91019774043976,7.508653003980576,27.442246637099423,produced,PR0029,2022-08-16 16:43:18.496240608,Marcellus,69.59218504096062,66.78447652369482,50.25595006439988,6.9052988023653565,5.0,0.5335074723029551,0.2,5.733507472302955,1.916983061636495,3.6405954618595846,0.5995977086773844,2.2793775,8.436553732173465,2.7030462598705096,3000,32.88706282842453,High,10.502018982229302
130012.25172853566,10.308041950316202,2245.959951769322,1237.3381318860474,23088.723489201773,851.0286088129727,33764.60036628372,2157.751444285574,272.8720434729905,16.116681408004442,5.849888415353009,52.15529082839694,produced,PR0030,2023-04-15 04:48:43.308270672,Bakken,80.81958285471221,77.89059452666962,57.13346237936678,5.9335257595826345,12.184210000000002,0.4679311051077532,4.066000000000001,16.718141105107755,0.4559250297873469,1.7325132337398947,0.2532067446872975,0.9403665,3.382011508214539,-13.336129596893215,5000,-50.0,Low,195.26858679632153
127546.5837337723,160.86454257954978,4554.559750581522,2052.7084237371405,47176.33049018465,479.6735463310024,23038.438951722186,882.2599610400507,1071.5811846614401,29.44084907490436,6.274690888884041,58.5454482200016,produced,PR0031,2023-08-13 22:51:25.714285712,Marcellus,83.03759317730736,64.79501927311654,54.727288012594514,4.91825651780486,11.32205,0.3958656932306795,1.906,13.62391569323068,7.891598313212911,3.739322323930689,0.3762905949266969,1.0076865,13.014897732070295,-0.609017961160383,5000,-4.445831116470796,Low,85.30778478054617
98612.17390914654,89.16522460921233,4499.7851321850885,470.94753267047673,56245.91830347105,2493.772333348136,17501.086053979052,1642.150606456694,1955.9697768146,13.500612094646595,5.3470503491961825,35.92594416763056,produced,PR0032,2022-09-18 15:05:51.879699248,Eagle_Ford,72.28848110662992,60.87683526410213,54.17465882356231,4.071361405943813,9.52378,0.3309541758865545,6.58,16.434734175886554,3.735191036839917,2.825635281809904,0.0913152528961531,1.127211,7.779352571545973,-8.65538160434058,5000,-50.0,Low,316.584281484041
46303.892200116665,60.681706123451335,1401.403117902926,4913.019525951467,32890.6618309593,985.0599217107446,60497.77560699388,2373.577392080137,288.1360179402404,4.965737658189752,7.836467177368864,56.40799291409192,produced,PR0033,2022-09-14 23:16:41.503759392,Bakken,78.22756446508251,71.53507481316753,68.21191710302833,6.0799644099340195,5.0,0.4717344069851919,3.592,9.063734406985192,3.396626054528716,0.957805782900156,1.0755799243683428,1.3526640000000003,6.782675761797215,-2.281058645187977,3000,-27.7528801831204,Low,169.55624305317315
52959.02444431152,53.01132163363658,1926.4883723959954,3486.4181840581314,39901.867329357076,1387.027116777977,64269.12631372423,3982.0400463081573,2368.2991357397573,45.68640963209421,6.433846861314574,25.97079390955411,produced,PR0034,2021-12-25 12:16:14.436090224,Ghawar,69.42549641677266,69.33237968675371,55.98878372732811,4.901738141495243,5.3929,0.4096256627236008,3.3200000000000003,9.1225256627236,2.502026767206839,1.2170678304640183,0.7590023601447989,1.5749340000000005,6.053030957815656,-3.069494704907944,5000,-22.407311345827992,Low,177.95092608678908
51077.4133037986,9.467745451148708,5459.850898742418,5261.567373816139,77600.11080967118,1142.6433787471508,28384.512266922986,624.5878799018953,1324.7621440393482,5.1284663775254895,7.303796188306141,24.46627596035194,produced,PR0035,2022-06-15 11:47:22.105263152,Marcellus,63.9719753548851,63.38119752328063,61.86844037468252,6.5271941925466885,5.0,0.537828345170837,2.262,7.799828345170837,0.4937101541899665,3.4315181711323786,0.9029538923956651,1.5482385,6.376420717718011,-1.423407627452827,3000,-17.31812613400939,Low,114.31283009379828
57238.791145270385,9.724471892576892,1650.3771334912515,4436.397956216098,46059.00765875923,1128.4659076663477,75290.04853814766,1743.1819590090845,1795.7847192303718,32.72873723661739,7.944570960674996,66.74711410196599,produced,PR0036,2023-05-21 19:00:27.067669168,Ghawar,74.66259703681064,63.59161403309943,56.17472488214199,4.055678630492003,5.0,0.3283706798514019,6.182,11.510370679851402,0.448274304559493,1.0385865898208508,0.9397568721811436,1.802856,4.229473766561487,-7.280896913289915,3000,-50.0,Low,339.01061546849326
76577.86629169033,161.30561917267082,2896.4170880322754,1684.995072594503,38089.63151828273,1302.0768725362818,61556.45176218746,2073.48354094937,910.5061034583023,37.843314696028166,7.00027911064925,39.80631239252775,produced,PR0037,2020-04-30 18:02:42.406015038,Marcellus,64.9117912712383,64.95525771585254,64.50584558588325,4.2701813317707975,8.488339999999999,0.3293845844821383,3.718,12.535724584482136,8.086826936550722,2.025060941703774,0.3257376263934572,1.5597315,11.997357004647952,-0.5383675798341852,5000,-3.930083332789552,Low,177.22610376296439
57555.99094333794,46.860466517281786,1293.922360570737,605.8620626479913,10518.251377338252,131.29100041439787,45968.964773804895,2714.065770883565,269.5893797191858,37.21264851326282,6.813907075716227,22.80343767968527,produced,PR0038,2022-12-11 18:56:50.526315792,Bakken,71.43997827009673,62.27846418698423,68.0143442014992,6.92591616019327,5.3087100000000005,0.5478318288576646,2.184,8.040541828857666,2.800613048316292,0.9840885582697132,0.1140630071584616,0.935175,4.833939613744468,-3.2066022151131985,5000,-23.408196170326352,Low,115.88215450077683
192405.21476183896,79.04001664804734,2358.1880676127203,2535.3121023650224,49785.50144407595,1092.2871955567393,25620.62106665784,586.8224170013787,1604.0754301650356,25.541463002730584,6.924485364414267,34.853685021210055,produced,PR0039,2022-01-23 18:49:37.443609024,Bakken,81.82198283320832,72.75603515902306,58.27686846745441,6.694392554262201,19.001220000000004,0.5515697469630816,1.412,20.964789746963085,3.7808517063104254,1.8632632845950727,0.5231013415863439,1.1205495,7.287765832491844,-13.677023914471242,5000,-50.0,Low,84.63341644498071
82838.26397339576,9.970969755400597,3366.484662651696,749.0067526377203,41453.70417044299,97.250392881832,35811.036568718635,500.5524670676228,1190.7244911917608,34.95562514693063,6.619013434889198,32.71964036604202,produced,PR0040,2021-11-11 14:26:09.924812032,Ghawar,62.150454689092015,71.28396012628014,65.07552120717804,4.04521497926584,7.824910000000001,0.3266581344254332,2.854,11.005568134425433,0.5193026592332808,1.7348628201549392,0.1613512437458351,1.1819669999999998,3.597483723134055,-7.408084411291378,5000,-50.0,Low,146.25640831413298
135773.75486103952,9.230672542827698,1413.9849714113363,2481.6111289966952,61083.57629607461,642.5047235974422,19589.19603676136,2925.654314810252,973.9854122383581,39.95652332612909,8.262437585630813,45.03646556509293,produced,PR0041,2023-10-07 20:09:01.353383456,Bakken,60.76071339161624,66.01944131365981,70.62136936034348,6.034792106597434,13.675010000000002,0.4918479763859186,1.044,15.21085797638592,0.5635585274955409,0.8366312756889137,0.5604852509205778,1.3064025,3.2670775541050325,-11.943780422280888,5000,-50.0,Low,55.3484649429288
47051.485794557855,131.26438137607147,1065.2582040637005,4680.453708853754,33325.480386526375,367.2240251138037,55477.83728739415,454.04804581346167,2263.6164968120142,43.455470650595736,7.317218111803573,38.75040884858188,produced,PR0042,2021-01-30 04:30:40.601503760,Ghawar,75.16194618454719,64.94636689448093,52.35560712911229,4.565160563196751,5.0,0.3731587645589217,5.058,10.431158764558925,4.8715217054210855,0.7786296588263508,0.928252443476058,1.3986840000000005,7.977087807723495,-2.4540709568354275,3000,-29.85786330816437,Low,265.1773432097824
67149.60861286594,96.56422099383903,3211.9142676953393,2016.4572826325216,9419.475737947041,1060.5953666922783,45410.0163173908,3461.7662506091056,1854.5037496585023,62.05280305244819,6.066160595734157,49.30199718421936,produced,PR0043,2020-04-05 03:18:29.774436090,Permian_Basin,68.27653316487238,64.12628173399263,67.76676497603178,6.283437790867852,6.37964,0.4883342639086574,0.2,7.067974263908658,5.553798116904694,2.341611981422463,0.4162501073635195,0.911853,9.223513205690676,2.1555389417820194,5000,15.735434275008744,High,9.004547270801922
92947.32025653556,176.52141985165542,1397.274850504778,2815.597591125086,10414.099712917168,1064.967888089725,50572.12796060903,1661.4226296464299,2874.3178500261656,37.95060835312108,7.953456170786779,43.90024652156032,produced,PR0044,2021-08-30 10:02:42.406015040,Marcellus,70.44844267314788,62.086708034806335,58.078623610884506,6.334338172413998,8.88759,0.5284958711979161,2.72,12.136085871197915,8.583416552003177,0.8862977675823389,0.5215283474923732,0.9848159999999998,10.97605866707789,-1.160027204120027,5000,-8.468198590076197,Low,141.5769806718901
53402.199380089034,149.60186202809547,1470.6900871290718,2544.437329308217,51967.148513054875,1207.7586618179123,70987.628136254,506.78331529158913,1284.8751785188185,26.822102774955447,7.924553784417299,65.13714787564405,produced,PR0045,2021-07-13 20:23:27.518796992,Ghawar,70.14276471645829,57.142416578926486,53.06624891312361,4.510147557031362,5.0,0.3441995549269461,4.22,9.564199554926946,6.800906781207226,0.928375965259978,0.3963912295663551,1.7778240000000003,9.90349797603356,0.3392984211066139,3000,4.128130790130469,Low,215.52635985599412
68048.56562725634,74.53415672379805,1183.868442791539,3605.615276186307,20444.36725291844,1172.8770244633024,59532.05962922645,1278.8267613983683,568.977898809905,12.630341070965502,5.539523082299659,52.693718902025054,produced,PR0046,2020-04-12 10:56:50.526315790,Marcellus,62.165505725239086,61.70511713806251,63.64135519035872,4.833484622292599,6.8112,0.3773039400228901,3.684,10.87250394002289,3.3620200554541944,0.6695374163821991,0.759991075230947,1.234797,6.02634554706734,-4.84615839295555,5000,-35.37695626857552,Low,180.85081723846218
73079.10634919806,112.59544487461288,2718.925939360127,1099.1754452830246,50001.699823449926,443.5439398991945,46760.621549863354,2478.572904099868,1088.5274582044365,37.01895476841771,8.044133619352024,52.84355848552392,produced,PR0047,2023-07-01 01:01:21.203007520,Permian_Basin,60.08916081698986,63.030033717326624,55.6565579816933,4.205500291946467,7.6282,0.3257786403983587,1.566,9.51997864039836,4.814470366402012,1.6406936754785526,0.2201765137813653,1.3891155,8.06445605566193,-1.45552258473643,5000,-10.62531486857594,Low,73.45459663298304
67389.83089291604,57.00075213333965,4645.622893817764,480.6557466175776,41287.44721666472,613.5356546752522,44095.91275862849,1217.8712432137252,1523.6401228409436,41.026634283563695,7.124838829952552,60.11276862294145,produced,PR0048,2020-06-02 16:25:15.789473684,Marcellus,82.46058107160661,68.69210015663359,70.53404481672894,4.074110643836694,7.56437,0.3305191629066658,4.32,12.214889162906664,3.433456233588731,3.868971301721954,0.1030381502349503,1.3397370000000002,8.745202685545635,-3.46968647736103,5000,-25.328711284735515,Low,226.49302659374482
168336.06527395075,219.04278131413625,5468.802861726292,3349.7578181241443,30220.165908960473,1395.0663665284437,18154.671149886293,2177.7877968924877,2017.224714400404,26.67973310577596,6.96243515016204,41.383279268145124,produced,PR0049,2023-08-21 06:29:46.466165408,Ghawar,65.44496402259367,74.34471272695124,51.072397738276905,4.070461005297542,15.920470000000002,0.3271082859722658,1.228,17.47557828597227,8.285648731232973,3.777860286376877,0.7676165933770441,0.762435,13.593560610986891,-3.882017674985376,5000,-28.33872902739325,Low,57.22060872715355
103100.15706636077,150.991882490573,1557.2895985058394,4707.580630438509,31151.766912632193,1413.8526901644557,33875.22831494892,3195.9041002070867,322.839746689178,36.635247679839075,7.70641884215256,28.141975380843903,produced,PR0050,2023-10-11 11:58:11.729323312,Bakken,70.6519747966072,64.89255362085079,52.466322406772434,6.126793908058938,10.012910000000002,0.5121637655423394,2.9560000000000004,13.48107376554234,6.234163854281996,1.05008051884903,0.8713188067225257,0.976191,9.131754179853552,-4.349319585688789,5000,-31.75003297552816,Low,169.87469742603892
97137.30652966257,91.82429810089802,6748.466477630856,3351.4851098177637,12556.564067006133,119.15309269513251,52876.1236967176,1682.292290407731,1271.1761078084169,22.723369077626757,6.092571212677814,62.166210817219444,produced,PR0051,2020-10-01 10:27:58.195488720,Marcellus,84.29814491677696,78.6189226463023,63.02490314964543,4.817833280523483,10.41804,0.3915902428233864,4.304,15.113630242823389,4.5365073187502185,5.908099553082451,0.8001912565863293,0.9731909999999998,12.217989128418996,-2.895641114404389,5000,-21.138180135152044,Low,216.91984307366516
102567.88351202899,89.7815667756342,917.5808446325498,1254.9949996811258,36283.77448233507,90.91984992543995,31351.73652794801,633.0152200531379,2822.148913912648,40.82031375389353,7.625226668765433,47.6313315217778,produced,PR0052,2021-02-13 19:47:22.105263160,Marcellus,80.66906454959131,75.68374908602905,64.72354460192392,5.560785760058344,10.65862,0.4383707454972774,3.926,15.022990745497278,4.751743750494847,0.7744230196760766,0.2768889960312372,0.93795,6.741005766202161,-8.281984979295117,5000,-50.0,Low,179.49053785636565
105927.22707349635,157.95506484819907,5013.85233876556,478.0979434693878,20095.554323458236,424.2285857985663,82930.64932687975,1447.2554579277992,1018.6538004301099,47.55145248907619,6.409923256492597,47.83131339790803,produced,PR0053,2022-11-19 20:01:48.270676688,Permian_Basin,62.69827138156755,79.62004619709363,68.24716661306867,6.610958984568418,10.95051,0.5090826232632839,1.65,13.109592623263286,9.07868853417004,3.1100950853346983,0.1194300692956404,1.442883,13.75109668880038,0.6415040655370934,5000,4.682979678420781,Low,79.53167149265384
73204.92107160125,117.51428837200277,1503.3005648395774,3545.1544228814228,24998.468842020164,1512.6166365237893,29752.61486367605,4057.396992746368,1850.7011035688683,45.29809736778009,5.392636001633387,35.891061825782316,produced,PR0054,2021-08-01 03:29:19.398496240,Eagle_Ford,72.71297579031464,76.90507602603705,56.48151820630485,5.3026539475949575,8.16845,0.4387864790496123,5.394,14.001236479049613,5.174294475486869,1.0865761739059565,0.8049654307645299,0.8390189999999998,7.904855080157355,-6.096381398892258,5000,-44.50358421191349,Low,264.44910182742655
68039.24457681375,166.87991559170356,1210.818079052535,2934.5227564712877,25376.168387637703,1348.672838003401,58359.37379554605,4463.868798394305,1573.4698536322826,36.03133717902986,5.902307809856893,34.921712272678214,produced,PR0055,2021-05-30 22:33:23.007518800,Bakken,78.2519756623754,70.41814873273448,71.0440102053323,5.229608841623757,7.217010000000001,0.423007055029903,3.174,10.814017055029904,9.836256344958874,0.945183703472647,0.5879211237696002,1.25097,12.620331172201125,1.806314117171219,5000,13.1860930553499,Medium,185.49909224843998
84396.71762628437,11.271728940702573,1559.8195194469051,2133.1448384659793,27752.352428707414,233.0302279206658,52311.386593051,456.70663595450037,2021.865767961862,10.357278636624681,7.5930869233003895,56.69340002965557,produced,PR0056,2021-07-10 04:34:17.142857144,Ghawar,77.45981962498031,69.96198219541797,73.82855849434458,4.016406121499903,9.16726,0.3227775695574701,4.486000000000001,13.976037569557471,0.5891518967848698,1.1232293524179144,0.4719075623045333,1.2424455,3.426734311507318,-10.549303258050154,5000,-50.0,Low,210.4110689461441
127481.90808589512,98.13081435757223,2911.1195904403694,6480.995725727933,59354.952798648446,1040.6345125878033,82800.3932716192,3529.618932619705,591.4669178851545,15.280596070655914,5.762992013794493,59.73150586557699,produced,PR0057,2022-01-31 02:27:58.195488720,Permian_Basin,79.02104631011176,58.23815316885543,62.47598258987159,5.465266096981807,13.12722,0.4563294806088215,6.058,19.641549480608823,5.369473333293478,2.196228779255084,1.073602882221899,1.956639,10.595943994770462,-9.045605485838362,5000,-50.0,Low,300.4358453672808
123324.79317836926,54.379770828302455,4075.990981007376,608.6231192869478,28831.15963453678,2057.211400329556,83218.79542710319,2030.208903615623,498.63384632298533,43.4964984930779,8.035910675080306,58.51644461508893,produced,PR0058,2021-06-07 06:11:43.759398496,Ghawar,71.43636637220088,73.0599812222892,69.01328412424503,4.451830148642655,13.00495,0.3499383387529007,5.236000000000001,18.590888338752904,2.704064695899344,2.852814148528497,0.1329107178395884,1.6316835,7.321473062267429,-11.269415276485477,5000,-50.0,Low,251.9437572938536
66798.57888414222,183.95530398030215,4395.295484349534,6492.859730065918,64812.31765706505,955.7617797055757,71662.20874737458,3839.2244408570728,1216.9268413306636,83.74840881809898,8.06495276654544,57.709824313573776,produced,PR0059,2022-10-06 22:11:43.759398496,Ghawar,64.39807323325705,70.00517143981678,63.121208863594816,6.157242068547463,7.538410000000001,0.5035155777898462,5.24,13.281925577789847,9.338732354401763,2.68289585673951,1.2706148631841063,1.971204,15.26344707432538,1.9815214965355328,5000,14.465106924709396,Medium,271.15640062556776
132096.59794141335,176.41774103871933,1034.8195351204154,2527.454796091387,70701.77229267583,1735.3992299726435,20280.552698826894,1097.2436491767467,333.8003747978057,24.081807968683155,8.070800340637891,52.979521560767225,produced,PR0060,2023-11-02 10:53:13.984962400,Marcellus,71.62181109798432,67.67330258489962,51.73667573530526,4.745233977510716,11.57137,0.3818570537156047,3.386,15.339227053715604,7.134197858514478,0.7645771578332023,0.520461835519946,1.4016959999999998,9.820932851867626,-5.5182942018479775,5000,-40.28354767349023,Low,163.11515966418153
83986.78556281143,86.78232558045296,1028.2220523997225,513.3435629306736,55783.113819318896,1208.4697435120006,94504.63862957305,555.513994599746,967.6510500411524,37.29874336940804,6.931393290187413,48.13038901714487,produced,PR0061,2020-08-22 04:27:04.060150376,Permian_Basin,76.1971812293323,72.33217181393222,58.15278782106553,5.940905435878612,7.721660000000001,0.4818049785940772,4.588,12.791464978594078,3.805285823859244,0.746634843655483,0.1084982577208983,2.1329700000000003,6.793388925235625,-5.998076053358453,5000,-43.78595518951671,Low,211.10902805512853
81645.75535609682,164.50738674308155,1178.9995549881285,2135.512638596608,43835.60311572557,252.31223366298312,99706.62799537198,2884.3690388322284,1493.6890546858062,18.57706157126425,7.171402362753958,38.096490804240176,produced,PR0062,2022-06-26 11:14:53.233082704,Permian_Basin,75.2148021651292,66.10119607094984,52.18716724067538,5.7980419425444145,8.635480000000001,0.475093646677923,3.4280000000000004,12.538573646677923,7.167166362731946,0.8424298529861398,0.4246869645166384,2.1627135,10.596996680234724,-1.9415769664432003,5000,-14.173511855035365,Low,169.05685563160523
67318.81385985763,198.31301135570513,2485.091157025453,4389.238660982988,43133.43067873286,739.400489357796,39413.45109621054,611.7695779241647,2718.4035448385844,9.950018128738394,5.682337342902099,64.87800629968145,produced,PR0063,2020-07-16 14:15:20.300751880,Bakken,61.76305134471519,68.09649156020716,74.72197798137533,5.8487904081721975,6.605910000000001,0.4680021447032048,0.5820000000000001,7.655912144703206,11.150461886248715,1.646731415996904,0.9027551886136662,1.1806065,14.880554990859284,7.224642846156079,5000,52.73989277693938,High,28.49013474113222
80005.79203496304,68.48487809542034,2759.501382470445,1801.9796675441655,55332.4110212164,789.2082516010925,48331.481371956186,482.8920070577174,1624.050771067663,16.014595044011553,7.614350636650905,36.78461627447634,produced,PR0064,2021-09-10 09:30:13.533834584,Eagle_Ford,61.6238108520548,64.95880762008142,55.72564780183443,4.769802706297547,7.77342,0.3840684818089262,3.606,11.763488481808926,3.757636156925497,1.5261210706084392,0.3449117808203463,1.706001,7.334670008354282,-4.428818473454644,5000,-32.3303748562189,Low,172.82528371000734
150213.55056673547,216.7938472695802,1031.7542848412677,518.7882614228716,37103.47092875248,771.5195661895424,24026.456145046915,507.2775392186586,1603.8271589020258,4.576512239966489,7.310373409658391,50.00602679610651,produced,PR0065,2023-10-15 03:47:22.105263152,Ghawar,84.1314457788803,72.93427233426725,65.89751048539297,4.747707636150573,13.865320000000002,0.3841015465221363,3.512,17.76142154652214,12.005432511764544,0.888105002673185,0.1094014085014008,0.907635,13.91057392293913,-3.850847623583009,5000,-28.11118765215597,Low,168.97694306843664
83614.26475699355,73.04814863226639,3561.5737108945987,1981.1036203349088,65755.63240261078,1363.61525125053,19278.39118944606,3033.5131449023716,2011.4244060061744,56.641189079926704,7.503093625590012,31.260300188747085,produced,PR0066,2020-11-21 15:56:23.458646616,Bakken,63.79513637599428,76.9152742636972,57.10862754862343,6.44514597176415,8.86968,0.5271315304259192,4.168,13.56481153042592,3.5592266816148963,2.1675239679544216,0.5009491812794599,1.194213,7.421912830848779,-6.142898699577142,5000,-44.84316050691314,Low,225.6823422994881
97323.01558550692,61.21228225988983,8138.462035209138,864.5484148513746,50978.92910343203,1000.9563488414819,31261.145002600733,2311.969043571574,428.9077715977183,4.4740194010432255,7.885507084373213,33.16849223366189,produced,PR0067,2021-12-29 04:05:24.812030072,Bakken,67.36156160029304,76.02112347831506,66.33115538389815,4.077133261672047,9.04113,0.3230737598313025,2.744,12.108203759831303,3.551754779955134,4.866263877104306,0.1791893901507364,1.1728665,9.770074547210177,-2.338129212621128,5000,-17.068343252134234,Low,134.1292149821749
48082.33143527573,130.01381729615048,2119.585650773366,3030.1174482358506,24557.497780283076,104.40690856246084,37454.12465267711,3345.8228815655293,953.3618247384251,24.35396735573955,6.195690675317141,43.19892166320938,produced,PR0068,2022-12-22 18:24:21.654135344,Ghawar,79.19086205390414,74.65063180123673,55.26004227176206,4.770017179098097,5.0,0.3635654320289499,1.4780000000000002,6.841565432028951,5.82087181273833,1.513318368043215,0.7801588228283647,0.8969969999999999,9.01134600360991,2.16978057158096,3000,26.39899695423501,High,68.03315760199906
65838.5232488927,60.38774686903585,2138.1263182472126,3852.8091648016048,54538.40083128072,93.80271497447357,39444.95657944942,2926.157311048843,2943.354472611552,5.840635403283306,6.77249934892166,32.23937254712471,produced,PR0069,2021-02-24 19:14:53.233082704,Marcellus,70.24192689557937,55.34469261361377,69.63175164775186,5.854981181777157,7.26302,0.4664410202340764,4.314,12.043461020234076,3.267288903516472,1.4383298886553997,0.6719067062063165,1.4512620000000005,6.828787498378189,-5.214673521855888,5000,-38.06711670954798,Low,208.72251106258594
79166.72648925052,89.28574561106036,4014.773050019953,496.7005825232285,38840.345957041674,94.5915417724283,23514.98068244922,1322.580582655983,1156.8211427618642,12.478068887502399,7.098602927063095,57.48753320477058,produced,PR0070,2021-05-19 23:05:51.879699248,Marcellus,64.53662133150081,77.79701159693649,52.77029007091589,6.643921668078077,7.53474,0.5160911010567607,0.374,8.424831101056762,3.583619844657884,2.552118760808173,0.1166955173954047,0.8777939999999999,7.130228122861461,-1.294602978195301,5000,-9.450601740825697,Low,18.7711253782402
56517.68915684425,167.3753819964631,2007.2517491691854,1119.8165765727201,35287.29095930439,777.1412089399978,31491.754968739395,1682.9106250931904,2354.5794552234597,54.765336267204866,6.020946707164902,24.929619131681225,produced,PR0071,2023-12-09 01:04:57.744360896,Ghawar,71.68080955774454,61.87189301808485,72.37876000225701,4.863373714535806,5.18343,0.4060029220814861,5.917999999999999,11.507432922081485,9.507008029304462,1.2953467767503837,0.2020241050826506,0.9051585,11.909537411137496,0.4021044890560112,5000,2.9353627701088825,Low,268.22184701811176
101421.6461266599,77.41619834554508,4542.773154096521,4456.095724390913,23550.762768247187,955.533515345214,49928.50351592661,1277.951707788525,2026.5630285735572,34.6915812279414,6.9645808741929045,47.204005591550775,produced,PR0072,2022-08-13 00:54:08.120300752,Permian_Basin,74.22374926908415,77.1993485740844,71.01054231351986,5.988539684795132,8.58666,0.4768264300665921,2.5380000000000003,11.601486430066592,4.601312716614535,3.090961938761857,0.9294724368971188,1.091472,9.71321909227351,-1.8882673377930832,5000,-13.784351565889509,Low,141.34356221873685
62136.057720750054,10.258311506477618,1495.2490117121122,680.5380998133048,41037.94138139841,958.9756810255868,31546.67465301351,1812.1286857457037,313.12979788833513,11.510103965545222,7.172102095104752,47.1028542892231,produced,PR0073,2023-03-27 21:42:51.428571424,Eagle_Ford,71.3191652319519,59.92420257723441,66.97018359095964,5.484758538259947,6.78327,0.4537175407088567,3.492,10.728987540708856,0.534422065055858,1.0700613440737694,0.1406361110285114,0.9906554999999998,2.7357750201581386,-7.993212520550719,5000,-50.0,Low,185.20355637408167
92514.9203508132,102.88739986123507,6293.386883035593,482.2307055063601,62468.72538098215,205.9162162066246,66160.2332053399,611.2134878310055,1566.463877180706,20.224955396597398,6.262843309526933,23.075511663717144,produced,PR0074,2020-07-23 21:53:41.052631580,Marcellus,82.97365188680273,65.99114378561843,51.6853656785712,4.0078104421201255,8.819980000000001,0.3354896250756885,4.118,13.27346962507569,4.206982024772981,5.308348904678695,0.0989867156784276,1.8932595,11.507577145130105,-1.7658924799455864,5000,-12.891015103602784,Low,226.51307975377748
87282.36534768122,40.70301419306091,3154.283188999283,425.5608279270257,62907.76827204348,1220.8401385512723,69391.89293671177,2640.9359416864368,1228.4412064672756,12.098683277897914,8.045572789340731,39.879042921316575,produced,PR0075,2022-11-01 12:55:56.390977440,Eagle_Ford,67.1174823774876,73.73496985817285,55.21422570822321,5.735152633259619,8.98601,0.4692200472633627,4.182,13.637230047263364,1.6831283707991933,2.3772475318247093,0.1106024547872592,1.9150995,6.086077857411162,-7.551152189852202,5000,-50.0,Low,214.83957937276318
52741.75548683411,139.0734565781667,1778.976722895418,3211.192397662408,37852.60732876122,1318.2163739012512,128770.48834633168,3418.8656967089246,1447.0823287602213,27.400746630779107,5.608234375768921,48.094858195980166,produced,PR0076,2023-11-17 02:09:55.488721808,Bakken,76.53330401749177,71.00697363192931,71.4840398922769,6.672046527566172,5.0,0.5153368333453985,0.2,5.715336833345399,7.524138399709476,1.2931067046795408,0.682540332642194,2.478696,11.97848143703121,6.263144603685811,3000,76.20159267817736,High,8.53441178490893
61944.09317901343,122.05984190508727,1812.0492562950626,3177.603364508251,52325.95061016666,98.49102439606735,81695.79662551411,683.020654553544,698.0070585470568,32.78926314917233,7.8853700439232846,49.096047051421394,produced,PR0077,2021-04-06 01:15:47.368421056,Bakken,62.80736803524744,65.39804845073574,53.04936085756488,7.17620260554648,6.90519,0.5581875968718583,4.648000000000001,12.111377596871858,5.156206897656219,1.098938006218003,0.6117922034517879,2.0064225,8.873359607326009,-3.238017989545849,5000,-23.63753132368469,Low,257.37680890227534
80307.94076268845,157.72946233441425,2129.2716707141467,1257.943519039455,71391.8263937177,101.87716864875382,57635.35662160161,4207.871893233571,304.80243271874036,70.08793812076719,7.677989099498155,41.293219129548646,produced,PR0078,2021-08-19 10:35:11.278195488,Ghawar,69.80713644160066,71.96559641850696,53.8983024077005,4.1187290255871725,8.8095,0.3271136174364135,3.606,12.742613617436414,7.238725267582365,1.3218009208071664,0.244373575758324,1.8612825,10.666182264147857,-2.0764313532885588,5000,-15.157948879006478,Low,169.40090373210145
125182.71285354643,128.35247428284097,5889.906572771401,2531.397216375632,28322.266924300886,815.2035167980222,34489.257446827396,1897.40786769859,883.220604858167,4.422375923545915,6.029209130041513,57.4044627531622,produced,PR0079,2022-08-27 16:10:49.624060144,Ghawar,78.52483128962434,68.72373775116598,63.60008309388802,5.705200012803682,13.2372,0.4784139614201283,1.73,15.44561396142013,6.826260518550094,4.331178414475552,0.5175309795089305,0.9396435,12.614613412534576,-2.831000548885555,5000,-20.66630400686456,Low,81.7638592650673
95795.39669117607,139.8042438976041,1093.3960435920885,5960.218014352327,9380.032271195509,1717.023279873971,58891.52147769001,2305.294058700022,1197.4784805428953,27.28572847365276,5.983937793454742,44.63558875462963,produced,PR0080,2020-07-09 06:36:59.548872180,Ghawar,65.62042351473664,61.893407665888304,56.854435991858594,5.212771856208134,9.52688,0.4194918927555109,1.5,11.446371892755511,6.59677472458656,0.6299560657414718,1.03132366259593,1.0321859999999998,9.29024045292396,-2.156131439831551,5000,-15.739759510770323,Low,75.82070700576608
55896.35802296177,39.0194611293719,1582.866133182729,574.4553779710984,63506.57206758618,2081.780241356658,52702.80468622093,492.1492610219724,1925.7508219046672,23.916262599208142,5.409120876886166,44.68181547951406,produced,PR0081,2021-01-26 12:41:30.225563908,Marcellus,74.74427614136032,71.1582361374285,55.55189249859824,4.065833437736706,5.85226,0.3223490932894893,2.332,8.506609093289489,1.7687833675338676,1.1940667192976415,0.1178166915727403,1.9098915,4.99055827840425,-3.516050814885239,5000,-25.66717094866225,Low,127.84911200852176
105617.87808606573,130.60548453719042,2026.217670828885,484.7663131048191,20645.63634178983,1100.4921025324588,35490.26298478504,497.56907017521434,2711.4764933722845,49.190572450745776,6.257906685931094,48.25092147832067,produced,PR0082,2023-03-02 06:58:38.796992480,Eagle_Ford,63.835925730226506,60.106177158613086,64.39533579620452,5.87385301300427,10.09602,0.4674466264900427,0.402,10.96546662649004,6.58787467516059,1.1500884654519945,0.0901592657379196,0.8453415,8.673463906350504,-2.292002720139537,5000,-16.73161985701862,Low,21.58197499747103
164321.74991377225,208.01732326790577,2858.6901185892943,3073.8613442902847,17143.253185857917,378.62598455513927,69928.88952322408,2221.75420055396,2341.104054213882,38.08067500147298,8.148877302975217,58.422541854186456,produced,PR0083,2023-06-23 17:23:00.451127824,Bakken,62.56754228403428,72.34970710647914,59.31441691145073,4.125710905572438,15.3302,0.3493825516533525,6.444,22.12358255165336,9.376648420146394,1.783084857834088,0.7401809135235454,1.368801,13.268715191504027,-8.854867360149326,5000,-50.0,Low,342.64026438444995
126774.77061130515,38.56151946062135,2591.5822920471137,2323.0749666786683,10169.82196913846,1403.8270169557773,21211.379620212367,3215.3961295605727,1931.7096631125066,43.098195176874626,6.625001511832498,37.979351939108284,produced,PR0084,2020-10-05 02:17:08.571428572,Eagle_Ford,73.08081872312607,55.07777194058107,53.51399741924172,4.998528374699741,12.16683,0.4108560440453928,5.972,18.549686044045394,1.6526513766994744,1.7243331480739132,0.376599773420917,0.45,4.203584298194305,-14.34610174585109,5000,-50.0,Low,292.08219094081613
119014.61255423055,188.21220220877024,897.8869125228515,967.1075322179305,52268.45853084068,523.3356782723528,44747.3515956412,825.0250071957558,375.5696081233991,37.77458942073827,7.877566429613713,38.27057509057287,produced,PR0085,2020-05-26 08:46:55.037593984,Marcellus,76.87527490215072,68.71931284404424,63.37134418863661,4.774904642065577,10.69011,0.3827281021972166,3.904,14.976838102197217,9.507222540556018,0.7380026390606469,0.2226299578208501,1.3792515000000003,11.847106637437514,-3.1297314647597023,5000,-22.847039692745824,Low,190.72357076347737
117342.58344864551,47.47147774345001,2236.617419890775,4149.10587220949,10756.921870437976,353.9204837705422,73543.27567339971,4509.7218437689135,804.6528670636313,11.55453694267193,6.30893818304697,35.61161509484838,produced,PR0086,2020-09-27 18:38:47.819548872,Eagle_Ford,62.83417665586209,65.02669068890353,59.67531008196557,5.165277094409308,11.402360000000002,0.4066792165450639,2.5540000000000003,14.363039216545063,2.2381821799342005,1.327299094210166,0.7421236101561804,1.1501370000000002,5.457741884300547,-8.905297332244519,5000,-50.0,Low,130.79239044807383
130451.29036636997,27.856323551533276,2411.776128136291,4131.097645464739,15290.85747741448,101.72073455271473,44000.78160801822,2618.2075317212716,1322.3206144680034,54.41147670000024,7.4519304025315725,41.562459438918765,produced,PR0087,2021-09-28 16:36:05.413533832,Eagle_Ford,82.94440630932287,62.57759434504868,68.36291935684423,5.1171693833228025,14.25982,0.4382469395602279,2.6060000000000003,17.30406693956023,1.5765993187914131,2.2302622812651114,0.7844414339123578,0.86424,5.455543033968882,-11.848523905591346,5000,-50.0,Low,129.1136238566529
140243.34901383784,91.46476460417632,1711.1915956410337,541.8312094028995,46766.82940517386,775.9191579187019,47139.890549236,670.1752315116856,689.2491190416495,48.14053714891245,6.073188317310164,66.75169760973623,produced,PR0088,2021-05-27 06:44:12.631578944,Ghawar,65.64430656743667,67.89269918086593,52.568886058014726,5.052932437441588,12.802510000000002,0.4062102877974834,4.516,17.724720287797485,4.1027071710661245,1.0989172012060422,0.1018390487712989,1.4025495,6.706012921043466,-11.018707366754018,5000,-50.0,Low,239.85655884324777
103109.38102348655,107.8856797041548,4508.415255933712,1154.6367855869025,57934.120187842644,412.2823384961637,43718.16582525737,1966.7833175575347,1799.6445008515543,40.728850064346354,5.8338082630813615,53.20231657121628,produced,PR0089,2022-10-25 05:17:35.639097744,Eagle_Ford,62.9993827039825,71.13279081339721,65.51533109864934,5.682477549428557,10.76704,0.4526556489414894,6.516,17.735695648941487,6.4305918086568274,2.645127361863724,0.2549683753915409,1.4837159999999998,10.814403545912093,-6.921292103029394,5000,-50.0,Low,344.73166345647815
135886.8433974698,128.14543670269316,4662.339616201209,7269.277525267976,19554.322824821556,821.1144806609315,26335.149392087937,4852.417061046092,2002.3789658112398,61.27811492806564,6.402049026570352,27.739129048839903,produced,PR0090,2022-06-30 03:04:03.609022560,Eagle_Ford,65.06747270875526,79.13280665533662,60.91233317358119,4.836150876729483,12.77457,0.3772759256558848,1.86,15.011845925655884,6.547503240228146,3.022545474654,1.6938377264574802,0.654591,11.918477441339624,-3.09336848431626,5000,-22.581589935508696,Low,96.8496320008343
55508.06975794287,23.03858005255102,2634.1377013744723,3720.5348273052387,31829.765015112825,96.7677847105771,96959.18594677911,471.50283629151187,1788.254052404829,32.47435224723369,6.137924338085864,35.88589362704879,produced,PR0091,2023-09-15 21:13:59.097744368,Eagle_Ford,64.23931141329605,75.82661224720243,60.15154687631011,6.02884758213039,5.0,0.4724868241828115,0.7640000000000001,6.236486824182812,1.070420837282689,1.75339401801872,0.8341230653641257,1.7529480000000002,5.410885920665534,-0.8256009035172776,3000,-10.044810992793543,Low,31.445579532548685
51598.4080375564,100.87947674968012,3666.0950443856104,3840.0536734018824,13621.969398060186,819.5743673736395,19035.890127908526,2680.968513600254,2141.736210101028,55.09773689987446,5.3965408338903735,50.535675009381265,produced,PR0092,2021-08-08 11:07:40.150375936,Permian_Basin,62.26686626532373,72.92874707709527,55.80719220020853,6.675961576165303,5.0,0.5249031209899648,6.096,11.620903120989963,4.725072187768816,2.0689137679767544,0.8428083584711592,0.4977764999999999,8.13457081421673,-3.4863323067732352,3000,-42.41704306574103,Low,307.5307597274181
81723.63519604715,38.252451437089164,992.7576047107154,4699.039297098796,21245.683215280325,107.88503601722222,67046.35396432622,1642.2487085176144,442.8142913146694,37.00316558321682,6.5460315766400345,32.49382760146391,produced,PR0093,2020-02-06 14:11:43.759398496,Bakken,79.94598086946769,66.97417279197866,50.760650705067775,4.560076652307394,9.12839,0.3737760912596509,0.2,9.70216609125965,1.5757222713168548,0.7674814163468898,0.9736303395461106,1.2125235,4.529357527209855,-5.172808564049795,5000,-37.76150251756351,Low,9.92380228348711
82107.26173679823,10.326501901188623,2083.852312048605,2603.71659574843,43185.02493643552,1615.7162450035657,60009.47732927258,3102.42393367548,1890.591576223256,26.805322300832998,7.126544800520322,34.197818216489594,produced,PR0094,2020-01-22 22:55:02.255639097,Bakken,72.38844436860278,64.80360299160886,71.19222985911614,5.2074586179196825,8.77472,0.4418905318053494,0.982,10.198610531805349,0.5681139942757468,1.4995179384822823,0.492656431023108,1.560972,4.121260363781138,-6.077350168024211,5000,-44.364656226576734,Low,49.67750399324751
69099.45853761278,25.185692833414958,5024.291726463013,3828.0190308080482,21930.464169356183,1189.303057880868,20256.62022733035,3994.955169839203,652.9561190309436,23.6309063975564,7.811523965858112,66.27335510843561,produced,PR0095,2020-03-14 04:23:27.518796992,Eagle_Ford,69.71298600946707,55.81324136464993,58.16025215086064,5.875955785055757,6.32436,0.4756855482919732,2.506,9.306045548291973,1.1278087135581991,3.3526480772450524,0.685397766606174,0.6600015,5.825856057409426,-3.480189490882548,5000,-25.4053832834426,Low,118.68381859530946
116636.7429207397,32.262701242158364,2550.490863066613,3602.8679121178975,29438.290774105346,689.0793625128218,53275.27335520444,1538.063041750165,427.4977012787969,29.441923271060112,7.861980778012197,35.678290702739325,produced,PR0096,2023-12-31 00:00:00.000000000,Ghawar,83.76569817460333,63.9774225764762,67.02727599324618,5.864973487878372,11.80341,0.4555102714912198,0.2,12.45892027149122,1.8667230418671048,1.7314168775014889,0.7554645990098039,1.2163155,5.569920018378399,-6.889000253112821,5000,-50.0,Low,9.072649862720542
50278.50737229758,119.06808944613032,1648.6768018139223,3889.38712349089,8942.617764741353,1110.1560386593665,23849.132902249094,3653.643999590899,1691.3854260520284,20.687165994078388,7.958155560450229,59.43795502591494,produced,PR0097,2022-02-14 17:44:39.699248120,Ghawar,69.27520967661977,76.20942846681541,73.68968499441769,5.310019310745112,5.0,0.4077558670861342,5.224,10.631755867086136,6.5449262280231935,1.0145215906721612,0.8180548679913365,0.4906649999999999,8.868167686686691,-1.763588180399443,3000,-21.456989528193223,Low,269.66802396786363
66987.86967191349,160.8661528826032,8170.259636483849,1950.4736651168616,60275.17712650327,203.7045029946684,97585.8216902996,5613.28255594428,2282.278011718286,66.95797838443679,7.478035974725624,60.832546816165916,produced,PR0098,2023-09-19 13:03:09.473684208,Ghawar,64.17431815117973,64.60061454940725,64.12475745205329,6.052933314634723,6.3609100000000005,0.4741279299213796,4.714,11.54903792992138,7.6296790662087135,4.654681376250465,0.3596962218110996,2.3258280000000005,14.969884664270278,3.420846734348899,5000,24.972181160746963,High,229.8213845587387
68799.40231935347,9.209105099947008,6840.587050231457,2857.2181626817937,45488.709577248235,797.4337779303302,18653.53261091752,2199.8988615812177,1650.1041000852886,34.14761056819589,7.248555784407756,35.372560144519255,produced,PR0099,2020-10-08 18:06:18.947368420,Bakken,66.85107229816491,66.53962497655365,59.92867256299666,4.13735096981381,6.560180000000001,0.3267790894904183,1.85,8.73695908949042,0.4782308070527133,4.260199566044912,0.5677360421874487,1.0162755,6.322441915285073,-2.414517174205346,5000,-17.625975371699028,Low,96.22113713425672
50975.799343349114,95.26970647354955,3980.959533728283,1477.543804037413,53385.84754758574,1334.4684550086856,31307.287266022075,2891.1750334657336,1303.9025131933327,31.228234804229412,5.621007694185334,32.17029436548987,produced,PR0100,2023-06-09 02:06:18.947368416,Marcellus,65.9741633397149,61.79586060062262,56.70683915871759,5.167914250262196,5.0,0.4087774956791439,5.5600000000000005,10.968777495679143,4.574983028279187,2.4923033295178767,0.2453233869984117,1.2780855000000002,8.590695244795475,-2.3780822508836703,3000,-28.93333405241799,Low,264.9440062102544
142674.295142598,10.833763478202334,4392.576982905482,2478.261198413597,62898.35138028929,101.58944137200905,19040.22359992309,1229.1941920387042,1356.4043024395467,36.169672050950105,7.03559194958293,42.355033867572004,produced,PR0101,2023-09-30 12:30:40.601503760,Eagle_Ford,72.46853198908262,61.85331897033417,73.35109481618733,5.504444786953309,14.478920000000002,0.4478269315138408,5.898,20.824746931513843,0.5853417366331749,3.6717544140670113,0.4686502271744279,1.308909,6.034655377874614,-14.790091553639227,5000,-50.0,Low,324.1286433516903
48905.66043993675,116.49007383837757,952.4713757475807,546.2946126996143,13833.019671200705,528.8258851160183,17915.508841501192,1827.1844802890198,1394.5816239568967,86.5536369085325,7.54522769907993,24.32620112260509,produced,PR0102,2022-02-18 09:33:50.075187968,Bakken,67.28762809886435,56.54679402229371,67.05192045127858,4.0459909554671265,5.0,0.3249471581206075,2.774,8.098947158120607,6.297824807618161,0.6459612297490976,0.0848201910334405,0.5155455,7.544151728400699,-0.554795429719908,3000,-6.750011061592215,Low,148.41933855651953
65157.63666484215,35.98062216069858,1376.9660663039458,930.092222846089,23279.61544616227,857.6953370608652,91382.4994167851,1846.4141795790847,285.3914455474759,6.865513846722671,7.950303742522501,49.948070234712226,produced,PR0103,2022-01-01 19:54:35.187969928,Ghawar,72.90152930465905,70.34509814049503,66.63203483141399,5.799491939382331,6.1466400000000005,0.441835719124232,2.0980000000000003,8.686475719124234,2.2651426976869526,0.9972229354196036,0.1938992285144604,1.8566490000000004,5.312913861621016,-3.3735618575032174,5000,-24.627001559773483,Low,107.0796014580524
126020.30288574638,15.244176779901231,1789.7274401198972,1796.5688178811508,10384.09033347643,701.537569410098,62799.15446042941,2856.0641372510217,280.2403449944994,12.284555767014167,7.398164489823838,41.70583687996644,produced,PR0104,2020-11-25 07:45:33.834586468,Bakken,76.73233562366973,66.20173507613366,60.65395812863193,5.794155871418088,12.13192,0.4770210705837507,7.52,20.12894107058376,0.8179914101143558,1.5175323323358911,0.3843805141990472,1.1442480000000002,3.864152256649294,-16.26478881393446,5000,-50.0,Low,370.3862489596819
108845.42833540661,125.76564815845457,2323.1837017634766,691.8476595035177,99422.40536762023,1576.0084862249498,56188.053340996186,3967.22359167454,1179.247398306955,5.152031922709929,7.837227421016331,52.070974463400795,produced,PR0105,2022-02-03 18:17:08.571428568,Bakken,79.43246964283145,70.14902018726987,71.12621782168577,6.581732271945279,11.084180000000002,0.5022098474511308,4.442,16.02838984745113,7.265116393178271,1.927730719267948,0.1289198693001645,2.3131319999999995,11.634898981746383,-4.393490865704747,5000,-32.072483319644654,Low,235.35240082312853
53787.393095475985,41.15269824870749,1739.995857156243,1593.331141302892,27529.0169668515,119.70868321243503,32746.76294775097,2074.728133119125,1371.4719816684305,25.533090826066026,5.646188420503156,64.39429295280402,produced,PR0106,2020-03-21 12:01:48.270676692,Bakken,77.75394453168077,68.67217250072132,67.84180467523717,4.298192997530927,5.0,0.3472097795382632,3.512,8.859209779538263,2.4253716538616,1.507879136145104,0.3069646110782242,0.9234465,5.163661901084928,-3.6955478784533353,3000,-44.962499187848906,Low,180.42519774489818
111285.26643392,59.23468049938239,997.317331501184,2153.6991152980886,57405.33461334658,447.69910157399073,69264.26263737386,4236.287460976003,1250.4039974464063,36.10094583804352,6.912364163796308,58.18143556914864,produced,PR0107,2023-09-08 13:35:38.345864656,Ghawar,65.13976791140902,74.97111468242937,57.0795817945254,7.248909861985583,11.229960000000002,0.5577355699740068,5.728,17.515695569974007,2.778519882593908,0.6253417719495266,0.4885342746051145,2.0729489999999995,5.965344929148548,-11.550350640825458,5000,-50.0,Low,291.1831357996328
90832.97307777978,10.022677349578506,3988.1869669429216,3472.7056198990954,10235.620999293518,107.29212996858217,25895.96524717477,4218.024881486702,1743.4352407489937,21.01010685067651,7.416701937110519,50.75847328642486,produced,PR0108,2023-03-24 05:53:41.052631584,Marcellus,62.89749298106885,73.77529780778681,64.98946650062621,5.572936379019607,9.65914,0.4654802483204229,3.604,13.728620248320423,0.5186159426749972,2.27759369783608,0.7313714148174947,0.5290995000000001,4.0566805553285725,-9.67193969299185,5000,-50.0,Low,193.3547042761849
168847.5497688804,150.8025500882366,4403.960364298126,4274.201731189214,57632.440266902784,1772.0893768592596,67729.61937867585,3410.042535083613,1049.9099850191335,20.14663107994237,7.757338845068797,24.06434655895629,produced,PR0109,2023-05-10 19:32:55.939849632,Permian_Basin,73.56125397753127,74.28634632844698,60.75484886503164,5.1790415911803125,17.83214,0.4071665102269592,1.988,20.22730651022696,6.632388133139591,2.8864023684706903,0.980245482977022,2.0057835,12.504819484587305,-7.722487025639653,5000,-50.0,Low,109.32583856236141
94227.10481838378,126.67110160422229,6383.926789209304,1663.6627759909336,77466.68588122519,738.8005588953521,24873.84398008951,1197.7311961492946,1666.161128990477,34.81637933976386,6.451631306488465,54.521686762335804,produced,PR0110,2023-09-04 21:46:27.969924816,Eagle_Ford,64.97279478020363,67.48097517354189,50.16475407074282,4.642348971194678,10.115760000000002,0.3797822850696113,3.16,13.655542285069613,5.176069555674943,3.8695509528713017,0.3183212560886318,1.5789675,10.942909264634878,-2.712633020434735,5000,-19.802221049173564,Low,144.14833229958987
77837.19284216447,86.32875745539847,1327.4091153556571,4304.835192123821,33318.11672282779,598.4599193598441,29328.08638957454,1220.0546128742599,998.8392010324275,17.561596732187454,6.792279909257774,69.71397639885498,produced,PR0111,2021-08-23 02:24:21.654135336,Eagle_Ford,62.12334304428783,63.84703378384826,70.19058578754493,5.475886330076623,7.93503,0.4574952468040195,5.078,13.47052524680402,4.497770622914407,0.8488931182966972,0.9903058022077568,0.962367,7.299336543418861,-6.171188703385158,5000,-45.04967753471165,Low,235.2315232600719
55121.833255724545,11.00013211342574,1089.3324263868685,4064.7287921506413,10240.51827462475,792.2255227357967,67394.71736526335,791.9125316608918,2427.4372074444464,34.035179345850004,7.572089719606695,25.326149309769583,produced,PR0112,2020-12-06 07:13:04.962406016,Bakken,73.17735857448542,78.33591476332381,53.07075872299252,6.688700587533677,5.07399,0.531610795319977,0.2,5.805600795319977,0.4235046546094804,0.8849425785242812,1.0286758983060629,1.2412275,3.5783506314398243,-2.2272501638801527,5000,-16.258926196325117,Low,9.453817492164841
52117.70461361916,167.92129588801888,877.0191910418948,3748.6807324435267,28359.91643760167,1112.3334464283496,80164.24602247956,3346.9684958293287,1257.6221754972507,51.45293261962897,5.752332575297604,56.64583974066751,produced,PR0113,2021-10-02 08:25:15.789473688,Marcellus,68.16985462769489,56.35674434291385,62.74886265006536,5.730127450392771,5.52303,0.4449356950739275,2.424,8.391965695073928,7.641230199439179,0.654430604425871,0.593132191511431,1.6116735,10.500466495376482,2.1085008003025543,5000,15.392055842208649,High,108.4534297135921
52654.84541636514,40.7973128614796,2198.5650357539835,2758.239940529062,10385.089936852517,915.930601521878,65133.56260942584,481.0900065236511,3016.769935511554,43.43094693489105,7.961756630966946,43.353144210611944,produced,PR0114,2022-05-06 05:46:27.969924816,Ghawar,78.9037252984626,58.81553269625576,58.40565482712039,5.832721730660958,5.19692,0.4787532933451904,5.766,11.44167329334519,1.8643085020816828,1.82771326821754,0.4953385348145963,1.168863,5.356223305113819,-6.085449988231371,5000,-44.42378491408901,Low,287.03367200548894
133415.6154605056,45.54368330958715,4503.4062570665155,3183.7916460873894,32145.144105805626,2323.9262857978347,19557.65046810622,2818.3816334521102,1482.7753036252743,45.367258208038315,5.901181860999565,32.478703312371195,produced,PR0115,2022-04-17 22:40:36.090225568,Permian_Basin,67.85479076371045,65.48997730441599,58.55222603001694,4.844950062898333,13.9844,0.4058471454897344,1.976,16.366247145489734,2.467062912439146,3.128181851572708,0.6165619403301547,0.8107920000000001,7.022598704342009,-9.343648441147725,5000,-50.0,Low,102.950405404471
84156.86349471434,225.7547678644678,1756.6344755322561,4414.594240299822,55454.519473371314,1128.9422269955683,30910.867676305592,478.02857546348787,1077.8043319424987,55.00061366530668,5.549181928623904,57.56437026237864,produced,PR0116,2022-07-07 10:42:24.360902256,Permian_Basin,84.46792842639535,70.34894131420027,61.9341220853452,5.150227014558419,8.57188,0.4131565491413534,6.0920000000000005,15.077036549141354,10.808904015051867,1.4405498385551168,1.028663324578631,1.381836,14.659953178185614,-0.4170833709557406,5000,-3.044708607976907,Low,304.1433191150263
96235.22313276718,40.57406610315462,6769.592073125141,5587.123732079621,34021.53699976929,587.5050324529511,58331.808973057574,3155.8826458647445,473.1539489888255,40.647890972358205,6.822883950943999,73.60512337785741,produced,PR0117,2020-01-01 00:00:00.000000000,Bakken,78.9630797815177,55.20500937016804,74.92557760049363,4.845781114560923,10.76099,0.3886820253852541,5.83,16.979672025385256,2.260085092972329,5.523802234175436,0.819330667068286,1.3321965,9.935414494216053,-7.044257531169203,5000,-50.0,Low,280.6012479028889
143322.6390424854,123.79350017613034,2545.807567666196,5600.7443443539205,26867.26900227669,476.7353026437358,25930.699327489026,1956.6498535434603,311.82256282000196,27.149239828671334,7.667104944087869,56.54203273701594,produced,PR0118,2021-05-01 16:00:00.000000000,Bakken,61.44233053722155,72.98307048277854,60.20949201578689,6.217532568470549,14.55699,0.4893529506483775,2.8680000000000003,17.91434295064838,5.981873241260444,1.466829960767641,1.1319455282667503,0.7862714999999999,9.366920230294836,-8.547422720353543,5000,-50.0,Low,154.7073829660625
49322.03117068263,127.58514302192891,3240.4423757244977,2546.4183200551424,44736.14590332304,610.465719094928,91163.71571420091,3816.187887107016,402.6827472136121,14.686196534906573,7.355530055413721,39.733769301149565,produced,PR0119,2021-07-24 19:50:58.646616544,Ghawar,72.7218185089069,68.96816356974787,54.55823074541431,5.22221143838778,5.0,0.4062050128199756,1.862,7.268205012819975,4.950210126931378,2.2996384336160576,0.5343722281547635,2.0897715,9.8739922887022,2.605787275882224,3000,31.703745189900395,High,94.01600607969839
141304.40335141262,109.62347531790147,1000.7381998218718,3507.6361898416358,49098.68527700541,98.28284759668539,17861.386682101936,4257.592289072003,559.6453137001089,23.520055020432128,7.4222890348609525,32.42393422788907,produced,PR0120,2021-01-11 21:24:48.721804512,Ghawar,74.06551253035276,67.11756896692313,65.34015845123423,4.563999559896421,13.6155,0.3657719369698974,2.426,16.4072719369699,5.391425562318381,0.7110289202913865,0.7268631366410874,1.051509,7.880826619250856,-8.526445317719043,5000,-50.0,Low,124.2122683759074
88579.05520616722,100.75459831722735,3859.699810282757,5560.946254818407,11137.731216352639,859.8169637592484,28892.8454009052,3853.1699029758825,1524.4647756841237,16.95312873414731,6.866281712836277,48.82770340628013,produced,PR0121,2023-07-15 16:18:02.706766912,Ghawar,77.38256776703994,65.58737597069671,55.907192700988034,5.392550269859751,8.721589999999999,0.4086561370798971,8.33,17.460246137079896,4.3230907642351415,2.655324002174473,1.020624833692803,0.549567,8.548606600102417,-8.911639536977479,5000,-50.0,Low,450.1517157368525
93811.6658621911,110.40238626788032,917.383778605974,1426.4269740117118,33672.83468527878,1343.3021856383268,33094.03993484805,4234.219655093985,906.755989064776,44.688880032048715,7.097788850390512,59.87808484406439,produced,PR0122,2023-03-09 14:36:59.548872176,Bakken,72.44491992584395,67.98717579351562,52.63872841782376,6.605620988166813,10.24019,0.5249185298798615,6.747999999999999,17.51310852987986,4.3097853614636366,0.6954712312881018,0.255482209196873,1.079004,6.339742801948612,-11.17336572793125,5000,-50.0,Low,334.48927188821386
55800.05245164749,98.54724616734957,4515.991712675995,1987.59322760394,107260.0499124865,372.1370690982195,19365.305169859177,2307.2869731516967,1382.7527749523986,39.42884953718259,5.555122249821146,40.15229993953786,produced,PR0123,2021-04-17 00:43:18.496240600,Marcellus,72.08608996036433,59.044643362043686,51.25435430164823,6.150167443169149,5.18639,0.4971804904584616,3.25,8.933570490458461,3.9387638667604814,3.036196906484183,0.3300359385364794,1.738494,9.043490711781144,0.1099202213226835,5000,0.8024176156555898,Low,185.93493507610577
55601.64885622749,63.48120108175482,4444.548415268296,2917.0455073880453,9818.195180246428,306.46630997789816,23236.861678903344,522.0537798454307,2192.3108062397205,41.92358776660098,5.45297054707414,38.92974775614232,produced,PR0124,2020-07-01 22:58:38.796992482,Bakken,69.19846529194032,57.71779348192456,50.572031850492095,4.7619977867219445,5.479500000000001,0.4003138026712554,1.784,7.663813802671256,3.103413420943669,2.955427701478208,0.4384416746267434,0.45,6.94728279704862,-0.7165310056226364,5000,-5.230676341045245,Low,86.4038431158247
106005.79572813901,164.7357886688806,5585.104774755269,4021.62390162679,32945.87247558367,1823.252544387301,65372.021098129866,497.9487523476135,1058.6662573495273,6.216157163966664,7.138270225296588,72.45014729845164,produced,PR0125,2023-01-17 09:08:34.285714288,Bakken,66.78653459747935,62.24093696879597,60.7791162077766,6.66747137137715,10.455380000000002,0.5376341515608085,3.234,14.22701415156081,8.279246119060637,3.666484576791796,0.8027587086487428,1.524348,14.272837404501177,0.0458232529403641,5000,0.3345097464646583,Low,184.3147757268815
180267.95558996472,10.838017619073497,1061.9679424606172,4081.9266445523763,77188.55105908423,101.92127834945595,53553.435711053266,491.57540998534415,2574.1004002130426,57.837825387370714,8.072403183081382,59.46026109986786,produced,PR0126,2023-12-16 08:43:18.496240608,Permian_Basin,83.65500529941836,72.73761979963311,60.66814449683484,4.181865926964083,18.03839,0.337959832428192,3.488,21.8643498324282,0.4841317930847421,0.8030880508744163,0.9449271450550536,2.016783,4.248929989014212,-17.61541984341398,5000,-50.0,Low,162.50043289921317
120597.3201364826,133.31211405508776,3525.450573608949,1868.66069233503,59224.45986513894,91.62439466294346,101018.3436071059,515.8041621933828,279.1797120276807,21.40866842303111,7.203014173567776,62.70588337376303,produced,PR0127,2021-09-17 17:08:34.285714288,Ghawar,67.9399167408593,69.70719709588741,54.63863500194883,4.2687980422022,12.51325,0.3319409099392744,0.514,13.359190909939274,6.160910422368746,2.166098471885451,0.4262525395216419,2.3969775,11.15023893377584,-2.208951976163436,5000,-16.125349425993075,Low,26.630955340281915
137688.59845371795,127.27735035510048,3854.1285213334722,515.4616227377318,21384.807012115958,89.8772422696109,98988.50207684355,2142.4383833963907,1013.0325492480231,7.491154722127344,7.51102758898235,23.86858622497096,produced,PR0128,2023-07-22 23:56:23.458646624,Eagle_Ford,61.585533114508266,67.00307544047531,69.60047634428022,4.443214864891541,13.56209,0.3505928851484579,3.16,17.07268288514846,7.181474589869715,2.440324286241066,0.1005046131607129,1.7778285,11.500131989271493,-5.572550895876967,5000,-40.67962153990186,Low,150.893594213003
79893.9715215008,112.9844117334651,3835.066529716186,3029.183324370422,37214.225408944556,97.43953478288596,64234.85262833878,1139.463479057661,789.739342998073,24.31070333365961,8.30848153472443,34.2959622907086,produced,PR0129,2021-06-25 13:17:35.639097744,Ghawar,64.18211848233531,69.28802414739901,53.23176569799697,4.195479090098474,7.73199,0.3479491414060647,5.644,13.723939141406063,5.178183886391493,2.393489831582205,0.6220124503760304,1.547172,9.740858168349728,-3.983080973056337,5000,-29.07649110331126,Low,304.3159090748445
53533.558116081316,165.35656350462622,1294.387907691055,656.3436937282079,34436.1231652118,1026.530152844897,60962.047233457226,1540.6783712641757,1877.4078921110638,77.02935289035668,6.960366734701113,46.613368207268806,produced,PR0130,2022-02-25 17:12:10.827067672,Marcellus,81.43191590103224,68.98145032598359,72.88292981598256,4.285535157549791,6.0991800000000005,0.3410802356029617,0.2,6.6402602356029625,8.549604964993652,0.9923488708297952,0.1372868824387725,1.4151645,11.09440521826222,4.4541449826592565,5000,32.51525837341257,High,9.665237174499099
51740.04105348198,83.15721271823303,980.889527638419,528.3240519843155,15833.846151450844,547.4899796536125,52967.343058929386,2649.38170925099,303.92546810364445,20.40721336788311,6.751044811521718,30.46497245489817,produced,PR0131,2021-07-06 12:45:06.766917296,Marcellus,74.6658364780846,62.67604813724813,64.6893994410818,6.1045816727249065,5.37678,0.4787222268795182,4.654,10.50950222687952,3.840687272096357,0.7167920301896121,0.0940140722058721,1.0241415000000005,5.675634874491841,-4.833867352387678,5000,-35.287231672430046,Low,237.43800082440148
64300.71959099652,9.38129177340149,3845.1707209536526,543.1315011825133,37437.6214465383,674.8926548445473,19927.314297713514,1419.988884157644,326.9215456099104,23.345992930128844,5.8410428305027695,69.63884061469234,produced,PR0132,2023-12-23 16:21:39.248120304,Ghawar,79.46951373442664,57.43639868111815,50.69040940262324,6.068520441927454,6.5469100000000005,0.4642021711173018,5.75,12.761112171117302,0.4045094670329334,2.818103393122546,0.0861545980216772,0.7971554999999999,4.105922958177156,-8.655189212940147,5000,-50.0,Low,274.4078423296634
50896.597119929975,76.48053210406177,2748.046874178773,2816.092408920031,25715.425301511896,1544.6799424665423,22115.796373755038,476.6494157476786,1107.2520900810525,27.865016409550034,8.083326896951338,68.57525150244766,produced,PR0133,2023-08-10 07:02:15.338345872,Ghawar,80.21953865349235,77.41955921657626,74.07431564356791,6.101044729231275,5.0,0.4754253225396115,1.878,7.353425322539612,4.474725703986037,2.0754399040431544,0.7322651588940651,0.7200120000000001,8.002442766923256,0.6490174443836443,3000,7.896378906667673,Medium,100.06038106651066
60681.246444899654,19.52349104145859,2106.15894471608,5003.8786661168315,38090.55352920318,403.2844088714621,48148.46402877778,1924.5654358193487,2796.380059163912,27.032912930606656,7.192197023277086,37.67712139151017,produced,PR0134,2023-04-04 05:21:12.180451136,Bakken,80.58091098027683,69.99778156559786,57.69853148864634,6.203536451836038,5.60032,0.4852078529988872,6.388,12.473527852998888,0.9438902766227656,1.4440357106580746,1.096606245341126,1.362585,4.847117232621966,-7.626410620376922,5000,-50.0,Low,304.7387133146301
59204.89345862091,37.653965102832295,4042.8734370296456,2725.79163098513,16573.026054948543,1056.4668877647682,73377.31876906194,668.6802510710294,1267.059044561197,14.889478671404353,5.797394977959238,69.63376504706403,produced,PR0135,2023-02-01 00:25:15.789473680,Eagle_Ford,73.76534269361522,72.4436999920213,61.24937398944633,6.281942585341728,6.258590000000001,0.5016511405953632,1.62,8.380241140595363,1.764459716013172,3.206420113751236,0.5602361095182975,1.271568,6.802683939282705,-1.5775572013126578,5000,-11.516167569582402,Low,90.54496216969093
75267.32677618324,10.35677815406963,2885.2580747845986,2827.1025362372698,9250.775615943714,1549.774473654277,62068.53462209416,1792.4379916506887,296.8377454841265,30.892911101250736,5.585736512864314,46.38234930163341,produced,PR0136,2023-04-18 20:37:53.684210528,Bakken,64.42801489247762,66.59993060917388,57.1067173248638,4.675368659047121,7.79857,0.3697224625967385,3.882,12.050292462596738,0.4557116042524132,1.799984725824848,0.5839748315534803,1.0303515000000003,3.870022661630742,-8.180269800965997,5000,-50.0,Low,180.5673873077156
87031.34820823552,54.32051664666453,936.4048241941466,4593.926221155954,35601.11094558794,515.3709999363477,24361.576148233613,3863.192031966302,288.6744286041694,56.863116849284665,8.146372507901706,71.78420573338695,produced,PR0137,2023-10-26 03:14:53.233082704,Permian_Basin,63.70581880590355,73.91201449941406,68.21053245084444,6.086832543845357,9.027,0.4693528431763519,2.386,11.882352843176353,2.7978050516427766,0.6115758605366741,1.0789232404537468,0.8579115,5.346215652633198,-6.536137190543155,5000,-47.71380149096503,Low,108.06266125404164
93915.47254878448,45.2269556772082,1042.287521880733,535.6488099677639,75706.53622235633,1291.9527424362316,84230.46231693914,1680.643573142895,2704.8059858170573,37.72730772194076,5.897768166591362,45.32888023517006,produced,PR0138,2022-09-11 07:27:31.127819552,Permian_Basin,74.34961050937781,69.61243159946667,62.14200551798847,5.5106358734773915,9.9498,0.4592116782407296,2.386,12.79501167824073,2.191847961828282,0.7137562608900271,0.1044186473992,2.3400030000000003,5.350025870117509,-7.444985808123221,5000,-50.0,Low,127.24641140403845
82351.74927771278,12.054784344471926,886.7979676968118,3220.825776720446,30590.197655513697,677.3279548831742,93860.92806856934,4756.127058045464,592.8641753282706,8.372045056607174,7.813142393533043,54.538991359701114,produced,PR0139,2020-01-26 14:44:12.631578947,Marcellus,69.16285884214192,56.34502805242976,53.30932398506256,6.7593696849359395,8.4403,0.5464784061928337,1.766,10.752778406192837,0.4254084054007992,0.6639634448845624,0.5984518119504669,1.972926,3.660749662235829,-7.092028743957007,5000,-50.0,Low,84.64305065953117
65073.67713350143,113.22153104680828,7974.7473533267685,2424.5132992444096,27943.930057646474,1399.240349107927,67916.82484849774,4523.760523728497,400.58634789996574,23.690464742712347,5.5082401166499775,67.05031073100972,produced,PR0140,2020-07-27 13:42:51.428571428,Marcellus,73.95120603114418,77.25242588484228,52.60509880898634,4.5882381190911525,6.1742300000000006,0.3757682538175157,4.398000000000001,10.947998253817516,5.121421999647676,5.527527265521489,0.5740164252947322,1.5727485,12.795714190463896,1.847715936646381,5000,13.48832633751858,Medium,219.7885960340713
46311.575766224785,187.67095553838945,4249.5339685518475,3715.656757628795,49641.627147066174,97.31607440621748,79284.73997728704,1176.6200277303858,2364.0017422522837,20.097095770179283,7.8935630217876245,63.718154992077146,produced,PR0141,2021-10-20 15:31:07.669172936,Eagle_Ford,72.46194610594662,62.63840366969717,68.13438533311437,4.223671025903919,5.0,0.3340935042498396,4.698,10.03209350424984,11.591948260509948,3.092513545042525,0.6825268379061212,2.0031015,17.370090143458594,7.337996639208754,3000,89.27895911037317,High,229.60138870747923
63844.04612676936,113.1971010446845,3203.6411982015275,1471.4233850383052,28765.24790853651,97.70656593883027,30918.05493883111,464.70315004497894,2227.059389261518,29.199364577582678,7.1012242633986995,54.724541212005825,produced,PR0142,2022-10-10 14:00:54.135338352,Marcellus,75.05495199243872,58.447269435533386,55.92703512328179,6.18046684160144,6.19877,0.4768388167314903,2.872,9.54760881673149,5.194905696903301,2.433365605141095,0.268798992134018,0.963978,8.861048294178413,-0.6865605225530764,5000,-5.011891814637457,Low,130.40566169858116
44043.34219493582,60.35832769165097,2369.7212730706988,911.4707361652689,85634.95053457828,536.3843808241622,78062.88615519088,1689.477877796798,2254.2831738666914,54.65303192907596,6.887447442436344,42.65781182779367,produced,PR0143,2021-11-04 06:47:49.172932328,Permian_Basin,60.80279476841413,57.20102519260789,53.44483436596181,6.10911383250205,5.0,0.4976414816568109,0.28,5.777641481656811,2.8916006964697445,1.5390597980724243,0.1482822176067974,2.459682,7.038624712148966,1.2609832304921549,3000,15.34196263765455,High,13.92454620914443
99570.19901052974,68.68697007233783,2423.6424217704066,2670.256719238328,34054.03103558343,280.9360388187114,49644.031449105154,3811.2704297831856,398.3723384086616,29.5448483256009,6.573727581731627,52.90035518010411,produced,PR0144,2022-12-26 10:13:32.030075184,Eagle_Ford,60.82091701575308,73.01100784605276,62.48568992494607,4.501828274868468,10.36427,0.3879670413938122,3.806000000000001,14.558237041393811,3.824536628960205,1.4627381885555002,0.6091308384596182,1.339125,7.235530655975324,-7.322706385418489,5000,-50.0,Low,207.14994463692602
118572.15725790149,50.86596618907599,5739.3611740148735,6370.141748955777,55886.00927950344,458.42723458053246,63163.19621171098,1217.9167616068764,274.85950155350514,31.27893060393854,8.364007472951828,32.49762968543247,produced,PR0145,2021-06-10 22:00:54.135338344,Permian_Basin,78.03987927121273,72.59920917010899,70.0691321884076,5.64190040252125,12.13715,0.4570036234255205,3.844,16.43815362342552,3.0585596615033053,3.996440947049829,1.26287776335588,1.7678865000000004,10.085764871909014,-6.352388751516507,5000,-46.3724378860705,Low,205.69620524247307
136909.73957481817,79.88715472332973,2015.2404359983482,4184.638699686265,17501.713625247692,708.0655526033631,58416.96208205809,3131.3861008317645,1459.503273273685,60.332674766089994,7.574943973804104,47.30537435433394,produced,PR0146,2022-06-11 19:58:11.729323312,Ghawar,64.828181095568,72.50405312033178,56.96956864682826,4.293119661322121,12.25428,0.3342886557281961,2.5660000000000003,15.154568655728198,3.8824305276264295,1.2564012671590337,0.91829283439025,1.1564685,7.213593129175713,-7.940975526552485,5000,-50.0,Low,130.38173080114342
113060.59187027425,72.60114981677997,4336.30812438369,1554.3597351466935,45429.32767602878,1249.9252632569905,38640.47596540581,3474.3974540148715,1404.2678401321066,48.33037242564718,5.693357374886864,26.715974382187277,produced,PR0147,2020-10-30 17:01:21.203007520,Ghawar,76.30496155480141,77.89381931703915,56.9107902925202,6.991103505189487,11.52781,0.5504107618803894,6.734,18.81222076188039,3.5332722688369413,3.042773273340808,0.3469234924742289,1.4089890000000005,8.331958034651977,-10.480262727228412,5000,-50.0,Low,362.91505139854445
67384.58023038613,30.570122132669773,2571.468560611937,526.1108383543985,44202.67840653004,553.6487607666205,25386.071016158818,848.4540909732938,1393.2367076121682,40.24810825959042,5.415283899374359,22.83992367610856,produced,PR0148,2020-01-08 07:38:20.751879699,Eagle_Ford,73.66439776978636,63.72357554994129,70.84703150650942,4.385393422201964,7.9659,0.3463819935918005,0.2,8.5122819935918,1.6678099686947383,1.6287021552345118,0.0955853633249119,0.9911580000000002,4.3832554872541625,-4.129026506337638,5000,-30.14189349626476,Low,9.258336990714076
55149.7351704417,174.5865845960488,7007.330228517834,478.03609990395745,31811.127799776383,291.64705415518335,54924.0498466954,1089.9514314527132,2628.888808799212,65.82357956239662,7.13320749431441,48.1481590569291,produced,PR0149,2020-04-23 10:24:21.654135338,Bakken,84.54486178511559,69.02832640897307,53.695844864219566,4.167409675453653,6.41218,0.3362169286764789,0.2,6.94839692867648,7.755720440498147,5.584262520385255,0.1035424896134595,1.2168480000000002,14.66037345049686,7.711976521820381,5000,56.29742860928878,High,9.772181969766496
55247.18998946875,9.874339797589265,4309.180520739046,4394.476743449177,25966.395204269833,533.2015202711749,82980.87246465126,2981.204919971971,321.23303711732683,40.59356339126028,7.113266415930489,62.6637263375976,produced,PR0150,2022-03-08 16:39:41.954887216,Marcellus,80.88514697207656,70.48738957485874,65.41818979466368,3.973769147657898,5.51159,0.3305864382787086,1.5380000000000005,7.380176438278709,0.5220371545614162,3.482280289065356,1.08526614232827,1.5308834999999998,6.620467085955042,-0.7597093523236671,5000,-5.54587827196277,Low,79.03061799595072
52148.19799526468,130.80560381787456,5670.701004715316,604.694162087051,18125.18064004988,323.1538679376222,36233.59715515704,2319.8502939309524,2056.161885619134,5.399337026327893,5.262102503164306,57.39998109975643,produced,PR0151,2022-01-16 11:11:16.691729320,Eagle_Ford,70.32836303328374,79.48704571416157,73.87533707456464,5.363466408953971,5.0,0.4225452575608047,4.42,9.842545257560804,7.257055087115368,3.707328712819818,0.1406443786866374,0.8370734999999999,11.942101678621825,2.0995564210610187,3000,25.54460312290906,High,218.9824826291393
127950.77347975843,69.93581357930569,1761.429942780849,1858.3562807683718,45079.720452329406,234.0651247994234,76506.08184394559,963.9496720401617,301.23950396667544,48.17648462516603,6.458011342229144,40.5412303937103,produced,PR0152,2023-06-05 10:17:08.571428576,Marcellus,75.41032050232913,62.8086535929648,71.0325787394327,4.184070138570358,12.46741,0.3433183384297256,0.888,13.698728338429726,4.188947439937574,1.325677237477105,0.3483996014801756,1.782888,7.645912278894855,-6.052816059534871,5000,-44.18555723460456,Low,43.63287308887886
78926.66884459932,190.40746669558987,4935.645555781269,5342.479583494163,53719.498836446284,83.41682981893123,69987.02774910729,1338.8691465626578,1683.4050136261035,4.888170642528338,6.510644776305767,69.04155737846574,produced,PR0153,2023-02-04 16:14:26.165413536,Permian_Basin,62.9322364306368,78.90827999759851,51.54538084449323,6.642410872025352,7.801160000000001,0.498715577829338,1.038,9.33787557782934,7.979843499297686,3.091009932000644,1.2173338171789516,1.842534,14.130721248477284,4.792845670647942,5000,34.987773395729974,High,47.53806132047746
54067.90859126983,103.07312150216364,2122.1391005625387,492.07153846660066,32524.97392849823,830.0720316028369,41290.52040855495,1991.6315752814203,827.6437564894193,40.40557102122298,6.868442126605635,34.47944444719015,produced,PR0154,2020-09-13 03:22:06.315789472,Bakken,69.65965107405952,58.71835832705953,57.99777191404064,6.8112366238054465,5.0,0.5357297985503374,4.902,10.437729798550338,4.651363309734145,1.5881062979584952,0.0880775374905893,1.0927920000000002,7.420339145183229,-3.0173906533671087,3000,-36.71158628263315,Low,209.39042579505698
49978.4429082283,50.46287083106453,3428.8849222928598,5319.252350014924,40201.77446696489,488.48666123152316,91426.53830454098,461.685778459042,561.6742055281578,4.874008339246685,7.3997560902185455,27.463022740204554,produced,PR0155,2020-12-17 06:40:36.090225564,Marcellus,78.34719352724686,74.10003640069604,53.55936163981541,4.697380389346883,5.194030000000001,0.3824525437579657,3.926,9.502482543757967,2.496037642372645,2.4219436596200405,1.2192049489188523,2.0076855,8.144871750911538,-1.3576107928464296,5000,-9.910558787778935,Low,207.538302545233
53473.4018506617,54.23198559571219,6100.680767529432,2272.8598918288267,33691.221822526335,1434.5853086142358,37017.897622066,3153.266401249669,730.2743061092747,21.29715362175864,8.080194362918366,26.514725634013953,produced,PR0156,2020-01-19 07:05:51.879699248,Ghawar,75.56678960321634,70.82214750051031,73.73101594217849,5.778355093251726,5.03211,0.4709055486203357,3.754,9.257015548620336,3.830311531992984,4.548588743914817,0.4233818799728007,1.1007855,9.903067655880603,0.6460521072602674,5000,4.716180382999951,Low,190.89568825096097
76813.90260089368,84.39640475250528,1012.7468772071104,448.46760784712274,31815.578846499495,96.52655886980945,106511.3463329247,1251.351957957424,331.041862648419,24.918983998024157,7.314637839147468,26.24991037329766,produced,PR0157,2023-06-27 09:12:10.827067664,Ghawar,72.11178310943394,75.42240093179969,74.64853915555203,4.115507876038814,8.6721,0.3301612272828362,4.562,13.564261227282838,4.908529621881155,0.692273117850566,0.1131336013976995,1.991244,7.70518034112942,-5.859080886153418,5000,-42.77129046891995,Low,242.50220810488057
119609.45367161941,11.792627395892385,3159.4696983141034,2108.3253625984667,30460.007706232904,476.2596462600396,56462.97222156322,531.2577102097991,1082.7435170487984,12.477142828194554,6.080506325989575,60.62802485694991,produced,PR0158,2022-11-30 19:29:19.398496240,Permian_Basin,64.41322760131672,55.71713934099618,55.87482551350095,5.12262072037976,12.76987,0.4127754732062709,2.15,15.332645473206272,0.5083044626614209,2.1064671343093,0.3351887385614989,1.3951905000000002,4.34515083553222,-10.987494637674052,5000,-50.0,Low,104.20979953525823
62089.234238218196,38.912843920948745,3994.2813108944024,1012.3736971991711,36316.85331279572,1814.2089699611463,52014.225594160635,1818.7105874412355,616.9179585245118,24.283576200649456,7.219173175926462,36.9506079784766,produced,PR0159,2021-09-21 08:57:44.661654136,Eagle_Ford,80.07864815393862,56.9532760734764,66.7424761207188,5.042291481536389,7.10804,0.3903061072226548,2.242,9.740346107222654,1.8108568621073424,2.979694466348795,0.1802229468069086,1.2745995000000003,6.245373775263047,-3.494972331959607,5000,-25.513298023305133,Low,106.50683193775787
49038.04144765573,10.110666413106769,3824.5230178553984,3302.1171718374294,100934.4959334296,238.6596099649724,23200.479136806898,911.8855291115514,1688.5990955978189,45.237894083346404,6.998640520930675,51.427132552596596,produced,PR0160,2021-10-16 23:41:57.293233080,Marcellus,66.82916511028942,56.74239448922864,71.04079330117796,4.712062876356351,5.0,0.3748685831456861,4.62,9.994868583145683,0.5669055305434,2.5919023396374645,0.5756402436143266,1.85049,5.584938113795191,-4.409930469350494,3000,-50.0,Low,231.1058806205144
77182.05050909611,26.01159179311844,2077.5846892866625,1176.9812324301502,33884.768706838615,729.0481471164163,53652.799779134926,4266.71212751048,1814.5513208519633,17.04993215388836,5.34791560715612,65.9451421814493,produced,PR0161,2020-06-10 00:03:36.541353384,Permian_Basin,80.51197704154774,69.8239863874322,55.84200711036191,5.803921645112174,7.74328,0.4747336375108877,0.31,8.528013637510888,1.096223273182093,1.6218847931902445,0.2521413972436564,1.3521465,4.322395963615993,-4.205617673894895,5000,-30.70100901943273,Low,16.426806618744905
79381.2020475285,84.42872791963285,7613.2345046343835,471.879800404006,46602.347972456286,106.77949161837412,44934.371498808854,1081.6649520966698,2465.703604758276,39.076195678934,7.212853074210504,31.93495942021902,produced,PR0162,2023-05-14 11:22:06.315789472,Ghawar,75.29022656987483,70.07340168938845,54.69201585802443,4.6396936600269445,7.87522,0.3512547071260487,0.2,8.426474707126047,3.735945972842619,5.184183840695301,0.1051101025340826,1.425294,10.450533916072,2.0240592089459533,5000,14.775632225305458,Medium,9.837983449508641
76332.4332992306,100.03897874007369,1055.353151856277,2141.2265468518776,43544.333933846,103.64556013984927,19496.132247943453,372.7679920360965,1408.0261098089113,9.787964138172743,7.861186306091062,50.09313727679295,produced,PR0163,2022-09-25 22:44:12.631578944,Ghawar,69.31828569871969,77.65262223387441,50.28027558118201,6.5918681876577025,7.60032,0.5265705255912773,2.134,10.260890525591275,3.9321186715507577,0.665455542707709,0.479636951751972,0.989259,6.066470166010438,-4.194420359580839,5000,-30.619268624940123,Low,112.68853354174946
56012.26499793337,11.167079789224674,5908.674130580148,548.6725258582486,29010.02227648939,1668.7668402205186,42717.725756627835,3166.371693146605,1547.486459195163,27.475123762480763,6.868307563351148,50.61634796940051,produced,PR0164,2022-04-28 22:08:07.218045120,Ghawar,61.015130548999785,66.69008786296112,60.29906142353815,6.132772180276724,5.99016,0.4795606175284964,4.862,11.331720617528497,0.4811865101598344,3.466323259803561,0.1000351317944416,1.0785165,5.126061401757837,-6.20565921577066,5000,-45.301312275125824,Low,225.97565666882244
92449.84226195558,61.124812096100555,4758.021017550948,3004.295721457143,68713.78219453682,949.9826075430408,25958.211449256836,1048.197397861106,2085.3227841224807,37.43045451132886,5.365698051645547,33.62278582091791,produced,PR0165,2023-12-12 16:54:08.120300752,Bakken,65.81047110860942,56.7012263751241,72.48593655986791,6.020312437380162,9.36976,0.4905764428851339,3.512,13.372336442885135,4.153183215508816,3.4306314160018565,0.4947635611040578,1.3985340000000002,9.47711219261473,-3.895224250270406,5000,-28.43513702697396,Low,173.615491839076
78458.47717834337,117.094867107816,8226.754925480693,503.6183698674234,27390.587029960232,776.2647635181008,62173.73033731976,786.17413960778,699.8750749976844,9.393574859606108,6.768784874125967,68.97279248818516,produced,PR0166,2020-03-25 03:50:58.646616541,Bakken,82.2267731372041,60.23823504056288,72.57449122640872,6.880174233523943,8.764560000000001,0.5444826340778404,4.714,14.02304263407784,6.590663727049119,5.369184629036495,0.0903573525608443,1.4295105000000004,13.479716208646458,-0.5433264254313812,5000,-3.966282905649083,Low,234.54318673685657
92023.2352707698,80.69427319160017,1122.2101279191195,1418.7665275560923,64105.63589069735,98.23352562606377,84400.68938321815,2546.6779996518776,283.7738587961304,4.561450084991062,5.440627690781466,42.760803394523634,produced,PR0167,2022-03-26 23:45:33.834586464,Ghawar,80.44935859739294,55.20182737044608,53.19357818772541,6.890838158858333,8.400680000000001,0.5461694891606035,0.2,9.146849489160603,2.979882972645102,0.7723138425349722,0.2523827547376794,2.258472,6.263051569917753,-2.883797919242852,5000,-21.05172481047282,Low,10.858472960745345
99348.3156052566,42.82918060447547,1326.156270201955,2968.856542614815,24730.71840109705,1056.6808683383692,17501.0784431314,482.65229364922305,1434.9610956693227,39.277676575849284,7.757670436273549,40.089568966383396,produced,PR0168,2020-08-29 12:05:24.812030076,Eagle_Ford,74.37133282335245,74.41786312821013,55.10881201320987,5.33438040831923,10.15057,0.4523965577166166,3.63,14.232966557716615,1.847026943434742,0.9012377608600108,0.6396661843048429,0.6996720000000001,4.087602888599596,-10.14536366911702,5000,-50.0,Low,184.13790609179213
65486.217191428805,61.68936794067435,5668.403272393645,2388.3248784561024,11470.610855899657,1571.9591653076054,94819.89991353358,525.0907837186808,313.4411777016913,48.074980458120855,7.4487676674985,70.89213151249793,produced,PR0169,2023-10-22 11:25:42.857142864,Bakken,71.65806159905317,75.38998592201936,60.20118327336334,5.817821860553305,6.78067,0.4388911561486353,4.308,11.527561156148636,2.65664209714356,4.1164288781047125,0.4693252793603471,1.6855485,8.92794475460862,-2.5996164015400165,5000,-18.97719973124212,Low,241.7273568208399
72825.9622710376,45.5034651177679,992.0485486808625,2920.9301452417317,45601.58867260287,1559.5548847552072,46446.82216155493,3981.2055593543546,3354.5129811095862,26.28979172982783,6.594806914506388,54.12162447367123,produced,PR0170,2023-04-11 12:59:32.932330832,Marcellus,76.17856698325272,79.9485104071034,69.51561362909254,5.199979417337238,6.553660000000001,0.4004915859744584,0.298,7.252151585974459,2.640536680578354,0.7313142430392261,0.7197524546420299,1.3541759999999998,5.445779378259609,-1.8063722077148487,5000,-13.1865171163184,Low,13.494364753654775
128013.06642918685,41.70622903207697,961.9605699156439,3758.993445548793,10264.288312986539,1225.7864160418592,21185.3916517337,2840.763618891248,2425.030129145917,21.069153216386557,6.475735699244004,60.01775112996263,produced,PR0171,2022-10-03 06:22:33.383458640,Bakken,71.65620319608254,65.30486122632736,65.29628708829321,6.073471440395334,14.02049,0.4917371864485924,4.724,19.236227186448595,2.178049070631944,0.6878995506823924,0.7563478417510782,0.461241,4.083537463065414,-15.15268972338318,5000,-50.0,Low,238.34807916553612
98914.0688870356,90.61214431671497,2202.4100275017345,480.3618804156651,47774.361704953386,120.62439845406288,62655.27435179933,1802.4704859607875,3038.034746960558,30.86207542343094,6.372711287804968,65.74518110878164,produced,PR0172,2023-04-07 21:10:22.556390976,Marcellus,76.1076210179785,55.48245938503981,62.84624358800541,5.428961668770131,10.73742,0.4491701328751551,2.776,13.962590132875157,4.53367773544384,1.4783631395306662,0.0832236890775597,1.816854,7.912118564052066,-6.050471568823089,5000,-44.16844245240855,Low,140.54303134867723
109017.05010069642,184.58194444120758,3446.1816847849827,2289.965067701678,11281.520677381885,1025.102652241411,36254.802145957794,1836.4602694307996,1372.5087335349338,32.02857603438778,6.765048502798981,35.399191664039556,produced,PR0173,2020-12-13 14:51:25.714285716,Bakken,67.68510249150395,60.86824703725931,64.79829710556508,6.8695134740140436,11.80778,0.5438900191376299,9.142,21.49367001913763,11.298425478217649,2.198845313579994,0.4329923621242477,0.699096,14.62935915392189,-6.864310865215742,5000,-50.0,Low,476.9411220431871
133407.3564456039,32.505255342587205,5845.023703258153,403.91451562146653,27957.79603896109,1120.519652427046,49423.1272000487,2774.323637145882,1568.4223543017742,38.540420804743334,6.022469307443738,63.653426763955906,produced,PR0174,2020-08-07 13:10:22.556390976,Ghawar,80.96243044778689,69.6942216915824,52.404992345057416,4.7281435189372,13.404420000000002,0.3772702276910252,0.2,13.981690227691026,1.480399109753996,4.806836650601645,0.1045413325373735,1.1185905,7.510367592893014,-6.471322634798011,5000,-47.24065523402548,Low,9.430648044485777
109241.64878920298,56.22402153658607,2542.850462679597,3079.6071629015473,9322.16489572251,94.08725915694724,37439.81668002792,3993.641637255429,745.6821704552275,4.948005604784796,5.893118963654496,36.340641391734934,produced,PR0175,2020-05-11 17:30:13.533834586,Marcellus,77.54794733663167,79.04857417631841,61.94159105637267,4.9833695847827455,10.60378,0.3944606447001177,5.738,16.736240644700118,3.0102498304758107,1.9575583442080609,0.7101802952574622,0.7180754999999999,6.396063969941334,-10.340176674758784,5000,-50.0,Low,320.7287358343878
128459.3443195414,81.3251816980491,1923.4747336591397,1786.0362623885883,101738.13833015188,127.74968555920248,24366.680434217556,904.3210317918546,1933.000751344152,8.678350939315322,7.773204946133876,36.40963654462538,produced,PR0176,2021-03-22 09:59:05.864661656,Eagle_Ford,68.2493907106923,57.589463786769855,74.8015822384782,4.976710650442265,12.21355,0.3958617073807924,2.212,14.821411707380792,4.590288855962902,1.1685387679921893,0.3279835141584117,1.8824685,7.969279638113502,-6.852132069267292,5000,-50.0,Low,110.70036683487436
59001.98361123239,41.16876783503789,4028.5784135622866,473.00981119604637,10526.738363951952,1349.0598596576542,69650.68907252795,2571.6703502227065,270.1246971464975,14.950594704010141,6.629626585812866,38.38056519408489,produced,PR0177,2022-03-12 08:28:52.330827064,Bakken,80.76665287058603,58.03932550401857,52.2111536734772,6.515466933338077,5.0,0.5134396290936097,0.2,5.71343962909361,1.6165826244996704,2.808973728187768,0.0928222932785769,1.2257984999999998,5.744177145966014,0.0307375168724037,3000,0.3739731219475793,Low,9.239052740945557
78496.22482598085,149.20938418936183,4360.628258641951,3296.4977306014757,33794.335519883316,1156.1975163506293,39843.45140949268,1283.8724978309174,351.53271213143324,30.256641418858326,7.119528816019871,35.521518035633555,produced,PR0178,2022-10-28 21:06:46.015037600,Bakken,72.18356327132948,72.54397463197358,62.98116694087216,4.4836984267605065,9.31662,0.3437696796421166,1.946,11.606389679642117,7.332783900825252,2.7297167274088423,0.6814926064876863,1.1498445,11.893837734721782,0.2874480550796647,5000,2.098370802081553,Low,97.19085379029285
81001.84214927393,10.576872027798993,4088.242389480045,4478.403371705046,68430.71330974049,103.18602466664663,19108.57721724872,1668.3340256719093,625.2094811647916,36.51012382543138,7.13209546067352,55.849459829131064,produced,PR0179,2023-02-26 15:09:28.421052624,Ghawar,64.36597161843653,71.68017637553874,57.391231541434365,5.458416762926687,7.76913,0.4293557890373551,3.554,11.752485789037356,0.4579820277006463,2.3990484941623667,1.041957379830106,1.2537390000000002,5.152726901693119,-6.599758887344238,5000,-48.17823987761293,Low,173.80458381689425
146175.34220018686,47.54730892736579,2597.244189282008,1511.301821321156,62538.466414117596,1346.0741897022144,67341.33544118197,2444.8731597255505,345.4435029993332,45.90079336016041,7.38379307262927,47.352775851352185,produced,PR0180,2022-07-18 10:09:55.488721808,Marcellus,61.942811550088166,61.26265888279583,63.49783242154898,5.116390428588694,15.21074,0.4226193768735314,5.074,20.70735937687353,2.437288100102252,1.5722572198889575,0.2845037878517038,1.911621,6.205670107842914,-14.501689269030615,5000,-50.0,Low,303.1274728911703
117093.47163789721,139.96185649762884,773.0940322269615,673.0581504907055,47054.58203639251,852.5625766110725,23230.76351882963,1934.3733278100005,2392.71372027532,37.3050379237242,5.68581582089103,37.90147500747352,produced,PR0181,2022-09-22 06:55:02.255639104,Ghawar,77.49014369093051,75.32861977536297,64.34546900084366,4.3918955651257034,12.21058,0.337553509043302,6.444,18.992133509043303,6.628986038311115,0.7439053794329328,0.1379417685326446,1.144254,8.655087186276692,-10.33704632276661,5000,-50.0,Low,345.88042794368715
57188.60610720106,62.4383879174169,1189.0292397012272,2550.9244859007576,27637.13374593075,1479.4573548881851,18958.820116332743,2677.791305681414,2754.7277520105445,5.452111747756421,5.55837387935019,57.20557892683922,produced,PR0182,2022-12-08 03:07:40.150375936,Marcellus,81.62802010520026,58.21946888693658,64.4368224529869,5.489921101712058,5.97822,0.4185912796506433,5.844,12.240811279650645,3.208644461410973,0.9127710510579576,0.4943007566907575,0.7060395,5.321755769159689,-6.919055510490954,5000,-50.0,Low,293.2157733696559
93556.02304829175,30.824349837920096,5839.752339377972,446.3590617890783,66822.4116148788,399.255171694543,83867.9208338929,2655.805542106613,290.35101592899446,60.05681058464739,6.202031902047368,42.249738348208275,produced,PR0183,2022-07-29 09:37:26.616541360,Bakken,80.18604971486359,78.143546119419,71.30521963277216,6.06401844565384,9.99118,0.4432107159881555,1.07,11.504390715988157,1.7468780536954325,4.495935584252744,0.1172153191791285,2.318331,8.678359957127304,-2.826030758860851,5000,-20.630024539684207,Low,53.08087201392898
102521.12570551004,104.42186606746156,3407.1619513838514,1201.4296101112336,60009.53809966409,1157.094739984041,19927.622884874676,466.1642914543154,2371.4346982558213,53.13939941606604,7.383535332362794,37.723193539095085,produced,PR0184,2023-08-28 14:08:07.218045120,Bakken,76.39127575555379,60.02579825831054,59.743685366841525,4.053911767505122,9.17073,0.3356251262011791,5.26,14.76635512620118,5.072669042179488,2.4744173138574146,0.2123472639185993,1.167522,8.926955619955502,-5.839399506245679,5000,-42.62761639559345,Low,280.5089568382838
109256.48163664424,140.8393100936035,2363.884977658424,5342.678958229093,42971.625777141504,1270.1746870368218,19037.703791898388,490.15820957308995,1794.233874479267,5.383100651927198,6.234470385071633,44.24581606866766,produced,PR0185,2022-12-15 10:46:00.902255632,Bakken,63.5343763901192,57.03380931807513,62.9088540666624,5.56987749752875,10.31733,0.4423669108267202,3.782,14.54169691082672,6.747050089274422,1.4363851814278148,0.8460623409480537,0.9046125,9.934110111650291,-4.607586799176429,5000,-33.635383633987935,Low,202.32193841626454
50081.18592495081,89.86978927071509,4750.170540896994,2335.1808317188966,41574.81316477487,586.0577181599133,73966.12433275545,1419.18639307034,246.59504302102965,39.61027164189043,6.356148406875568,53.36306211697558,produced,PR0186,2023-05-29 02:38:47.819548880,Bakken,62.351101899416335,63.48805216184637,50.27320997419371,6.448111349902333,5.0,0.5502170971240163,1.69,7.240217097124017,3.71492879640105,3.1342951188087724,0.4998541322806488,1.6455045,8.994582547490472,1.7543654503664552,3000,21.344779646125208,High,67.27818222721837
108801.13380557642,34.08037126528329,1039.018598979583,514.2691407893012,30596.075263253042,792.0451955889761,34098.89397164415,5140.448094604829,838.6604978412636,19.500432713191998,7.802112920810185,49.37398365035383,produced,PR0187,2021-03-15 02:20:45.112781952,Permian_Basin,68.62574057529314,59.69603221336362,69.73876503949417,7.05185457513229,9.94007,0.5549394375587677,2.576,13.071009437558768,1.7752839505983713,0.6588071095228142,0.0895440483200454,1.02429,3.5479251084412304,-9.523084329117538,5000,-50.0,Low,134.59722628307577
67840.59699778666,98.88850276009707,2662.119633455298,520.3349838986592,12105.350013994104,370.43590830553006,41854.32889821215,757.7692967001379,660.9241948505252,32.90217678100497,5.4695529043906514,39.214312541212,produced,PR0188,2021-07-02 20:55:56.390977440,Bakken,81.37277225996922,68.17353062590082,56.48719268439632,5.503023268805725,7.58739,0.4476031468615546,1.58,9.614993146861554,4.841246146454724,1.99145863989446,0.1022602959388512,0.8359350000000001,7.770900082288035,-1.844093064573519,5000,-13.461879371386686,Low,79.15465498820181
87327.90300841662,51.59994069524857,3431.9500476445487,2417.11632733693,68812.3442504788,1722.479240100833,42888.64276996735,1718.80192143667,1984.4532409616515,48.53817222480513,5.919994215340353,58.53174626012787,produced,PR0189,2022-11-27 03:40:09.022556384,Bakken,84.0434067576666,72.17116343429315,70.4138756010129,5.865272785792686,9.6298,0.4436232638247101,3.074,13.147423263824711,3.1410362455851035,2.6427281168134744,0.611477399313392,1.5974070000000002,7.992648761711971,-5.1547745021127405,5000,-37.62985386542301,Low,139.59340362139392
47483.21602936199,130.70054814549925,2257.4864982375902,4460.94559166733,71625.75045357965,722.8266160330938,55777.69098094855,1195.2535132526318,338.12922655668666,73.5725029753952,7.990471313807697,40.21157105150971,produced,PR0190,2023-07-19 08:07:13.082706768,Marcellus,66.03402137117678,67.27303946195728,56.64096665950793,4.7436664018677615,5.60246,0.3885219599399339,1.54,7.530981959939933,5.636376576867631,1.3421494084517325,0.8526454113566314,1.8713295,9.702500896675994,2.171518936736061,5000,15.852088238173245,High,81.74435421257431
58581.746900532904,167.95252194148296,3336.8709938851603,530.6812057944763,12809.414988477984,268.02481128970305,25842.973636346145,1082.2610611412124,1010.8219761912502,47.96802455533868,6.94561572020262,35.333295930088156,produced,PR0191,2020-03-06 20:45:06.766917293,Bakken,79.052391764543,71.51518329527444,50.26971240656231,6.637056501826261,6.159750000000001,0.5593077132109044,0.944,7.663057713210905,6.779473954573806,2.429627829448171,0.1072727749429116,0.6047355,9.921110058964889,2.258052345753984,5000,16.483782124004083,High,54.621405196796516
133447.2703218269,9.68227600869281,2549.268576453248,3325.208128559143,32853.811755233975,427.61517929492646,97192.32317670161,1921.208228628179,710.1906062625009,38.47419604791809,6.0214047517369815,22.998961757622695,produced,PR0192,2023-01-28 08:36:05.413533840,Bakken,74.34673042268014,64.1230128599996,53.870782954836166,4.754504780346137,13.195370000000002,0.3858150010460542,3.958,17.539185001046057,0.4298888479795926,1.8732521152067163,0.6539393097488481,1.881582,4.8386622729351565,-12.7005227281109,5000,-50.0,Low,205.61329425140528
50360.005022763165,92.10176037839358,995.0414206458736,5613.108871033793,30106.709343846494,958.0006077334871,21268.880529556012,4133.686428710686,1683.8366031416867,22.502205969630857,7.963576492803264,58.845625749058506,produced,PR0193,2023-05-25 10:49:37.443609024,Marcellus,60.79518417694857,55.698064930966,74.6420725643042,5.04112228052094,5.0,0.4286963121055895,4.258,9.686696312105587,5.1642312176774885,0.5836337680987063,0.8623230110677087,0.771216,7.381403996843903,-2.3052923152616858,3000,-28.04772316901717,Low,229.29968507495408
50522.69668870958,9.57491701013974,3384.4517050001177,6774.9437973453305,33172.456313408235,1184.0457818394927,64280.206852777745,2833.297189327419,913.792707882732,34.34175705169162,6.86870341022126,45.66552404412391,produced,PR0194,2021-05-23 14:55:02.255639096,Bakken,73.5729087483235,79.35160310562873,57.99503114869971,4.099132447178264,5.0,0.3207041738726424,2.624,7.944704173872642,0.4628003485666238,2.3752866443578746,1.4939605668299825,1.462947,5.79499455975448,-2.149709614118162,3000,-26.15480030510431,Low,147.76902974060107
74744.71220432452,223.32580911306763,1007.5389614374633,3185.227008980167,33244.124106216776,95.12933272561685,65378.92154402451,788.6734944089868,750.7154063738884,51.959651668838234,6.577264632330793,45.773594777360216,produced,PR0195,2021-04-09 17:04:57.744360904,Bakken,80.14851007473388,75.48533761349988,52.72059755031868,4.734979475692097,8.29367,0.4038157498181928,5.736000000000001,14.433485749818194,9.52908984542745,0.7694256967174452,0.7161444950067961,1.588065,12.602725037151693,-1.8307607126665035,5000,-13.364553202465473,Low,270.13165706214426
57167.31879857969,56.98339514260852,3563.9683858901117,3402.5661033588017,59662.968447977364,1887.3133833875956,28079.343235681263,5899.531449894822,987.5945625111515,31.106343359822922,6.652966599902309,61.34775584243334,produced,PR0196,2022-07-11 02:31:34.736842112,Ghawar,66.90306958360067,56.8354706021157,52.968970090643765,4.21791878320234,5.41244,0.3371456721461178,2.48,8.229585672146118,2.19377345906812,2.1395280518101494,0.599091328522781,1.2882285,6.220621339401051,-2.008964332745068,5000,-14.665439629038996,Low,107.87627985595117
50838.696313836495,138.24594753300184,6007.300076509944,465.9510237595965,16691.15840744908,1108.2703192108988,19437.130979615293,2186.763839499503,2976.9150568545638,11.625571160459721,6.048994955785205,37.80944982764274,produced,PR0197,2022-11-08 20:34:17.142857136,Permian_Basin,82.43404059926152,66.22940990390836,57.7585678514306,5.843039381789929,5.0,0.4985179448924318,2.394,7.892517944892432,5.752198875751113,4.549013717536656,0.0993441148558625,0.544794,10.94535070814363,3.0528327632511987,3000,37.14279861955625,High,125.20388074447033
93780.3448748728,86.4742874406041,2792.5194313970082,6681.884028830084,14983.877460978987,1067.3950996234141,84715.12095831406,1127.5839232636306,791.9683884708564,5.274839375850041,5.8116925538419215,25.82873493162572,produced,PR0198,2023-06-12 17:55:29.323308272,Marcellus,65.90651017186592,70.87547675179687,50.94112602791908,5.628435369759707,8.920300000000001,0.4546434687271837,4.32,13.694943468727184,3.166714346624768,1.5425286892704873,1.4244907694959896,1.4153475,7.549081305391245,-6.1458621633359405,5000,-44.864793792352366,Low,212.25611356900527
43375.33237843482,31.171988020545115,1154.452828591927,1402.8023347876656,69565.88722699843,672.7771385987871,22379.232109835164,4604.044420987759,364.65857803004866,37.05781178718235,6.870011843464029,46.38258173432527,produced,PR0199,2022-03-16 00:18:02.706766920,Ghawar,61.91182831610136,59.76485676431595,62.787214703048846,5.998347539364532,5.0,0.4573212505490375,2.736,8.193321250549038,1.5933134751904487,0.594353551834573,0.2418683753251866,1.2928455,3.722380902350208,-4.47094034819883,3000,-50.0,Low,123.64091502009012
51090.21800579227,26.827885322718146,2761.3102427700487,618.7334540492619,22966.729058355584,783.1271244954243,26000.067902800038,1408.2676315860126,1586.6727073587022,37.41974905941828,5.7162146328740695,51.6656339261652,produced,PR0200,2022-11-16 04:12:37.894736848,Eagle_Ford,63.9984827359891,69.44971528406928,55.34352288723301,4.91211127687331,5.0,0.3887627086159287,3.17,8.558762708615928,1.0908540422210948,1.6871024024930503,0.1319058442390328,0.8285100000000001,3.738372288953178,-4.820390419662751,3000,-50.0,Low,157.63270455857338
153265.20542912322,163.4686851900393,977.2691165192405,1683.5496399951464,9175.274218866007,748.6786772105525,77214.99384343126,4796.268910803996,1121.1568896546692,17.485236722457255,6.5285170940937185,41.24510076156626,produced,PR0201,2023-12-27 08:10:49.624060144,Eagle_Ford,80.92507171802296,68.34121545294218,62.98276603492181,6.27774044198225,16.71638,0.5155751096607136,0.2,17.431955109660713,8.80056930150642,1.0379902878955245,0.4079150467955212,1.2992895,11.545764136197466,-5.886190973463247,5000,-42.9691941062817,Low,10.509283161653434
100503.75836321448,128.6774081509232,4551.676384042498,6013.824121774034,23564.804748544946,1478.8309124032116,44840.502487047226,730.810723268317,295.44736733455346,47.737900545994094,7.242956716894921,66.46195535945466,produced,PR0202,2020-12-20 22:29:46.466165412,Permian_Basin,70.4326479759882,60.20662971336762,53.51910546748051,4.006059171535645,10.3379,0.3207850220795,3.034,13.692685022079502,5.868113022802994,2.832406678765581,0.99761783368753,1.10871,10.806847535256106,-2.885837486823396,5000,-21.06661365381079,Low,150.11806989186724
57199.94812189945,164.25302655618356,2601.7175665565305,7008.192197722104,28828.484236807726,784.0551394764085,23418.504019461678,3770.65792469691,2873.352916721799,22.64533084819376,7.554695641676156,25.183446254548425,produced,PR0203,2020-08-03 21:21:12.180451128,Eagle_Ford,79.92363909054144,58.53025773193633,60.74643072543731,5.003506502616209,5.51375,0.4000642829994061,0.2,6.113814282999406,9.530313127935536,2.074689792967911,1.2144033464995347,0.7012305,13.520636767402982,7.406822484403576,5000,54.0698041361461,High,9.449220658485473
102377.27775233559,93.05449448527033,6059.34117746641,2677.701025417896,77779.30271913031,1320.4867420134246,99055.89667088399,2408.4162413250983,904.2935620498827,26.171818806960015,7.7515500011364455,62.61579661205132,produced,PR0204,2021-12-10 20:59:32.932330824,Permian_Basin,73.28082652473988,73.97405724046594,64.94792146003111,6.063260980307671,10.172860000000002,0.4782793977101282,0.5579999999999999,11.20913939771013,4.317309162381232,4.5160921524054505,0.6104635099712211,2.6442885000000005,12.088153324757904,0.8790139270477741,5000,6.416801667448752,Medium,27.463490711240915
101273.84542547408,91.41543324794283,5177.451632578464,4765.976888222015,62532.841501528106,453.8218273599832,35881.27725439908,4040.301133541005,1025.64289557284,31.25832492284842,6.296348191543016,56.94059486095194,produced,PR0205,2020-12-31 21:57:17.593984964,Eagle_Ford,72.01397811986078,63.06466115374084,51.5499984584527,6.448054472443911,10.76932,0.537901408980061,0.33,11.63722140898006,4.002620250305943,3.682045895677234,0.8506539884383485,1.383306,9.918626134421526,-1.718595274558535,5000,-12.545745504277305,Low,16.477504682576946
124831.39201699726,63.43313404273317,2609.578307234357,2862.43276861601,62743.36256759324,924.0677058153296,37823.56160277777,5058.591564589367,1289.1479281237944,22.55868052463704,7.272321196351623,51.912449202312715,produced,PR0206,2021-08-15 18:46:00.902255640,Eagle_Ford,80.17282878731163,61.101013346056085,59.96873273127646,4.787468260057043,12.477660000000002,0.3763078296620559,0.914,13.767967829662055,3.062723118051752,2.0733078353976966,0.4740949827547184,1.5240795,7.134205436204167,-6.63376239345789,5000,-48.4264654722426,Low,39.52758624185916
71346.44351872778,58.79821419288326,4621.116298777732,401.9330950679238,53686.508172967064,336.7347582878674,54431.33110037295,517.2413320384568,2395.7956890803002,30.51957653184555,7.199288300319268,23.947012468289866,produced,PR0207,2021-06-21 21:28:25.263157896,Ghawar,70.5871902928094,73.44695882014972,57.5630955247422,5.16707197873229,7.99138,0.4498640124145803,1.902,10.34324401241458,2.88473999436514,3.002745193204771,0.1101704382302245,1.6975919999999998,7.695247625800135,-2.6479963866144445,5000,-19.330373622285443,Low,94.1495471367427
134049.0440675882,18.351577429204422,1971.8732232032871,5619.277977039502,55630.436841534945,1440.7061732738755,64314.77125991804,4037.7383858042676,312.25210495227526,49.355235747815726,6.79916509143514,63.2639803727276,produced,PR0208,2023-02-15 15:41:57.293233088,Eagle_Ford,80.05081827665921,73.40171730057455,56.00899541221585,5.507889591657468,12.40599,0.4491179409279971,2.028,14.883107940927998,0.7821656209315945,1.7010478680516976,1.20088879589605,1.911126,5.595228284879342,-9.287879656048656,5000,-50.0,Low,91.85787132871556
49281.50593176312,82.76497971873182,2836.456236679016,1130.2989610189813,17728.261219380052,282.2485994730889,120913.30660097946,594.5303264342359,1406.5256104778705,6.983070986821609,6.45455992953307,27.499580432762183,produced,PR0209,2023-01-24 16:46:55.037593984,Permian_Basin,62.51655412408614,61.91004140840573,65.1133656521124,6.5255149630038085,5.0,0.529801848570488,4.328,9.857801848570489,4.416639592182785,1.8412275494139247,0.2332213169896052,1.899465,8.390553458586314,-1.4672483899841744,3000,-17.85152207814079,Low,226.38292512121558
53914.924804893635,29.622407856032012,2331.7984440634054,5765.741618109932,29869.667331150926,525.9559207304668,21338.313284249634,497.33350155168284,2585.499316563958,43.61177462016354,5.961231256191808,40.00898543902961,produced,PR0210,2023-07-04 16:50:31.578947376,Bakken,75.90777038848141,76.81421153129634,64.71354964413518,4.230429320927589,5.0,0.3321240534943622,3.444,8.776124053494362,1.683510051282248,1.659356005935466,1.2838189615860152,0.7505235,5.377208518803729,-3.398915534690633,3000,-41.35347233873603,Low,153.38319279387696
88180.44108287632,109.79259441600709,4730.562009682233,5142.744042025643,10400.421580088212,678.9998345900533,84952.29479254603,847.0006208814865,1506.5347807338171,35.506873808177325,7.397728298700926,40.575315175062045,produced,PR0211,2020-07-12 22:26:09.924812030,Bakken,77.56467641379962,72.20625412680856,65.76749516694234,5.2770069474832235,9.15549,0.4218741346569697,0.2,9.777364134656969,5.589382111752929,3.3752920484746776,1.1041274937292676,1.2754605,11.344262153956873,1.566898019299904,5000,11.4383555408893,Medium,10.708884543185654
94586.77741538522,81.14742862334822,6129.4298302436255,3894.0036444256107,29468.648465751863,557.978626617149,72570.91167641856,2664.653130447228,292.5979421426804,36.862486892350404,5.329347149436278,50.07191272308577,produced,PR0212,2020-09-16 19:11:16.691729324,Bakken,82.47743490354357,63.64410544553845,53.97206676081304,4.355647426915436,9.81853,0.3637917619500636,3.1660000000000004,13.348321761950064,3.884887776616618,4.644601278184191,0.7118147685345356,1.5304215,10.771725323335346,-2.576596438614718,5000,-18.809154001887443,Low,153.76604186804033
47325.346246767534,91.59642960487619,4344.023068040196,5942.697818029235,51615.23534943965,1254.312881827004,46809.88544289844,2162.929394832445,686.6442071884741,52.88676164678707,6.499776269907873,53.51380973453444,produced,PR0213,2022-12-30 02:02:42.406015040,Permian_Basin,65.60809796790487,65.68724125461647,57.14273112155819,3.9444897741029945,5.0,0.3251678240716635,3.636,8.961167824071664,4.436870215025834,2.895553044363352,1.213486388765408,1.4698155,10.015725148154594,1.0545573240829302,3000,12.830447443008982,Medium,174.8900911556194
101226.46660938128,153.87945603669948,4512.196531506348,6051.44112152492,36278.77103347414,635.7872576713401,72241.2886516893,1864.3206598788545,1380.7778621121356,29.839590754037715,5.499021802715581,59.73499488020611,produced,PR0214,2023-10-29 19:04:03.609022560,Permian_Basin,75.10549700232129,73.16774214826545,55.24196944987697,4.467563512487111,9.53768,0.3552874257249159,2.342,12.234967425724916,7.95699803759083,3.492513762523623,1.528774121220073,1.679742,14.658027921334526,2.42306049560961,5000,17.68834161795015,High,119.51364433408425
57064.4849068214,69.95509182775722,4674.235785238626,2081.7353501025655,72255.06696501304,1809.6043594382552,76460.1644707231,2276.016506491593,2538.8615704885233,39.07751442474853,5.5898191584342865,56.79537813373971,produced,PR0215,2021-03-04 02:53:13.984962408,Bakken,70.83141409223057,60.2895958223873,63.51259012494605,6.912975312874878,6.00464,0.5543529614835678,2.878,9.436992961483568,3.938072745661229,3.2952587119906425,0.3887774586606645,2.1872280000000006,9.809336916312535,0.3723439548289686,5000,2.718110870251471,Low,135.17643503326477
77257.06680017753,126.96712905180637,4171.385457637366,907.5301647273142,10053.562643570596,305.5722684331086,18541.358294531685,3224.2264298562704,819.3249525028978,43.024620954651,6.020251073307712,50.66552117220749,produced,PR0216,2020-08-14 20:48:43.308270676,Eagle_Ford,69.56929138860073,66.7190198118806,61.52664223024041,4.5638524797440905,7.39216,0.3715636422848643,3.38,11.143723642284863,6.156921866666375,2.739916972048651,0.1766185892460103,0.45,9.523457427961034,-1.6202662143238309,5000,-11.827943364563964,Low,172.2975622713587
122618.01079756739,175.1701911462907,1103.9834158490785,535.5387315036329,46925.90065204904,867.5555068550565,103095.73195488866,2816.5534739902037,1897.2584723068514,18.9645857268156,7.789873930183226,50.22860394949806,produced,PR0217,2020-11-18 00:07:13.082706768,Bakken,62.66783888029894,71.3389585564525,58.257343439818754,6.706928770161159,12.5991,0.544407385600592,4.53,17.673507385600594,9.441989029196495,0.6016112532508698,0.1070084378346787,2.249985,12.400593720282046,-5.272913665318548,5000,-38.4922697568254,Low,214.8924153773159
104571.6423683382,141.9770562053944,5484.375831628996,6416.072161593413,9476.799522725556,338.5523789912795,18895.054767159327,3517.1117669572454,343.83271539766616,31.359433332472125,7.502299333462035,29.057185506002007,produced,PR0218,2023-02-19 07:31:07.669172928,Marcellus,63.35583326487355,68.48746370021783,69.65037022171083,4.712163422967526,12.13575,0.369261042231426,0.2,12.705011042231424,8.80402967720896,3.8937380061925824,1.4360588363589073,0.45,14.58382651976045,1.8788154775290256,5000,13.715352985961884,Medium,9.610285841372662
48003.90076274737,149.17525903990895,6506.687345370949,1737.1117889453287,33871.70294364451,1147.2136029361886,20618.672491029884,4800.420533142979,302.7033022955326,24.974191493470528,6.3185920606922865,32.48157731782503,produced,PR0219,2020-06-06 08:14:26.165413534,Permian_Basin,80.92471153619115,70.20820864761234,52.34934361020957,6.688371357396253,5.0,0.5435108545722763,2.512,8.055510854572276,6.232796609181328,5.134226242563649,0.3413382688029616,0.8603160000000001,12.56867712054794,4.513166265975663,3000,54.91018956937056,High,129.16387385674176
45873.12124973003,59.255967064046764,2295.9774156145186,4553.770907380999,58407.38582829316,780.9846941826574,42647.972308525925,2089.3399521359866,743.427964534998,24.843284150418068,7.748373348322016,61.64962704678257,produced,PR0220,2022-02-22 01:23:00.451127816,Marcellus,78.74383580813905,68.65531248691948,74.37241721889106,5.94810188278802,5.0,0.4771090244480754,6.016,11.493109024448074,3.655910038745584,1.914193353920349,0.982478118281564,1.4348205000000005,7.987402010947497,-3.5057070135005777,3000,-42.65276866425703,Low,276.8260440704888
68715.78957648073,106.8797125517088,1997.3771282250584,1043.31549281657,30788.063447386994,659.743529152404,109918.00556648664,1233.7031850122023,2248.65640257609,23.543548051705294,7.795675980973709,55.77674467238594,produced,PR0221,2023-08-24 22:18:56.842105264,Marcellus,69.55852825727752,59.9806860947505,52.913601945382965,4.6221590651149125,6.855310000000001,0.3471724586004624,5.834,13.036482458600464,3.960710098256584,1.508206962450115,0.1830910443042259,2.060784,7.712792105010925,-5.323690353589539,5000,-38.862939581203634,Low,265.88349663531443
76936.32717928465,11.283727582217063,4510.763890467695,5377.4603460291355,43233.37474840875,1349.9075552166616,45530.87784888666,3183.1361480025266,1273.2760784168422,45.23529589277471,6.758358503106328,56.321722312006855,produced,PR0222,2022-10-21 13:28:25.263157888,Permian_Basin,80.71216453474077,65.25513362431553,69.32677031420923,5.5003419237292634,8.39301,0.4596596372303786,4.702,13.55466963723038,0.5532276271073897,3.273530426173179,1.0916857579679866,1.3429575,6.261401311248555,-7.293268325981824,5000,-50.0,Low,239.185047175452
62487.90107854926,103.22307249405539,4257.968250833655,1113.8245879450437,11594.677485285469,372.57104118582816,48912.51654153172,476.8408545161788,1565.181153248921,30.47332864691647,5.512573994189404,38.23441389655024,produced,PR0223,2023-12-05 09:15:47.368421056,Bakken,62.01915462058946,68.29963738693864,59.2057547290208,4.680235573352765,5.86841,0.3964433690096668,4.074,10.338853369009666,5.1923565308860695,2.4420265400813737,0.2253478235944652,0.9007305,8.760461394561908,-1.578391974447758,5000,-11.522261413468632,Low,203.31643500335386
125818.42188007869,100.26346461231552,2677.774204552548,531.2157172099596,10645.736819163176,1221.5984796103917,97886.70108310429,903.5046186819832,1388.7106332922708,38.41673543693126,6.801568871780526,59.278080625332684,produced,PR0224,2020-05-15 09:19:23.909774436,Ghawar,75.61934792582922,74.50156855864866,71.63155572829514,5.270511364485388,12.66257,0.4119567574347368,6.3100000000000005,19.38452675743473,5.516131211968824,1.8846277358423544,0.1117523528379729,1.544436,9.056947300649153,-10.327579456785587,5000,-50.0,Low,319.2255792691154
97666.15762785164,85.66941200909912,1064.4718087811696,1904.0890773905587,49351.663219280104,331.000558662576,46876.967908132,3574.572030366242,2208.1887073372322,31.478575455396832,6.761464419393925,27.303401724478068,produced,PR0225,2021-08-26 18:13:32.030075192,Marcellus,81.7044013178572,71.34760592923857,51.85424871960405,5.212190999181017,9.88956,0.4256410298803935,6.836,17.151201029880397,3.3683068049290648,0.7843622526514292,0.4458511894518118,1.348743,5.947263247032305,-11.203937782848092,5000,-50.0,Low,349.6390963777967
105891.73250440184,135.67778955926212,3490.128022335314,1368.0368218938995,87393.139708755,830.7040400986954,21829.263897013065,1804.0007290629485,640.2813128235616,5.098101952188068,5.440836813473965,60.965666098333955,produced,PR0226,2020-07-05 14:47:49.172932330,Bakken,80.97160577578123,65.66477362964837,59.36804275480844,5.217825652859035,10.12434,0.4214496854072803,2.742,13.28778968540728,6.708398853556539,2.807240228147101,0.2829626425248808,1.4790045,11.27760622422852,-2.010183461178759,5000,-14.67433926660494,Low,137.6506331898856
53373.67426926552,8.953120924451257,3978.6452073964615,3740.409499501357,10252.104099568434,94.9882294377124,40508.69818650281,519.0002302125378,1573.6838635530828,31.226501130572398,7.380505495518778,41.15265518928032,produced,PR0227,2021-06-03 14:22:33.383458648,Ghawar,69.3195689985465,79.35999580397863,58.38608516250591,5.851898345471658,5.0,0.479386133715927,1.062,6.541386133715927,0.4659209595967971,2.7303480925837094,0.8791341615173145,0.7137285000000001,4.789131713697821,-1.7522544200181065,3000,-21.31909544355363,Low,55.3602802832856
131506.32142550164,177.94667523247645,5132.699888938156,2800.195344655537,59053.31927153505,404.89616711114013,89167.53830705873,499.04091981967235,517.2089753942862,30.505976267789418,7.184685490880854,69.77949699755727,produced,PR0228,2020-06-28 07:09:28.421052632,Marcellus,78.63084632642473,57.69488804199313,74.82892595563838,6.255962196965886,13.169160000000002,0.5044083364617832,2.46,16.133568336461785,10.634971306733958,3.360317524864439,0.4149185568427977,2.3501805,16.760387888441194,0.6268195519794091,5000,4.575782729449686,Low,123.83892643088626
47300.79895157748,132.47749765051995,3634.7622609100877,3528.4864148450088,37008.013975296046,738.1168742777124,52963.824566515505,2023.7573480440958,3067.1047585460424,34.33352210692541,7.183543396830728,26.445818675192363,produced,PR0229,2022-05-24 12:52:19.849624064,Bakken,70.68670363799694,60.17012171387421,74.63872487224064,5.226715918420507,5.0,0.3990026454082691,9.194,14.59300264540827,7.987224298283241,2.509841683924756,0.6778886252528497,1.3231725,12.498127107460848,-2.0948755379474218,3000,-25.4876523783603,Low,395.1069678123484
103664.2337452669,73.4878335790739,2584.276539522504,2191.908375533946,10171.42811119891,1852.6875604860154,97960.94126329114,3693.324024859291,562.39843950151,16.883666668388024,7.008076054890114,73.31578450238703,produced,PR0230,2021-10-06 00:14:26.165413536,Marcellus,81.00345410974873,63.5328152507916,54.7450989666597,6.936078577672261,11.83622,0.5418473508045656,0.2,12.578067350804568,3.3114434443348983,1.9112667793050284,0.3655678189530548,1.7687955,7.357073542592982,-5.220993808211585,5000,-38.11325479994457,Low,8.776480783736702
116495.74632750486,73.30141105285463,4990.228178842751,1333.934206644745,9577.692205855292,941.7765267916799,74657.34809397397,3700.2573239084595,504.1236998210627,6.4612612187957765,7.574486331771115,38.741797385036335,produced,PR0231,2020-04-01 11:29:19.398496241,Bakken,73.26904875387558,60.71430192469775,65.74867401745847,6.991690858378555,12.23725,0.5452319153645303,2.0580000000000003,14.840481915364531,3.7304351166677554,3.5084737457695816,0.2130707711745343,1.23207,8.68404963361187,-6.156432281752661,5000,-44.94195565679443,Low,116.78701794528374
64778.85834370625,103.08244331304536,2726.5266132947395,1323.8205777060896,36815.66199254192,1985.8148913085076,31244.66382068137,2120.0523307096996,1671.6176979003337,37.319062321573064,6.689477719290138,37.253106690455226,produced,PR0232,2020-04-16 02:46:00.902255640,Eagle_Ford,79.12142622762603,70.63604992015028,63.38798549777351,3.9469376439378197,6.7704,0.3297657049162744,0.2,7.300165704916275,5.503497032081891,2.3787318769637413,0.2824523728157049,0.9907545,9.155435781861335,1.8552700769450616,5000,13.543471561698952,Medium,10.000050306941205
136934.96045227174,157.4863974069785,1773.904632543143,6452.364326731669,21983.013585225475,827.1396457559964,51616.65624995601,4942.1132459273485,1361.9271933875177,26.165416500325474,7.029593839844681,47.79015921225707,produced,PR0233,2022-02-11 01:55:29.323308272,Eagle_Ford,61.96428955729179,55.98876823340638,53.85933728101847,3.905043310539997,13.59164,0.3235781093319245,3.25,17.165218109331924,7.362431372038294,1.2314733335184525,1.106881151343974,1.1463105000000002,10.84709635690072,-6.318121752431203,5000,-46.12228879274778,Low,173.30899878828197
80483.45419216005,86.75744306229844,2531.75640371912,2807.3740031065695,10693.396779209952,580.7182075428901,26158.200361041923,1790.7380739020364,1399.071372049915,30.118153176465622,6.446696301016433,38.41338031447102,produced,PR0234,2023-05-03 11:54:35.187969920,Permian_Basin,74.75064929022157,59.4359196068354,54.19449265261058,4.8258978441031415,8.247610000000002,0.4220159192362546,0.594,9.263625919236256,3.723584362277037,1.8935475675082327,0.5260613808481394,0.5160525,6.65924581063341,-2.604380108602846,5000,-19.011974792800785,Low,28.98128158020131
91710.75943448328,90.99378651411216,1073.9270876168991,497.61291143835655,9385.314807476183,1629.8700340771318,27415.15371749996,1899.5660692922572,1448.4798833993925,26.044133224122923,6.474993606186457,42.709553128510805,produced,PR0235,2021-09-06 17:41:03.157894736,Ghawar,73.75710443673347,62.33368094146511,74.73129321198887,5.631784929993874,8.749730000000001,0.461754860237038,2.782,11.99348486023704,5.283711677708607,0.7080682025926414,0.0935005214121976,0.599205,6.684485401713445,-5.308999458523594,5000,-38.75569604722224,Low,138.53510702588628
94351.19614767468,74.42018665347939,2780.927986274493,1315.8726621365247,12878.335763816685,1043.7415366799723,167166.05993718363,506.790735157703,308.64038257382714,29.159459917637903,8.160731472835232,36.394281229103285,produced,PR0236,2020-05-30 00:36:05.413533834,Marcellus,75.24941804337901,72.08364437698292,61.31824984052332,4.972447136888382,9.85812,0.3866971393884947,0.2,10.444817139388494,3.96838222952902,1.903870476031924,0.3156398619979328,2.45748,8.645372567558876,-1.7994445718296177,5000,-13.13594537435621,Low,9.682644742010408
199201.42366405882,199.04220946359632,4656.957703806452,2679.3244471330454,39527.724042771784,423.3715473957551,85643.84936764624,1538.9456824858603,2836.4816042871284,19.189153028444373,5.528595338689754,37.000598256426855,produced,PR0237,2022-09-03 23:49:10.375939856,Marcellus,77.39104019788975,76.8966220645282,53.14503230000184,4.852344108275618,20.0,0.3822593002605858,4.236000000000001,24.618259300260583,7.926379616422535,3.25183530088458,0.6214092925656588,1.8060585,13.605682709872774,-11.012576590387813,5000,-50.0,Low,248.35983861624624
150279.14892996583,50.72423994859356,3425.364541599015,6839.482047954912,35895.93437691282,1066.1841263733966,75457.95343391148,3314.875266336356,1807.5187779444889,11.02983959464909,7.821196587115122,51.472906891946586,produced,PR0238,2023-11-28 01:37:26.616541360,Bakken,82.95272425085355,74.96229426382637,55.36975096848136,5.994896502974244,13.87774,0.4828001191302057,5.444,19.80454011913021,2.558315047697906,2.930235303873032,1.392229713985489,1.6600935,8.540873565556426,-11.26366655357378,5000,-50.0,Low,277.0252811157264
115750.11897736073,75.03540692699056,6724.637933220315,4362.452865538802,22726.9258324101,634.4729404624726,30978.685582164813,4178.321996378906,2145.9259430199004,42.068042234484516,6.025121414470869,32.32999218922517,produced,PR0239,2021-04-28 00:10:49.624060152,Ghawar,79.64205204440077,59.55202333125637,56.70870168121374,5.801229184056946,11.30452,0.4644090283173367,2.232,14.000929028317335,3.538827136233789,4.618958678552048,0.8142071733896032,0.8066055,9.77859848817544,-4.222330540141897,5000,-30.82301294303585,Low,107.42169004218557
49789.86860409003,164.7694317338229,2306.993024020621,645.5358295400553,37965.30058995363,104.71079144222341,100353.79389523136,895.6704146510168,807.2080842216982,17.35108745392627,6.109689057492021,35.919681409610575,produced,PR0240,2020-04-19 18:35:11.278195488,Marcellus,65.49094978587262,69.13514396102673,62.77293158296549,4.408411303960033,5.0,0.3601152499983464,2.73,8.090115249998346,8.405571739858045,1.5554991251061834,0.1361824065744304,2.0570205,12.15427377153866,4.064158521540312,3000,49.4472620120738,High,120.71953803817452
86920.01760371677,84.8452334021556,4033.8124298467555,6462.430343654286,58839.67392823537,1389.6767040130987,91816.78261553128,2771.384290001505,1541.7632136150426,34.97974318897059,7.331395952459966,24.43130838851877,produced,PR0241,2023-06-01 18:27:58.195488720,Ghawar,80.6474067323024,55.750566133617184,58.38870323765774,6.694373804268623,9.07436,0.5322802311836381,2.674,12.280640231183638,4.137563644308198,3.077195354862808,1.2270755356575276,2.159748,10.601582534828534,-1.6790576963551036,5000,-12.257121183392256,Low,152.17217129056482
50148.98277201671,142.3380626473799,4582.1770702239655,2501.529580656593,41295.75974892265,1391.029165337944,107205.7199582622,3817.75297686504,1388.9683017723207,32.08968406125416,5.4672931156911435,37.13566926042637,produced,PR0242,2023-06-20 01:33:50.075187968,Ghawar,63.05199194037739,62.76341938382153,61.375294647248026,6.178703705264149,5.2475000000000005,0.4831942568386567,3.362,9.09269425683866,7.258463296044281,2.7755991268089653,0.4589951622958251,2.269527,12.762584585149073,3.669890328310412,5000,26.790199396666008,High,166.17870324101855
110865.21769305979,28.613672908167672,7592.156058544572,5085.13343959197,31464.53131264392,1818.9931291499806,106051.9605872706,2100.390730756595,2135.8533166550133,16.608316152834604,5.852854910707138,63.801509074935865,produced,PR0243,2020-12-09 23:02:15.338345864,Eagle_Ford,75.55496464187674,75.14959487070817,54.16248877753407,4.841092937676274,11.78844,0.407018299800562,2.924,15.11945829980056,1.0935081509251463,5.574650800781491,1.125598146932954,2.0544104999999995,9.848167598639591,-5.27129070116097,5000,-38.48042211847508,Low,153.8164408095934
87186.92627921754,63.66766030204466,3597.730918724638,502.22958259180194,62581.57188059048,947.1490887750556,20025.36586867622,521.8053860254213,1965.7599125748604,6.433764888283585,5.852186666711041,30.788860302416175,produced,PR0244,2021-02-21 03:25:42.857142856,Marcellus,82.06884520614858,66.41664284358349,58.168217264687655,6.105267982707324,9.06187,0.484069925597876,4.5360000000000005,14.081939925597876,3.142514670437845,2.591668476534007,0.0996249642653752,1.173027,7.006835111237227,-7.075104814360649,5000,-50.0,Low,240.38981298090673
52644.83043560511,197.99674152890003,950.6422635883828,492.411053242225,11000.416433913366,611.8988069261461,22494.83375778206,2459.798753324611,1507.3593333481679,77.27093733828245,6.416555044398642,33.051584704592365,produced,PR0245,2020-01-11 23:27:31.127819548,Marcellus,62.5280513553726,58.748533056895866,51.75791481794385,4.459305194796078,5.0,0.3470367408242758,5.466,10.813036740824275,6.984306189780015,0.600269293011577,0.0881227995853438,0.4650555,8.137753782376937,-2.6752829584473403,3000,-32.54927599444264,Low,264.4455892562536
86874.36286498696,40.60559565849824,4252.267207579165,489.75347284296413,31144.290879344793,1479.685565718099,19483.563655888167,2899.6998062311986,318.76438632367126,16.871114302682464,5.882285713780845,46.07291879707966,produced,PR0246,2020-10-23 09:23:00.451127820,Permian_Basin,81.24231633275652,65.96383453720782,72.24275683689622,5.337462746310804,8.8245,0.4323814698977735,1.372,10.628881469897774,2.271398966260221,3.662455615363117,0.0989457518058117,0.740655,6.77345533342915,-3.855426136468624,5000,-28.14461079622095,Low,71.82911822740431
46202.40866243285,71.35686964647942,6740.921973077897,517.5665081795236,33026.371725077974,1237.2788162804848,21637.01555037827,593.7933795943311,2873.283389099767,40.42087311318507,7.944423785211495,39.48917869539594,produced,PR0247,2022-04-06 23:13:04.962406016,Ghawar,79.96551835575613,59.950823136555705,54.96881192921445,4.601693975262697,5.10233,0.3605562582942942,2.382,7.844886258294295,3.110036435093481,5.167563713393015,0.0899262347048335,0.7748189999999999,9.14234538319133,1.2974591248970349,5000,9.471451611748355,Medium,114.06329910335175
102317.85370872583,98.58033307992284,2288.9913616400063,6710.6361985318445,9588.387036674123,1634.054390418887,65819.66638494156,1468.672016492906,1583.9700947513822,64.35290332431921,7.789164947123203,68.84504015341204,produced,PR0248,2021-03-29 17:37:26.616541352,Bakken,72.59438584597677,64.82978644659907,68.92250338571847,4.472547589417006,9.10486,0.3299434990708248,4.804,14.238803499070826,5.24701504475204,1.6411441845954309,1.3077853500726644,1.045554,9.241498579420137,-4.997304919650691,5000,-36.480325913450045,Low,223.54697114866926
51771.0431771249,24.365865308666077,5789.150761261014,2993.6808876280907,24183.086384614133,790.5157755944865,33335.45283353647,493.8973007255613,734.0974371111732,45.2679266888978,5.50234275009244,42.912759397542274,produced,PR0249,2020-02-28 13:06:46.015037594,Eagle_Ford,67.7224400573851,67.19583681869608,58.73879470508365,4.999280503988028,5.06369,0.401198304869192,0.2,5.6648883048691925,0.9702826542153948,3.044064084832209,0.590469976876928,0.8624850000000002,5.467301715924532,-0.1975865889446604,5000,-1.442382099296021,Low,10.81512528475855
77619.90136812614,51.36075663280889,5715.942768686981,660.4922523522372,11519.835002743748,695.2867189214936,121106.70921615307,474.6033890202849,1546.2718465020246,23.377138347203154,7.475341576067997,47.694431723955134,produced,PR0250,2021-01-22 20:52:19.849624060,Permian_Basin,70.13595570178859,63.73895281277571,61.85993297349484,4.504738975993495,8.60995,0.3561765160353879,0.2,9.166126516035389,2.7249053035092583,3.674562991128108,0.1244248097858194,1.83267,8.356563104423184,-0.8095634116122028,5000,-5.909812904769081,Low,9.88926743412446
111461.33466252312,79.9923407245425,4889.853702720435,3672.984621861294,91176.36938401054,365.6245510969994,100305.95631339759,3629.0936235098184,323.68805515023166,29.059473843436763,7.523836572977962,59.65285212031152,produced,PR0251,2023-02-08 08:03:36.541353376,Eagle_Ford,84.21645339250529,78.42422376084653,57.28152598653067,5.769905503404026,11.501880000000002,0.4720443096689179,3.452,15.42592430966892,3.967685091593428,4.069958861022824,0.8011505002513039,2.8491735,11.687967952867556,-3.737956356801364,5000,-27.28708140464996,Low,178.86467205558728
83521.20213831907,78.42479552466915,3010.7532974191104,3015.1204035679493,10210.840036623653,1233.21578681083,49090.46117264861,2041.0466971383962,2210.3326679129505,13.235327105948693,7.567892588546266,60.118961430356144,produced,PR0252,2021-11-26 05:42:51.428571432,Bakken,65.04243890379615,69.06325743890955,67.41103177768424,6.054949624617085,8.28779,0.4817762945642505,3.992,12.76156629456425,4.45414347809142,2.030010941953264,0.5964371975681668,0.9205635,8.00115511761285,-4.760411176951401,5000,-34.75100159174522,Low,205.3413881265161
77641.17247788681,157.15280318108304,1392.0996754312025,3792.416881161859,76676.02211668443,103.84388672890856,119950.68140110755,4544.575053612441,304.0540668621204,52.13065119778335,6.216618813279139,45.50871025950351,produced,PR0253,2021-10-24 07:20:18.045112784,Permian_Basin,74.49010719574738,76.07231684867241,71.11366048186768,4.507469010124522,6.936450000000001,0.3556861534943848,1.556,8.848136153494385,8.898196326918368,1.146384872116825,0.8539650072481418,2.7496905000000007,13.648236706283337,4.800100552788949,5000,35.04073403535933,High,81.2741774544611
85907.02650549253,151.66131366788815,2633.7730356290026,5441.9488867686805,35953.50930304172,1218.7431562440038,90163.19527588924,3352.0839576637454,914.567642474936,42.52737000178956,6.714587087843608,43.14417255448135,produced,PR0254,2023-06-16 09:44:39.699248128,Eagle_Ford,62.0810186969671,74.01821367638951,57.1567546184897,4.097651706647853,9.3131,0.3259071213448223,1.842,11.481007121344824,7.8679130570082,1.6910273515274348,1.092308984686583,1.9589415,12.61019089322222,1.1291837718773952,5000,8.243041534704986,Medium,82.06500638520212
120600.08210487054,28.644723157115855,3948.7174935834405,1976.6899740646086,51963.36893912519,1118.4494626854369,36092.455481163415,1406.3128934362821,1569.4587290733703,20.331129151835952,5.951324816922179,71.84150348870993,produced,PR0255,2022-06-22 19:25:42.857142864,Bakken,65.44732660472931,71.52915773169441,56.05544109158981,6.183309976820056,11.28873,0.5102745347924385,1.48,13.27900453479244,1.2793421209451363,2.461154570650038,0.4120508660291989,1.284006,5.436553557624373,-7.842450977168067,5000,-50.0,Low,70.9681950477812
54898.2024944032,96.97813755268758,5297.621000227873,807.9244714958082,21592.05685736833,1110.506604574619,20359.35932324807,1840.9396379737411,2110.1486253597627,9.95036118778807,6.508178784059992,41.68913434224919,produced,PR0256,2021-12-18 04:37:53.684210528,Permian_Basin,79.08290970186302,67.42221870756455,67.03600663659742,4.030972678884448,5.0,0.320493684974855,1.266,6.586493684974855,4.637993376763611,3.656591292365309,0.1497380055276301,0.6417,9.086022674656553,2.4995289896816963,3000,30.410936041127307,High,61.86225057713334
91226.89359871652,121.77712133992,3955.897052375525,4332.154749238806,37835.64783173242,936.9615328325247,40451.631808627106,3032.8739347583683,1230.4625700082872,4.863930937349647,5.426209914940703,40.883507013829345,produced,PR0257,2020-09-05 19:43:45.563909776,Bakken,67.56497600901318,55.054344594539685,54.87882651419302,5.252460929202356,9.54262,0.4025391414041093,4.386,14.331159141404108,5.277093078778287,2.3790871248332106,0.6863515031912074,1.2548865,9.597418206802704,-4.733740934601403,5000,-34.55630882259024,Low,206.5359708922892
135026.6151462809,167.49655505606594,2276.1252769297953,3575.4632329696783,48836.21894449331,1682.7033394806547,29773.14306669289,3708.209812556821,1756.606178051166,45.30992837455583,6.823537125125477,35.94079368963879,produced,PR0258,2022-03-23 07:56:23.458646616,Permian_Basin,84.64415176406837,70.3366900138021,65.9959941402443,5.557556083921888,13.77016,0.4386999915309607,0.64,14.84885999153096,9.005681368389459,1.820350356305913,0.8661330344989602,1.2288525,12.921017259194333,-1.9278427323366287,5000,-14.073251946057388,Low,32.96097533955671
100115.69757631517,117.77331141369318,4017.806565188116,2948.2507779175016,49547.441608155634,1157.1109499886868,56638.27486037697,2284.5973548108154,1052.9481142688007,35.137408696265936,5.5257759009690295,23.942482216362386,produced,PR0259,2022-07-25 17:48:16.240601504,Marcellus,72.520426077346,63.89893632506245,52.360701992340886,6.642242125106613,10.794630000000002,0.5164741252492239,2.468,13.779104125249225,5.143590727375217,2.8619228881800383,0.5178689294464686,1.617135,10.140517545001725,-3.6385865802475017,5000,-26.56168203580676,Low,133.65238240427337
86066.70369560353,103.63234238356443,4809.019365931565,6919.965265641969,57472.30229557426,434.3259598805301,52848.9331061872,3266.3478044451017,1261.0510774991872,34.62615603720758,6.682987682997717,57.24058266707089,produced,PR0260,2020-03-28 19:40:09.022556391,Marcellus,72.91348313269357,57.94405417003297,65.50342899901717,6.469347132606953,8.731020000000001,0.5212540742590738,1.19,10.442274074259076,5.096494293268532,3.3039957415962258,1.1916368572229792,1.6056915,11.197818392087738,0.7555443178286634,5000,5.515473520149243,Medium,65.10269408951733
110306.24731226817,113.0630047048004,3622.7235227899187,1618.4923269104145,23659.136959174724,398.46025233474654,56541.16745760746,1475.8780906381671,1137.7740516489425,13.631686891464488,5.373660809156272,25.837490368782582,produced,PR0261,2022-09-29 14:33:23.007518800,Eagle_Ford,60.90786848339338,66.11565659030194,62.83516835026083,6.313733253969544,11.05895,0.4939854657465093,0.2,11.75293546574651,6.017095721220977,2.198062648346615,0.3221948176958594,1.165233,9.702586187263451,-2.0503492784830595,5000,-14.967549732926331,Low,9.762556664353081
107860.58941861049,135.96142481881046,1487.2910028543286,714.0919773422864,21988.98386782247,313.8183298858379,72800.79461007174,541.1968728533204,1032.5872149326055,4.778334527464417,6.875739523658509,45.02816547354481,produced,PR0262,2020-01-04 15:49:10.375939849,Ghawar,83.91316873943165,73.38883305708262,52.84764288940771,4.781318099314984,10.30999,0.3793274294095755,4.74,15.429317429409576,5.077559250699982,1.0694699790573068,0.1541825993696248,1.3305225,7.631734329126913,-7.7975831002826625,5000,-50.0,Low,241.8437136581767
123930.96599110248,27.588644930862124,2602.274735775895,3255.6347022555183,8747.69132664899,1054.3615906115085,18801.481179198723,2064.6176932842595,305.13354344171654,47.17123224545956,6.209584232738008,42.73522447459878,produced,PR0263,2021-01-04 13:46:27.969924812,Ghawar,64.35583602211045,79.0419448674676,66.22759087161499,5.984816501904826,11.5144,0.492844864236601,1.96,13.9672448642366,1.2842457056278354,1.6293044232720928,0.7910992094005362,0.45,4.154649338300464,-9.812595525936135,5000,-50.0,Low,101.0571144408021
47381.663773824235,93.24628612101937,4866.012706681713,1168.3774124633326,51470.0909956005,197.6350263383493,62826.35979498016,2158.4164945687126,627.8623018396183,32.62553336238994,6.94774779936637,68.61898961038095,produced,PR0264,2022-11-05 04:45:06.766917296,Bakken,73.45851497026106,64.35262227805205,61.16392892585189,4.784907626379397,5.0,0.379169407490466,3.3760000000000003,8.755169407490467,4.470887479907211,3.452385656528737,0.2220358526459629,1.6563195000000002,9.801628489081912,1.0464590815914452,3000,12.731918826029249,Medium,176.14076200910893
43114.362275209016,167.36498559230134,844.8924302485532,3346.3632456677387,67581.06447189528,1476.2075775721655,38548.906412390475,510.75582738077185,1406.210054155697,51.41533607232934,7.949480943814868,25.254041236054118,produced,PR0265,2020-01-15 15:16:41.503759398,Permian_Basin,69.89186524896829,68.56808246762442,55.42787627042714,4.505666615090412,5.0,0.3715059660156084,0.2,5.571505966015609,7.408767081686644,0.6709619063900956,0.7181135276834305,1.483065,10.28090751576017,4.709401549744561,3000,57.29771885522549,High,9.385305448849149
125007.02086693795,72.47708221259904,986.3195607434066,908.3920144649126,73673.21787947102,1561.5955636456608,61943.52899377155,564.205096659903,1045.1785143336856,23.523548336370535,7.794929329030963,29.362878949877175,produced,PR0266,2021-11-07 22:36:59.548872184,Marcellus,70.38961751861514,76.28110958408962,58.83460389255443,5.534274245599071,12.51932,0.4513107090153278,1.516,14.486630709015328,3.17382094006307,0.6757403281787053,0.1908553361793922,1.970985,6.011401604421168,-8.47522910459416,5000,-50.0,Low,85.45999890341392
51027.38135489025,94.52863159468913,6368.471910957727,1685.9869900630717,41740.20389997974,267.06563987922215,82681.58461127419,2748.753694079966,1073.2796514657346,26.70433500324394,5.6272261319000005,42.79171402775221,produced,PR0267,2023-11-09 18:31:34.736842112,Ghawar,76.08250415090271,63.34998549875037,62.30255264097324,6.070850101024684,5.0,0.482925066520175,4.512,9.994925066520176,4.365190969258205,4.394184590137543,0.3229899010653788,1.8202740000000004,10.902639460461128,0.9077143939409532,3000,11.04385845961493,Medium,240.23160675119902
102825.95679507875,61.71016985521,3722.133593196254,6113.470615261935,16340.468994184956,709.0358716385297,20407.278762229267,1528.8620222681632,939.1792355063302,46.06456059504251,5.785121502784723,40.6811984757653,produced,PR0268,2022-07-14 18:20:45.112781952,Marcellus,76.55221692731193,58.55643112427038,52.28885568160955,4.196243850565552,10.10615,0.3327324238188033,8.174,18.612882423818803,2.7289135469386574,2.9563608792498286,1.1035018001799877,0.5375700000000001,7.326346226368473,-11.28653619745033,5000,-50.0,Low,435.9543450736971
69296.30906432075,9.63141140680431,3992.0787909430173,1579.4589697689303,11032.13740516478,896.536444863749,43500.36152361655,1873.6278978670666,512.1461527706623,45.01061396330401,6.582844990651928,35.65353622396468,produced,PR0269,2022-11-12 12:23:27.518796992,Bakken,63.85721537145242,62.04704578081723,73.94023707820885,4.030935633233952,7.0918,0.334405424269906,0.2,7.626205424269906,0.5900430918841068,2.5829988188891018,0.3143551527439324,0.773418,4.260815063517141,-3.365390360752765,5000,-24.567349633495187,Low,10.842422039830277
50436.632348823776,73.68377718126015,1055.4897712413565,919.2761476184172,62787.66062687007,1401.8765857714814,48634.47638193393,1367.4458352687896,794.8399691327389,45.43527741648644,7.3538446400468995,45.63932112178315,produced,PR0270,2020-11-07 00:39:41.954887220,Bakken,72.4896663280473,77.47807074520969,66.63905390530303,6.553375780139838,5.0,0.5082009648360295,2.5980000000000003,8.10620096483603,4.318050759334264,0.6959007967492541,0.2097253897002081,1.6122855,6.835962445783727,-1.2702385190523025,3000,-15.45456864846968,Low,134.7568981230246
109486.54738596891,100.90904893153997,4012.5267881324053,4904.810222018194,9511.72064026742,1948.332487280661,32326.800798100187,4223.969596690595,841.8118092085139,26.141816334851402,5.395484227235563,27.743524247845286,produced,PR0271,2022-11-23 11:50:58.646616544,Permian_Basin,79.76193622854642,58.98482771154595,52.5633745321924,6.69137991042858,9.8986,0.5262793402317152,3.824,14.248879340231715,4.114860699203244,3.426649351837134,0.8567074346480354,0.6685785000000001,9.066795985688412,-5.182083354543302,5000,-37.8292084881661,Low,177.45043714588576
95527.49303342841,51.60053282580972,3813.4005734094303,513.5948614787127,23483.695224423744,92.6736662433455,78034.01666243986,3902.0699697539194,1139.340317686792,41.19341250247783,5.907303985062709,51.27160036628485,produced,PR0272,2023-01-21 00:57:44.661654128,Ghawar,71.08216208880575,63.23052652516955,70.57155460821149,5.690418333627021,9.30413,0.4650658199220545,1.7680000000000002,11.537195819922056,2.776383758463492,2.4228212783645264,0.0948457897877543,1.5521969999999998,6.846247826615772,-4.690947993306284,5000,-34.24392035113587,Low,87.54003673713702
164985.93915599387,9.688905697241905,962.7499276878829,1033.9877070491375,27097.97120449412,622.6313905941089,31287.91700359288,503.64466858074684,1540.6532316282323,53.551904047520246,6.969066339500033,23.36153085299113,produced,PR0273,2020-05-08 01:41:03.157894736,Bakken,64.1451117706645,66.61600776250852,58.063873273653634,5.042631505025239,16.941370000000003,0.4229187223296526,4.7,22.064288722329653,0.4957841883344189,0.6157930729983794,0.2226506827446322,0.8667090000000001,2.2009369440774305,-19.863351778252223,5000,-50.0,Low,207.8401716512315
57906.503062958116,26.333301285230032,5689.519393394461,3243.650747383501,33434.08797551895,647.3593700216685,32854.09980316955,1277.8229465102324,1037.1919508102114,26.329762614995357,6.799173721571089,44.13884698729894,produced,PR0274,2020-10-12 09:55:29.323308272,Bakken,67.83042357891726,76.17783058727301,64.9199884178296,6.507536768727763,6.0007600000000005,0.5228759551038047,1.266,7.789635955103805,1.4091273006020422,3.808444947299093,0.834855698755101,0.999024,7.051451946656236,-0.7381840084475693,5000,-5.388743261667256,Low,65.13918629047663
140908.88145113472,114.02665122435558,3056.415204518545,4568.46616089675,34248.48671153686,102.45763904173715,28962.480051913764,3368.6909817516375,372.1958329662464,18.79082662818323,7.028716797388569,37.81429613601517,produced,PR0275,2022-03-01 09:01:21.203007520,Marcellus,65.30948910262676,78.44283209132436,56.92857103948933,6.1036868289737525,14.26044,0.4949160878660792,3.3080000000000003,18.06335608786608,5.719511060909623,2.0799139118309182,1.0299857624919255,0.9689625,9.798373235232466,-8.264982852633613,5000,-50.0,Low,163.4408442657593
110450.60994264742,185.9174682353336,2266.225537364088,5454.493080767228,38978.506077309976,557.925511489951,81356.72484514836,2306.2551596214557,293.209572941787,55.959396356224666,6.945606146249113,60.456894511809395,produced,PR0276,2020-02-10 06:00:54.135338346,Eagle_Ford,63.14543669787093,65.64525774083137,68.33514862286518,5.758261249866591,9.90969,0.4591026076235044,1.956,12.324792607623504,10.81903940244761,1.3383599533589707,0.9730596554923432,1.818231,14.948690011298924,2.62389740367542,5000,19.15445104683057,High,97.52258376237462
57807.72527945491,169.18324753776048,2630.3966914084153,933.3529158127304,9612.953188634636,1040.3684473790315,29521.02559942737,1759.7184683160642,2818.6443375263184,15.948940900331765,7.192447507094954,73.47899430997253,produced,PR0277,2022-04-14 06:51:25.714285712,Ghawar,69.43952818588384,78.29885120883789,68.07522437500256,4.905247544042375,5.85591,0.3967417092677032,5.438,11.6906517092677,8.84938433244896,1.4958940919915842,0.2362119743268221,0.6784005,11.259890898767368,-0.4307608105003346,5000,-3.144553916652443,Low,294.8157535089202
116807.8260250593,9.486562553325204,1054.7048067622443,4102.775205323685,32746.801903658856,614.8378228751201,63893.35774936745,423.44166797583847,289.64491131949785,44.979194143576294,6.755279584295692,40.6241942278362,produced,PR0278,2021-11-29 21:32:01.804511280,Permian_Basin,73.52340607995188,59.036477371443866,63.80108642181045,4.317318372638553,11.69699,0.3675188147976359,1.648,13.712508814797635,0.5091326696460474,0.705824698367538,0.6538880233661122,1.487517,3.3563623913796974,-10.356146423417938,5000,-50.0,Low,79.76405838560635
103995.71820618378,128.53510863810715,3933.404782568349,1598.9581030520828,9176.077857982851,103.73786558193065,111579.60164889293,988.1834083549417,768.237447823636,26.082362948885223,6.8743016299161965,66.1489626118565,produced,PR0279,2021-06-14 13:50:04.511278192,Permian_Basin,61.8187881319158,58.92130729740926,56.02313981178945,5.194784349852878,10.76295,0.4204815294251637,2.296,13.479431529425163,5.869958929315788,2.4846405146101613,0.2771304767426346,1.789068,10.420797920668583,-3.05863360875658,5000,-22.328025343923034,Low,112.7739382961076
93082.9438475492,35.620744797556256,3803.8110379967416,1288.0628624433741,59135.24618095763,2209.827142093666,46042.197118478834,1245.418449114768,1614.1809280104828,5.034730368183375,7.420482767587663,39.79458109424009,produced,PR0280,2021-02-06 12:09:01.353383460,Marcellus,75.09558430570459,78.73127049086995,56.34259518780364,4.815904173089502,8.64337,0.3888374182304508,4.892,13.924207418230452,1.8074479165866653,2.5402973800129085,0.3043829648447523,1.5159135,6.168041761444326,-7.756165656786126,5000,-50.0,Low,244.97622677348218
108774.13727863709,45.69032809210076,2553.902745335025,4769.8626952687455,22436.29772376374,943.7885161920212,76624.11699161227,2463.3890921266934,1529.693563898844,53.087894812572905,5.6018714163157295,30.70841351023707,produced,PR0281,2020-03-10 12:34:17.142857143,Permian_Basin,84.82561100424019,67.74200333820828,59.57156991737357,5.11316283116932,9.565180000000002,0.4014220610562706,0.944,10.910602061056274,2.143968887012292,2.126856295880396,0.997108095535755,1.5672555,6.835188778428441,-4.075413282627832,5000,-29.750516963183177,Low,41.12066560793736
63048.41864214398,52.13791537604874,6091.660912925507,1265.1300094611267,11211.36256627957,858.8555422372658,93967.68785275129,4249.805446851951,1596.2673041307519,4.366220147588112,7.95469317507652,69.77129524542919,produced,PR0282,2021-12-14 12:48:43.308270680,Bakken,84.10312330050209,59.64769588384885,53.62530418490713,5.430707995829332,6.11205,0.4437514532748878,3.1380000000000003,9.693801453274888,2.238073520278773,4.4866661393365455,0.2506813714910516,1.652109,8.62753003110637,-1.0662714221685192,5000,-7.78378138183019,Low,153.9778228687659
52269.6108555261,116.15427714571587,1056.4673481515053,3267.7225405250365,15198.426886252788,132.10317543642233,85138.78499905288,1015.4602209235399,784.8382309314745,4.845641662816737,5.450582832047936,53.87380968604299,produced,PR0283,2021-09-14 01:19:23.909774440,Ghawar,80.72933704997897,67.19975926438904,58.44139282977309,4.734269668525489,5.19685,0.3605825496683863,0.2,5.757432549668387,5.708274732926653,0.7750016356797981,0.616168032647036,1.431909,8.531353401253487,2.7739208515851,5000,20.24962221657123,High,8.259943561399671
115674.77430837888,135.7794142847224,1434.325033338272,2658.5730777708623,20123.59466784429,1027.1679866923,56330.24603167107,525.0691873763985,1254.688324921667,41.224908190366484,5.829780605643244,46.50163131433909,produced,PR0284,2020-09-02 03:54:35.187969924,Permian_Basin,66.65852782006007,74.58027888447629,67.10886503120781,6.050432371207561,11.53777,0.5134824032177181,0.8240000000000001,12.875252403217718,7.368875502978768,1.15601885286661,0.6289802400001191,1.0536615,10.207536095845498,-2.6677163073722205,5000,-19.47432904381721,Low,39.51135581549269
63350.81126111071,75.03518954517135,1208.6287534010926,472.70676634918397,70767.16382381569,649.338689216858,75965.82298844607,1675.6915954046183,1476.2121171012675,41.715443860988685,6.620258704362618,54.1286779357178,produced,PR0285,2020-06-13 15:52:46.917293234,Ghawar,60.56018991198418,75.6730091430881,70.77113200148554,4.611101699896198,7.60424,0.3549270708115442,3.764,11.723167070811543,4.184824423285442,0.7557911701015626,0.1135095137146321,2.0104605,7.0645856071016375,-4.658581463709906,5000,-34.00764468508232,Low,199.4662605893971
86063.2617190452,70.81623814118358,2603.859652777721,4739.949105347668,39823.50426751107,99.04888866145343,18117.915593237227,3183.5358013577984,875.1435743717709,16.9540141208454,7.517423393577417,47.116376096615845,produced,PR0286,2021-03-07 18:42:24.360902256,Permian_Basin,80.83854257207128,76.59923141623105,58.314557262334034,5.406352001920041,8.17967,0.4354384734610286,1.018,9.633108473461029,3.494779753820226,1.8954245412290585,1.0185093404490575,0.8987385,7.307452135498343,-2.325656337962686,5000,-16.977291267127605,Low,52.49361074704856
97096.30996460725,96.74978900515457,3168.1801267713195,3143.372909308624,44285.28067698167,161.03821471091752,28189.93828116015,499.9953909820572,1345.6090737514178,34.56361175235045,5.570390138471279,41.207400821222286,produced,PR0287,2021-11-15 06:15:20.300751880,Eagle_Ford,61.39300579946783,69.23927257718546,55.8397564563591,6.398774509889962,9.61929,0.4990331211393048,1.91,12.028323121139303,4.808037557869636,1.847624965255216,0.7520631308788729,1.0531469999999998,8.460872654003724,-3.567450467135581,5000,-26.04238841008974,Low,91.5236262246145
98478.30981837236,128.5211229938696,3583.3811429293387,446.6740766266142,64337.05649842471,1397.9850350803501,30380.729195880016,4704.8382056388455,2118.283260290046,4.961739309967386,6.539664181518933,25.865464580748863,produced,PR0288,2020-12-28 06:08:07.218045112,Eagle_Ford,65.14070203676926,76.67365035919701,70.81606445837835,5.468121784660394,9.56115,0.4364049698455031,3.986,13.983554969845503,6.447930137851374,2.4138538546745214,0.1150104755387955,1.445853,10.42264746806469,-3.5609075017808127,5000,-25.994624762999933,Low,199.86917594244042
47509.88232070703,143.9240391469443,2203.82154528238,3050.922245905206,25872.30719145714,1964.9469278515205,112440.73105920147,1949.2666299837026,1212.0626588839982,44.1421465395757,7.703518301998047,39.28689903332019,produced,PR0289,2023-11-20 17:59:05.864661648,Ghawar,73.61133038616961,67.75075522008137,72.26760068464803,5.256839277296053,5.0,0.4066452952612733,1.842,7.248645295261273,8.68503352916018,1.629648854434039,0.6208950211389138,2.247222,13.182799404733132,5.934154109471859,3000,72.19887499857427,High,85.16954226071027
132777.95742925216,9.932267927769177,1079.1314475901886,973.687587159947,59904.27658666449,1087.1610258462308,24793.912116868654,933.9353172503802,1230.9006067540286,35.61655197901705,7.88187031910204,51.11949546244837,produced,PR0290,2023-12-20 00:32:28.872180448,Eagle_Ford,64.4594509785911,70.17649755977693,60.25053808280161,5.3616345470963855,13.64501,0.4339739133974602,4.646,18.724983913397462,0.4807992939007568,0.7706050013149391,0.2008661889653495,1.192158,2.644428484181045,-16.080555429216417,5000,-50.0,Low,232.26189392138568
87262.2363455763,86.94561305385547,6332.581978831726,4853.480896914701,53887.07109494117,1533.4891246217794,26420.001079663278,474.45011649469734,1990.8306446452302,30.9882982437315,5.947497530713525,43.741296521494284,produced,PR0291,2022-04-21 14:29:46.466165408,Eagle_Ford,80.84470828246604,73.96799505679112,50.67260384624085,6.330264618838108,8.98473,0.5236809677297937,3.432,12.940410967729797,3.283463114987176,4.945367819288388,1.0416616871867668,1.159083,10.429575621462332,-2.510835346267463,5000,-18.32909802775248,Low,206.79900726933602
82392.86029025096,19.827838423765947,9033.595800863493,489.43705273113113,10230.876142607956,712.605593440345,21342.954727028653,3249.7492818652227,2001.982128782743,28.962072090859746,6.46338792894887,62.274385693104975,produced,PR0292,2020-02-13 21:50:04.511278195,Bakken,79.42899240649572,65.63588231776271,67.3740405223538,7.2683777319539375,7.689389999999999,0.5577036075881499,3.872,12.11909360758815,0.8548553009557294,5.965409628419885,0.098453823476644,0.45,7.368718752852259,-4.750374854735891,5000,-34.677736439572,Low,218.61429949368042
99523.25598316807,70.20092944024825,3471.78458573866,2103.523941850389,71514.00713264894,691.045451348944,66336.04513887565,1687.9933815109416,2477.6938667834047,38.54030651005639,6.174103906855855,50.745718990692,produced,PR0293,2021-10-13 07:52:46.917293232,Permian_Basin,78.89423764343124,56.83953717846937,69.60083090457823,5.873366161032303,10.22338,0.4714743894294645,5.482,16.176854389429465,4.271138509456529,2.489220493813451,0.3047167588137743,2.079285,9.144360762083757,-7.03249362734571,5000,-50.0,Low,275.10966080864125
108232.91441843273,68.49079688940083,1714.3085081396532,3172.5692073377263,10114.399474270293,1308.5281075809974,53970.57155739852,2134.889916219215,293.44524128163295,28.023411020021275,6.38982548233974,33.085691390396356,produced,PR0294,2021-04-02 09:26:36.992481200,Eagle_Ford,80.40319039743942,63.75415892144244,50.45060632911101,6.4227406273706,9.44617,0.5104265702356883,3.64,13.59659657023569,2.673236367681871,1.1473085011848378,0.6166302250881913,0.964179,5.401354093954899,-8.19524247628079,5000,-50.0,Low,184.04023666102188
119171.5269251395,73.37638745027066,6318.473978914184,2566.5563715506737,55511.99858724274,1811.1025332091892,85287.26395908302,551.4296023750555,1957.1535018899565,4.883730799350323,5.82007899498528,25.33516467033949,produced,PR0295,2022-05-09 21:35:38.345864656,Ghawar,65.4925445066153,70.598605419899,64.87577133353783,4.193246382130287,11.56825,0.3234772846782293,6.077999999999999,17.96972728467823,3.996710818465398,3.7414999978024026,0.5525117458766715,2.108055,10.398777562144472,-7.570949722533756,5000,-50.0,Low,283.06170706177915
97007.36232245817,30.793109717748166,1071.9235540346883,3801.298795901555,10431.60554661509,1520.6511335995497,72926.45211899704,1532.3034993596284,1805.5070265626373,81.27790981704662,6.124705017274677,42.49398802126077,produced,PR0296,2023-11-24 09:48:16.240601504,Bakken,78.22230940374374,59.80830924098692,64.70921895610438,6.435493899459782,10.65193,0.5312874582858974,4.822,16.005217458285898,1.6524146152630814,0.7509341702759399,0.7223468165198678,1.202067,4.327762602058889,-11.677454856227008,5000,-50.0,Low,227.56820522511012
112690.57587628839,9.495851585295247,2652.5413267252843,504.3367385782375,45453.2285408841,170.50859388211398,21646.715989461944,1214.1003835902432,490.73620131270764,56.16490170706672,7.3922650091509245,38.51518800291284,produced,PR0297,2021-10-27 23:09:28.421052632,Eagle_Ford,68.88203756479412,58.70963408749101,59.46769771869785,6.984739702814344,11.37138,0.5489719423827003,1.954,13.8743519423827,0.4745522277952089,1.541084050029626,0.0880644511312365,1.0504634999999998,3.154164228956071,-10.720187713426627,5000,-50.0,Low,100.17697857887401
132697.18549452774,9.21204152253959,1650.25947078593,6053.637839898715,82610.04429469854,799.4691247715909,23463.769492731015,1861.581659035031,1399.774964151948,4.6041185891909056,6.733167120985288,49.60941532804231,produced,PR0298,2021-06-18 05:39:14.887218048,Ghawar,76.67111898920999,62.32701361478594,68.74418314627094,5.624184610406875,13.90398,0.4580406420218169,5.586,19.948020642021817,0.5485785815072421,1.1834095210641773,1.0852005648524838,1.609944,4.427132667423903,-15.520887974597914,5000,-50.0,Low,269.0378254492411
101859.19291686564,71.89160249707281,986.8940874945183,3849.4144216907102,30842.048146815298,954.0101431713614,91087.41793780884,835.4370679299731,2193.500689925488,22.129077256643114,7.3833104985459075,34.62902358966691,produced,PR0299,2021-12-03 13:21:12.180451128,Permian_Basin,63.05054321577937,55.802786556945534,60.70447595285901,6.2365875722423265,12.0345,0.5009131668944528,3.528,16.063413166894453,3.492680587528506,0.605285214871482,0.5943498993393713,1.809531,6.501846701739359,-9.561566465155094,5000,-50.0,Low,187.56443919722736
87378.7170309694,48.51605832414833,2616.37790383904,4675.278079712651,28193.488164956918,591.9940934077924,40618.97885500947,505.9439335404291,572.817347358033,25.96017075419351,7.209339997930311,36.25166182297087,produced,PR0300,2021-06-29 05:06:46.015037592,Eagle_Ford,77.63966450161287,73.585572452173,66.9193987947841,5.5502431640838035,7.858060000000001,0.4430587383104179,2.21,10.51111873831042,2.8890309008886605,1.81863150128578,1.152217610570615,1.087383,6.947263012745055,-3.563855725565364,5000,-26.016146796627154,Low,122.64151874236295
52460.99889777002,42.01129526843974,1401.119404068353,4175.342216349706,51565.81302821703,1069.6205621455604,85322.45473017704,5055.853565898904,1726.300606048008,48.32569389527084,7.55802127810338,59.79391008345911,produced,PR0301,2020-08-25 20:16:14.436090224,Ghawar,84.30269319751949,61.46789005470847,62.9279326158788,4.6399413782497945,5.0,0.3886888977093415,3.5560000000000005,8.944688897709343,1.9785297149623684,1.0291942554171412,0.7834389926922868,2.038332,5.829494963071796,-3.1151939346375466,3000,-37.90152620475681,Low,181.93979828738483
157374.47267046862,160.01372276026038,2923.657407648193,2554.2476852276463,24907.778510088774,1200.2152751531682,44789.07971894345,538.0779088643993,1663.8778935518155,4.746130985714835,7.843647063777895,48.71110805372326,produced,PR0302,2022-05-17 05:13:59.097744368,Ghawar,61.09000913296791,58.10595991591499,56.2116151175711,6.40354486468818,15.17119,0.5245395132759231,5.224,20.919729513275925,7.150184896893185,1.7742298044476914,0.4317505245592147,1.0841205,10.44028572590009,-10.479443787375835,5000,-50.0,Low,263.0601630715772
76365.15529820356,29.23980072612806,2900.122757643043,520.5470137108088,75017.47328458163,1327.2802783459465,20901.67549487769,2355.208888354122,364.9445832564614,21.882943532643807,5.801840566855115,34.19665438354749,produced,PR0303,2023-12-01 17:26:36.992481200,Marcellus,62.34572252917712,72.47823539908589,65.1625215752533,6.025212174327125,7.549110000000001,0.463240810879026,3.91,11.922350810879028,1.4767912589642809,1.8281162389739387,0.1087173530986288,1.5214095,4.935034351036848,-6.987316459842179,5000,-50.0,Low,172.49853083309773
59683.455521544434,159.61552153202112,1774.380819405355,1373.5293456609897,40464.3734361322,1687.3051873156273,38612.41295093478,490.24673300013944,1131.9405371721095,4.785318530034385,6.103556431916047,44.13100939178602,produced,PR0304,2020-03-03 04:55:56.390977444,Ghawar,63.090919183450346,76.07320031358219,68.42271237114605,5.890702170534789,6.60757,0.4590519401099376,6.644,13.710621940109938,9.0092185379088,1.064348853898342,0.313322690131551,1.210605,11.597495081938693,-2.113126858171245,5000,-15.425826064650092,Low,349.5849286435562
48307.34001155597,172.84006154495853,2390.484915827904,5894.733597575883,28278.059353635326,596.4606584139896,18776.504580834346,519.6951951028727,1351.4766417721967,25.92388825406599,6.607396289346259,66.48843341038084,produced,PR0305,2022-01-20 03:00:27.067669176,Marcellus,70.76409762353254,55.49688989654446,74.34764183592509,5.966163963605727,5.0,0.4781917289218895,5.174,10.652191728921888,10.525038786031104,1.5346185267029762,0.9455171622343967,0.7193145000000001,13.724488974968478,3.07229724604659,3000,37.37961649356685,High,237.98925640042918
104345.27061118551,10.20129473361713,2680.1056156172353,4972.422255174418,18672.158996700713,108.19134633849394,28190.352518351116,1999.7257586238104,573.0168409637605,22.301388776976896,6.936763271112714,48.05909835143428,produced,PR0306,2022-08-20 08:32:28.872180448,Permian_Basin,67.26950462332634,60.83999426853062,59.502723670060334,6.615914613023779,9.85389,0.5254407597989237,4.046,14.425330759798925,0.4748317348870814,1.639201762419737,0.962044577369994,0.8178945,3.893972574676813,-10.531358185122112,5000,-50.0,Low,196.38057272942214
84262.50296067823,78.53315696505113,4159.154105618934,1398.2945018346888,12102.968867922069,1014.5418814567098,55513.31851870163,2273.0579126280245,533.2464520477978,29.97758185433425,6.151733174964534,53.936533877430634,produced,PR0307,2023-05-07 03:43:45.563909776,Permian_Basin,80.17300383851735,78.63080812173959,51.61181361665878,6.141027066326141,9.09555,0.4956574701850315,0.948,10.539207470185032,3.521422431251012,3.555602167994867,0.2974131686396677,1.0155615,8.389999267885548,-2.1492082022994854,5000,-15.689219876786243,Low,50.583872810933876
41138.80739312215,54.596677497099726,3064.8083651915204,534.74198360428,18572.002825950905,1870.4118470604774,63376.639747506546,4108.739365874672,1028.619091965216,16.784876916633902,7.713585456492743,33.70280345712205,produced,PR0308,2021-01-15 13:13:59.097744360,Bakken,71.84468098002404,64.63135339831938,74.6992805305338,4.8219392706263395,5.0,0.3706698066117789,2.64,8.010669806611778,3.338161448348495,1.8643522287081884,0.096947030097479,1.2698144999999998,6.5692752071541625,-1.4413945994576158,3000,-17.536967626734327,Low,141.51496543821546
101491.48312180817,9.398270540285083,4440.727744408359,1879.2868969068215,25879.145554531304,458.9297334259927,19053.68726927464,2036.2909768385728,1898.3423140391787,14.710061309194776,7.94728786464294,62.025134005766375,produced,PR0309,2021-10-31 14:58:38.796992480,Marcellus,72.1134335672138,78.46480158454828,65.5951664856384,5.368010686841927,10.3131,0.4320376506577567,3.144,13.889137650657757,0.5234494285553944,3.218728301063077,0.4883492321019115,0.6934980000000001,4.924024961720384,-8.965112688937374,5000,-50.0,Low,152.0665511690393
64426.58569419377,9.37660183258629,4094.1978401285724,1779.7599671516143,20670.285497698354,1258.946114640573,54059.68627747134,1719.7229815985143,1819.6060087715089,39.16895292504068,7.224512003824817,70.71204734931993,produced,PR0310,2020-06-17 07:41:57.293233082,Ghawar,77.92595253313384,61.85531345926694,73.66126145401923,6.989170744473159,6.507230000000001,0.5552715996766895,4.394,11.45650159967669,0.5878168664030734,3.1207286744373235,0.3571402088511154,1.08432,5.150005749691513,-6.306495849985177,5000,-46.03741970489179,Low,213.41128798846552
194440.3855470364,107.81738237925994,3881.314890479413,1853.8943127237794,17440.037311727534,1150.8954802919743,30452.203951338623,574.6876227085452,472.59712738518635,39.43126972546201,6.7572357001087,33.090444924189484,produced,PR0311,2023-01-13 17:19:23.909774432,Bakken,69.04922456339364,60.4516908892983,52.59567715027799,5.858404655110989,19.26126,0.4530945713030659,4.274,23.988354571303063,5.309375821289112,2.746347285970523,0.3628008228721237,0.7642065,9.18273043013176,-14.805624141171307,5000,-50.0,Low,203.23888897495345
65398.87567927147,220.06307568623632,6866.631650040528,3725.9124888433225,93386.55638446234,922.426180883742,33577.261656528026,4190.123259550498,1704.5518706322032,40.40977901298078,7.879855158701718,28.49823983322059,produced,PR0312,2021-11-18 22:04:30.676691728,Bakken,68.83018118551159,60.3527102931999,58.55084599676144,6.655808615708924,6.2225600000000005,0.5451788848329917,3.34,10.107738884832992,9.400783311209626,3.816407783742329,0.644041877351824,1.7702790000000002,15.63151197230378,5.523773087470788,5000,40.323543538536754,High,152.99708971714008
70609.10703394529,127.75065495287348,1016.9449469201577,3869.977655226045,10023.00436178615,784.2596172355886,60116.41280662687,3739.4068538856222,542.3912081170715,27.168875929469092,5.574979618561056,49.718444981053196,produced,PR0313,2020-06-20 23:31:07.669172932,Permian_Basin,78.92315969068702,57.13071651062346,53.34841747181811,6.741271601322608,6.7592300000000005,0.5152086767151335,3.24,10.514438676715134,5.713167384524956,0.7576623330305953,0.7288279766693255,0.9597075,8.159365194224877,-2.3550734824902566,5000,-17.192036422178873,Low,154.80141923293792
50914.85734333102,107.494770591828,1931.2706302018637,4376.776865770309,37629.7696812625,260.3275444809652,28913.395662623287,460.663460627699,283.28123838359795,20.418820380015134,6.620104073779709,58.96929120719395,produced,PR0314,2022-10-17 21:39:14.887218048,Ghawar,79.50104364591911,77.41080721272814,70.88775386455148,5.722675870446522,5.000900000000001,0.4798456260341021,4.44,9.920745626034105,5.622901701840862,1.567328095020091,1.040540588392049,1.082283,9.313053385253005,-0.6076922407811001,5000,-4.43615335770203,Low,196.93195950606574
147506.1912109793,84.58797689856117,6921.293840882944,3499.34591430055,49406.81559832732,98.89934525580013,92055.57109028194,1967.4636286510258,850.5256418963063,29.179380982848258,7.835147393948714,43.64468384901115,produced,PR0315,2022-04-10 15:02:15.338345864,Marcellus,60.35996931332049,79.49587556582253,72.0085685357329,5.29489328651872,13.61151,0.4038476486383412,1.2819999999999998,15.297357648638345,4.522325326322219,3.781875606915048,0.8088069371817914,2.1191565,11.23216437041906,-4.065193278219283,5000,-29.675910931000764,Low,67.16490180322758
62636.58489228029,164.70638371843603,2619.212704612801,497.6841922908748,52490.717468154784,132.35180812387208,83245.74631710311,1918.8969855558494,2078.563568521581,41.3698713711546,5.844996023852256,27.23414971083482,produced,PR0316,2021-03-26 01:48:16.240601504,Permian_Basin,63.594761896018326,78.86272018179095,62.53279249687552,4.858029857352856,7.008900000000001,0.3930366434061054,6.392,13.793936643406106,9.032111482663703,1.517360843677094,0.1182940802726864,2.045919,12.713685406613486,-1.0802512367926198,5000,-7.885834028586124,Low,328.4262820946815
57981.48080322321,192.98416250075599,986.8591083494082,1850.538776399159,34568.83263809568,585.0385015221209,68036.86633854825,1638.1242771702816,1821.586772860084,4.311883055461228,5.663826202524656,41.7735670786811,produced,PR0317,2020-02-21 05:28:25.263157895,Bakken,65.327454528712,76.30070349568186,54.66515544155076,5.8870851723352375,5.60034,0.474421055671421,0.2,6.274761055671421,9.112801675448484,0.6271435634756352,0.416052476021254,1.784844,11.940841714945371,5.66608065927395,5000,41.36238881269984,High,10.392370499409358
118246.31966208282,52.829737280539426,2746.743251154196,6577.884281703353,28830.187622458987,1673.6080579081602,31597.887159628335,3103.3585491368954,1252.7150763060288,39.0762764805176,6.742784722448349,53.51354703512982,produced,PR0318,2023-07-26 15:45:33.834586464,Eagle_Ford,68.79001171894691,76.17219769127438,53.17797422599271,4.997303438959948,11.32782,0.4238146978031386,5.91,17.661634697803137,1.9011338497689296,1.7131024262411536,1.6243416468873495,0.9620265,6.200604422897433,-11.461030274905704,5000,-50.0,Low,275.7581522138532
45661.53199871916,11.225648159349,3080.9964472095407,3383.6627462580527,49830.11594775938,784.0033875508354,22270.93676838666,3147.935630664839,814.3449810220981,40.56513849222533,6.651146606652192,37.98025429257018,produced,PR0319,2021-11-22 13:53:41.052631576,Bakken,67.28620208579882,71.5271366792247,64.70410275200517,6.308991298831957,5.0,0.5117008694760145,2.91,8.421700869476014,0.5163387399610012,2.1121838611233943,0.6970462523663807,1.0112055,4.336774353450776,-4.084926516025238,3000,-49.69993927830706,Low,133.32820631059914
98431.83342899813,9.977937040670326,965.4957207535524,3096.7124120493263,44493.266938900975,485.5694939506649,59875.93070535922,1708.002025640032,928.7478860891828,24.625018824371278,5.908532154393337,53.82836831184566,produced,PR0320,2023-03-31 13:32:01.804511280,Eagle_Ford,76.71300120970692,75.65534279876533,62.65940811463251,6.085427925307004,11.00044,0.502509617489647,5.006,16.508949617489648,0.5000220767547675,0.7364448116131864,0.7343712814790553,1.4118585,3.382696669847009,-13.12625294764264,5000,-50.0,Low,251.23762360024793
148096.94469598,162.16996750965987,4870.34051165095,3145.8534487679117,29351.42953520816,265.4594122696508,48363.86641606222,1649.0097851640069,1211.6901855651593,28.302933006223935,8.293123615062543,62.55563666594431,produced,PR0321,2022-05-31 20:30:40.601503760,Permian_Basin,80.70338084507395,60.2085591085762,67.36972755919169,4.846404053311559,15.6256,0.3949113168172434,3.728,19.748511316817247,8.564134084943031,4.391219446001228,0.5814340553115203,1.1102325,14.64702008625578,-5.101491230561466,5000,-37.24088598309871,Low,187.23641026747055
102678.59225694207,73.7909060384734,1426.856816746942,3386.2285787516485,10038.228248037049,1150.2285722898614,32454.24015234588,4351.701707844853,306.3805858127007,4.944224498835237,6.24413799436071,49.39799851809182,produced,PR0322,2020-05-22 16:57:44.661654136,Marcellus,64.8021745589006,64.6978157596782,57.63018156549978,6.083024720180533,10.76643,0.4886549079348228,3.692,14.947084907934824,3.550341913451553,0.9783158372287402,0.6464864541970086,0.6260295000000001,5.801173704877303,-9.145911203057524,5000,-50.0,Low,182.6969792888777
116344.43810605418,93.75408678945617,4119.848063359278,503.6077377535797,24374.078129845624,1507.6029857170984,19970.134665716476,4029.3666965001225,897.8174039495983,19.93890421551395,5.49116386194151,44.47503526373698,produced,PR0323,2021-07-28 11:40:09.022556392,Ghawar,74.07450151504871,71.0209073323687,60.05919987560905,5.641216406279296,11.05159,0.4386920456233241,4.1080000000000005,15.598282045623325,4.361378976566978,2.600619451110573,0.106531360998553,0.6495285,7.718058288676103,-7.8802237569472195,5000,-50.0,Low,201.2378095556171
114648.7745174508,9.49797266949427,2840.765210040552,2024.3924532901358,10219.987195260828,1382.4562365183945,54497.1172350548,2175.498667448955,1108.269572051304,69.48999825749846,6.93224951036939,58.16991134413353,produced,PR0324,2023-08-06 15:13:04.962406016,Eagle_Ford,69.1954062770259,76.8692833140399,50.53402684627893,5.000829191734996,11.98024,0.3975901041953593,4.618,16.99583010419536,0.4032615342333059,1.6925749938610748,0.4660584647330239,0.8813175,3.4432124928274046,-13.552617611367957,5000,-50.0,Low,258.5512688948744
144193.5309601329,29.849186230169135,1004.6052054054273,2296.8231320714763,19681.444268088973,1100.801517564989,43573.855276748196,483.7164099790822,313.7751715949688,33.92628621518815,8.00438807857962,32.25519921065673,produced,PR0325,2023-03-20 14:04:30.676691728,Ghawar,72.64444687615155,71.5117365592196,65.25357612688822,5.2872563928325995,15.33883,0.4191119822635136,2.342,18.09994198226352,1.8121179104741365,0.6973866900110548,0.5200762553005803,0.8429834999999999,3.872564355785771,-14.22737762647774,5000,-50.0,Low,120.59212702166704
127684.54398706478,56.536695215025304,1116.4052013032885,4956.836693176894,38086.82767057517,104.5735786865712,67748.1530968181,2417.1338513872824,529.1417739676674,25.196961009345564,6.8205543507771775,27.716152645075354,produced,PR0326,2023-04-26 04:16:14.436090224,Permian_Basin,75.51894604458485,75.97554895835515,60.57858803366194,6.466314495242009,13.33958,0.5348844481309429,5.07,18.944464448130944,3.0116887355287165,0.7249818820280146,1.1539926131284566,1.597215,6.4878782306851885,-12.456586217445755,5000,-50.0,Low,288.46968805657286
110619.7838076188,92.63657554233257,1117.1403491520955,2595.696695130955,40834.43036126333,544.8346360100617,60159.817810451146,2963.325693726352,1483.81751372156,29.512701871374304,7.441719455311254,39.592412635337084,produced,PR0327,2021-03-11 10:31:34.736842104,Permian_Basin,82.33999546705027,66.84873789623244,72.9941158453362,4.9443643846293615,10.25868,0.4062842461094096,0.8320000000000001,11.49696424610941,5.3880606611234905,0.8930661780352646,0.5204775883862761,1.7088240000000003,8.510428427545031,-2.986535818564379,5000,-21.80171147551996,Low,45.29522615405692
121266.31954071013,51.65829896618134,5083.187661163141,451.872016839152,73467.05595795435,2152.1004168314334,70830.00588345602,447.43570763795566,1174.6526271098057,34.64980886601202,6.1312213873296315,37.40567684420058,produced,PR0328,2021-03-18 18:09:55.488721808,Permian_Basin,64.80731669568202,72.93259344262611,66.04465744262012,5.1245705258463445,12.11557,0.3889758255966699,2.99,15.49454582559667,2.956674015459729,3.217325537552452,0.1093988901639391,2.4380295000000003,8.721427943176122,-6.773117882420548,5000,-49.44376054167,Low,167.32473024077152
49372.62141125081,17.716172278717735,2715.599895712414,3251.405770861565,20506.23856773845,1550.7540312643082,21850.633389023722,2384.435237880145,960.2570410699736,43.63735396457959,7.888627365119242,31.135328256381207,produced,PR0329,2021-07-21 04:01:48.270676688,Marcellus,62.17516467640151,79.49952015937717,59.96736228624235,4.943919125015529,5.0,0.4044337329704331,4.672,10.076433732970433,0.8518004008587009,1.6145049881587057,0.8014028629186174,0.6234720000000001,3.891180251936024,-6.185253481034408,3000,-50.0,Low,216.03038484454663
115158.05724064766,30.42505562618612,1939.1931118147957,916.617586683424,58080.38558980916,100.14351210557368,61827.361510137176,1450.4088052226082,435.68109515406394,26.952495001854466,7.28720412469482,70.89989309499431,produced,PR0330,2023-09-26 20:41:30.225563904,Eagle_Ford,75.68029797613382,58.83721392824394,56.58972952183376,4.874591053131272,11.60517,0.371508424690086,4.99,16.966678424690087,1.485718076812128,1.4213123225348214,0.1575189891286946,1.7459595,4.810508888475644,-12.156169536214444,5000,-50.0,Low,259.85973135778056
54522.21117014283,144.14837187729123,1113.7659198122703,455.289718865413,37943.039831769216,766.6170973284385,28537.41168483594,1597.0536111748006,2401.5193638850906,37.45689209430011,8.03463117697321,72.29612624851555,produced,PR0331,2022-02-07 10:06:18.947368424,Ghawar,69.85327121931566,78.17301730789725,72.63212356519097,5.59282345135427,5.0,0.4507123969751188,3.922,9.37271239697512,8.838966277265916,0.7583047593101007,0.1172595259618459,1.062375,10.77690556253786,1.4041931655627415,3000,17.084350181013356,High,190.17315513258796
66631.42429078698,100.35563281621305,5823.888192922777,899.0350271741651,69262.36259850979,978.1920348460343,17493.088609860602,602.7915417428056,521.6084089284707,62.20924760211221,7.422752141806276,41.522567143712244,produced,PR0332,2022-12-19 02:35:11.278195488,Bakken,64.07256733232471,68.05909869604757,50.40662685293608,4.442614220568455,7.031910000000001,0.3553847447174077,2.214,9.601294744717409,3.809259035252491,3.316785646330508,0.1698142571565083,1.3109985,8.606857438739507,-0.994437305977902,5000,-7.259392333638686,Low,97.81041637367498
54604.27901829037,118.72166859367204,5990.704494763977,3903.6094482494304,50659.518663692805,349.1790549438215,35183.659290407144,1966.3426980597083,1268.7717552960341,59.99675487618327,7.704432129026153,46.055619939830166,produced,PR0333,2023-02-11 23:52:46.917293232,Permian_Basin,62.92717918387112,71.08045076825145,58.1728116813098,6.659521879988707,5.0,0.5161865087448599,4.794,10.31018650874486,5.417436164320666,3.5813518951071504,0.7644702480125443,1.2982140000000002,11.06147230744036,0.7512857986955019,3000,9.140643884128606,Medium,264.8014371819721
102546.25166055592,26.082343102260516,5637.296958388912,4580.171988958419,10813.853641080335,107.61664724246012,80363.77635676846,3679.797579901287,762.1775915873764,82.5988328614795,5.7980278469746915,44.41844690431807,produced,PR0334,2022-01-27 10:38:47.819548872,Ghawar,73.97274467185075,76.94672517276283,73.58763959470087,4.855190075000486,10.10572,0.3741392593389503,1.662,12.14185925933895,1.532668639950511,3.813087864148825,1.1582405806630125,1.3809165000000003,7.884913584762349,-4.256945674576602,5000,-31.075703424409195,Low,81.39159057797035
58579.81563710526,10.615274781149456,4272.596377862435,3795.2761720331932,10126.237083464723,817.0044356388505,39395.33132929661,1137.828210235422,1264.3158992715735,18.260602226539667,6.608059166754916,61.83548978757551,produced,PR0335,2022-06-19 03:36:32.481203008,Ghawar,67.51176486320489,65.24135431380792,66.35082517453935,5.774903094594396,5.92451,0.4635332066095149,6.502000000000001,12.890043206609516,0.5294795848928241,2.5826652653124977,0.6783600297486805,0.7324560000000001,4.522960879954002,-8.367082326655513,5000,-50.0,Low,301.08905220002106
152106.9745972851,50.235030434567676,3676.9712084893667,3726.1691230061265,38758.984121971436,292.16845385078295,94258.17566829074,3170.1033056268457,1567.1427544772114,57.009029147568576,7.920354365328206,64.07905447092365,produced,PR0336,2023-07-08 08:39:41.954887216,Marcellus,84.93565948964945,65.46731437225127,63.31797678208248,4.324118705004912,12.94458,0.3500061197407744,2.83,16.124586119740776,2.455648429944149,2.9188241306409424,0.7392569138914612,2.0961765,8.209905974476552,-7.914680145264224,5000,-50.0,Low,137.3937449345217
93173.31772315328,30.835264050852683,932.0810071864233,3547.057011561779,20325.483179824838,345.9295741038388,61640.08633812565,705.2601555979271,293.516002384939,13.497054452782299,7.949729332824282,24.07989600468859,produced,PR0337,2021-02-17 11:36:32.481203008,Eagle_Ford,70.14752048326785,68.17954590867751,55.088367948010685,6.923724592318762,10.06077,0.5548287555714383,0.2,10.815598755571438,1.2308944934303512,0.6734161966393715,0.7048605994676806,1.3238264999999998,3.932997789537403,-6.882600966034035,5000,-50.0,Low,9.442643114058328
126746.15582765499,97.65201403026818,2270.8529842885823,2608.739084098909,9624.078660960056,600.5327390053171,36080.6145387321,3222.941120823661,1118.4782348261376,37.29394821766266,5.701350675173444,51.68645747125219,produced,PR0338,2020-05-19 01:08:34.285714286,Marcellus,65.30716521912957,55.477552112421264,70.83436935635967,5.418107727932237,12.99638,0.4290981101344753,0.61,14.035478110134475,5.70345591870924,1.5726383350623805,0.4498175402827228,0.7300425,8.455954294054344,-5.579523816080132,5000,-40.73052385738496,Low,29.018954839138416
45686.490662926,242.48138787576858,1649.2998241137175,4145.49709769168,9623.439223566802,663.3576631905847,91974.23389932781,1951.938246649481,2390.202885419434,41.47444854428256,7.283124063107216,24.81541465477093,produced,PR0339,2022-01-09 03:32:55.939849624,Marcellus,75.72122612793194,67.41665452358377,55.1049765648194,6.639422855953942,5.0,0.5173211217821155,3.088,8.605321121782115,10.99344282468147,1.1865576711227837,0.7875411331481484,1.4220225,14.389564128952404,5.784243007170288,3000,70.3749565872385,High,152.00491055890592
134971.81094986075,110.61585015961212,988.0120586622546,514.2132906597034,38524.76632505552,753.807305167015,64447.60130121986,2489.124180512581,2456.14812431411,22.018150656260563,6.4980963964828335,70.25562433356323,produced,PR0340,2020-11-14 08:18:02.706766916,Ghawar,66.10637224226267,62.27718162485576,56.20633828803125,6.306743704505736,12.65354,0.5044754805559961,3.28,16.438015480555997,5.458568472983416,0.6346211735257216,0.0934157724372836,1.5357945,7.72239991894642,-8.715615561609576,5000,-50.0,Low,183.86975841615364
189245.1094728002,236.86700361723584,5145.384995464828,2567.0598403423,66762.36361368094,253.38698414012578,22966.915625366044,2172.9743324750225,1115.3022001731206,34.93935519447078,6.162229825054286,51.84458142473077,produced,PR0341,2020-04-27 02:13:32.030075188,Eagle_Ford,72.35215108077902,78.19885455979454,54.79627857179638,6.2550980335083715,16.92343,0.4912863313149629,6.94,24.354716331314965,10.678238479331675,3.552154904085235,0.638618765648018,1.4207385,16.289750649064928,-8.064965682250037,5000,-50.0,Low,330.81515481013105
129075.375799285,121.80561714579363,1606.492620207355,459.21793000121494,27334.539717271367,634.0259428258418,99109.29942652924,2819.0392725103975,1191.181773757501,46.3998180316662,7.149493279517716,32.65432595479058,produced,PR0342,2021-05-12 15:27:31.127819552,Eagle_Ford,72.06440459302519,57.19338246882578,53.953736514238045,6.800694697485286,11.55663,0.5185675690891063,0.924,12.999197569089104,4.9125848263471,1.1126513463068388,0.0857900737032386,1.9582095,8.069235746357178,-4.929961822731928,5000,-35.98872130594307,Low,51.56608132808486
126605.06919295577,46.040162697662346,6367.025957277648,4332.501075571713,45140.87678824258,97.73422072171168,45836.45575331513,527.1281294110975,2976.6401793440737,17.773013978907876,7.94652720029652,42.03558643555173,produced,PR0343,2020-12-02 15:23:54.586466164,Eagle_Ford,71.33894074289343,66.48301155049505,73.83281239947007,4.35059567602072,11.6614,0.3441112660783294,3.0780000000000003,15.083511266078329,2.4863642572395945,3.6926633720794273,0.962501151421137,1.6131180000000005,8.754646780740158,-6.328864485338171,5000,-46.200710742968646,Low,163.0445188030874
90514.21359221033,107.68263540219615,4319.942706187674,2234.718022339441,35500.34260479783,968.191710071763,48712.38642959861,552.8962979721122,2175.4216902525277,63.3811291947569,7.333720927177776,42.45131053818714,produced,PR0344,2022-01-05 11:43:45.563909776,Permian_Basin,79.90214240673937,78.68670425943402,65.05078990353272,6.091920938180964,9.17839,0.4828393273932709,0.882,10.543229327393272,5.237772511610628,3.6538930114032286,0.5206777907551008,1.245108,10.657451313768956,0.1142219863756857,5000,0.8338205005425056,Low,45.32329031679024
62376.582938182284,163.33914715299957,3540.4188509602445,2664.5630156886955,10829.614122007539,95.44444441452077,22857.901049002696,2541.8528781650734,638.4627357690974,5.906286401086167,6.100565988345855,54.30102534644922,produced,PR0345,2020-09-20 11:00:27.067669172,Eagle_Ford,65.4153250366546,77.52588125796194,65.94592830025235,4.578873298937036,6.40132,0.3837985364657075,2.014,8.79911853646571,9.830322126376736,2.5831622208554403,0.5958406655843181,0.51501,13.524335012816495,4.725216476350786,5000,34.49408027736073,High,105.97349810734346
101942.41054192258,204.19066729541052,4324.119061616102,522.7837987572805,56726.28735973681,593.0613399893036,87472.15575292127,525.795799944471,704.4735809784435,69.49680840460857,7.26550888113953,58.40134210998732,produced,PR0346,2020-02-24 21:17:35.639097744,Ghawar,82.60768262676174,72.53371105936375,73.8581366419696,5.855859911449683,11.54477,0.5086091993759816,6.367999999999999,18.42137919937598,11.186582919047371,3.35120203434403,0.1088005665890456,2.0813460000000004,16.72793151998045,-1.693447679395529,5000,-12.36216805958736,Low,318.7043574356092
57125.55737313627,39.64431818487846,1722.7770552338152,4496.257637796497,9514.363374752274,1329.855857143507,80587.55223930847,1183.7178936066698,2129.0013958682634,52.016674626149474,6.476198290237518,23.946008918071417,produced,PR0347,2022-06-04 12:19:50.977443616,Permian_Basin,79.78351258033835,69.73402629990187,55.76437637813907,6.950657581265801,5.0,0.5496485023634934,0.728,6.277648502363493,2.0247487419138515,1.3552218927326465,0.9484594651075952,1.1327745000000002,5.461204599754093,-0.8164439026094001,3000,-9.933400815081034,Low,39.67685566464401
70531.64934128003,101.18505384795132,6864.283189492181,3450.6077785541906,36392.66607730937,166.3297941831638,72228.77135184662,2042.6017582126735,439.436967851385,30.96340939286871,7.037347887457074,71.4014798668589,produced,PR0348,2020-06-24 15:20:18.045112782,Bakken,68.32805910608309,62.018273428321,50.1479384649423,6.685396207123624,6.8289800000000005,0.536357487162247,4.174,11.539337487162246,3.80971882600628,4.405159166771733,0.6985800337239505,1.566267,10.479725026501963,-1.0596124606602828,5000,-7.735170962820065,Low,216.98301466606907
48278.15083295681,9.742550831400262,3212.4426720172582,3441.3534921195296,24095.87435447885,1202.6690822947414,41433.93865248921,674.4387845558289,2051.359155079706,23.85861192525537,8.057948497671735,67.03503356968952,produced,PR0349,2021-02-02 20:19:50.977443608,Marcellus,64.51506265700347,64.17392781881136,64.97209123925728,4.277756959299715,5.0,0.3475885333936799,3.786000000000001,9.13358853339368,0.5184772880892731,1.9114832436317744,0.6957544732332072,0.9185415,4.044256504954255,-5.089332028439426,3000,-50.0,Low,167.24151103242693
62139.04635645788,135.8684644908104,3927.844943766866,944.5006897316906,60982.26335546734,1614.524733286053,78009.9566197416,851.810575313248,1471.6814102429066,20.611449768127297,5.469329316852082,31.532998383295293,produced,PR0350,2020-07-20 06:04:30.676691730,Eagle_Ford,66.98837561266853,57.25337161885318,62.696121330603965,5.145980632402584,5.68537,0.408692580961477,2.952,9.046062580961475,6.479079874425944,2.3176263059567628,0.150118340384633,1.9852485,10.93207302076734,1.8860104398058617,5000,13.767876210582791,Medium,150.66087496028712
103145.08706162112,157.04539623012627,1522.2502169209429,920.3806056553851,9948.210652924612,103.55661400094552,73943.68696170136,2341.464347219211,1864.067364233802,27.03028084954283,7.863321354747323,44.3368573763456,produced,PR0351,2022-05-28 04:41:30.225563904,Bakken,68.31590617272695,74.65270744395593,61.94125943495735,5.083739243304227,11.068180000000002,0.4074374617274239,4.038,15.513617461727426,8.561124455039423,1.1160960875975685,0.2133649031455704,1.3103159999999998,11.200901445782565,-4.312716015944863,5000,-31.482826916397507,Low,212.97989242991463
108210.51153763139,89.15529490544905,1093.3635433325535,2976.787630880111,43488.882670401246,630.2240482821069,30665.7821479117,3295.248497941141,1073.6156983334993,30.04368938098603,5.735952958782228,67.29702934362997,produced,PR0352,2023-04-29 20:05:24.812030080,Eagle_Ford,73.92332922017617,63.09674419759529,51.54700528115498,4.514635527408049,10.52157,0.3493511039262874,0.68,11.550921103926289,3.3894836416634027,0.8073846878764266,0.5578761734974584,1.120626,5.875370503037288,-5.675550600888999,5000,-41.4315193864897,Low,33.3121770997291
85984.74750473071,35.89807071090631,4073.290549205891,1027.346661892381,12805.3931733666,103.66609435789698,22492.89403926879,541.9618127437302,666.021574793901,51.951977649073825,7.930129164632276,64.30597289246943,produced,PR0353,2023-08-02 23:23:54.586466160,Marcellus,61.15920422034125,71.69454747575519,61.36087166436961,4.305471939000286,8.70365,0.3435502528032386,6.312,15.359200252803236,1.958639023526678,2.3218578144937103,0.238957926736692,0.5100764999999999,5.029531264757081,-10.329668988046157,5000,-50.0,Low,318.38924473999623
95920.85461926747,96.84594867401219,3620.257971582994,3449.1952282611505,18368.4707620565,760.0051482392204,76078.3527879714,1119.9217325587238,2266.927977034617,70.13906560624187,6.137374343264995,41.08758728973553,produced,PR0354,2022-01-12 19:22:06.315789472,Ghawar,82.85897824630133,63.93986942996533,57.18898912726748,5.0391661043389195,9.1816,0.4123736323926036,6.8500000000000005,16.443973632392606,4.63670023367364,2.732357666650033,0.6463937160152916,1.3449540000000002,9.360405616338964,-7.083568016053642,5000,-50.0,Low,327.8067295776811
49777.492612848575,97.66400448589759,1639.5284892077418,483.9810403412323,9273.021400074971,771.4856970104506,19194.52768473969,948.6170954420924,1069.732554327154,31.35984807265477,5.568907865158741,56.35033161742802,produced,PR0355,2022-08-31 08:00:00.000000000,Ghawar,62.46687141652777,66.60826103490656,56.86411693060783,7.183443018198677,5.0,0.5580971721191628,3.094,8.652097172119163,4.76464435761563,0.8523279777053848,0.0999123915523598,0.45,6.166884726873375,-2.4852124452457875,3000,-30.23675141715708,Low,139.7816917704877
62978.05075069817,74.47428511967588,1066.8992779779708,1636.6292552065663,94103.0045130747,89.53361688887792,55527.46803204411,485.73187975019226,809.6358344013809,11.466931536046364,7.432251078576057,66.11343656178263,produced,PR0356,2020-11-10 16:28:52.330827068,Marcellus,66.98183485250087,68.87506180940987,55.55953950447732,5.669654062558493,7.00975,0.456546236255906,7.846,15.312296236255907,3.76416991333624,0.6430256145840083,0.3150827452595073,2.127945,6.850223273179756,-8.462072963076151,5000,-50.0,Low,349.7251007473572
58051.39579609968,91.30015552661919,996.0247982879606,6423.457171793986,47388.83896840383,1956.0038795580983,32922.55910134196,2084.998712488075,1222.3884171792065,19.167420583654437,7.189253747604219,45.758033055389454,produced,PR0357,2022-05-02 13:57:17.593984960,Bakken,62.73218594882417,75.0463102097651,58.313208993864265,5.957994463155875,5.774590000000001,0.4692275908650215,2.202,8.445817590865023,4.220628428483304,0.602228985108712,1.3718840737896107,1.2801975000000003,7.474938987381627,-0.9708786034833956,5000,-7.087413805428788,Low,98.25381702366026
62942.80132039415,78.39926618210167,5056.1952302585105,3261.7506724566388,15628.82907980479,971.0757191953896,91556.8321307303,3318.3881438649983,1386.0943109633058,28.623853596726548,5.686257689666862,36.09798223650353,produced,PR0358,2020-02-02 22:22:33.383458646,Permian_Basin,66.41682066314151,60.27890943851701,58.82832687858531,5.335529192971315,5.86376,0.4330445384044837,3.8,10.096804538404484,3.2673723374981303,3.4381384517938365,0.6110473049782469,1.5356445,8.852202594270214,-1.2446019441342706,5000,-9.085594192180176,Low,198.89829507485805
108760.21338634222,165.89833450562364,1703.4462362341974,2808.475936847536,10458.888050801917,267.78347225644177,42369.96886726079,3335.213402207717,388.9010421917552,10.009179454170207,5.380407699759371,45.367930428209796,produced,PR0359,2023-03-05 22:47:49.172932336,Permian_Basin,80.94184546522021,64.96913467074641,57.71939440904994,5.87027641265476,10.89831,0.4789593325529654,5.864,17.241269332552967,6.439198728031376,1.3780834841526532,0.5522896200090811,0.7232204999999999,9.09279233219311,-8.148477000359858,5000,-50.0,Low,242.0894582172842
53324.05632208076,125.04467241292784,2225.8537853170305,6220.880165817198,25466.48045720885,1508.617888443942,83450.04272527622,648.5325507483077,734.6556209131601,6.363303291514928,6.70340668358504,48.973321312128505,produced,PR0360,2020-08-11 04:59:32.932330828,Eagle_Ford,75.37939528458105,58.25203929729544,74.46881789298772,6.887333279736576,5.05797,0.5495988993787446,2.082,7.689568899378744,7.380723691482642,1.6804419046065997,1.1307594608194504,1.587405,11.779330056908696,4.08976115752995,5000,29.855256449968635,High,99.2433607722171
56362.08971455207,22.641521474349258,6171.34359502398,450.31983812092466,57830.53274443232,99.38712517482593,32958.52447438384,443.54441152480604,674.4916932686614,80.69259915091727,5.694429437633271,37.10898414123904,produced,PR0361,2021-09-03 01:51:52.781954888,Marcellus,65.68308062723702,56.894012623031486,73.31827713773718,5.768312995726581,6.0812800000000005,0.461287508867454,0.236,6.778567508867455,1.2286676882741996,3.72073107702852,0.0853410189345472,1.3124355,6.347175284237267,-0.431392224630188,5000,-3.1491632398003726,Low,11.167570386387318
49908.08722355552,19.715184518306955,1017.9898211910081,817.2177686226154,9319.365497328668,98.36845965564424,82016.42576440437,2042.2845126385407,2068.20936644926,34.66198186533071,5.619352636051001,52.493313266614884,produced,PR0362,2022-03-19 16:07:13.082706768,Marcellus,81.79396324498344,70.1168589042198,64.36275248812156,4.255503272425757,5.0,0.3356092303330864,0.2,5.535609230333087,0.9964126438191075,0.7852220471518411,0.182878791393986,1.3499955,3.3145089823649347,-2.221100247968152,3000,-27.023386350279186,Low,9.802488324808774
70033.57400593798,66.95944198910524,1402.7546434434594,1721.2559490090146,27182.41669560454,97.07914244274325,115077.53244519653,3114.7622890858875,482.7161853454493,11.514497791866042,7.05430331461439,26.363354656708708,produced,PR0363,2022-05-13 13:24:48.721804512,Permian_Basin,80.01780148046211,59.72727610897257,74.52637096025775,5.434517050864615,7.323510000000001,0.4382937366003676,7.122000000000001,14.88380373660037,3.847841248500684,1.1875922024524264,0.3041969899506081,2.1490590000000003,7.488689440903719,-7.395114295696652,5000,-50.0,Low,309.8247307547403
52614.43294036648,121.22535962709979,1417.8745871018668,4312.706520832927,92358.60287032803,1869.6196440564931,20113.601364589467,2383.291682071549,291.3703633919489,39.22780970549468,5.735263340625201,33.55738858354748,produced,PR0364,2022-03-05 00:50:31.578947368,Bakken,78.84123205803951,56.49498354815247,74.77995025797975,6.593816279489599,5.0,0.5582603055804684,1.942,7.500260305580468,7.411560517988787,1.1069308980948749,0.7146671913824835,1.48899,10.722148607466144,3.2218883018856754,3000,39.19964100627571,High,99.84522737995198
88362.45858474704,90.11396370690485,6619.173200865489,4295.506519178037,11588.294128161619,922.251970440278,59496.204810483214,2187.392653834998,298.31712157452404,5.870826458613119,7.2679747857056975,58.16852889481871,produced,PR0365,2020-12-24 14:18:56.842105264,Marcellus,81.19081745964283,77.42744828016014,58.89849275043257,5.0951860955607975,8.81681,0.4129766529426231,2.628,11.857786652942623,4.178388652399737,4.860614944896756,0.9875019326203344,1.0314165,11.057922029916828,-0.7998646230257958,5000,-5.839011748088309,Low,119.68946149651725
52415.257867178145,42.95761328594943,7158.789617921293,751.7788310191838,37497.821455568635,1159.2089932680092,130851.81135883954,3571.8184469621615,304.0534647870768,8.563026229429683,8.123051601891868,24.762205640459545,produced,PR0366,2022-04-25 06:18:56.842105264,Ghawar,75.49124203795787,68.35786049463489,61.12968864349361,5.9193309781058705,5.0,0.4625314969314734,0.774,6.236531496931473,2.019553749652827,5.063445214759718,0.1574965105796387,2.5420965,9.782591974992185,3.546060478060712,3000,43.143735816405325,High,41.76768660978141
95971.9705438738,91.82489827625746,4682.346449925698,4789.548190686268,82071.26919638085,1017.20849675143,55622.815590000675,1004.4090944041201,2124.016458393968,13.282336988986232,6.644958115294443,58.50655707065675,produced,PR0367,2020-01-30 06:33:23.007518797,Ghawar,72.53593400528081,58.36570518507462,73.97654442461663,4.281371150742231,8.91817,0.345592823222916,4.896,14.159762823222916,5.649485130545779,3.1357110184241286,0.7872191218247307,2.131206,11.703621270794638,-2.456141552428278,5000,-17.92983333272643,Low,234.14542317747777
83047.54338805625,59.87343902025095,4689.210880584265,1700.9321302828444,54229.28977278486,1116.2670465937813,54525.92304154301,1560.1596474512612,1165.0367614268912,65.1360543210837,6.99821113682117,23.600098061390206,produced,PR0368,2021-01-08 05:35:38.345864660,Marcellus,69.34837565428474,56.33565318618874,65.21565498246716,4.390844880059688,7.921260000000001,0.3538833196967761,1.436,9.711143319696776,3.13293397909573,3.0403215546046805,0.286196385316476,1.539861,7.999312919016886,-1.711830400679891,5000,-12.496361924963203,Low,71.31944894433168
154785.41844713,132.25683361379936,2048.7045835116255,5165.663070030535,37859.74392833356,747.6921597620246,68586.26763879684,4378.188433049529,1531.7371454773481,27.76947193758687,7.922535553416864,24.335076623212736,produced,PR0369,2021-05-16 07:16:41.503759400,Bakken,65.59410051019246,57.99650133534141,55.32322707093181,6.8200584113694465,15.18817,0.529923548756951,2.018,17.73609354875695,5.862845794905757,1.158213399056611,0.8566025250728591,1.6770465,9.554708219035229,-8.181385329721724,5000,-50.0,Low,100.92665474884942
97559.61697164722,105.78482322131366,7008.621227850493,437.91787037291186,47288.92571588789,930.7490489424304,47608.15125879164,1559.706042465552,1725.5991470585836,4.614966063097768,5.580530012485786,36.18811478312137,produced,PR0370,2023-02-22 23:20:18.045112784,Ghawar,73.93529144117237,66.78343100801536,67.23451670841251,4.7963517373998075,10.48887,0.3920827107803868,3.6,14.480952710780388,5.365314433331319,4.893711877434731,0.100175146512023,1.4834745,11.842675957278072,-2.638276753502316,5000,-19.259420300566905,Low,183.07743726604318
49990.24861266584,56.54058040194841,3439.8678500285555,1634.688429110226,26542.3505536632,799.8318694716378,19643.875816162814,452.8050370526657,1167.6945639367857,56.015427982433614,7.959121085367949,49.04353855240512,produced,PR0371,2021-04-13 08:54:08.120300752,Bakken,82.23730864285221,71.71163137922244,55.14365455115219,4.688804825195323,5.0,0.3933083056051023,0.872,6.265308305605102,2.6886832798741684,2.7911210973690213,0.4847849704498195,0.674676,6.639265347693009,0.3739570420879063,3000,4.549810678736194,Low,43.71296788011822
48134.18359294459,93.5612130628219,4404.519153779206,1549.8890866133872,69070.50534163935,442.93056031910925,88299.58272173967,1103.8785217408729,1000.0651442008988,24.801685220553022,7.7580132480189645,67.44651676712434,produced,PR0372,2022-05-20 21:03:09.473684208,Permian_Basin,74.84954472480813,71.03200187465114,58.48394359179615,5.1367653925300845,5.0,0.4129311190405588,2.642,8.054931119040559,4.382330558009188,3.381666502885364,0.323841999746722,2.2718910000000005,10.359730060641274,2.3047989416007155,3000,28.04172045614204,High,128.15050875586937
85107.93370711856,180.16723683227318,2837.731254526282,4152.118682992978,22940.13768809287,789.2299732786781,20207.28037944714,599.7962575100227,1755.3047615423761,4.698741704034414,7.623483875532633,43.8064897329969,produced,PR0373,2020-09-24 02:49:37.443609024,Eagle_Ford,82.99017154301592,58.610577156612464,55.689004077383785,6.799220202756515,8.720830000000001,0.5519548814970854,5.804,15.076784881497089,7.061488232821235,2.222012048961325,0.8109535287120372,0.6752505,10.769704310494598,-4.307080571002489,5000,-31.441688168318173,Low,297.16868785251876
48689.13047237412,49.531976849190514,2042.944456459697,1432.7707170501892,9772.680645442619,852.2426654544435,35808.19674938425,2559.4278601083397,1181.266240706131,25.946635924981592,7.767707255170438,38.88135378954504,produced,PR0374,2020-07-31 05:32:01.804511280,Permian_Basin,68.92293423982909,70.83722379594272,56.12450539834606,4.129883149180638,5.0,0.3402537190488503,3.856,9.196253719048851,2.0512608731009108,1.6302644896657432,0.3090769748664573,0.7124445,4.703046837633111,-4.49320688141574,3000,-50.0,Low,199.0911216731599
46570.260488262145,114.04091198259422,6244.491854185426,2364.0283805355034,26384.47905042573,912.3273055490744,87801.22059632403,578.1932842698172,2540.3470887705944,39.58636444690608,7.0063269379286846,55.90047421101249,produced,PR0375,2023-09-01 05:57:17.593984960,Eagle_Ford,77.37844931318745,65.12164060543998,50.11638953916955,6.422323470381596,5.0,0.5165033846123204,3.262,8.778503384612321,4.167257976405212,4.699236558721489,0.4718258226785943,1.6716030000000004,11.009923357805295,2.231419973192976,3000,27.1489430071812,High,154.36445750560947
119939.4754757187,75.92963534398464,4020.620781280581,3904.024352965306,11218.479358054155,92.2146958910501,38393.55458086967,2467.0342917235007,1698.6248416141214,37.07653079990501,6.177268675994549,31.622532177253184,produced,PR0376,2020-10-19 17:33:50.075187968,Ghawar,76.21663681156603,66.61859460748663,72.0177208049863,5.098763293330593,13.89819,0.4019738903518368,3.43,17.730163890351836,4.356236703140333,2.984814222807384,0.702213282038595,0.7520295,8.795293707986312,-8.934870182365524,5000,-50.0,Low,176.61854566677755
108486.15154690055,107.97281399076708,5339.006101168755,3691.0331336340814,28483.10408505248,110.91427603337647,30988.142513528976,968.4854024991108,730.5647123827965,75.75565306909104,7.851573037125693,46.08761828220622,produced,PR0377,2021-04-20 16:32:28.872180448,Eagle_Ford,76.76084610156855,75.03576015613292,57.399762381894845,6.546579320322954,11.3809,0.523872326236514,2.222,14.126772326236514,4.837009096207421,4.3497976547360535,0.8082476905217857,0.8573879999999999,10.85244244146526,-3.2743298847712534,5000,-23.902608158830148,Low,120.36800879177798
107271.79750051025,43.55537083893664,3282.5795984161273,4323.520542624439,30386.575071175375,1444.750233454742,78158.58126933951,540.2316971289986,832.4296872428608,13.372058368357147,7.893775383119383,28.568163161763714,produced,PR0378,2021-05-05 07:49:10.375939848,Eagle_Ford,76.12605030601982,63.31248431699096,52.15935948806986,7.039505196417454,10.58391,0.5580213558810901,6.992000000000001,18.13393135588109,1.6940629730692256,2.5656549581697,0.8117736801671629,1.5735119999999998,6.645003611406088,-11.488927744475005,5000,-50.0,Low,366.8746427670706
54978.025689987015,96.0582690200165,1377.1658661329543,3093.4098886449365,63291.418325612525,562.0729618519708,23926.635028921835,2574.982303805574,620.4305163096518,32.90140345896973,7.900735370020981,45.3304344435259,produced,PR0379,2022-08-05 17:15:47.368421056,Marcellus,65.54136687342792,58.67497617908384,52.174685142027215,5.320516009388042,6.07071,0.4036801784508195,1.376,7.850390178450819,3.6056255311730463,0.8200326090829306,0.5143800461715564,1.341033,6.281071186427534,-1.5693189920232855,5000,-11.456028641769986,Low,73.29031916377285
102219.18873813422,126.486312128386,1862.9074694705391,1706.409701499472,53037.43936365206,1058.8061700892804,20324.126280865046,2046.9644684675084,2162.619782275604,17.51748008330446,6.91191622771291,45.791469682579354,produced,PR0380,2022-08-02 01:26:36.992481200,Eagle_Ford,63.58977245707872,76.83632833915851,63.90045691152381,4.342931814527767,10.21071,0.3510455278909652,3.422,13.983755527890969,7.470410716155514,1.1191596465173992,0.3834516965765705,1.0857345,10.05875655924948,-3.9249989686414857,5000,-28.652492471082848,Low,173.15909600736447
64384.47253607676,21.60847478245496,3228.742625332263,1742.913476449752,31756.261406163856,148.22585721051402,63596.1644835931,2837.459293612464,940.0503606764483,4.772334100189274,6.211177561119879,33.95286998526765,produced,PR0381,2020-05-04 09:51:52.781954888,Marcellus,84.46570640580147,60.30326439665845,74.82301376334843,4.470145135152718,5.6825600000000005,0.3546501195159028,3.23,9.267210119515903,1.421068606599019,2.599570638397046,0.3257461736178695,1.497255,5.843640418613935,-3.423569700901968,5000,-24.99205881658437,Low,150.9168192071235
99868.31276690007,10.916610870981852,1784.463239924547,2742.6559578600923,33827.073622883785,97.26090077071136,42737.41186006213,1036.7870032346457,566.9353034978577,51.873152643062234,6.89253521597276,46.74374243584754,produced,PR0382,2021-07-17 12:12:37.894736840,Eagle_Ford,61.13237822106253,62.35074676386607,53.62556168175479,6.180344579297709,9.31943,0.5020978138278046,5.018,14.839527813827804,0.4279319822204032,1.025263341621084,0.4772263806559544,1.1915805000000002,3.122002204497442,-11.717525609330362,5000,-50.0,Low,236.6802143542249
55752.395281921854,9.806177450961837,1006.4839311564247,2766.214619150624,10534.732036002952,291.81221569479334,20563.719774306028,726.3548999706654,1598.3764277218174,37.919289289641405,7.559519871691629,50.6142071172929,produced,PR0383,2021-10-09 16:03:36.541353384,Marcellus,71.69341217570675,72.66475147256556,52.49054452374149,4.322162471828149,5.0,0.3547811725611527,5.206,10.560781172561152,0.418874545299457,0.6882567568867849,0.6538083678495558,0.45,2.2109396700357977,-8.349841502525356,3000,-50.0,Low,266.1286786622752
149639.2853376947,9.529795447519346,5872.845649822763,2255.609042507994,9726.723873018,741.7442617564803,68767.74091604102,2397.954437293227,1171.073021331917,34.338986150043596,7.663693338163535,61.72323780058201,produced,PR0384,2021-08-04 19:18:29.774436088,Ghawar,70.62700792854655,72.08875792644018,60.95759701005227,4.6973667560241905,14.56515,0.3825011764483128,2.9360000000000004,17.883651176448314,0.4864416241402171,3.663202544988973,0.4770185200750473,1.1866290000000002,5.813291689204237,-12.070359487244076,5000,-50.0,Low,156.48784003966517
54086.28438045256,105.54255016632261,1926.8050736065936,2263.415418419507,36594.415879911336,381.27711382553946,65845.53217239748,4544.498677075552,1373.6120923114304,37.76696007462957,6.296919561820761,26.11314305801396,produced,PR0385,2023-10-04 04:19:50.977443616,Ghawar,69.0004739553769,75.01000053209572,64.08328134601989,4.546936831090663,5.0,0.3690556024788992,3.582,8.951055602478899,5.916719650084133,1.2653914118107823,0.5712161560520154,1.5264540000000002,9.27978121794693,0.3287256154680307,3000,3.999494988194373,Low,214.0269776657435
127485.84339564007,9.611488308919125,2941.961738771897,507.1380350130599,50866.17496435459,1583.016781421006,37410.83931757617,2140.476638567436,2617.527556846698,15.590224023327808,7.067211802327524,44.3082052551541,produced,PR0386,2020-10-16 01:44:39.699248120,Eagle_Ford,79.54959633941775,59.59666603619853,57.359508971948514,5.1216799929913925,13.42914,0.4053628553674357,3.658,17.492502855367437,0.4577288815961491,2.502108455486096,0.0893949990542977,1.4110995000000002,4.460331836136543,-13.032171019230894,5000,-50.0,Low,195.47026635464744
82652.56680704394,56.00390072495663,4002.2141110972843,3886.504016551465,34559.72732787692,997.9154988831966,41578.67079805091,2351.0578979050624,1832.1940433798009,10.469754407831415,5.384500590070381,35.54867593854601,produced,PR0387,2020-02-17 13:39:14.887218045,Bakken,78.63375720781289,63.80699733285508,57.56305231284666,4.520711164745313,8.655660000000001,0.337847978035925,0.2,9.193507978035925,2.852583107804967,2.711770041769212,0.7340420780168981,1.1032755,7.401670727591076,-1.791837250444848,5000,-13.08041192824739,Low,9.180694969751748
52877.4320782553,134.2406997535881,1870.9772681869333,3198.0844574394505,22458.97449306697,1945.556290103888,69083.51813023546,1602.0567196610828,1325.7149664530496,31.37610617249274,7.585582500362516,60.38869766773466,produced,PR0388,2023-07-12 00:28:52.330827072,Ghawar,82.63062308824851,58.147080973906526,60.611912546223735,6.429090400069098,6.54213,0.5256181957777419,0.2,7.267748195777743,5.663928657411914,1.4466572863299725,0.4992857254905457,1.286106,8.895977669232431,1.628229473454689,5000,11.886075156219228,Medium,9.462909199348012
99292.31549723218,104.83509501794278,5658.172212763789,4010.327895327438,49305.83043377418,925.346919168102,80088.98674222679,503.3356189703766,291.4939299881434,51.370680279965875,5.951581875878872,56.35668720148064,produced,PR0389,2022-08-09 09:04:57.744360896,Permian_Basin,69.88718815467305,68.5259786792151,57.85364037876515,6.498191613926596,9.16801,0.5264351148322385,1.79,11.48444511483224,4.8475565273367325,3.959483804290738,0.9258613505327432,1.984851,11.717752682160214,0.2333075673279729,5000,1.7031452414942028,Low,103.77491098446433
126661.68735134303,56.669182992159094,912.2618797193487,2395.13212559489,28939.21130148945,103.53772308212497,37652.770629453466,3639.7738002271317,755.2855233792206,65.1367949143561,7.617213993017096,51.48807087051004,produced,PR0390,2021-01-19 05:03:09.473684212,Permian_Basin,74.1044881982365,62.31426481346753,72.88328958921292,5.228878032685871,11.43339,0.4191038956358456,1.876,13.728493895635845,3.3093532237457204,0.7114030867030704,0.4674130689393387,1.1164935,5.604662879388129,-8.123831016247717,5000,-50.0,Low,92.39232227264047
134261.545262205,95.26663110444997,3620.9447202291035,528.793884930095,76277.16142296334,1316.8903372157156,63345.04913291629,3213.2451018474717,1808.3936379401582,45.01583882867767,5.739254419875335,35.13245934336673,produced,PR0391,2023-09-12 05:24:48.721804512,Marcellus,82.30767618355301,72.22339102521407,51.048864282265725,5.90556228887721,13.96699,0.4669010165656341,0.6020000000000001,15.035891016565635,3.727434923298197,2.7839485007761184,0.1083350865378211,2.2017645,8.821483010612136,-6.2144080059535,5000,-45.36517844346054,Low,30.200113335442037
95792.02274471906,92.22026358372422,3463.556834695994,1824.9532939917426,64527.651836879595,109.84765270113076,61469.19837395413,3204.6783145836816,297.95949076617745,29.897273266678866,7.746386542033752,57.26548568947328,produced,PR0392,2022-07-03 18:53:13.984962400,Bakken,84.84620157138461,55.00860919961352,55.86425399675687,5.972707627344762,9.75257,0.4740683770170331,4.5,14.726638377017034,3.851683893165196,2.844479089224857,0.2942575531914925,1.9916130000000003,8.982033535581547,-5.744604841435487,5000,-41.93561534247906,Low,209.87343350355465
47361.48260208163,70.90310936876185,3210.1151802268896,2126.6061046819723,57829.18042398736,884.2532328361278,79562.1221529428,1829.1163673489884,2972.8613414400256,35.52063866678603,7.058050326678485,28.020080871289935,produced,PR0393,2022-09-07 15:38:20.751879696,Marcellus,84.23235905913387,56.49207496148948,70.21381990568554,6.488456568816309,5.0,0.4998219476830229,3.004,8.503821947683022,3.726036780935015,2.338155515707062,0.3559170198798722,2.0305035,8.450612816521948,-0.0532091311610738,3000,-0.6473777624597319,Low,166.65549720620757
89561.59227908342,72.35783297774857,975.786490353322,3719.03240206035,51617.25658587434,404.87657108974423,46142.735976542994,2824.387219262611,1371.7656681197175,31.17975519187838,5.880995253672903,25.204802996624107,produced,PR0394,2023-08-17 14:40:36.090225568,Eagle_Ford,77.94609678171835,65.81400751298358,70.84895311662392,5.157197367201843,8.72252,0.4449656210105722,2.57,11.737485621010572,3.8049713667095344,0.7482825291044963,0.7869644134357499,1.5768405000000003,6.917058809249781,-4.820426811760791,5000,-35.189115725853775,Low,133.00049719984904
170087.60187623024,204.64551773029743,4463.663267334913,479.32135781679995,9757.72700975399,2299.825155287934,22158.299813856946,3344.7512909022535,1318.2970224938513,9.759248686835985,7.485284124443783,25.313952674502975,produced,PR0395,2023-11-06 02:42:24.360902256,Ghawar,63.580688945254494,78.95460389938921,52.78887697410503,5.13494428033837,15.767170000000002,0.4424806509060046,0.488,16.697650650906006,9.019074651004397,2.89415226914706,0.1184319058490838,0.4894529999999999,12.52111182600054,-4.176538824905466,5000,-30.4887334218099,Low,23.076980897811886
121961.26194028363,125.91860302177834,4768.360634185723,2807.463572974502,54642.21818173973,1571.0217204657076,37688.49907574696,4229.084363387794,667.9605555587158,29.724462995890207,6.082735704871378,44.77489830389377,produced,PR0396,2020-10-27 01:12:10.827067668,Bakken,60.57965029482566,77.27128468397957,74.34408625031791,5.806231472665799,13.890710000000002,0.4715129065587706,2.91,17.272222906558774,7.629398294449126,2.609480552379674,0.5986360967037265,1.315497,12.153011943532528,-5.119210963026246,5000,-37.3702400300916,Low,135.3778894329887
124828.48992888919,241.1168109935635,1755.6988119030548,3514.681452896668,38461.8734070776,355.39720295765494,62043.89790224258,3885.462969133823,1439.9129140248526,5.296488922603791,7.63596917198618,53.10677658052986,produced,PR0397,2020-04-08 19:07:40.150375940,Marcellus,80.63045891007354,79.85022570154958,67.33387124747773,6.310252171792755,12.13505,0.4887316149607706,0.2,12.82378161496077,12.29397981365548,1.2763350114894745,0.8449910584189378,1.5704055,15.98571138356389,3.16192976860312,5000,23.08208731080277,High,10.21504276212851
114564.89900126371,48.34675483739838,4467.121705159931,1207.9258853653432,56401.112035888786,761.7735901532982,101732.08134754302,2078.056226772849,289.50078755861864,27.071891259171665,6.2621200262098835,23.542578942234023,produced,PR0398,2021-04-24 08:21:39.248120304,Marcellus,81.02355061229564,65.42075562160112,56.81482639958989,4.803341807721563,11.68275,0.4032056904870204,2.674,14.75995569048702,2.275979219637012,3.4341021691515383,0.2310006880998735,2.3207175,8.261799576888425,-6.498156113598595,5000,-47.43653962926975,Low,134.11372559070617
113874.77501309288,74.87322592828127,3927.3342560159963,2627.9382092400733,48917.71277191964,998.7378815898492,35953.57016139025,467.7291486187986,3077.8301247636805,59.825273079496334,5.44605554913213,66.64176334011344,produced,PR0399,2021-08-12 02:56:50.526315792,Permian_Basin,78.65902270658674,56.16421215684379,61.40094662036137,4.540768576289705,11.2978,0.3992889135845157,3.1260000000000003,14.823088913584517,3.669946859688323,2.831573792113526,0.4463875418013787,1.241919,8.189827193603227,-6.63326171998129,5000,-48.42281055586341,Low,165.40411788661638
135570.4267743103,10.279134635097371,997.3619015480434,1142.7195629585224,46181.845728420754,1358.8099433454038,74699.68983289514,2121.5841974952523,2069.1413420494364,41.721589533262275,5.865166100878762,45.98134152421942,produced,PR0400,2021-09-25 00:46:55.037593984,Eagle_Ford,66.9980871499805,62.64890355049406,57.428465489199176,4.891561924844844,13.135020000000004,0.3847324169830182,3.484,17.00375241698302,0.4582791546038094,0.6431816366398129,0.2341628068006816,1.8069405000000005,3.1425640980443044,-13.861188318938716,5000,-50.0,Low,180.86973356131307
